Date,Ticker,Ticker_name,Close,day_pr_low,day_pr_high,week_pr_low,week_pr_high,month_pr_low,month_pr_high,day_rr_ratio,week_rr_ratio,month_rr_ratio,gap_lt,gap_lt_avg,gap_lt_hi,gap_lt_lo,ST_Trend,st_avg,st_lo,st_hi,MT_Trend,mt_avg,mt_lo,mt_hi,LT_Trend,lt_avg,lt_lo,lt_hi,ST_Trend_Change,MT_Trend_Change,Z-Score Rank,Z-Score,Sharpe,Sharpe_avg,Sharpe_hi,Sharpe_low,Sharpe_Rank,prem_disc,prem_disc_avg,prem_disc_lo,prem_disc_hi,factor,model_score
2026-04-08,EQT,EQT ,60.18,56.03,64.53,56.2,71.16,53.34,77.34,-1.2190201729106622,2.7587939698492474,2.5087719298245634,-11.449999999999996,-5.887643097643097,-3.3584451221541487,-8.416841073132044,-0.01960768,-0.0016157917171717192,-0.027364303864934946,0.024132720430591507,0.0516622,0.003304877718120806,-0.019134625783400323,0.025744381219641937,0.06509858,0.04699723744966437,0.03552210736759655,0.0584723675317322,0.0084336,0.02114695,86.7,1.63,-0.32,0.17569696969696966,0.9662823513606111,-0.6148884119666718,29.2,0.22841833672771705,0.09844156687418748,-0.19920615954804877,0.39608929329642373,0.9,86.0
2026-04-08,HWM,HOWMET AEROSPACE INC.,250.0,222.66,243.79,209.21,278.5,207.42,329.89,-46.0566037735848,-1.4312280701754383,1.876232973226866,-40.68000000000001,-37.26003367003368,-25.981308525885474,-48.53875881418188,-0.00251456,0.00719466397306397,-0.022406707843114885,0.03679603578924283,0.03601858,0.0265705049328859,0.0014813635230450824,0.05165964634272671,0.14446362,0.14336593456375835,0.13430182953015363,0.15243003959736307,0.01402249,0.00451491,95.0,2.38,-0.152,0.5024713804713805,1.4768827447213602,-0.47193998377859914,26.0,0.018864870194006178,0.23899959363551496,-0.1250698771042216,0.6030690643752515,0.745,84.0
2026-04-08,GILD,"GILEAD SCIENCES, INC.",141.54,133.6,143.17,127.6,157.58,124.02,175.12,-4.324324324324338,1.1506456241033016,1.9166666666666679,-16.77000000000001,-10.777609427609422,-5.827003266698278,-15.728215588520566,-0.01629489,0.004620980606060607,-0.018317154717152753,0.02755911592927397,0.04224609,0.013563918322147645,-0.008391095484679098,0.03551893212897439,0.08722267,0.049343274395973045,0.035856323296821244,0.06283022549512485,0.00161643,0.01057211,27.6,-0.81,-0.848,0.24716498316498306,1.130240675713294,-0.6359107093833277,10.1,0.43177017550826413,0.11689942224485038,-0.14803197378542982,0.3818308182751306,0.81,77.0
2026-04-08,XEL,XCEL ENERGY INC.,81.46,76.65,83.21,75.28,87.14,72.66,94.18,-2.2427184466019345,-1.0880281690140818,1.4454545454545473,-6.920000000000002,-4.213535353535352,-1.6952862917012497,-6.7317844153694555,-0.00867332,0.0016512304377104376,-0.014237274520891734,0.01753973539631261,0.01236016,0.003926051845637586,-0.011201510110395087,0.01905361380167026,0.05283031,0.017257296140939567,-0.001544145983841113,0.036058738265720244,0.00057595,0.00969624,69.8,0.81,-0.156,0.13940404040404034,1.0374112551976955,-0.7586031743896149,40.1,0.12132002589652124,0.18118615933193197,-0.16081352014118314,0.5231858388050471,0.797,76.0
2026-04-08,FIX,"COMFORT SYSTEMS USA, INC.",1525.16,1317.26,1515.77,1241.46,1753.28,1168.01,2058.85,-7.1288319751649265,-1.2436436963001938,1.49430211395772,-317.24,-200.25377104377105,-81.98169977380492,-318.5258423137372,-0.00322589,0.012478432895622903,-0.029186921099485983,0.05414378689073179,0.06871212,0.035226310906040254,-0.02815367224651176,0.09860629405859227,0.18028124,0.15237489573825502,0.12197692754722116,0.18277286392928888,0.00792911,0.00592102,61.9,0.65,0.512,0.5526902356902358,1.4118154812194823,-0.3064350098390106,36.3,0.11049916255925041,0.15449132246829683,-0.02163179097013576,0.33061443590672945,0.657,74.0
2026-04-08,NEM,NEWMONT ,118.15,103.12,123.35,96.03,134.7,93.45,161.88,-1.71814671814672,-1.3365558912386724,1.770445344129554,-24.180000000000007,-13.09097643097643,-1.0259615318420519,-25.15599133011081,0.00815275,0.01356874373737374,-0.014499667328169721,0.0416371548029172,0.02077614,0.04287120979865772,0.012729450233877861,0.07301296936343757,0.15942981,0.08065397241610742,0.018966801379212417,0.14234114345300242,0.00997847,0.00866977,65.3,0.77,-0.065,0.6702222222222218,1.5921019839292705,-0.25165753948482683,21.6,0.05467481434728061,0.04761858284510209,-0.2995190995088046,0.39475626519900886,0.745,71.0
2026-04-08,SD,"SANDRIDGE ENERGY, INC.",15.28,14.33,16.53,13.82,17.93,12.97,19.7,-1.2371134020618542,1.8150684931506864,1.9134199134199144,-2.2500000000000018,-0.060808080808081005,0.7187075476879844,-0.8403237093041463,-0.03842818,0.003724615723905726,-0.02929665968902452,0.036745891136835976,0.01375043,0.012739360503355713,-0.03188228026179553,0.05736100126850696,0.00477708,-0.050177516040268426,-0.08265161318510542,-0.017703418895431436,-0.01041557,0.0158238,92.3,1.95,-0.805,0.23468350168350172,1.202775240986454,-0.7334082376194506,15.3,0.3210720409904384,0.21108544733814427,-0.24811573853780744,0.670286633214096,0.72,69.0
2026-04-08,PPLT,ABRDN:PHYSICAL PLATINUM,185.12,164.86,185.03,153.54,209.87,151.02,260.4,-5.791277258566965,-1.2759595959595964,2.2076246334310845,-37.650000000000006,-23.2151851851852,-0.35949858020250147,-46.0708717901679,-0.02643396,0.010859161616161617,-0.02532593175813728,0.04704425499046051,0.00522369,0.047665145167785195,0.004373137671859331,0.09095715266371106,0.14724163,0.08118972604026839,0.027144470792612167,0.1352349812879246,0.00601772,0.00469418,16.9,-1.45,-0.602,0.4605454545454545,1.4259838083452787,-0.5048928992543699,13.7,0.08041854712438568,-0.0340217906438768,-0.30230843697347726,0.23426485568572367,0.685,65.0
2026-04-08,VICI,VICI PROPERTIES INC.,27.73,26.51,28.21,25.42,29.78,24.0,32.74,-1.6231884057970998,-1.126829268292682,1.3431635388739949,-0.8200000000000003,-0.8179124579124579,-0.008416648606773158,-1.6274082672181427,-0.01492914,-0.0029531598316498314,-0.017068610787752916,0.011162291124453253,-0.00278381,-0.013345660604026845,-0.031886631138906725,0.005195309930853036,-0.00415158,-0.008388721845637595,-0.01457685399909098,-0.0022005896921842077,0.00175694,0.00263362,68.3,1.08,-0.876,-0.17442087542087542,0.7867465214632547,-1.1355882723050055,27.6,0.09953930169038161,0.3240471458544463,-0.2969621382409042,0.9450564299497968,0.58,65.0
2026-04-08,ES,EVERSOURCE ENERGY,69.95,65.25,72.17,64.3,75.55,60.59,82.84,-1.787148594377515,-1.0089285714285734,1.3771367521367524,-4.670000000000002,-1.802727272727273,1.3116582089925017,-4.917112754447047,-0.0193938,0.0010734423569023568,-0.0195215970828418,0.021668481796646512,0.00535338,0.004318070771812086,-0.010827515061421576,0.01946365660504575,0.01388406,-0.018769593255033464,-0.04251143448504639,0.004972247974979461,0.00173067,0.00226864,45.0,-0.16,-0.774,0.22464646464646484,1.0010080973445488,-0.5517151680516191,10.5,0.04196999697464543,-0.012240401751365322,-0.34529133310884147,0.32081052960611084,0.67,64.0
2026-04-08,CAT,CATERPILLAR INC.,771.58,684.74,758.23,637.79,848.02,616.64,938.55,-23.716417910448417,-1.7502616431187883,1.0776429585646048,-62.20999999999992,-50.71067340067342,-13.168129953752867,-88.25321684759398,0.01015514,0.008609447710437711,-0.02094601505671411,0.038164910477589534,0.02886273,0.025584118624161108,-0.026986649430207642,0.07815488667852985,0.08764238,0.054501244664429474,0.023345492183515944,0.085656997145343,0.00915396,0.0041144,82.5,1.58,0.594,0.5494848484848487,1.6796947909856936,-0.5807250940159963,44.6,0.006288224186201674,0.08016377959997709,-0.2285547641659341,0.38888232336588824,0.657,63.0
2026-04-08,GDX,VANECK:GOLD MINERS,98.18,84.97,102.7,77.35,115.5,78.75,137.37,-1.9410828025477767,-1.2026558891454977,2.0169840452907866,-22.069999999999993,-11.835858585858587,-1.645027119956458,-22.026690051760717,-0.00217601,0.011819461919191898,-0.017296106625959998,0.04093503046434379,0.01882299,0.045703862483221405,0.01992965233935424,0.07147807262708857,0.15985777,0.09560080120805393,0.04450077511996505,0.1467008272961428,0.01090552,0.0082859,76.4,1.09,-0.316,0.6584680134680131,1.599818699813365,-0.2828826728773387,16.1,-0.1269787707241926,0.027617330449566005,-0.22101107054545482,0.27624573144458686,0.65625,63.0
2026-04-08,GDXJ,VANECK:JR GOLD MINERS,127.25,108.88,132.92,99.94,150.26,102.22,183.43,-2.170610211706103,-1.186875271621035,2.244506592089493,-31.919999999999987,-16.67828282828282,-1.9351101270588202,-31.421455529506822,-0.01348246,0.012234969696969692,-0.020907319886537403,0.045377259280476784,0.01686603,0.04785113489932882,0.020565683115228328,0.07513658668342932,0.1673427,0.10286524187919469,0.05058660313082582,0.15514388062756354,0.01171432,0.008206,77.4,1.26,-0.464,0.6052659932659938,1.5225570696825363,-0.31202508315054867,12.9,-0.16541768131440981,0.040387367993671645,-0.2170045669745207,0.297779302961864,0.65625,63.0
2026-04-08,SNDK,SANDISK CORPORATION,780.9,616.14,793.3,567.6,1015.12,467.4,1958.17,-3.149399229199726,1.0980778246601035,3.7552472089314195,-740.1999999999999,-264.2764651162791,21.905654365023793,-550.458584597582,0.0131209,0.04709246849122808,-0.04952874977384238,0.14371368675629853,0.16639667,0.16825702302919698,0.009738156528752928,0.32677588952964104,0.66085363,0.47889356736111144,0.25482669385275974,0.7029604408694632,0.00598186,-0.03414497,47.8,0.29,0.827,0.7544572490706316,1.8727606761728306,-0.3638461780315674,49.0,0.05236261647318874,-0.07566383352341476,-0.20554073746029605,0.05421307041346653,0.548,62.0
2026-04-08,OKE,"ONEOK, INC.",86.77,83.23,95.68,81.99,100.96,72.54,110.74,1.7521929824561415,2.9686192468619237,1.6844694307800432,-12.310000000000002,-7.827474747474751,-3.3516834819098085,-12.303266013039693,0.00256045,-0.005795661919191919,-0.03231159751403602,0.020720273675652184,0.04212593,-0.01752957986577183,-0.052584923826203236,0.017525764094659575,0.03118008,0.03883259379194642,0.02382729319537119,0.05383789438852164,-0.00777628,0.00800761,63.1,0.64,0.256,-0.12919865319865334,0.6819276143393127,-0.9403249207366193,68.8,0.23513042325558886,0.13194859524109445,-0.24287391922455995,0.5067711097067489,0.54125,61.0
2026-04-08,WELL,WELLTOWER INC.,204.7,189.81,208.57,187.43,222.54,182.99,254.88,-2.94805194805194,1.0330052113491617,2.3113772455089845,-33.94,-24.505589225589212,-16.4429330419175,-32.568245409260925,-0.01750249,0.005846022356902357,-0.013338429204134077,0.025030473917938792,0.02560659,0.013500751107382563,-0.0016562344772012016,0.028657736691966328,0.11846608,0.09634873865771837,0.08477183976166904,0.1079256375537677,-0.00223972,0.00862542,67.3,0.77,-0.258,0.4602693602693602,1.4322487742766639,-0.5117100537379433,23.2,0.11287710691468633,0.18940388905830446,-0.07220512733665402,0.45101290545326295,0.636,61.0
2026-04-08,BMY,BRISTOL-MYERS SQUIBB COMPANY,59.2,56.47,63.0,56.3,65.5,49.53,74.03,-1.2781690140845097,2.172413793103443,1.5336091003102374,-5.439999999999998,-1.3889225589225596,0.6787921470920553,-3.456637264937174,-0.00893295,0.000811676835016832,-0.02353584792558921,0.025159201595622873,0.03577508,0.0016221420469798493,-0.03331023667462258,0.03655452076858228,0.02709216,-0.017833836845637576,-0.03987581578408059,0.004208142092805435,-0.00533203,0.00153361,95.0,2.29,-0.237,-0.011050505050505113,0.8799349352755729,-0.902035945376583,42.7,0.00989049323941349,0.13975164217789132,-0.22183896220556965,0.5013422465613523,0.632,60.0
2026-04-08,TER,"TERADYNE, INC.",358.29,287.25,333.92,266.57,400.94,236.33,473.36,,-2.150527549824152,-1.0598765968540889,-36.94999999999999,-21.533670033670038,2.2686506500636163,-45.33599071740369,0.02562061,0.010202487609427605,-0.0429892090636004,0.06339418428245562,0.07292427,0.026454777550335557,-0.07424567428115375,0.12715522938182486,0.14909226,0.042271972449664415,-0.02070349591762958,0.10524744081695842,0.02112098,0.0037513,52.6,0.47,0.815,0.36686868686868696,1.252603676898703,-0.518866303161329,56.3,0.06490642273345193,-0.027681730031868627,-0.35839506841656393,0.30303160835282666,0.6045,58.0
2026-04-08,BF.B,BROWN-FORMAN ,26.85,25.17,29.8,23.64,33.28,20.33,33.37,2.1805555555555514,2.0031152647975072,-1.000000000000001,0.610000000000003,0.8226936026936025,2.3806650890903054,-0.7352778837031004,0.06375328,-0.005395518013468016,-0.040026497707999265,0.029235461681063234,0.02528413,-0.01547194909395975,-0.05031874295789237,0.019374844769972872,-0.08714532,-0.08624721734899354,-0.09994037595341775,-0.07255405874456934,0.00397388,0.02056829,53.6,0.25,0.363,-0.14743434343434347,0.7873437068406957,-1.0822123937093826,68.5,0.05883960310520897,0.16014192622041853,-0.2575200132674187,0.5778038657082557,0.51375,58.0
2026-04-08,HSY,THE HERSHEY COMPANY,208.99,195.58,211.03,190.01,236.67,178.95,256.92,-3.760252365930619,1.4583772391991545,1.5955392809587208,-13.719999999999999,-4.0631313131313105,4.655354094144875,-12.781616720407495,-0.0186821,0.003905965555555558,-0.020808499858656113,0.028620430969767227,0.04223147,0.01322637369127516,-0.013195406585975672,0.039648153968525994,0.02245048,-0.021701113322147685,-0.0456993806362323,0.002297153991936935,0.00016239,-0.00221595,92.9,1.74,-0.702,0.1555622895622895,1.1164728851054824,-0.8053483059809035,16.1,0.4286687387178507,0.030965594253153764,-0.2349034237662127,0.2968346122725202,0.605,58.0
2026-04-08,CAG,"CONAGRA BRANDS, INC.",15.58,14.77,16.25,13.65,17.51,12.85,19.42,-1.2857142857142858,1.0000000000000009,1.406593406593407,0.019999999999999574,0.1357575757575759,0.8825915566971119,-0.6110764051819602,-0.0172657,-0.010825126060606063,-0.03233001195653875,0.010679759835326624,-0.01091587,-0.018273886711409382,-0.04052463343326612,0.0039768600104473535,-0.07045689,-0.06097669530201334,-0.06769222627154832,-0.054261164332478365,0.00097812,0.00878299,43.3,-0.31,-1.448,-0.5119966329966333,0.3288215034051325,-1.3528147693983992,19.2,0.03737791817931457,0.11078260099237006,-0.21952753518862914,0.4410927371733693,0.505,57.0
2026-04-08,TPL,TEXAS PACIFIC LAND ,448.28,391.71,480.73,353.9,588.62,353.62,675.74,-2.0502989799507545,1.486967577876669,2.402915698288613,-166.72000000000003,-82.72717171717167,-44.0161165959868,-121.43822683835654,-0.06444913,-0.0029715067676767803,-0.045187783624587724,0.03924477008923416,0.05718166,-0.010301249295302047,-0.07696622166377003,0.056363723073165936,0.14688209,0.12350196197986592,0.09646575223840309,0.15053817172132875,6.513e-05,-0.0435825,47.6,0.03,-1.204,-0.024670033670033897,1.0153739877204389,-1.0647140550605065,13.7,0.19135587643902552,0.04048639815899232,-0.2261184266659498,0.30709122298393443,0.495,56.0
2026-04-08,TPR,"TAPESTRY, INC.",150.57,134.19,149.31,125.38,164.26,126.74,195.61,-8.252688172042948,-1.840029218407597,1.8900545530843484,-25.129999999999995,-18.848956228956247,-8.814421136837156,-28.88349132107534,0.00093884,0.008236321582491577,-0.03187897533530748,0.04835161850029064,-0.00177378,0.02651768318791946,-0.01312035121117092,0.06615571758700985,0.14515338,0.11541167983221466,0.07925662084475166,0.15156673881967767,0.00769428,0.00068396,99.0,3.56,0.107,0.5445050505050508,1.7608639644674384,-0.6718538634573368,39.5,0.22546593417621774,0.11392432066669378,-0.27554915338332175,0.5033977947167093,0.492,55.0
2026-04-08,MNST,MONSTER BEVERAGE ,75.14,69.78,74.55,64.87,81.27,64.17,91.77,-10.87234042553194,-1.6753670473083204,1.5159525979945303,-2.569999999999993,-1.7778451178451156,0.9257329797848608,-4.4814232154750915,-0.0145173,0.006616187878787872,-0.011402622031310577,0.02463499778888632,-0.0156289,0.022628718724832193,0.0017382809802413551,0.04351915646942303,0.0192503,-0.007076420234899325,-0.022956935936147956,0.008804095466349304,0.00193347,0.00687858,46.6,0.21,-0.302,0.3717777777777775,1.2743661528274315,-0.5308105972718766,22.0,0.16447522955212568,0.2704972157278761,-0.073297107991179,0.6142915394469313,0.58,55.0
2026-04-08,PKG,PACKAGING  OF AMERICA,211.05,194.13,215.96,186.27,229.36,177.09,263.14,-3.995454545454569,-1.3533588203167668,1.5338633686690213,-17.45999999999998,-17.10239057239058,-9.117141798427866,-25.087639346353292,-0.01782133,-0.0031976958585858586,-0.02496170132446706,0.018566309607295342,-0.01068415,-0.0036444126845637474,-0.031276997112870464,0.023988171743742973,0.02876469,0.038697018892617556,0.028851378180215867,0.048542659605019245,0.00235435,-0.0106266,97.8,2.51,-0.571,-0.11357575757575758,0.7118644086743275,-0.9390159238258426,28.0,0.1261638820555162,0.02853275705213647,-0.25274709357601133,0.3098126076802843,0.481,54.0
2026-04-08,VTR,"VENTAS, INC.",84.05,78.89,85.45,78.48,91.2,76.09,102.33,-2.529100529100529,1.283662477558351,2.2964824120603033,-11.909999999999997,-7.251750841750837,-4.3835963065644155,-10.11990537693726,-0.0189559,0.003202543434343434,-0.012797458242518222,0.01920254511120509,0.02942346,0.006151063288590606,-0.009661500220743134,0.021963626797924345,0.09356253,0.06108882523489926,0.043831277797905674,0.07834637267189284,-6.394e-05,0.01320684,56.7,0.37,-0.52,0.3158518518518521,1.2358834198353024,-0.6041797161315983,24.4,0.4684468256357639,0.2651736234728883,-0.1548490315336164,0.685196278479393,0.57,54.0
2026-04-08,DBB,INVESCO DB MS BMTL,23.91,22.48,24.36,21.93,25.41,21.21,26.76,-2.5686274509803817,-1.3200000000000003,1.0555555555555565,-1.3099999999999987,-0.8342760942760942,-0.18624198460422903,-1.4823102039479594,-0.01147327,0.002024799663299664,-0.012495448863373752,0.01654504818997308,0.00096931,-0.003929706208053681,-0.03194797176805746,0.024088559351950097,0.02293919,0.011432843355704709,-0.006284822744476523,0.029150509455885938,0.00324524,-0.00828806,58.1,0.67,-0.337,0.31383501683501674,1.0195953048755697,-0.3919252712055363,18.3,2.1384632821428866,0.9877935955887203,-0.01804501936799885,1.9936322105454394,0.481,54.0
2026-04-08,HAS,"HASBRO, INC.",93.85,86.03,92.35,82.52,102.57,80.02,111.5,,-1.2993119266055047,1.276211135213305,-5.6000000000000085,-5.4773400673400685,-1.2037779578629975,-9.750902176817139,-0.01117774,0.007459505420875416,-0.022596225825031235,0.03751523666678207,0.02139349,0.019425168087248312,-0.013553349033154978,0.0524036852076516,0.05238881,0.025764706006711414,-0.005601183041497683,0.05713059505492051,0.00141296,-0.01280422,85.5,1.54,-0.161,0.292720538720539,1.2142628926853798,-0.6288218152443019,24.4,0.24784988281220688,0.22308537347851262,-0.2733098214381755,0.7194805683952008,0.481,54.0
2026-04-08,MCD,MCDONALD'S ,307.01,293.43,313.92,291.25,331.19,279.19,364.38,-2.342715231788068,1.5342639593908642,2.0621854780733293,-22.939999999999998,-13.530067340067342,-6.104857178637837,-20.955277501496848,-0.02474239,0.0007583677777777775,-0.012018552536358076,0.01353528809191363,0.02190482,0.003949863758389268,-0.01061378179799375,0.018513509314772286,0.0264784,0.013232628657718138,0.0076751959060915925,0.018790061409344683,-0.00178755,0.00317072,46.8,-0.12,-1.383,-0.007013468013468023,0.92832140832713,-0.942348344354066,10.1,0.2120702049122185,0.18062793817231923,-0.1264873579150059,0.4877432342596444,0.561,54.0
2026-04-08,PEP,"PEPSICO, INC.",154.8,148.29,161.0,144.75,171.94,132.38,188.43,-1.1190864600326296,1.7054726368159172,1.4999999999999987,-9.669999999999987,-4.08107744107744,0.7969693044360824,-8.959124186590962,-0.00774868,0.0007318152188552189,-0.018692381904131326,0.020156012341841764,0.03113989,0.008495882516778516,-0.01445281256419607,0.0314445775977531,0.01270347,-0.005415808825503344,-0.021733583961928305,0.010901966310921617,0.0001411,0.010026,59.9,0.69,-0.74,-0.0754276094276094,0.8783107086504048,-1.0291659275056237,29.8,0.3597496265775848,0.07585966594348549,-0.2651920395313226,0.41691137141829354,0.555,53.0
2026-04-08,PWR,"QUANTA SERVICES, INC.",576.24,529.81,578.38,513.26,638.04,468.54,725.49,-5.6482213438734945,-1.019093851132687,1.3857938718662954,-61.26999999999998,-44.916902356902376,-21.472228860088862,-68.36157585371589,-0.0118619,0.0038538164309764307,-0.024117132430474593,0.031824765292427455,0.04717375,0.017370116510067108,-0.024398872274001632,0.05913910529413585,0.07812147,0.06059049543624164,0.043513039747421794,0.07766795112506149,0.00442473,0.00946887,27.4,-0.93,0.183,0.3685387205387206,1.288625298068825,-0.5515478569913839,31.5,0.3142587435392947,0.12314423215964533,-0.20266624213444623,0.44895470645373686,0.582,53.0
2026-04-08,CAH,"CARDINAL HEALTH, INC.",215.13,204.87,217.5,198.78,228.94,186.26,271.94,-2.5789473684210433,-1.1839246922519906,1.9677866297194317,-21.689999999999998,-19.740841750841746,-11.967176511810592,-27.5145069898729,-0.00547709,0.005775122693602692,-0.02030468052238588,0.03185492590959126,0.0118466,0.028190628557047,-0.01513774392205764,0.07151900103615164,0.08100349,0.0699896152684564,0.061274789094170674,0.07870444144274213,0.00490849,0.00312268,27.6,-1.11,-0.202,0.3054208754208756,1.1754602159234782,-0.564618465081727,30.8,0.7100994515867596,0.22068714579976786,-0.22745408406810433,0.6688283756676401,0.582,53.0
2026-04-08,EXE,EXPAND ENERGY ,100.19,98.51,110.74,94.36,116.69,89.56,128.07,1.8657407407407443,2.8301886792452837,2.6227657572906873,-14.030000000000001,-8.571548821548822,-3.92202832624064,-13.221069316857005,-0.01733234,-0.0029224965319865305,-0.027127401911197314,0.021282408847224252,-0.00083429,-0.0031960123154362342,-0.029471275184869562,0.023079250553997094,0.01612728,0.022929198959731573,0.01393232593152951,0.03192607198793364,-0.00824378,0.01052134,47.0,-0.01,-0.491,0.04527609427609431,0.9173056223534112,-0.8267534338012225,30.2,0.1527376472557882,0.08721534658881835,-0.1243378779440191,0.2987685711216558,0.473,53.0
2026-04-08,O,REALTY INCOME ,62.79,59.36,63.43,57.95,67.88,54.19,75.19,-3.1568627450980284,1.0516528925619835,1.4418604651162787,-3.3200000000000003,-1.357003367003367,0.3555893341733496,-3.0695960681800836,-0.01669906,0.001631472895622897,-0.011507735794569424,0.014770681585815218,0.01757124,-0.0013823960067114159,-0.021231820356699373,0.01846702834327654,0.02602899,-0.005731687751677905,-0.024498290688778568,0.01303491518542276,0.0018132,-0.00118788,41.1,-0.54,-0.813,0.15229292929292929,1.0448591686305158,-0.7402733100446572,16.5,0.02716295035044558,0.08194756001889048,-0.18075043877295732,0.3446455588107383,0.546,52.0
2026-04-08,USO,UNITED STATES OIL FUND,124.58,125.96,150.37,113.94,181.08,86.64,173.8,12.390476190476223,5.310150375939851,1.2973115445440173,-26.260000000000005,-3.684915824915825,1.1692675279558027,-8.539099177787453,0.03833764,0.007605897508417511,-0.027285368065895328,0.04249716308273035,0.18907143,0.015521608892617444,-0.04646958215985727,0.07751279994509216,0.08490751,0.005594976677852365,-0.02581487396586768,0.03700482732157241,-0.01701425,0.00924894,72.8,1.2,0.678,0.09136026936026924,0.952359375622123,-0.7696388369015846,72.8,0.062429771500591924,0.19895415272440448,-0.09439357046698099,0.49230187591578994,0.54125,52.0
2026-04-08,CTRA,COTERRA ENERGY INC.,33.46,33.04,37.22,31.37,39.53,27.0,42.7,2.4500000000000024,2.904306220095694,1.4303405572755419,-4.560000000000002,-1.3628619528619537,-0.12470853904407142,-2.601015366679836,0.00957869,0.0014590109427609376,-0.025345332039468836,0.028263353924990714,0.05617749,0.006579566174496642,-0.02742728596782272,0.040586418316816,0.03652816,0.0065338057046979885,-0.008201894094230062,0.02126950550362604,-0.01696123,0.00352302,98.6,2.51,0.991,0.1488888888888889,1.0222580473419092,-0.7244802695641313,79.2,0.26080865300395084,0.13883523150846555,-0.249740376682702,0.5274108396996331,0.54125,52.0
2026-04-08,JNJ,JOHNSON & JOHNSON,241.3,235.01,250.08,229.68,261.89,206.58,295.63,-1.2720994475138165,1.7719449225473294,1.5648041474654373,-20.5,-6.898181818181816,0.07794102522410551,-13.874304661587736,-0.00377518,0.006956568383838388,-0.00893663593203527,0.022849772699712046,0.03155026,0.019936990201342285,-0.005013887473979819,0.04488786787666439,0.04915402,0.006264067550335579,-0.015061566168970019,0.02758970126964118,-0.00239174,0.00089494,15.7,-1.6,-0.321,0.6914276094276092,1.750767288849326,-0.36791206999410775,20.8,0.7255614939915704,0.1945185945001804,-0.18625199610974286,0.5752891851101036,0.546,52.0
2026-04-08,KMI,"KINDER MORGAN, INC.",32.96,31.84,34.39,31.29,36.84,29.79,40.57,-1.0150375939849647,2.323353293413173,2.400630914826497,-5.130000000000003,-3.4781481481481475,-2.598838526677752,-4.357457769618543,-0.0081266,0.0001274582154882184,-0.019611923524890672,0.01986683995586711,0.04675805,0.005335481677852352,-0.018774089593989282,0.02944505294969399,0.09012782,0.07748737711409419,0.07046129740949648,0.08451345681869189,-0.00464559,0.00145906,61.1,0.74,-0.054,0.2111144781144781,1.0750103444847068,-0.6527813882557505,41.7,0.46927818117266007,0.24410338696665226,-0.12518258575133764,0.6133893596846421,0.548,52.0
2026-04-08,LMT,LOCKHEED MARTIN ,628.5,590.5,650.72,565.88,697.43,519.11,808.53,-1.48645510835913,1.1007665282657288,1.6457628668068378,-61.22000000000003,-29.898619528619513,-7.192449622532813,-52.60478943470621,-0.01167691,0.0025630742424242415,-0.022357238912827284,0.02748338739767577,0.04013093,0.01247356124161073,-0.023416785413857374,0.04836390789707884,0.05119454,0.016971063288590597,-0.004656726265649547,0.03859885284283074,0.00051392,-0.01983013,28.2,-0.82,-0.557,0.28725252525252526,1.3836317690138689,-0.8091267185088182,23.8,0.3955547302918283,0.09257075532190494,-0.27313652297299557,0.45827803361680547,0.546,52.0
2026-04-08,ED,"CONSOLIDATED EDISON, INC.",113.57,110.12,118.55,108.61,123.3,99.95,132.24,1.1403940886699564,1.9616935483871,1.3707782672540403,-9.230000000000004,-5.2110437710437765,-2.486093376980675,-7.935994165106878,-0.00964092,0.0029821767340067326,-0.011399656586408027,0.017364010054421494,0.0391456,0.0025162876845637675,-0.022751776776021457,0.02778435214514899,0.03695549,0.017757903892617454,0.007696256860367274,0.027819550924867632,-0.00525523,0.00366591,23.0,-1.21,0.366,0.19379461279461282,1.0870502442988998,-0.6994610187096743,61.7,0.33433308676419227,0.10670276561910713,-0.21437487565258062,0.4277804068907949,0.557,51.0
2026-04-08,MO,"ALTRIA GROUP, INC.",66.8,62.65,68.74,61.59,72.27,58.35,80.0,-1.8080357142857058,1.0499040307101737,1.562130177514794,-7.769999999999996,-5.3892929292929335,-3.2098997646873433,-7.568686093898524,-0.00939988,0.001961753164983165,-0.01623024240604991,0.020153748736016244,0.02970545,0.004395599395973164,-0.018905248959111453,0.02769644775105778,0.07077677,0.05059374083892612,0.03717612034065433,0.06401136133719791,-0.00091549,0.01021663,69.8,0.95,-0.14,0.24448148148148144,1.190679003408325,-0.7017160404453621,40.7,0.09299796562148455,0.0916919308268579,-0.28839764213359703,0.4717815037873128,0.533,51.0
2026-04-08,FANG,"DIAMONDBACK ENERGY, INC.",186.47,187.33,208.07,177.28,218.48,150.96,225.92,3.0579029733959366,3.483133841131665,1.1109546606589693,-11.360000000000014,-3.2010101010101013,4.3933153269643075,-10.795335528984511,0.00201844,-0.0004107658249158275,-0.028863471225421836,0.02804193957559018,0.05634807,-0.009079547852348985,-0.05241925544025726,0.03426015973555929,-0.03509192,-0.032940001442952935,-0.045638685366447086,-0.020241317519458783,-0.02275973,0.00052708,99.8,2.74,0.439,0.11647474747474751,0.9087320554856247,-0.6757825605361297,64.1,0.24024086615680962,0.18131632489279598,-0.2904651641532493,0.6530978139388413,0.467,50.0
2026-04-08,FXA,INVESCO:AU DOLLAR,69.82,67.02,69.78,64.5,74.3,64.46,75.01,-4.706896551724019,-1.1874999999999973,-1.0327552986512498,-1.210000000000008,-1.028787878787881,-0.11422779469272115,-1.943347962883041,-0.00389668,0.0011274405050505046,-0.005763378030011065,0.008018259040112075,0.01188947,-0.004132652785234899,-0.022168040235524017,0.01390273466505422,0.00676567,-0.003210435771812089,-0.008379099553898853,0.001958228010274675,0.00158537,0.00102345,78.0,1.02,-0.361,0.18568350168350173,0.9189337268683584,-0.5475667235013548,22.4,0.4058586067866561,0.427265955927479,-0.4441835337470054,1.2987154456019634,0.5275,50.0
2026-04-08,STX,SEAGATE TECHNOLOGY HOLDINGS,496.3,397.27,495.24,366.95,564.92,323.12,643.66,-2.612320053565456,-1.885018944914021,-1.1752171552660156,-61.02000000000004,-41.14757575757576,0.9601635746510695,-83.2553150898026,0.04654774,0.023631963501683475,-0.02513972338689206,0.072403650390259,0.09521469,0.062265349429530215,-0.011232769600265854,0.1357634684593263,0.16340755,0.08292729744966433,0.030226822962201985,0.13562777193712666,0.01113491,0.0133879,61.3,0.91,1.162,0.7110101010101011,1.884809676093169,-0.4627894740729668,65.3,0.04970226077866058,0.028728777056157465,-0.26548226507581535,0.32293981918813025,0.51375,49.0
2026-04-08,UNG,UNITED STATES NAT GAS,11.08,10.88,11.81,9.7,13.75,9.08,14.87,2.13333333333333,1.934782608695651,1.8949999999999996,-0.9000000000000004,-0.3696632996632999,0.9386843356762277,-1.6780109350028276,-0.02617538,-0.0061668518181818175,-0.0474804739392862,0.03514677030292257,0.01720737,0.004308433758389257,-0.05201571682117657,0.06063258433795508,-0.02045425,-0.05257205463087245,-0.07386321017982153,-0.03128089908192337,-0.00147843,0.01098121,14.7,-1.49,-0.825,-0.18373400673400678,0.5935423841285596,-0.9610103975965731,26.8,0.14283101063554215,0.1591210384113907,-0.3185358489206269,0.6367779257434083,0.505,48.0
2026-04-08,TKO,"TKO GROUP HOLDINGS, INC.",197.05,187.2,211.65,177.44,219.27,176.96,251.74,1.1845607808340712,1.133095359510453,2.7222498755599793,-37.98999999999998,-28.383602693602683,-18.63186527994877,-38.135340107256596,-0.003528,0.002385191952861954,-0.022882180010231807,0.027652563915955716,0.00441252,0.01743837919463087,-0.001904735223786251,0.03678149361304799,0.10352058,0.09511371771812081,0.07505725120832117,0.11517018422792046,-0.00123679,0.00838427,32.3,-1.05,-0.439,0.1400707070707071,1.055585902294862,-0.7754444881534478,28.4,0.049715140151213255,0.19431734452629906,-0.1746597946610423,0.5632944837136404,0.421,47.0
2026-04-08,ABBV,ABBVIE INC.,211.59,194.5,220.72,189.27,227.19,178.46,263.97,-2.6593103448275865,-1.4307692307692308,1.5810443706610333,-18.97999999999999,-14.99612794612795,-6.944050103006797,-23.048205789249103,-0.02444833,0.0021503955218855255,-0.02309762909334373,0.027398420137114785,-0.03229477,0.007204894295302016,-0.018912884611389017,0.03332267320199305,0.02050662,0.02830360845637594,0.016959686666208493,0.03964753024654339,0.00095219,-0.00330016,91.9,1.6,-0.892,0.24765993265993264,1.2280521332978296,-0.7327322679779642,12.9,0.18469304971653022,0.0746413828463558,-0.24530198273441906,0.39458474842713065,0.415,47.0
2026-04-08,D,"DOMINION ENERGY, INC.",63.2,59.8,64.34,59.24,68.07,55.51,71.86,-2.5447761194029814,1.229797979797977,1.1261378413524046,-3.75,-2.500875420875419,-0.8515625291435274,-4.150188312607311,-0.01348281,0.00015917346801346774,-0.012969957605461433,0.01328830454148837,0.02824837,0.004855438053691276,-0.012909537335486988,0.022620413442869542,0.02742837,0.006463186409395958,-0.01328596638519786,0.026212339203989774,-0.00080671,0.00616692,76.4,0.76,0.091,0.10592255892255889,0.8233867854035146,-0.6115416675583969,47.4,0.1466867650297914,0.1448163353264175,-0.372389324088058,0.662021994740893,0.492,47.0
2026-04-08,ECH,ISHARES:MSCI CHILE,41.52,38.35,41.43,34.78,45.06,35.2,49.32,-3.6419753086420004,-1.903954802259888,1.234177215189873,-3.1699999999999946,-2.149225589225589,0.043539173275692455,-4.341990351726871,0.00400164,0.004624375925925927,-0.0173682916027627,0.02661704345461455,-0.02307414,0.0180521022818792,-0.0035612675829244066,0.03966547214668281,0.064696,0.02471379456375837,-0.002743097389666542,0.05217068651718328,0.00929381,0.00082179,33.9,0.06,0.17,0.5328282828282831,1.6521574832546406,-0.5865009175980744,44.6,0.05380325662439178,0.27226046312959273,-0.2742332591198159,0.8187541853790014,0.492,47.0
2026-04-08,RTX,RTX ,203.48,186.9,201.64,180.54,214.2,175.43,243.74,-11.945312499999984,-2.139925373134328,1.4352941176470604,-17.439999999999998,-14.896632996632984,-6.219732037960572,-23.573533955305397,-0.0127935,0.00578334393939394,-0.012850088595183173,0.024416776473971055,0.00903589,0.011836667617449644,-0.015769219616453008,0.03944255485135229,0.07186519,0.049178658020134165,0.01994977311780266,0.07840754292246567,0.00701091,-0.00396861,13.5,-1.59,-0.305,0.46542760942760913,1.1628033241455706,-0.2319481052903523,15.3,0.26816452780336286,0.08421948066556849,-0.2413058402596876,0.4097448015908246,0.406,46.0
2026-04-08,SYY,SYSCO ,75.15,62.53,76.91,61.58,83.55,62.16,94.09,-4.1881533101045445,-1.615476190476193,1.4580446497305608,-9.799999999999997,-3.268350168350166,-0.5825941398666683,-5.9541061968336635,-0.07030693,-0.0009304174747474733,-0.020805350177932877,0.01894451522843793,-0.0154667,0.005564539496644299,-0.012062413510562444,0.023191492503851042,0.0118973,0.004174314697986576,-0.0034220635189801205,0.011770692914953272,0.00490077,-0.00574842,81.9,1.49,-0.705,0.014868686868686823,0.8231838178305233,-0.7934464440931497,18.8,-0.552695563823268,0.01956932220853777,-0.31331861313361076,0.35245725755068635,0.47725,46.0
2026-04-08,HII,"HUNTINGTON INGALLS INDUSTRIES, INC.",411.35,367.3,419.48,343.43,444.46,316.16,532.82,-2.8714499252615866,-2.05134400483238,1.2760794201071544,-26.849999999999966,-13.734478114478115,6.639266047126693,-34.10822227608293,-0.01621391,0.007585698350168345,-0.02427644460605959,0.03944784130639628,-0.01559238,0.02472905862416108,-0.011712642642394498,0.06117075989071666,0.03292211,-0.003770936577181195,-0.03204814803446096,0.024506274880098572,0.00190504,-0.01172227,63.1,1.09,-0.174,0.4990942760942758,1.2917556488713284,-0.2935670966827768,13.3,0.30642726518199614,0.13212903667960488,-0.33041511029144843,0.5946731836506581,0.481,46.0
2026-04-08,NI,NISOURCE INC.,48.1,45.08,48.91,45.29,51.58,43.01,54.95,-2.6634615384615437,1.2384341637010654,1.345776031434184,-4.759999999999998,-4.051043771043774,-2.7928952272649568,-5.309192314822591,-0.00782628,0.0002125652525252523,-0.015174041593479412,0.015599172098529917,0.04134866,0.0008700243288590603,-0.018256264708401346,0.01999631336611947,0.07035027,0.05616372322147645,0.04493007279668864,0.06739737364626425,0.00067199,0.00831223,36.3,-0.66,0.542,0.26627946127946134,1.0026892597151837,-0.47013033715626096,65.3,0.32040454120959105,0.2962699695485281,-0.20645981622715187,0.7989997553242081,0.49125,45.0
2026-04-08,PAYC,"PAYCOM SOFTWARE, INC.",117.83,115.39,128.09,99.5,132.58,90.6,156.53,4.835443037974672,-1.2427118644067783,1.421226588321704,-3.3700000000000045,-2.4618181818181823,7.11745078717647,-12.041087150812835,-0.01271193,-0.013530274781144777,-0.04507767489592939,0.01801712533363984,-0.09531753,-0.04306080426174492,-0.08894029044181186,0.002818681918322019,-0.07103273,-0.04447771107382537,-0.060600357460145166,-0.02835506468750558,0.00141828,0.0030396,39.1,-0.33,-0.946,-0.4042222222222223,0.4758987179725725,-1.2843431624170172,35.1,0.40204188581868916,0.19406177655403709,-0.22637961310339264,0.6145031662114668,0.417,45.0
2026-04-08,DVA,DAVITA INC.,148.44,142.05,155.25,128.9,193.0,127.66,179.96,-1.0044117647058783,2.2804503582395097,1.516843118383061,-11.060000000000002,-10.154680134680133,-2.579265376029369,-17.730094893330897,-0.01089856,-0.001420196228956231,-0.03767525143488418,0.03483485897697172,0.10856635,-0.0028212626174496337,-0.05388889426912302,0.04824636903422376,0.00895407,0.024728950637583805,0.010114881741119503,0.039343019534048104,0.00144888,0.00146449,53.8,-0.11,-0.326,-0.20601346801346837,0.6426205017773154,-1.054647437804252,54.4,0.7508269137668373,0.25519258038145287,-0.2464969781705333,0.756882138933439,0.417,45.0
2026-04-08,EIS,ISHARES:MSCI ISRAEL,122.38,111.34,123.29,107.33,127.58,107.27,141.57,-3.7756653992395273,-2.894230769230767,1.2700198544010588,-11.550000000000011,-7.031616161616163,-2.766437533405063,-11.296794789827263,-0.0076449,0.004547408451178449,-0.01188198819527491,0.020976805097631807,-0.00733605,0.016363299664429558,-0.00582524138304796,0.03855184071190708,0.06996481,0.038067864932885824,0.010554448129748973,0.06558128173602268,0.00318451,-0.00449147,91.9,1.73,0.014,0.4308855218855219,1.3044998805480257,-0.44272883677698177,24.8,,,,,0.471,45.0
2026-04-08,KR,THE KROGER CO.,70.96,69.34,74.58,65.27,80.49,62.51,83.41,1.0759075907590823,1.6748681898066793,1.4733727810650898,-7.109999999999999,-6.255892255892259,-4.0409750860113895,-8.470809425773128,-0.02443198,0.0015130039730639725,-0.017883908718263897,0.02090991666439184,0.03281936,0.005672229731543625,-0.016627346924615222,0.027971806387702473,0.0301381,0.0481232484563758,0.04252006251076181,0.053726434401989785,-0.01290772,0.00563483,8.5,-1.96,-0.264,0.06627946127946131,0.8733510483382217,-0.7407921257792992,42.7,0.005488027921259464,0.02151100304403433,-0.31175789449978847,0.3547799005878571,0.417,45.0
2026-04-08,NORW,GLBL X MSCI NORWAY ETF,38.08,36.47,40.05,35.94,41.93,33.18,43.35,1.1515151515151516,1.799065420560748,1.0755102040816336,-2.8100000000000023,-1.3193265993266006,-0.37799332742799807,-2.260659871225203,0.0110819,0.006122745791245793,-0.010325995697925798,0.022571487280417385,0.05218654,0.013075741107382561,-0.00470998803308194,0.030861470247847064,0.040352,0.01542555288590606,0.004559215079332921,0.0262918906924792,-0.00258481,0.00562914,75.2,1.19,0.991,0.5927070707070708,1.5448238580500822,-0.35940971663594046,62.1,,,,,0.482,44.0
2026-04-08,PEG,PUBLIC SERVICE ENTERPRISE GROUP INC.,82.7,77.15,84.43,76.49,88.92,73.09,98.34,-2.907608695652173,1.0016103059581305,1.627471383975026,-8.11999999999999,-7.447272727272735,-5.542709846561056,-9.351835607984414,-0.01709031,-0.004199913670033666,-0.018083013600325482,0.009683186260258148,0.01352537,-0.007177200369127519,-0.02688286017451323,0.012528459436258195,0.05355265,0.047971818926174595,0.038762331188160276,0.05718130666418891,-0.00176707,0.01038654,68.5,0.99,-0.168,-0.10518518518518509,0.6130756055890041,-0.8234459759593742,46.2,0.06651446084600532,0.2780569148187892,-0.07293107684746852,0.629044906485047,0.393,44.0
2026-04-08,DUK,DUKE ENERGY ,131.6,127.08,135.78,125.95,142.36,117.36,152.55,-1.2131979695431483,1.9044247787610682,1.471207865168541,-10.230000000000018,-7.765858585858578,-5.275999690705618,-10.255717481011539,-0.00745006,0.0026117443771043773,-0.009026366110976063,0.014249854865184819,0.03503259,0.004807684127516773,-0.009667394539276467,0.019282762794310012,0.03965028,0.033086965704697935,0.0246299923009295,0.04154393910846637,-0.002668,0.00320901,61.7,0.65,0.267,0.20938720538720546,1.069054021878505,-0.650279611104094,57.1,0.4381391448401235,0.23572192312405743,-0.13331491892693653,0.6047587651750514,0.393,44.0
2026-04-08,FXE,INVESCO:EURO,107.69,104.96,108.73,101.49,113.03,100.11,115.92,-1.7434210526315779,-1.1610486891385765,1.0857519788918213,-2.5400000000000063,-2.897979797979799,-1.3756991167112387,-4.420260479248359,0.00349121,0.001916931077441076,-0.003974297521182593,0.007808159676064745,0.00460674,0.006802211308724837,-0.00378040815233384,0.017384830769783515,0.01383221,0.00994530671140937,0.0019221880674539938,0.017968425355364748,0.00160034,0.00249787,75.0,0.91,0.074,0.10421548821548834,0.9862618883876118,-0.7778309119566351,51.8,0.8132597276869795,0.19124348561404225,-0.25539414994533155,0.6378811211734161,0.406,44.0
2026-04-08,CNP,"CENTERPOINT ENERGY, INC.",43.68,41.78,45.06,41.73,47.0,39.58,50.06,-1.3404255319148906,1.7025641025641003,1.5560975609756098,-4.0,-2.5885185185185198,-1.5664886289873494,-3.61054840804969,-0.00565625,0.004031949865319863,-0.006752830581911246,0.014816730312550971,0.03678349,0.015511163590604032,0.0032314677707963244,0.02779085941041174,0.05568317,0.03738340144295308,0.026149682501991355,0.0486171203839148,-0.00187744,0.00451981,22.2,-1.1,0.202,0.2817777777777779,1.1089953692817867,-0.5454398137262308,49.8,0.3455045541230184,0.36115530854058353,-0.020914125822507013,0.743224742903674,0.458,42.0
2026-04-08,EXC,EXELON ,49.17,46.81,50.86,45.83,53.19,43.3,57.46,-1.472392638036813,1.203592814371255,1.412265758091992,-4.589999999999996,-2.5990909090909105,-1.1697721163430463,-4.028409701838775,-0.01360675,0.003303348686868684,-0.013016147673265609,0.019622845047002978,0.01250747,0.006355245067114103,-0.012052849646545691,0.0247633397807739,0.04411173,0.022971681140939636,0.008090085959471792,0.03785327632240748,-0.00278369,0.00407258,48.2,-0.08,0.004,0.19967676767676765,1.153870903700433,-0.7545173683468978,49.0,0.12317688004426763,0.1488274951464361,-0.2094809309452396,0.5071359212381118,0.458,42.0
2026-04-08,FE,FIRSTENERGY CORP.,51.4,48.98,53.05,48.09,55.07,45.59,58.16,-1.4497041420118277,1.1087613293051382,1.1635111876075739,-3.270000000000003,-1.9547474747474742,-0.7305171510992292,-3.178977798395719,-0.00368964,0.0034701183838383863,-0.00994464106353346,0.016884877831210232,0.01511108,0.012090674060402673,-0.0006718507226245139,0.02485319884342986,0.027572,0.007876822516778528,-0.007984367679466878,0.023738012713023934,-0.00162562,0.00257386,60.1,0.01,0.26,0.3153030303030302,1.250548909100875,-0.6199428484948146,47.8,1.2145590205456203,0.32507319384344485,-0.19628116386458044,0.8464275515514701,0.458,42.0
2026-04-08,GEV,GE VERNOVA INC.,936.07,847.18,965.46,816.6,1035.72,783.59,1246.23,-1.588990825688076,-1.1988961364776725,2.0341028331584465,-234.20999999999992,-257.0216161616162,-195.1885356079386,-318.85469671529376,0.02624979,0.009532911313131307,-0.02820810899695769,0.0472739316232203,0.05844516,0.02248932382550329,-0.03531875162859222,0.08029739927959881,0.20967053,0.3210404457046971,0.28267004313222754,0.35941084827716663,0.00721273,0.01648349,56.2,0.42,0.778,0.43627946127946104,1.3825336979523173,-0.5099747753933952,62.1,0.09622929464155461,0.04672913513658701,-0.3139610750910208,0.4074193453641948,0.371,42.0
2026-04-08,GL,GLOBE LIFE INC.,147.85,136.44,147.7,132.95,157.01,123.61,174.25,-4.202531645569615,-1.6266375545851541,1.0891089108910896,-8.340000000000003,19.181548821548827,25.303453855253306,13.059643787844347,0.00435177,-0.0003193016835016849,-0.019790107222197175,0.01915150385519381,0.02953176,0.013631654899328868,-0.02322674112360016,0.0504900509222579,0.05929618,-0.19674731563758402,-0.23710799645412417,-0.15638663482104387,0.00483528,-0.00132734,95.8,2.35,0.52,0.11655892255892242,0.843116195135538,-0.6099983500176932,75.6,0.4523284469169342,0.31813007328539566,-0.06351353490130562,0.699773681472097,0.44225,42.0
2026-04-08,LNT,ALLIANT ENERGY ,72.99,69.16,75.13,68.22,78.16,64.91,82.94,-1.7098214285714208,1.0838574423480096,1.231435643564357,-5.960000000000008,-3.6882828282828237,-2.000746818414359,-5.375818838151289,-0.0101769,0.002181240572390573,-0.009862668206730565,0.014225149351511712,0.01799836,0.006604775402684565,-0.004851099394516367,0.018060650199885495,0.04396369,0.024498698624161094,0.012722654212726562,0.03627474303559562,-0.00169931,0.00644903,65.1,0.59,0.459,0.2326363636363635,1.0348417206924196,-0.5695689934196927,65.3,0.602693716299395,0.287538332671737,-0.08539686107882488,0.660473526422299,0.44225,42.0
2026-04-08,MU,"MICRON TECHNOLOGY, INC.",406.73,314.02,400.68,300.1,460.89,271.34,609.36,-14.057391304347833,-1.9687961595273276,1.4966393382081389,-80.94999999999999,-37.33915824915825,5.565862801805672,-80.24417930012217,-0.05846765,0.01763590494949494,-0.03777269575986092,0.0730445056588508,0.0210759,0.042738897785234896,-0.03785657716911769,0.12333437273958747,0.1253629,0.08007509899328859,0.027664487090745114,0.13248571089583205,0.00256008,-0.01335064,73.6,1.29,0.026,0.6641952861952864,1.756816172378436,-0.428425599987863,25.2,-0.1869841435410451,0.015025022687360366,-0.252267141120386,0.2823171864951068,0.37725,42.0
2026-04-08,TRGP,TARGA RESOURCES CORP.,244.0,239.42,257.57,232.55,277.14,211.01,309.25,1.4458525345622122,2.894323144104805,1.9778720824492264,-37.48000000000002,-28.231952861952877,-18.16995016862819,-38.29395555527756,0.00450626,0.0006960317171717175,-0.027641522853739237,0.029033586288082672,0.06677948,0.0014520007046979746,-0.04166884815473937,0.04457284956413532,0.10018183,0.09933866728187946,0.08594464421402438,0.11273269034973453,-0.00862869,0.00465013,95.6,2.08,0.616,0.24954545454545457,1.2203446788481083,-0.7212537697571992,66.5,0.43683081279955704,0.11413973602686864,-0.1371692900271694,0.3654487620809067,0.35225,40.0
2026-04-08,XLP,SEL SECTOR:C STP SPDR,82.78,78.95,83.52,76.77,88.75,74.79,96.47,-3.8299999999999983,-1.0067001675041887,1.7133917396745941,-4.590000000000003,-3.360202020202023,-1.6510496027514951,-5.06935443765255,-0.01277658,-0.0003738179124579124,-0.011839002928036732,0.011091367103120905,0.01254325,0.001369027852348993,-0.009800706829033291,0.012538762533731278,0.03037313,0.014748946711409383,0.008790920113509817,0.02070697330930895,0.00016306,0.00179678,62.7,0.61,-0.868,-0.009346801346801383,0.9652671161129731,-0.983960718806576,21.2,0.8597622952915376,0.29656717063212384,-0.19355969384316968,0.7866940351074174,0.415,40.0
2026-04-08,ADBE,ADOBE INC.,239.31,229.77,247.69,208.23,254.87,194.67,288.08,1.1782296650717676,-1.997429305912597,1.0925179211469527,5.140000000000015,-8.509494949494952,15.171827333728588,-32.190817232718494,-0.02001321,-0.013216024949494948,-0.0419720046714383,0.015539954772448409,-0.07075632,-0.02852805959731544,-0.054177751587686465,-0.0028783676069444146,-0.0903836,-0.040347232751677786,-0.07852651508777486,-0.0021679504155807175,0.00386817,0.00536352,25.8,-1.01,-1.382,-0.3222558922558922,0.7565490405037716,-1.401060825015556,16.1,0.08400082790458274,0.32644509213622586,-0.138407604429794,0.7912977887022457,0.369,40.0
2026-04-08,CSCO,"CISCO SYSTEMS, INC.",83.7,74.85,83.64,74.72,89.64,68.24,97.8,-5.050632911392413,-1.511784511784513,-1.0964539007092209,-4.759999999999991,-4.548013468013469,-1.5808353974351803,-7.515191538591758,0.00681703,0.0041793290235690225,-0.016772249189308953,0.025130907236446995,0.04336179,0.014582041677852374,-0.007740422793120509,0.036904506148825254,0.04689014,0.02170271681208053,0.007705577842070413,0.03569985578209065,0.0047631,0.01753741,50.6,-0.28,0.906,0.2794141414141412,1.1094958250791294,-0.5506675422508468,75.2,0.19130461922871156,0.22829615325179475,-0.2678645658888958,0.7244568723924854,0.43875,40.0
2026-04-08,SILJ,ETFMG PRIME JR SILVR MNR,31.37,26.92,33.0,24.6,38.0,24.62,47.65,-1.7863247863247864,-1.0211161387631977,2.4118518518518517,-8.23,-3.7976094276094288,0.39644935394741365,-7.991668209166271,-0.01921458,0.013445236531986543,-0.02559042311821621,0.0524808961821893,0.02645632,0.04488293271812085,-0.003618008918767894,0.09338387435500958,0.16184418,0.0802965441946309,0.01536548610868442,0.1452276022805774,0.01297471,0.00661445,55.6,0.31,-0.641,0.5967272727272726,1.5121692995223093,-0.31871475406776406,6.2,-0.06067736592354167,0.08961431022349754,-0.2415575010090199,0.42078612145601496,0.40875,39.0
2026-04-08,VTRS,VIATRIS INC.,13.57,12.84,13.79,11.82,15.26,11.18,17.49,-3.545454545454569,-1.035502958579882,1.6401673640167351,-0.7699999999999996,-0.5101010101010105,0.15990831055243349,-1.1801103307544545,-0.01681798,-0.0004781582491582486,-0.0382837014896864,0.0373273849913699,0.01223856,0.0010499070805369249,-0.05198032316787657,0.05408013732895042,0.01914981,-0.007973534563758374,-0.024216019680310962,0.008268950552794214,0.00179036,-0.00158207,26.8,-1.12,-0.494,0.16701010101010091,1.355388136244409,-1.0213679342242072,20.8,0.3656034055707553,0.3203988403851967,-0.34439128127391083,0.9851889620443043,0.406,39.0
2026-04-08,CCJ,CAMECO ,115.9,103.59,117.53,96.9,127.46,87.0,160.69,-2.6791569086651106,-1.6435986159169567,1.5498269896193766,-14.560000000000002,-12.531346801346803,-3.8151358519070584,-21.247557750786548,0.00108755,0.011533720505050507,-0.029441636344237333,0.052509077354338345,0.00877391,0.03592488036912753,-0.024409942142042215,0.09625970288029728,0.09819158,0.07277346909395974,0.052716481202210674,0.0928304569857088,0.00921923,-0.02365099,7.7,-2.05,-0.256,0.38432996632996635,1.3766045061504806,-0.6079445734905478,18.5,0.16345009687977963,0.13401850483471933,-0.36732050241296665,0.6353575120824053,0.406,39.0
2026-04-08,EDV,VANGUARD EXT DUR T;ETF,64.78,62.68,65.69,60.73,68.55,58.69,72.15,-1.6837606837606804,-1.07427055702918,1.2101806239737274,-1.0699999999999932,-0.49730639730639764,1.0329696389105159,-2.0275824335233112,-0.00544776,-0.0013612912121212116,-0.012972718990125462,0.010250136565883038,-0.00326601,-0.0064623062416107255,-0.016992610707174546,0.004067998223953094,-0.00857801,-0.02245810479865771,-0.03696352847077341,-0.007952681126542007,0.00134209,0.00050606,73.2,0.86,-0.603,-0.11542087542087548,0.6402469033417513,-0.8710886541835023,35.1,-0.43257646840044317,-0.0409314333258554,-0.29716966558888985,0.21530679893717902,0.34825,39.0
2026-04-08,NSC,NORFOLK SOUTHERN ,294.1,280.02,294.46,263.38,316.07,255.85,342.74,-5.070866141732354,-1.398270368684573,1.2716339869281033,-7.339999999999975,-10.325387205387209,-1.7167558555262605,-18.93401855524816,-0.00456951,0.0013270941414141413,-0.017240564611256642,0.019894752894084926,-0.00276683,0.0009435167114093952,-0.02358754248426263,0.02547457590708142,0.01301817,0.004921383187919452,-0.007099507561175632,0.016942273937014536,0.00345378,0.00547928,56.5,0.15,-0.334,0.12365319865319864,1.1766014553826218,-0.9292950580762246,31.2,0.41728572918134543,0.19615108004286966,-0.15959835510323164,0.551900515188971,0.356,38.0
2026-04-08,SOYB,TEUCRIUM:SOYBEAN,24.36,23.91,24.81,23.73,25.48,22.02,26.69,1.0540540540540528,1.7777777777777821,-1.0042918454935614,-0.39000000000000057,0.07835016835016778,0.4760568186221736,-0.319356481921838,0.00040157,0.0013791774074074078,-0.009144892611563149,0.011903247426377966,0.02180971,0.00275349469798658,-0.007172387960307997,0.012679377356281158,-0.00663812,-0.027490260402684517,-0.03700272776497652,-0.017977793040392515,0.0007238,-0.00034909,49.4,0.13,-0.136,0.06312794612794605,1.111191184268685,-0.9849352920127928,34.9,2.203445234083699,0.5448779369836952,-0.21756882048269854,1.307324694450089,0.4145,38.0
2026-04-08,TRV,"THE TRAVELERS COMPANIES, INC.",301.59,281.93,299.78,276.61,317.58,264.97,348.2,-14.559055118109756,-1.5622263914946808,1.2728017476788662,-16.890000000000043,-24.48659932659931,-16.776435740917584,-32.19676291228104,-0.01101928,0.0017431028956228967,-0.013949285813182591,0.017435491604428383,0.01193374,0.002575992852348996,-0.008052451504152666,0.013204437208850658,0.03877898,0.051481328791946106,0.04125089993690987,0.06171175764698234,0.0035219,0.00649228,90.7,1.84,-0.111,0.18312121212121213,0.9770523047561962,-0.6108098805137719,38.5,0.43559984695715404,0.16896540510505234,-0.144647814891419,0.4825786251015237,0.356,38.0
2026-04-08,DTE,DTE ENERGY COMPANY,148.78,141.89,152.72,140.94,162.14,131.89,169.94,-1.5399061032863888,1.7040816326530586,1.2528123149792765,-9.800000000000011,-7.033232323232326,-3.479390807802927,-10.587073838661725,-0.00656182,0.002664809562289562,-0.01172242647941147,0.017052045603990592,0.04493602,0.006551352483221477,-0.010040619939015446,0.0231433249054584,0.03463422,0.019543337919463083,0.009510065838768294,0.02957661000015787,-0.00099156,0.0041211,49.2,0.04,0.077,0.1983737373737373,1.1482789878321635,-0.7515315130846888,55.8,0.16034162664378848,0.2889515112024987,-0.05730279427683699,0.6352058166818344,0.417,38.0
2026-04-08,EME,"EMCOR GROUP, INC.",789.19,719.0,797.05,672.09,872.8,633.37,979.28,-3.73842453397475,-1.4005501734242336,1.2199332563213956,-83.18999999999994,-111.19178451178456,-69.22000807317207,-153.16356095039706,0.0078992,0.0017998763299663274,-0.030383718184036426,0.03398347084396908,0.03106757,0.016523901006711465,-0.037376803041671895,0.07042460505509482,0.09518592,0.11267208171140931,0.09997332596735962,0.12537083745545902,0.00363455,0.00190112,89.9,1.77,0.688,0.41313804713804725,1.3857917231431158,-0.5595156288670212,54.6,0.11577362056491491,0.058644864787966884,-0.2489905730250696,0.36628030260100336,0.356,38.0
2026-04-08,JCI,JOHNSON CONTROLS INTERNATIONAL PLC,139.0,128.04,137.91,119.49,155.31,117.52,171.87,-7.3007518796991855,-1.1961986511342737,1.5302607076350092,-13.439999999999998,-11.166498316498314,-5.169532992086883,-17.163463640909747,0.00387761,0.006190456228956225,-0.022145810993072158,0.034526723450984606,0.03603717,0.012125889899328859,-0.009256611681171839,0.033508391479829557,0.08712005,0.06095772765100653,0.040187616099342204,0.08172783920267085,0.00917936,0.02978774,82.9,1.54,0.323,0.47080471380471384,1.6288376141235896,-0.6872281865141621,50.6,-0.05049311303861703,0.17974251841472963,-0.3536261949038464,0.7131112317333057,0.41325,38.0
2026-04-08,L,LOEWS ,109.79,102.98,110.08,101.66,116.85,96.92,126.53,-4.518518518518544,-1.1515580736543942,1.3006993006992997,-6.959999999999994,-7.253872053872053,-4.953467090156316,-9.55427701758779,-0.00620375,0.0025120915151515145,-0.011802785289136582,0.01682696831943961,0.02732354,0.012564764664429524,0.0028906565334777673,0.02223887279538128,0.04719947,0.04554070271812094,0.041782371597950875,0.049299033838291005,0.00314028,0.00684136,89.9,1.64,0.057,0.33926936026936033,1.1434884217330568,-0.46494970119433604,37.1,0.24295675344737444,0.30337626396750633,-0.04266573433938092,0.6494182622743936,0.356,38.0
2026-04-08,SPLV,INVESCO S&P500 LOWVL,74.61,71.44,75.25,70.24,77.87,68.46,82.71,-2.941747572815532,-1.3404907975460116,1.3170731707317052,-2.739999999999995,-2.964646464646463,-1.7245140775892023,-4.204778851703724,-0.00749109,-0.001287837744107745,-0.011217246663649275,0.008641571175433783,0.00479431,-0.00414790187919463,-0.017434387118850442,0.00913858336046118,0.02154545,0.01607219087248325,0.012822951256099542,0.019321430488866954,0.00067205,0.00337147,88.3,1.45,-0.335,0.0552491582491582,0.8679553598637825,-0.757457043365466,32.7,0.6739502022128343,0.07767853068095085,-0.32117712874395954,0.4765341901058612,0.406,37.0
2026-04-08,WBD,"WARNER BROS. DISCOVERY, INC.",27.55,26.94,28.04,26.06,28.62,23.59,36.42,-1.2666666666666693,-1.392523364485983,2.2398989898989896,-3.9499999999999993,-1.614107744107745,0.366300168890358,-3.594515657105848,0.0047698,0.017141335656565664,-0.032434739609878714,0.06671741092301003,-0.00713025,0.048419088355704645,-0.019725755839125086,0.11656393255053438,0.12074765,0.019727328523489934,-0.043930418273147614,0.08338507532012748,-0.00032149,4.746e-05,29.0,-1.17,-0.31,0.4267811447811448,1.403320789799169,-0.5497585002368794,30.8,0.31599233994727616,0.2767163293530927,-0.35881844451430095,0.9122511032204863,0.407,37.0
2026-04-08,WEC,"WEC ENERGY GROUP, INC.",117.28,113.17,120.56,111.83,125.61,105.29,133.77,-1.32051282051282,1.528440366972476,1.3753127606338629,-8.539999999999992,-6.068585858585858,-3.3103496626869435,-8.826822054484772,-0.00476787,0.002524306599326601,-0.00920108572730463,0.014249698925957831,0.02988435,0.005053591208053694,-0.009214232982148109,0.019321415398255496,0.04375468,0.02530871050335571,0.012232829953338516,0.0383845910533729,-0.00293165,0.00357232,69.4,0.58,0.412,0.19855555555555554,1.1278096980059735,-0.7306985868948623,62.5,0.28935252683340984,0.2618219919597765,-0.12096580571655285,0.6446097896361058,0.393,37.0
2026-04-08,AMAT,"APPLIED MATERIALS, INC.",385.72,325.59,374.38,305.95,426.57,276.31,495.94,-27.78306878306901,-1.9527539779681788,1.0074033452152449,-24.0,-23.29353535353535,-4.486414614315578,-42.10065609275512,0.01113885,0.006546668047138051,-0.029936990100439494,0.04303032619471559,0.03358304,0.025086801409395964,-0.02859925220236399,0.07877285502115591,0.07362969,0.04412450802013428,0.027552077678897193,0.06069693836137137,0.01058403,-0.01340721,70.2,0.85,0.648,0.37419191919191913,1.3407346330811278,-0.5923507946972897,56.2,0.00596290382448994,-0.025672583162582405,-0.2704877948330859,0.2191426285079211,0.393,37.0
2026-04-08,CIEN,CIENA CORPORATION,494.01,397.08,496.85,368.03,571.22,308.38,678.85,-2.8429282160625458,-1.6316539308379738,-1.00427396667388,-101.39999999999998,-39.74242424242426,5.205008254016661,-84.68985673886519,0.0738649,0.02139100104377106,-0.028104105828793195,0.07088610791633532,0.10542118,0.04762807553691281,-0.03227682566020268,0.1275329767340283,0.25123249,0.12035319597315423,0.05552203420720961,0.18518435773909886,0.00642515,0.0307489,50.4,0.63,1.418,0.6712592592592591,1.7579415256545925,-0.4154230071360744,68.1,-0.0912276417411404,0.2422862860564095,-0.04971341230686538,0.5342859844196843,0.41,37.0
2026-04-08,EWH,ISHARES:MSCI HONG KONG,23.77,22.27,23.89,21.58,24.82,20.1,27.76,-4.249999999999995,-2.0857142857142854,1.0871934604904643,-1.5700000000000003,-1.0008417508417509,-0.20948837374643137,-1.7921951279370703,-0.00402318,0.0034747801010100994,-0.014400615286280418,0.021350175488300618,0.00037481,0.007683734295302009,-0.0073782231361164225,0.02274569172672044,0.05291809,0.020046438355704712,-0.0008849687220266189,0.04097784543343604,0.00414302,-0.00151229,89.3,1.62,0.257,0.477043771043771,1.4539566320208837,-0.4998690899333416,44.2,0.009089248068849809,0.3552832946893769,-0.19059750590965252,0.9011640952884064,0.393,37.0
2026-04-08,KIM,KIMCO REALTY .,22.67,21.85,22.86,20.98,24.44,19.92,26.79,-2.1111111111111187,1.0473372781065078,1.4981818181818172,-1.139999999999997,-1.1020202020202023,-0.4706269873889459,-1.7334134166514588,-0.00938494,-0.0016304376767676762,-0.016686189570803242,0.01342531421726789,0.00230959,-0.01415614842281875,-0.03820543867223189,0.009893141826594386,0.0238465,0.01695594996644292,0.006075909795629669,0.02783599013725617,0.00272916,-6.02e-06,55.8,-0.18,-0.5,-0.05020538720538734,0.765480823807,-0.8658915982177747,23.2,0.8879302602227757,0.33523571345151926,-0.20777381248233562,0.8782452393853741,0.34,36.0
2026-04-08,STIP,ISHARES:0-5 TIPS BD ETF,103.34,101.73,104.7,100.89,106.14,98.67,108.52,-1.1323529411764757,1.1428571428571404,1.1092077087794412,-1.8299999999999983,-1.7545791245791258,-1.298458687993731,-2.2106995611645206,-0.00159119,4.852868686868699e-05,-0.0023508521925593427,0.0024479095662967164,0.00257843,-0.0041887990604026855,-0.01848603091811935,0.010108432797313976,0.00286715,0.002224953590604028,0.0005864303267132441,0.003863476854494812,-0.00026707,-0.0001139,80.8,1.26,-0.492,-0.273013468013468,0.5939033426291431,-1.139930278656079,49.0,4.26787473655116,5.159682884209004,2.2727683630976467,8.04659740532036,0.327,35.0
2026-04-08,TIP,ISHARES:TIPS BD ETF,110.91,108.68,112.35,107.0,115.78,103.25,119.52,-1.3419354838709692,1.245524296675194,1.1240208877284599,-2.3800000000000097,-2.1125589225589207,-1.4309385974282296,-2.7941792476896117,-0.00210514,0.0003749836026936031,-0.0028770420299621654,0.0036270092353493716,0.01180001,-0.004267618355704697,-0.019266295505907728,0.010731058794498333,0.00719217,0.0047320662416107375,0.0014601565760126302,0.008003975907208844,-4.062e-05,0.00087099,76.8,1.1,-0.415,-0.0630235690235691,0.6516213551771612,-0.7776684932242994,37.9,1.1144585597099712,0.5146198225186162,-0.24796138952002478,1.277201034557257,0.327,35.0
2026-04-08,PBR,BRAZILIAN PETROLEUM  - PETROBRAS,19.98,19.84,21.92,19.36,24.33,15.47,25.06,2.967741935483866,7.01612903225805,1.1263858093126382,-2.09,-0.5943771043771042,0.21828475011361181,-1.4070389588678203,0.00917186,0.004980185858585858,-0.030521262195861102,0.04048163391303282,0.13068729,0.006738800201342265,-0.035702638373262575,0.049180238775947106,0.0252871,-0.005495290369127523,-0.022712739905455956,0.011722159167200909,-0.01459275,-0.00026231,47.4,0.29,0.884,0.2653501683501684,1.3950536327639131,-0.8643532960635762,68.8,0.02384170515198103,0.4301877261334042,-0.6061683510500293,1.4665438033168376,0.37625,34.0
2026-04-08,AEP,"AMERICAN ELECTRIC POWER COMPANY, INC.",134.71,125.97,137.02,125.56,145.23,118.32,155.91,-2.929328621908146,1.1497267759562815,1.293471629042097,-12.060000000000002,-7.441144781144778,-3.656918624588117,-11.225370937701438,-0.01064711,0.004753494511784513,-0.011006358620410875,0.0205133476439799,0.02877227,0.010437534765100676,-0.002630259729301823,0.023505329259503174,0.05687163,0.030000606577181163,0.011449693060138814,0.04855152009422351,0.00037013,0.00804674,40.1,-0.49,0.301,0.3094175084175083,1.2518663926664895,-0.633031375831473,48.6,0.42269097255154864,0.12853566903437547,-0.25579038512603247,0.5128617231947834,0.392,34.0
2026-04-08,ALB,ALBEMARLE ,177.44,165.4,191.67,162.65,207.06,132.51,236.74,1.0262321144674096,2.0027045300878985,1.3198308479857557,-19.860000000000014,-1.327878787878791,11.502190591612315,-14.157948167369899,0.01334213,0.007510432188552178,-0.04227102737866729,0.057291891755771644,0.06292059,0.016563406308724833,-0.07504994040231405,0.10817675301976373,0.03549439,-0.0931339532214763,-0.17719316447092498,-0.009074741972027636,-0.00049519,-0.01135339,14.5,-1.67,0.442,0.2729427609427608,1.1276719934496473,-0.5817864715641257,51.6,0.4257623197114877,0.03097483634450632,-0.27562114368525814,0.3375708163742708,0.392,34.0
2026-04-08,CHRW,"C.H. ROBINSON WORLDWIDE, INC.",172.42,160.48,173.0,143.9,188.49,150.44,225.47,-7.100591715976221,-1.7747355320472895,2.41355777979982,-26.130000000000024,-14.857070707070708,0.4444709428163005,-30.15861235695772,-0.00983057,0.005680507171717169,-0.027874289031877247,0.039235303375311587,-0.03487902,0.019413336711409428,-0.02049166071180295,0.05931833413462181,0.1221843,0.03589661996644294,-0.009162891825557858,0.08095613175844374,0.00351491,-0.00018405,29.6,-0.71,-0.247,0.30773063973063974,1.248776446789845,-0.6333151673285654,28.0,0.407487740844402,0.06766569673129096,-0.44467299770764335,0.5800043911702253,0.355,34.0
2026-04-08,DVN,DEVON ENERGY ,47.91,47.2,53.19,45.17,56.97,37.09,59.1,2.3463414634146385,3.3065693430657004,1.034195933456563,-2.8100000000000023,0.9040740740740727,2.812789478343262,-1.0046413301951165,0.00765245,0.0033713192255892263,-0.02760485391228159,0.03434749236346004,0.06981811,0.003201426510067108,-0.033621526000099856,0.04002437902023407,-0.03579676,-0.0780673366107381,-0.1000421058147409,-0.05609256740673529,-0.01607786,0.00356572,99.4,2.9,0.929,0.30763973063973066,1.127672398189369,-0.5123929369099078,74.8,0.16482689316165544,0.04380682482754869,-0.22065204944067437,0.30826569909577173,0.37625,34.0
2026-04-08,EOG,"EOG RESOURCES, INC.",139.05,136.32,154.56,132.86,163.63,113.33,171.5,2.5964601769911457,3.970920840064619,1.2616640746500767,-14.399999999999977,-4.311750841750842,0.863066131629056,-9.48656781513074,0.01657515,-0.0003023925925925912,-0.024072357493782774,0.02346757230859759,0.06998726,-0.006870649697986561,-0.038873448086920455,0.02513214869094733,0.01139477,-0.009705778389261762,-0.02384053617530476,0.004428979396781234,-0.0118159,0.00138146,88.7,1.78,0.898,0.04945117845117847,0.9524742759792619,-0.8535719190769049,76.0,0.19086723499409186,0.1837614772401541,-0.10736119994362106,0.4748841544239293,0.37625,34.0
2026-04-08,PNW,PINNACLE WEST CAPITAL ,103.12,97.87,106.03,96.39,111.02,90.94,118.45,-1.6421725239616638,1.173848439821692,1.2586206896551715,-8.069999999999993,-5.032996632996634,-2.948771427777748,-7.117221838215519,-0.00600076,0.0008739698316498322,-0.01129339647615859,0.013041336139458256,0.03149299,0.0012143852684563712,-0.011509519744196766,0.01393829028110951,0.04615946,0.023662866073825527,0.012277857202398133,0.035047874945252924,-0.0013109,0.00650265,47.8,-0.16,0.395,0.11703703703703712,0.9698898066266054,-0.7358157325525311,68.1,0.5503333059436928,0.2409601571649079,-0.0636813069753743,0.5456016213051901,0.36725,33.0
2026-04-08,WMB,"THE WILLIAMS COMPANIES, INC.",73.01,70.19,74.84,69.04,80.12,65.07,91.36,-1.5129533678756544,1.7909319899244336,2.3110831234256883,-9.929999999999993,-8.519292929292927,-6.491249710902527,-10.547336147683328,-0.0037367,0.0006925554545454541,-0.0192266077012759,0.02061171861036681,0.04025122,0.005278612550335574,-0.0165308745448812,0.02708809964555235,0.0986823,0.08854542718120803,0.0814651012013306,0.09562575316108546,-0.0021431,-0.00015585,72.0,1.0,-0.259,0.2464343434343433,1.0892983616935186,-0.5964296748248319,30.0,0.43928249651724993,0.18513537922576878,-0.15766286265597584,0.5279336211075134,0.342,33.0
2026-04-08,APTV,APTIV PLC,60.73,53.76,63.61,51.81,69.58,49.33,78.09,-2.2852348993288545,-1.0079096045197733,1.5228070175438604,-6.710000000000001,0.5399326599326619,4.555504544859834,-3.4756392249945103,-0.05765009,-0.001299653737373735,-0.03409160129564289,0.03149229382089542,-0.07414645,0.0066814613087248275,-0.024613185432352736,0.03797610804980239,-0.03840119,-0.05914434335570482,-0.08260339244987559,-0.03568529426153405,0.00080427,-0.05157534,92.3,2.02,-1.141,0.09579797979797994,1.1136183056938211,-0.9220223460978612,10.5,-0.16861376439264042,0.15065989220796724,-0.2723725193505847,0.5736923037665193,0.31125,33.0
2026-04-08,BIIB,BIOGEN INC.,179.9,164.29,186.19,158.89,199.82,146.34,214.3,-3.4537987679671414,-1.0547188755020096,1.0250297973778308,-8.180000000000007,3.5626262626262553,10.580549155341146,-3.4552966300886347,-0.02638036,0.0013490191582491615,-0.025518367933400246,0.028216406249898567,0.00858897,0.00881984640939599,-0.03005644549466307,0.047696138313455046,-0.02766949,-0.08088589060402643,-0.11083905530059698,-0.05093272590745587,0.00110063,-0.014467,92.1,1.92,-0.529,0.14439730639730636,0.9747962684685121,-0.6860016556738995,14.1,0.15536209662563505,0.16296043524223824,-0.10507848515096219,0.4309993556354387,0.34875,33.0
2026-04-08,CTVA,"CORTEVA, INC.",83.96,82.13,88.05,80.32,91.67,70.88,96.58,1.7479338842975314,2.11813186813187,-1.036450079239302,-4.52000000000001,-3.4945117845117832,-1.17052584305029,-5.818497725973277,0.01235632,0.0012096612121212144,-0.021411113241849838,0.023830435666092265,0.04589864,0.0038893237919463155,-0.02715991331653501,0.03493856090042764,0.02775093,0.01328147295302014,-9.67583493054619e-05,0.02665970425534574,-0.00386336,0.00062378,60.5,0.58,1.25,0.3483771043771044,1.263430181711356,-0.5666759729571471,78.8,0.14325477731105374,0.13721036132834602,-0.20231865165631646,0.4767393743130085,0.34875,33.0
2026-04-08,IEX,IDEX ,197.85,184.35,196.45,171.89,214.04,161.18,232.9,-4.715384615384623,-1.6034589252625084,-1.046219686162624,3.019999999999982,-3.515420875420874,3.6496822368467785,-10.680523987688526,0.00793463,-0.00316223696969697,-0.02796254381499989,0.021638069875605948,0.00735933,-0.0066022135234899025,-0.03946504997099317,0.026260622924013367,-0.01991483,-0.02841306352348989,-0.03822731452937157,-0.018598812517608206,0.00838825,0.00196725,86.1,1.48,0.094,-0.054420875420875245,0.884354279693512,-0.9931960305352625,49.4,0.2032494686623756,0.043651809402435175,-0.2642392776775126,0.35154289648238296,0.3035,33.0
2026-04-08,REG,REGENCY CENTERS ,77.86,73.96,79.47,73.21,82.56,68.84,88.36,-1.626168224299067,1.0107526881720423,1.1640798226164084,-3.299999999999997,-3.62127946127946,-1.7659945394326468,-5.476564383126273,0.0041081,9.083683501683567e-05,-0.012037446978545622,0.012219120648579293,0.02471403,-0.0053301597986577225,-0.02006178921585658,0.009401469618541132,0.02541371,0.017195203154362338,0.010339941014724427,0.024050465294000248,0.00125475,0.00427352,61.7,0.52,-0.168,0.008949494949494926,0.7480981611993915,-0.7301991713004017,45.4,0.49250330964019606,0.2576069867281549,-0.1069769654120653,0.6221909388683751,0.356,32.0
2026-04-08,EPU,ISHARES:MSCI PERU,85.58,76.99,86.05,72.13,94.5,69.75,109.88,-4.60479041916167,-1.507847533632287,1.5350600126342389,-10.469999999999999,-7.207474747474747,-1.2834946191306642,-13.13145487581883,-0.00075131,0.009321064444444433,-0.013328319101545107,0.03197044799043397,0.02721778,0.029180431979865758,-0.0009948296118740922,0.05935569357160561,0.10786137,0.07388087318791937,0.04340393147012625,0.1043578149057125,0.00684569,-0.00055715,80.8,1.26,-0.137,0.8013872053872052,1.8600770677007512,-0.2573026569263407,20.8,,,,,0.331,32.0
2026-04-08,ITW,ILLINOIS TOOL WORKS INC.,269.51,249.49,264.76,230.99,296.35,233.03,317.14,,-1.4351713859910558,1.3056469298245617,-7.949999999999989,-11.105858585858591,-2.8772814851955566,-19.334435686521626,-0.00679791,-0.0013440101683501694,-0.020371755248875828,0.017683734912175487,-0.00247313,-0.0013387585234899437,-0.02118669151472671,0.01850917446774682,0.02305795,0.009025736677852341,0.0013937516977036764,0.016657721658001008,0.00750623,0.00257084,95.8,2.49,-0.245,-0.05137373737373734,0.9072520765206632,-1.009999551268138,34.3,0.14416963486576861,0.0730575574244016,-0.264947803732322,0.41106291858112526,0.356,32.0
2026-04-08,TSLA,"TESLA, INC.",343.25,331.79,375.32,323.53,378.63,293.47,516.61,1.3548546081813693,1.7941176470588207,3.48252310164725,-85.31,-48.64134680134682,-20.23969409312619,-77.04299950956745,-0.04577035,-0.006328411717171718,-0.05415524191673881,0.041498418482395376,-0.05488338,-0.01500316087248324,-0.07291412841765066,0.04290780667268417,0.095552,0.05392663899328873,0.026859265188349038,0.08099401279822842,-0.00190671,0.00426688,90.3,1.49,-1.298,-0.042696969696969754,0.9209399662643362,-1.0063339056582756,1.0,0.11791144862185265,0.024257178978578747,-0.22715793336173842,0.2756722913188959,0.3225,31.0
2026-04-08,GEN,GEN DIGITAL INC.,18.89,17.32,19.96,16.46,20.07,15.78,23.9,-1.0638297872340425,-2.0593220338983054,1.6109324758842432,-1.1499999999999986,-1.5288888888888892,-0.523108747061813,-2.5346690307159654,-0.02886884,-0.009583971616161615,-0.03355030752490458,0.014382364292581346,-0.07517468,-0.02050181526845637,-0.053479584041858125,0.012475953504945379,-0.03107627,0.005271758825503287,-0.012852717507033271,0.023396235158039846,0.00641134,0.00236815,74.0,1.26,-1.464,-0.3446026936026935,0.5768217235250523,-1.2660271107304395,17.7,0.2813290995127724,0.25490326197250224,-0.28672961801087793,0.7965361419558824,0.279,31.0
2026-04-08,LHX,"L3HARRIS TECHNOLOGIES, INC.",361.97,339.41,366.38,324.56,393.45,313.82,435.68,-3.250741839762638,-1.188373570520968,1.5308411214953257,-34.36999999999995,-21.486195286195294,-7.544059921919542,-35.42833065047105,-0.01164942,0.007919783265993257,-0.01145897985734482,0.02729854638933133,0.02229004,0.02245099114093961,-0.0064643219837395086,0.05136630426561873,0.07249673,0.03891089107382548,0.013789149575324181,0.06403263257232679,2.204e-05,-0.02158692,17.1,-1.42,-0.031,0.5083838383838384,1.4579061120121606,-0.4411384352444838,25.4,0.24050706485495477,0.18436280722031304,-0.188084742589073,0.556810357029699,0.34,31.0
2026-04-08,LUV,SOUTHWEST AIRLINES CO.,40.4,34.86,39.57,31.58,45.41,30.83,54.41,-3.369127516778516,-1.7604790419161684,1.4639498432601878,-1.5200000000000031,-2.324848484848485,0.24646862570919215,-4.8961655954061625,-0.00029438,0.0004305727946127934,-0.04540505114065267,0.046266196729878264,-0.04343968,0.008303682684563744,-0.04255847675521121,0.0591658421243387,0.01019102,0.0014971061073825232,-0.021224853455662804,0.024219065670427854,0.02297414,0.00249239,60.9,0.46,-0.403,0.18972053872053882,1.3416590221520628,-0.9622179447109852,28.6,0.006863213211414365,0.07898235038389279,-0.3651138116174112,0.5230785123851968,0.279,31.0
2026-04-08,SCHP,SCHWAB STR:US TIPS,26.7,26.22,27.0,26.04,27.48,25.37,38.06,-1.333333333333319,1.1818181818181832,8.54135338345866,-10.080000000000002,-9.917239057239062,-9.6620143547911,-10.172463759687023,-0.00186543,0.0003988625925925925,-0.0028539725232776944,0.0036516977084628793,0.00778137,-0.004453030637583894,-0.017760923293013587,0.0088548620178458,0.30586107,0.2998014275838935,0.29436008294749266,0.30524277222029433,-3.977e-05,0.00045623,76.0,1.14,-0.533,-0.0786700336700337,0.6651610955941956,-0.8225011629342629,34.7,1.3789119487301482,1.6780219382758488,-1.7999351290806405,5.155979005632338,0.3195,30.0
2026-04-08,SJM,THE J. M. SMUCKER COMPANY,93.79,89.88,96.73,84.32,105.39,82.74,118.5,-1.3452768729641755,1.2249208025343166,2.2361990950226214,-5.969999999999999,-1.3337037037037043,3.1091337319312604,-5.7765411393386685,-0.03631223,-0.003811580404040406,-0.027649373536536525,0.02002621272845571,-0.00561702,-0.004731973859060391,-0.029369749170954217,0.01990580145283343,-0.00544824,-0.03672490171140931,-0.048275313514122634,-0.025174489908695988,0.00399551,-0.00171114,17.7,-1.49,-4.161,-0.10882154882154885,0.8809995610432991,-1.0986426586863969,0.2,1.3886772812839046,0.027193019212816652,-0.3580152086307764,0.4124012470564097,0.3135,30.0
2026-04-08,CMRE,COSTAMARE INC.,17.64,16.62,18.19,16.14,18.73,13.76,22.1,-1.3188405797101495,-1.3761467889908259,1.1494845360824741,-0.8099999999999987,-0.7386868686868686,-0.04180920900514762,-1.4355645283685896,0.01929723,0.003864675117845114,-0.02722241435495384,0.03495176459064407,0.0205886,-0.004426593020134226,-0.06772059072478656,0.058867404684518114,0.03533471,0.010602890100671121,-0.01197128134755162,0.03317706154889386,0.00013177,0.00092084,56.0,0.39,0.325,0.29122222222222205,1.4349955343954166,-0.8525510899509725,45.4,0.29564038127894277,0.24238114960237692,-0.423637807537523,0.9084001067422768,0.327,30.0
2026-04-08,EWM,ISHARES:MSCI MALAYSIA,28.86,27.18,29.01,26.02,31.03,25.6,32.84,-7.714285714285688,-1.3087557603686626,1.2208588957055235,-1.490000000000002,-1.23013468013468,-0.5955274526692714,-1.8647419076000884,-0.00984774,0.0012408578114478123,-0.011693337600192776,0.014175053223088402,0.00575785,0.00874549889261746,-0.010865993597826976,0.028356991383061896,0.03307316,0.022611202181208063,0.013333292750564878,0.03188911161185125,0.00042304,-0.00147443,88.3,1.74,0.104,0.24598653198653198,1.0424336467247024,-0.5504605827516384,40.7,1.0057571882935918,0.7424459609237687,-0.45183137788958005,1.9367232997371175,0.327,30.0
2026-04-08,IEF,ISHARES:7-10 TRS BD ETF,95.46,93.27,96.62,91.68,98.69,89.86,102.32,-1.5474452554744405,-1.1702786377708922,1.2250000000000012,-2.3200000000000074,-1.8467676767676786,-1.045209024174949,-2.6483263293604082,-0.00292294,0.0005787036700336692,-0.0027695816532768997,0.003926988993344239,-0.00368384,0.0036489422147651016,-0.0031650870957795354,0.010462971525309738,0.00703438,0.0021638507718120775,-0.002945380637461742,0.0072730821810858964,0.00074783,0.00036472,76.0,1.02,-0.674,-0.08616835016835016,0.5946419222041202,-0.7669786225408204,22.8,-0.06147775981350578,0.24253558024220395,0.010516263235988532,0.47455489724841937,0.27125,30.0
2026-04-08,KO,THE COCA-COLA COMPANY,77.29,74.15,78.38,72.47,83.56,67.66,92.21,-2.330882352941179,1.3008298755186694,1.5493250259605371,-5.140000000000001,-4.417946127946126,-2.5750756005156785,-6.2608166553765745,-0.00534167,0.003139548451178453,-0.010092207361977695,0.0163713042643346,0.03506123,0.013056894127516807,-0.003919948860575716,0.030033737115609332,0.04548537,0.031131673489932867,0.023186475576005144,0.03907687140386059,-0.00030112,0.0091123,58.7,0.27,-0.245,0.08985521885521884,1.065697430940002,-0.8859869932295643,41.1,0.3228690032125585,0.11089644180358539,-0.1815466287157974,0.40333951232296816,0.327,30.0
2026-04-08,PSKY,PARAMOUNT SKYDANCE ,10.82,8.77,10.86,7.93,12.45,7.43,14.95,-2.0500000000000034,-1.7730061349693267,1.2182890855457222,0.2400000000000002,-0.6348148148148148,0.7334752193583564,-2.003104848987986,0.03329533,0.00026726589225588553,-0.042028582720490634,0.0425631145050024,0.03169816,0.0038410634228187974,-0.043372918754493416,0.051055045600131015,-0.00707068,-0.03126912593959733,-0.07790769969384101,0.015369447814646352,0.01487312,0.0366105,32.3,-1.02,0.262,-0.1743434343434343,0.8891019081726947,-1.2377887768595632,62.9,0.08047701786108785,0.2579134799802458,-0.4927996208785615,1.008626580839053,0.281,29.0
2026-04-08,SO,THE SOUTHERN COMPANY,97.17,93.8,100.01,92.09,104.57,85.89,112.94,-1.3814814814814815,1.4566929133858255,1.3980496453900704,-7.289999999999992,-5.472188552188551,-3.4938608070890034,-7.4505162972880985,-0.00966458,0.0015515982154882164,-0.011448485433074728,0.014551681864051163,0.02968748,-0.003175839630872488,-0.021822841854537218,0.01547116259279224,0.03917715,0.02768232157718127,0.02009640633362597,0.03526823682073657,-0.00337287,0.00310972,38.7,-0.69,0.13,0.11408754208754199,1.0366357385211618,-0.8084606543460777,50.6,0.1750841261563143,0.21961191835695898,-0.15457130286161908,0.593795139575537,0.318,29.0
2026-04-08,TAP,MOLSON COORS BEVERAGE COMPANY,43.9,41.97,45.94,39.3,48.43,36.31,52.76,2.0681818181818206,-1.0154525386313467,1.1673254281949939,-0.5500000000000043,-1.8073737373737357,0.35948018416341143,-3.974227658910883,0.01364931,-0.006937896195286196,-0.02759976445909879,0.013723972068526397,-0.00320326,-0.017016811409395965,-0.040310643470259436,0.006277020651467503,-0.02764851,-0.011604171577181209,-0.02897681514414577,0.005768471989783353,0.00638358,0.00373099,53.8,-0.06,-0.546,-0.36015488215488206,0.6224545142638964,-1.3427642785736607,42.3,0.14440082509654562,0.14994965105984356,-0.155760572075587,0.4556598741952741,0.281,29.0
2026-04-08,UNP,UNION PACIFIC ,249.11,235.86,251.89,223.44,270.67,214.14,289.38,-2.093023255813966,-1.1906307977736554,1.1515584786960238,-6.069999999999993,-7.752323232323232,0.473246840948474,-15.97789330559494,0.0043538,-0.0003779757239057251,-0.01948927962623898,0.018733328178427527,0.00895512,-0.0049215073825503415,-0.023605444497114363,0.013762429732013682,0.00902255,-0.000702023557046973,-0.01417270215745376,0.012768655043359816,0.00589856,0.00906071,10.5,-1.65,-0.146,0.004033670033670014,1.0094857360072835,-1.0014183959399434,50.2,0.4713159949951462,0.15357492882574963,-0.13814899046354945,0.4452988481150487,0.281,29.0
2026-04-08,AAPL,APPLE INC.,258.9,245.4,263.61,233.0,276.83,217.68,306.16,-2.136134453781493,-1.4445064138315653,1.1465308102862708,-11.550000000000011,-15.918989898989881,-5.467833313412909,-26.370146484566853,-0.00061087,-0.0019977719191919224,-0.02488524839227011,0.020889704553886265,0.01326855,-0.00635829365771807,-0.04391055529963527,0.031193967984199135,0.02615137,0.015642018255033554,-0.00366975753808629,0.034953794048153394,0.00126197,0.01300486,66.3,-0.01,-0.165,0.027898989898989784,0.9913064157271637,-0.9355084359291842,35.5,0.30803634595774954,0.17920389666903988,-0.3007880250632555,0.6591958184013353,0.281,29.0
2026-04-08,AEE,AMEREN ,112.86,106.91,115.26,105.57,121.43,101.66,127.55,-2.1863117870722473,1.1755829903978052,1.3116071428571423,-8.709999999999994,-6.331919191919189,-3.678978443415819,-8.98485994042256,-0.00651704,0.0023699237373737375,-0.00889869575892758,0.013638543233675056,0.02856452,0.01085035748322148,-0.005970081986481994,0.02767079695292495,0.05080212,0.03029731805369131,0.017056137783329366,0.04353849832405325,-0.00240206,0.00755948,50.0,-0.15,0.375,0.21823232323232322,1.0474524855537226,-0.6109878390890762,62.5,0.07170936510849657,0.2362481690253429,-0.0907677109209788,0.5632640489716646,0.318,29.0
2026-04-08,BTI,BRITISH AMERICAN TOBACCO P.L.C.,59.95,55.95,59.64,54.67,62.54,52.16,71.74,-13.846153846153957,-2.038610038610042,1.513478818998714,-6.109999999999999,-4.7324242424242415,-2.217467057155547,-7.247381427692936,-0.01412969,0.005812714309764315,-0.013114881471571596,0.024740310091100226,0.01000409,0.020602437449664383,0.0021790360594132648,0.039025838839915505,0.08491709,0.05593656187919471,0.03122062589897744,0.08065249785941199,0.00087862,0.01935404,9.1,-1.9,0.092,0.4661919191919196,1.5930902246060734,-0.6607063862222341,36.7,-0.01061045202602473,0.1506736512798631,-0.27995303989563386,0.58130034245536,0.3195,29.0
2026-04-08,CHTR,"CHARTER COMMUNICATIONS, INC.",221.63,206.13,228.61,192.88,246.75,173.77,275.31,-1.346723044397463,-1.1445063694267514,1.1216046803175934,-7.400000000000006,-13.792323232323225,8.000931248550925,-35.585577713197374,-0.00543723,-0.010504986936026934,-0.0530798051960764,0.03206983132402254,-0.00906771,-0.02859382328859053,-0.06374256596171679,0.006554919384535736,-0.00939293,-0.02282909610738258,-0.05500263365791276,0.0093444414431476,0.00077196,0.00342647,31.2,-0.96,0.077,-0.26358249158249153,0.7391350696132106,-1.2663000527781938,63.7,0.7572016651071425,0.33623007527104465,-0.23480903534763697,0.9072691858897263,0.281,29.0
2026-04-08,CINF,CINCINNATI FINANCIAL ,163.25,150.72,164.84,148.87,172.36,144.92,187.04,-3.8708609271523042,-1.5784851811196459,1.2978723404255306,-10.900000000000006,-13.858484848484844,-9.418663731828055,-18.298305965141633,-0.01197276,0.0008412810101010111,-0.016598377704574438,0.018280939724776457,0.01215486,0.0004566490939597305,-0.013612744799937737,0.014526042987857198,0.04135659,0.049463535402684514,0.043163190203259344,0.05576388060210968,0.00110377,0.0053825,48.6,-0.31,-0.193,0.10948821548821547,0.7934525939287314,-0.5744761629523003,34.7,0.1137508395825848,0.09252000264340438,-0.18779609117124274,0.3728360964580515,0.281,29.0
2026-04-08,CME,CME GROUP INC.,302.81,290.69,315.51,282.39,331.22,274.51,360.86,1.2595555555555569,1.3912830558276201,2.0512367491166072,-27.589999999999975,-19.644074074074073,-11.864785048865034,-27.42336309928311,-0.00772073,0.0037064845117845127,-0.009059583172251858,0.016472552195820885,0.02436617,0.012113755302013413,0.00017142023371139944,0.024056090370315426,0.05191284,0.03810138520134217,0.03084685343072315,0.04535591697196119,-0.00288092,0.00646832,41.9,-0.05,-0.187,0.30352188552188575,1.2163550089211252,-0.6093112378773538,36.3,-0.11854196401067174,0.20661449179647853,-0.18725303555327374,0.6004820191462308,0.30425,29.0
2026-04-08,CMS,CMS ENERGY ,78.82,75.63,80.93,74.73,83.63,69.65,89.18,-1.4444444444444327,1.1760391198044047,1.1297709923664152,-4.510000000000005,-3.6809090909090902,-1.9454242547011722,-5.416393927117008,-0.00341931,0.0011283760942760923,-0.01131112448590498,0.013567876674457165,0.0196892,0.002314300704697985,-0.008336687222604815,0.012965288632000787,0.03099025,0.019272988020134205,0.009819596984951868,0.02872637905531654,-0.00220006,0.00622385,60.9,0.68,0.52,0.1677104377104377,1.0296223662896709,-0.6942014908687956,71.6,0.23977710818044273,0.2550049288722703,-0.18359689953552982,0.6936067572800704,0.30225,29.0
2026-04-08,EVRG,"EVERGY, INC.",83.44,80.0,84.74,78.26,90.08,73.98,97.19,-2.3287671232876526,1.2818532818532837,1.4534883720930243,-6.570000000000007,-4.580740740740741,-2.417557215710338,-6.7439242657711445,-0.0069933,0.003275781952861953,-0.009207385455637887,0.015758949361361792,0.02796799,0.007503794966442952,-0.005530327996289923,0.020537917929175826,0.05489494,0.03272493818791942,0.015554763308415334,0.0498951130674235,-0.00152402,0.00831023,23.6,-0.96,0.321,0.35427272727272746,1.289214048073944,-0.580668593528489,53.8,0.12867944626608696,0.23051138091346804,-0.15086566437664792,0.611888426203584,0.318,29.0
2026-04-08,GLW,CORNING INC.,165.1,132.7,158.23,124.17,195.68,120.14,217.81,-20.848484848484944,-1.338456507521255,1.172375444839858,-28.01000000000002,-14.529461279461282,0.26121590130216354,-29.320138460224726,0.03963685,0.01676739414141415,-0.022241365522140684,0.05577615380496898,0.12323161,0.04002576302013421,-0.020554848037403664,0.10060637407767209,0.20486605,0.0956846134228189,0.036170169988846375,0.15519905685679145,0.02043318,0.02502637,38.3,-0.06,0.858,0.6550000000000001,1.6879596058400814,-0.37795960584008126,49.4,-0.07476751488719224,0.10653961688683328,-0.2627193250488189,0.47579855882248545,0.3195,29.0
2026-04-08,MUB,ISHARES:NATL MUNI BOND,106.76,104.73,107.79,101.18,111.86,101.01,112.39,-1.2247191011235985,-1.0941176470588243,-1.0213143872113686,-0.9200000000000017,-0.8457239057239077,0.04414487704209791,-1.735592688489913,0.00046362,-0.0008696171717171707,-0.006172721123995595,0.004433486780561254,-0.00147383,-0.005808837651006708,-0.018233537233488577,0.0066158619314751616,-0.00452013,-0.007788711241610732,-0.011596952092510453,-0.00398047039071101,0.0019615,0.00015606,66.5,0.87,-0.633,-0.18425589225589245,0.7836702841370096,-1.1521820686487945,35.5,0.3416280893399417,1.5451078603400774,0.7551926249982079,2.335023095681947,0.2745,29.0
2026-04-08,PLD,"PROLOGIS, INC.",137.41,128.66,136.78,120.46,147.72,115.26,157.54,-6.791666666666575,-1.644034917555771,-1.1003477396920018,0.6399999999999864,0.1200673400673435,4.329149700840806,-4.089015020706118,0.00130491,0.0010427437037037047,-0.02091127817837082,0.02299676558577823,-0.00014878,-0.006374684362416097,-0.03335740826263436,0.02060803953780216,-0.00624319,-0.03817184181208051,-0.05340654112030714,-0.022937142503853883,0.00346611,0.00780093,84.3,1.45,0.094,0.15180808080808095,0.9543539624227347,-0.6507378008065728,41.1,0.07632325304876231,0.1752693796811092,-0.16284695666856872,0.5133857160307871,0.3035,28.0
2026-04-08,TXN,TEXAS INSTRUMENTS INC.,208.9,188.23,204.3,175.88,226.56,162.76,250.33,-19.548387096774057,-1.869762174405437,-1.1136857349746563,-1.6999999999999886,-9.729360269360269,0.42898671431347246,-19.88770725303401,0.00758597,-0.001289761851851851,-0.037357488087956185,0.03477796438425248,0.01396954,-0.00209542197986577,-0.04263516210415856,0.03844431814442702,0.01429242,-0.0011432307046979927,-0.014693535593797947,0.012407074184401961,0.00884,0.00229247,93.5,1.99,0.538,0.007501683501683544,1.1332762400595684,-1.1182728730562015,58.1,0.22564629440146455,0.047739607817894644,-0.3601524325281211,0.45563164816391044,0.3035,28.0
2026-04-08,ETR,ENTERGY ,114.61,108.99,123.42,105.51,126.74,100.66,135.16,1.6345454545454536,1.3329670329670333,1.473118279569892,-17.519999999999996,-11.729764309764315,-8.509046807708874,-14.950481811819756,0.03039415,0.0027199677104377097,-0.013276443341587858,0.018716378762463275,0.03129222,0.0107264472818792,-0.00628666179870236,0.02773955636246076,0.10669989,0.08659570835570474,0.07142971749435545,0.10176169921705402,-0.0018437,0.00749879,79.4,1.17,0.995,0.3006464646464645,1.0886453025322946,-0.48735237323936564,77.0,-0.13596585003471207,0.18646642675895317,-0.1100337769675667,0.48296663048547306,0.2985,28.0
2026-04-08,TLT,ISHARES:20+ TRS BD ETF,86.92,84.54,88.07,81.65,91.92,78.0,97.33,-1.6614173228346505,-1.0539999999999992,1.167040358744394,-1.519999999999996,-1.1314814814814806,0.28692973017942713,-2.5498926931423886,-0.00306416,-0.0006707149158249157,-0.008101054569001181,0.006759624737351349,-0.00027415,-0.0016592101342281884,-0.008055944403355438,0.004737524134899062,-0.00085267,-0.010921883456375866,-0.021402800239619015,-0.0004409666731327172,0.00120917,0.0012131,66.1,0.71,-0.506,-0.10765656565656566,0.6048591595603651,-0.8201722908734964,38.3,-0.08671172641690672,0.18341930765426176,-0.006845695045922695,0.3736843103544462,0.24825,27.0
2026-04-08,MP,MP MATERIALS CORP,54.44,42.93,51.79,41.81,58.27,35.28,85.03,,-3.297650130548297,1.5965553235908148,-10.079999999999998,-9.394478114478108,-0.032208281109898707,-18.756747947846318,-0.0727658,0.016332203838383838,-0.055541625383088586,0.08820603305985626,-0.03128908,0.05976621711409384,-0.02938772771504955,0.14892016194323723,0.11440559,0.06248205637583885,-0.009112001665391854,0.13407611441706954,0.01418596,-0.02820005,94.2,2.17,-0.557,0.16110437710437706,1.022049100516581,-0.699840346307827,22.8,-0.1321471770494571,-0.07440585185166179,-0.3838075682438681,0.23499586454054452,0.23725,27.0
2026-04-08,XOM,EXXON MOBIL ,156.22,155.22,175.02,148.27,190.06,134.67,200.03,3.331196581196577,4.256603773584912,2.0329466357308577,-24.22999999999999,-5.968215488215489,-0.545727978663642,-11.390702997767336,0.0092094,0.005606577575757576,-0.014284650931772926,0.025497806083288076,0.05776107,0.013732321308724831,-0.006598249636994605,0.03406289225444427,0.04655387,0.010129394463087258,-0.010498837261315631,0.030757626187490145,-0.01139127,-0.00339955,94.6,2.15,0.514,0.3586666666666665,1.168052140093633,-0.4507188067602999,56.7,0.01832532670111453,0.08689733490547732,-0.15454334441951842,0.32833801423047304,0.27575,26.0
2026-04-08,EIX,EDISON INTERNATIONAL,74.35,70.76,75.45,67.63,83.79,57.6,92.92,-3.283185840707931,1.4047619047619069,1.1086567164179113,-1.7000000000000028,-1.3956565656565654,1.1221723581908205,-3.9134854895039513,-0.00238245,-0.000707889057239063,-0.025462426900864005,0.024046648786385877,0.0556997,-0.01661774751677853,-0.06486406477748304,0.031628569743925986,0.00959521,-0.02098312275167777,-0.03504897883480074,-0.006917266668554802,-0.00224619,0.00792803,28.8,-0.89,0.705,0.1885420875420875,1.0430508047099682,-0.6659666296257933,80.0,0.32225965929840794,0.15178309479997903,-0.15883749206168207,0.46240368166164014,0.285,26.0
2026-04-08,APP,APPLOVIN CORP,391.2,352.22,423.2,303.93,451.44,302.17,737.32,1.3085240130751834,-1.448705179282868,3.8876783106817947,-168.43,-243.49848484848485,-156.98256359816725,-330.01440609880245,-0.03304149,-0.004054522121212119,-0.07486267744441359,0.06675363320198936,-0.13475388,0.0005584057382550281,-0.0836908211588497,0.08480763263535974,0.2254893,0.32659992369127605,0.28729555259488365,0.36590429478766845,0.01749004,0.01783626,42.7,-0.78,-1.054,0.19516498316498326,1.287600173455874,-0.8972702071259073,10.5,0.3436347640822499,0.03541775680610139,-0.2237394274902781,0.29457494110248084,0.219,25.0
2026-04-08,DD,"DUPONT DE NEMOURS, INC.",47.85,43.43,47.64,40.38,51.9,37.93,57.72,-17.624999999999872,-1.8444444444444454,-1.0050658561296864,-1.6899999999999977,-0.8230976430976428,1.3363623355121494,-2.982557621707435,-0.00301673,0.004191040471380472,-0.029588646316891554,0.0379707272596525,-0.00795377,0.0019221315436241367,-0.051219388299427154,0.05506365138667543,0.02592574,-0.021104389228187973,-0.05201706087457499,0.009808282418199046,0.00470945,-0.00322314,79.6,1.22,0.357,0.31122222222222223,1.2264457574142371,-0.6040013129697928,43.8,0.049715896645540214,0.05720943021317154,-0.3301666899660568,0.4445855503923999,0.2745,25.0
2026-04-08,NOV,NOV INC.,19.14,17.89,19.97,17.78,21.54,15.84,23.1,-1.2150537634408596,1.764705882352941,1.2,-1.0399999999999991,-0.23235690235690223,0.565971482474935,-1.0306852871887395,0.00535912,0.0024960489562289617,-0.0312559046533938,0.03624800256585173,0.03643998,0.008589808993288558,-0.04212152868343947,0.05930114667001659,0.0009378,-0.041594370100671116,-0.06468283934601143,-0.018505900855330798,0.00172189,-0.01441494,79.4,1.18,0.12,0.1817340067340067,0.8472289302291023,-0.48376091676108884,37.5,0.11209250083856026,0.022718374490013717,-0.3368025520963013,0.38223930107632875,0.26075,24.0
2026-04-08,PFE,PFIZER INC.,27.47,26.89,29.37,26.26,29.57,23.91,31.51,1.7228915662650635,1.7355371900826497,1.1348314606741585,-1.1700000000000017,0.19067340067340013,1.0920047457669757,-0.7106579444201754,0.00049619,-0.00018752949494949363,-0.019311060264981146,0.01893600127508216,0.01048506,0.0030071280201342224,-0.028611527674119428,0.034625783714387876,-0.00902299,-0.05027328063758383,-0.07396146913925838,-0.02658509213590927,-0.00557441,-0.00107333,88.7,1.76,0.116,-0.0162962962962963,0.7079714045246452,-0.7405639971172377,44.6,0.17707283791779327,0.03814835552577411,-0.34806298934523344,0.42435970039678167,0.26075,24.0
2026-04-08,XLE,SEL SECTOR:ENERGY SPDR,58.05,57.27,63.55,55.47,68.49,50.37,70.63,2.5767195767195785,4.046511627906979,1.6380208333333333,-6.420000000000002,-1.3647811447811447,0.3497412955975747,-3.079303585159864,0.00878436,0.0037357101683501703,-0.01790115630585199,0.02537257664255233,0.06563054,0.0034353795637583925,-0.02544110280998915,0.03231186193750593,0.02506466,-0.004276796711409409,-0.019251861995656164,0.010698268572837344,-0.01023189,-0.00154378,98.2,2.52,0.543,0.35826599326599334,1.1813920960203532,-0.4648601094883665,57.3,0.059618404335200825,0.1668233739282641,-0.18759292125500668,0.5212396691115349,0.26075,24.0
2026-04-08,XOP,SPDR S&P OIL&GAS EXP,171.69,171.29,191.18,165.61,206.43,139.96,213.81,3.6278586278586236,5.713815789473701,1.3274503624330292,-16.599999999999994,-0.7197643097643066,5.818452315084677,-7.25798093461329,0.01188565,0.0012188363636363633,-0.02755248295949339,0.029990155686766114,0.08114044,-0.004382824932885922,-0.04385073348659863,0.03508508362082679,0.00088593,-0.03611936919463073,-0.05585049389152681,-0.01638824449773464,-0.0134232,-0.0006634,98.2,2.53,0.757,0.24834680134680145,1.1691963673679966,-0.6725027646743937,63.3,0.006173947375738953,0.14870214627117734,-0.1608111123066603,0.45821540484901496,0.26075,24.0
2026-04-08,COMT,ISHARES:GSCI COMM DYN RS,32.79,33.13,36.22,31.86,39.28,27.85,39.15,9.0270270270271,6.978494623655918,1.287449392712551,-3.960000000000001,-0.6419191919191917,0.1753517406556655,-1.4591901244940488,0.00830531,0.004249402356902357,-0.0129946722369004,0.021493476950705116,0.09198862,0.001857213657718116,-0.031139951844230792,0.03485437915966702,0.03642657,-0.004946312114093972,-0.019882839669884553,0.00999021544169661,-0.01050331,-0.00360262,85.9,1.52,0.389,0.21747811447811455,1.0938677872105746,-0.6589115582543457,56.9,0.10892170376775923,1.3661872013669876,-0.3810364708622578,3.1134108735962327,0.26075,24.0
2026-04-08,DBC,INVESCO DB CM IDX,28.56,28.13,30.5,27.04,33.61,24.7,32.79,2.6619718309859266,3.322368421052633,1.095854922279793,-2.3900000000000006,-0.4780134680134677,0.1212375508440588,-1.0772644868709942,0.00042511,0.004277721279461281,-0.010908483124378067,0.019463925683300628,0.08224437,0.008760328624161083,-0.02113938152542219,0.038660038773744354,0.02245484,-0.005518969597315397,-0.018972944264330042,0.00793500506969925,-0.00608493,-0.00140144,55.4,0.81,0.381,0.2434646464646465,1.0691993436471254,-0.5822700507178324,57.3,1.4687250184343688,1.6939675965044996,-0.2908125827500183,3.6787477757590175,0.26075,24.0
2026-04-08,DGX,QUEST DIAGNOSTICS INC.,198.81,190.88,203.46,186.75,216.18,184.71,228.43,-1.6814345991561146,1.4402985074626866,2.100709219858157,-15.97999999999999,-12.738417508417506,-6.796368950189369,-18.680466066645643,-0.00478242,0.006058843771043773,-0.010494947448330162,0.022612634990417706,0.04255701,0.015466743691275158,0.0010997196408140328,0.029833767741736284,0.05202268,0.032936120167785174,0.022029528022123365,0.04384271231344698,0.00031405,0.00016913,21.4,-1.12,-0.396,0.12443434343434334,0.9636567050256694,-0.7147880181569827,30.0,1.5368848478047088,0.1477227619536629,-0.3170043010981444,0.6124498250054702,0.267,24.0
2026-04-08,PG,THE PROCTER & GAMBLE COMPANY,144.9,136.91,146.24,134.49,156.4,126.13,177.86,-5.042424242424221,1.1047070124879927,1.7559936068193922,-6.849999999999994,-5.864949494949499,-1.6228640885233663,-10.107034901375632,-0.01935893,-0.0030205034680134677,-0.016711580095923082,0.010670573159896148,0.01623013,-0.0024723822147651024,-0.013117287100610319,0.008172522671080115,0.01229235,0.0013572753691275168,-0.004762791724329513,0.007477342462584546,0.00184893,0.0042824,27.6,-0.97,-1.388,-0.19751851851851843,0.7091668319889356,-1.1042038690259726,8.1,0.35556876089966405,0.11284880393129787,-0.20603070295249493,0.43172831081509067,0.2575,23.0
2026-04-08,SWKS,"SKYWORKS SOLUTIONS, INC.",56.54,51.17,57.86,49.03,58.05,42.37,64.87,-2.2463768115942018,-4.97350993377484,-1.7010804321728683,4.219999999999999,0.05952861952861907,5.083808900784567,-4.9647516617273295,0.00169653,-0.010815577441077442,-0.05386635091757387,0.03223519603541898,-0.0437402,-0.03433087308724844,-0.09076602900086073,0.022104282826363834,-0.09944318,-0.07666277120805373,-0.09096431711037337,-0.06236122530573409,0.00554833,0.00740657,75.0,1.05,0.294,-0.20879124579124586,0.7586002682347931,-1.176182759817285,67.7,0.6511352548448603,0.2222764322981027,-0.3001542187368307,0.744707083333036,0.21275,23.0
2026-04-08,FXC,INVESCO:CANADIAN DOLLAR,70.57,69.08,71.01,68.26,73.12,66.27,75.76,-2.4444444444443945,1.1038961038961146,1.2069767441860502,-1.230000000000004,-1.113602693602692,-0.5762567222158279,-1.650948664989556,-0.00516957,0.00044898686868686887,-0.0043981811814540975,0.005296154918827836,0.00906408,-0.0002906077181208031,-0.011474785112960776,0.01089356967671917,0.00273473,-8.28404697986569e-05,-0.001644053941415321,0.0014783730018180074,0.00077684,0.00489988,48.2,-0.24,-1.873,-0.18335690235690236,0.7185794571023979,-1.0852932618162026,4.2,5.181819403521621,2.4152738540285847,0.47998701115494136,4.350560696902228,0.2575,23.0
2026-04-08,OMC,OMNICOM GROUP INC.,76.87,72.3,77.92,65.32,83.55,65.7,90.33,-2.7405063291139258,-1.7290419161676682,1.205013428827215,-0.7399999999999949,-3.570370370370371,-0.272625410276909,-6.868115330463833,-0.01345562,-0.002116902053872054,-0.026934772258215788,0.022700968150471682,-0.04430768,-0.018187118590604016,-0.04878791072167607,0.012413673540468035,-0.02160329,-0.008857754966442932,-0.01808029064330046,0.00036478071041459725,0.00085038,0.0039295,33.1,-0.75,-0.811,-0.20101683501683493,0.547501997266757,-0.9495356673004267,19.2,0.35667136664989063,0.01198898306620916,-0.3063479577796199,0.3303259239120382,0.204,22.0
2026-04-08,PTC,PTC INC.,144.32,134.22,146.32,125.61,154.27,117.5,179.75,-2.18248175182481,-1.8804020100502474,1.3210290827740498,-1.8300000000000125,-10.803737373737372,-1.8080782945685652,-19.79939645290618,-0.02674823,-0.005991275252525252,-0.04090883537591708,0.028926284870866573,-0.04325875,-0.008554006912751686,-0.06253466421655463,0.04542665039105126,-0.03513068,0.013858562617449652,-0.010100231910446067,0.03781735714534537,0.0099883,0.00134772,55.8,-0.22,-1.355,-0.30337373737373735,0.6063104473461942,-1.2130579220936688,11.3,0.5898253000340368,0.10216397619570328,-0.35507021505674363,0.5593981674481502,0.204,22.0
2026-04-08,TTWO,"TAKE-TWO INTERACTIVE SOFTWARE, INC.",202.13,184.87,205.36,170.49,213.71,170.92,244.4,-3.069679849340862,-2.7322970639032773,1.3543735982057032,-13.640000000000015,-23.41804713804713,-13.369818427100101,-33.46627584899416,-0.02239442,-0.0014365361952861943,-0.02835139309720045,0.02547832070662806,-0.07311648,-0.005235419362416099,-0.034745171925554694,0.0242743332007225,0.02753066,0.05025367929530196,0.035975498478222054,0.06453186011238186,0.00234136,0.00172338,46.2,-0.4,-0.475,0.020464646464646605,0.8543173942540301,-0.8133881013247368,27.6,0.5824887339877789,0.23212816709832468,-0.2797038528508336,0.743960187047483,0.204,22.0
2026-04-08,AMT,AMERICAN TOWER ,176.18,164.38,180.84,159.64,190.72,148.19,208.87,-2.074569789674955,-1.1375515818431932,1.1679171132547335,-4.6699999999999875,-6.16228956228956,0.3101318806318858,-12.634711005211006,-0.01487613,-0.0013889184848484858,-0.01923579677529092,0.016457959805593947,-0.00620062,-0.0035114156040268363,-0.024528925604803728,0.017506094396750056,-0.01309101,-0.013227235302013425,-0.02483019838865834,-0.001624272215368509,-0.0014559,0.00676444,31.3,-0.78,-0.762,-0.12642087542087535,0.6420441143533436,-0.8948858651950943,28.4,0.278724333056555,0.11158999845649178,-0.13690864457696847,0.360088641489952,0.204,22.0
2026-04-08,ATO,ATMOS ENERGY ,189.66,181.66,193.01,177.82,202.52,171.95,215.73,-1.7576470588235291,1.0861486486486496,1.4720496894409927,-16.189999999999998,-13.275387205387208,-8.725536383481892,-17.825238027292524,-0.00253866,0.004193810370370369,-0.007284381073607715,0.015672001814348455,0.02397827,0.009513351342281895,-0.000669718924066965,0.019696421608630756,0.06628817,0.04788823734899325,0.0340777283624658,0.0616987463355207,-0.00024624,0.00524966,79.0,1.18,0.715,0.34402693602693596,1.2130308582502864,-0.5249769861964146,71.6,0.25729479444557524,0.12945881167937928,-0.08965986511936488,0.3485774884781234,0.23625,22.0
2026-04-08,AZO,"AUTOZONE, INC.",3464.93,3252.03,3507.74,3169.95,3734.35,2997.77,4200.2,-3.1464546056991254,-1.094870462474946,1.5739147187259188,-156.55000000000018,-319.45370370370375,-171.33138705192346,-467.57602035548405,-0.00898923,-0.0017940524579124568,-0.021978627938868765,0.018390523023043854,0.01119342,0.006593041946308726,-0.01804270194402824,0.031228785836645692,0.01617157,0.04271412989932889,0.029819238060338288,0.0556090217383195,0.00684902,0.01173184,15.7,-1.65,-1.051,0.08204713804713802,1.041163129081061,-0.877068852986785,19.2,0.1409007632008754,0.20567462964447397,-0.36250112957881936,0.7738503888677672,0.208,22.0
2026-04-08,BRK.B,"BERKSHIRE HATHAWAY INC.,",479.75,465.86,484.12,450.89,504.61,421.43,567.4,-2.509874326750455,-1.1609010458567979,1.502914951989026,-23.910000000000025,-42.51673400673401,-28.056835857025117,-56.9766321564429,-0.01164256,-0.0010171724579124575,-0.015040678256756214,0.013006333340931297,-0.00615381,-0.005681183691275166,-0.022525169556197416,0.011162802173647086,0.02700933,0.05149488211409396,0.03958491481229986,0.06340484941588806,0.00066346,0.00156443,9.7,-1.92,-1.063,-0.06337710437710434,0.7477951658013402,-0.8745493745555488,14.1,0.9280633625481556,0.3254426309170018,-0.001644604809410588,0.6525298666434143,0.208,22.0
2026-04-08,GNRC,GENERAC HOLDINGS INC.,202.93,181.99,204.3,170.89,238.87,158.25,275.06,-5.485175202156363,1.1217228464419469,1.614368845120859,-20.900000000000006,-16.835993265993256,-3.168838130415322,-30.50314840157119,-0.01353612,0.002370192828282828,-0.04528406238136412,0.05002444803792977,0.06529693,0.001306217919463073,-0.06900607293880678,0.07161850877773293,0.0634111,0.03079263885906041,0.0075441824311544975,0.05404109528696632,0.00600025,-0.00686419,53.8,-0.1,-0.305,0.06186531986531987,1.1536537371038422,-1.0299230973732025,41.1,0.2819406588022193,0.01681735342173389,-0.3333253324942259,0.3669600393376937,0.252,22.0
2026-04-08,SPG,"SIMON PROPERTY GROUP, INC.",194.04,181.29,195.74,172.11,211.61,164.58,227.94,-2.9067357512953262,-1.2481502561183808,1.1507128309572312,-6.230000000000018,-13.196127946127946,-6.269256980427317,-20.122998911828574,0.0013363,-0.0005676518518518497,-0.019658081060883657,0.01852277735717996,0.01513754,-0.0014276775838926129,-0.02133365803285817,0.018478302865072942,0.0201577,0.037385243523489986,0.024382139042651865,0.05038834800432811,0.00238761,0.01163554,58.9,0.59,0.111,0.12621548821548828,0.9701139670606289,-0.7176829906296525,42.9,0.05597780588086709,0.13542753684826597,-0.15730983927020886,0.4281649129667408,0.195,21.0
2026-04-08,HIG,THE HARTFORD FINANCIAL SERVICES GROUP,138.9,132.31,138.79,127.26,147.34,121.36,159.53,-5.711538461538503,-1.37914691943128,1.176168757126567,-4.949999999999989,-12.474343434343432,-8.568505160054848,-16.380181708632016,0.00253571,0.0011265916498316491,-0.015643031095693274,0.017896214395356574,0.00866686,0.0036822313087248315,-0.0064977133430084415,0.013862175960458105,0.02879965,0.0623189667114094,0.04854217342821867,0.07609575999460014,0.00364623,0.00755482,92.3,1.8,0.155,0.16765656565656573,1.1095685819931482,-0.7742554506800167,55.8,0.21692534903175398,0.131199345473426,-0.14254842137444929,0.40494711232130126,0.195,21.0
2026-04-08,LW,"LAMB WESTON HOLDINGS, INC.",41.59,36.66,42.72,34.95,46.2,29.9,51.08,-4.300000000000004,-1.4403470715835145,-1.2318229715490001,1.970000000000006,2.118754208754206,5.4829690277225716,-1.2454606102141597,-0.00856846,-0.008089691279461278,-0.04679011197479675,0.0306107294158742,-0.0074903,-0.015956922013422803,-0.05567950912986036,0.023765665103014755,-0.11684809,-0.10761701372483208,-0.12382645700329775,-0.09140757044636641,0.00312682,0.00504614,89.9,1.76,-0.483,-0.21979124579124582,0.8181448511865939,-1.2577273427690856,36.3,-0.23503782795591233,0.20356224358503675,-0.32081731033770566,0.7279417975077791,0.19575,21.0
2026-04-08,ORLY,"O'REILLY AUTOMOTIVE, INC.",93.06,88.04,95.71,85.95,98.02,80.01,108.21,-1.7490774907749151,-1.4334677419354855,1.1609195402298846,-5.549999999999997,-7.99404040404041,-5.083644805689125,-10.904436002391694,0.00586546,-0.00025685797979798074,-0.017875186361746672,0.01736147040215071,-0.00436915,0.009062453154362427,-0.01879699868550717,0.03692190499423202,0.02771444,0.04363169114093962,0.035500483460064056,0.05176289882181519,0.00502363,0.00189369,54.0,0.2,-0.3,0.07994949494949484,1.0264977587394961,-0.8665987688405064,40.7,0.2680325957484355,0.22338276454868516,-0.008621979886491604,0.45538750898386193,0.191,20.0
2026-04-08,STLD,"STEEL DYNAMICS, INC.",187.56,171.05,189.07,160.76,207.16,146.68,229.49,-5.383275261324029,-1.3673469387755113,1.0256849315068497,-4.960000000000008,-10.25696969696969,-3.9591337127971826,-16.5548056811422,0.00809514,0.004457266700336698,-0.018511524796598344,0.027426058197271744,0.02772881,0.01177438546979867,-0.026729979250357506,0.05027875018995485,0.02070386,0.019383839563758366,0.007306648306264022,0.03146103082125271,0.00590079,0.01326739,98.2,2.57,0.223,0.22405723905723912,0.9546083592946866,-0.5064938811802084,47.2,0.047877755160897095,0.09326725628562836,-0.16385863788501087,0.3503931504562676,0.191,20.0
2026-04-08,APH,AMPHENOL ,135.32,118.79,132.5,109.52,146.14,105.87,173.88,,-2.3844731977818867,1.3093378607809854,-12.740000000000009,-15.412020202020198,-7.079943835311143,-23.744096568729255,-0.02658148,0.007296443131313137,-0.020468411082366352,0.03506129734499262,-0.01636746,0.018174117416107406,-0.014531077073416807,0.05087931190563162,0.07770556,0.07940332466442912,0.0618430668651883,0.09696358246366994,-0.0009597,0.00642083,52.2,0.36,-0.099,0.5315892255892258,1.4893458101601307,-0.4261673589816791,23.2,0.21547133381742323,0.16890698217334263,-0.3135191561812697,0.6513331205279549,0.18,20.0
2026-04-08,FAST,FASTENAL COMPANY,48.18,44.23,48.31,43.71,51.88,40.18,56.29,-5.388888888888901,-1.2081081081081069,1.01375,-2.3800000000000026,-3.9629629629629637,-2.3297756954854556,-5.596150230440472,0.00919902,0.0016937016161616145,-0.015846480539330677,0.019233883771653904,0.04415619,0.005425990771812082,-0.02495885383026616,0.03581083537389032,0.04299736,0.05300171781879197,0.04328226507285249,0.06272117056473145,0.00609995,0.01016551,97.4,2.87,0.449,0.1656161616161616,0.9943368670264692,-0.6631045437941461,62.5,0.1439380878729708,0.2084920616948116,-0.27902106326574394,0.6960051866553671,0.191,20.0
2026-04-08,LVS,LAS VEGAS SANDS CORP.,54.6,51.71,56.42,48.55,56.97,42.99,66.93,-1.2043478260869593,-2.55274261603376,1.0620155038759695,-0.17999999999999972,-0.9863973063973067,1.9912618759939922,-3.964056488788606,0.00109031,0.0009515519191919182,-0.03806681288292151,0.03996991672130535,-0.04713116,-0.003866934765100669,-0.05531145711670708,0.04757758758650575,-0.02453804,-0.03542175328859054,-0.06136584273904856,-0.009477663838132516,0.00212191,0.02277467,60.1,0.63,0.031,0.08768350168350146,1.196707933348981,-1.0213409299819782,48.6,0.6848198428525396,0.17991533004854238,-0.2849358414928562,0.644766501589941,0.191,20.0
2026-04-08,ROL,"ROLLINS, INC.",54.7,51.84,55.3,48.36,58.97,48.49,66.22,-2.93617021276597,-1.484777517564405,1.855072463768115,-3.259999999999998,-3.5385185185185186,-1.4843463072680914,-5.592690729768946,-0.00771375,-0.0008897780134680169,-0.017179969462583013,0.01540041343564698,-0.02342827,0.0034741037919463116,-0.012382113019059953,0.019330320602952575,0.03820436,0.020560509496644293,0.011096091076176056,0.03002492791711253,0.00250735,0.00703791,39.5,-0.71,-0.552,0.13663973063973053,0.9649045858902541,-0.691625124610793,22.0,0.4497031875570059,0.2200656873453198,-0.3432740651784958,0.7834054398691355,0.204,19.0
2026-04-08,TAGS,TEUCRIUM:AGRICULTURAL,24.21,24.15,25.42,23.14,26.66,22.07,27.06,4.81818181818176,2.289719626168223,1.331775700934578,-1.1600000000000001,-0.34858585858585905,0.03720836459170812,-0.7343800817634263,-0.0001924,-0.00023890518518518447,-0.00849465460580548,0.008016844235435111,0.01390592,-0.0038823351342281904,-0.015327246206752847,0.007562575938296467,-0.00284715,-0.008617404765100681,-0.0161163616935435,-0.0011184478366578635,-0.00210742,-0.01139699,46.6,0.05,-0.294,-0.1928013468013469,0.5853273537313959,-0.9709300473340896,52.6,0.6918798609467687,2.6163404888635027,1.102826048854073,4.129854928872932,0.18575,19.0
2026-04-08,ADM,ARCHER-DANIELS-MIDLAND COMPANY.,71.72,68.5,77.15,66.81,79.2,59.63,83.68,1.0062630480167047,1.5234215885947064,-1.0108695652173902,-7.010000000000005,0.01404040404040438,2.913244483724912,-2.8851636756441033,-0.01588504,0.002374928686868687,-0.018971653775216778,0.023721511148954155,0.0273341,0.010679849932885909,-0.015013638802441252,0.03637333866821307,0.01462812,-0.047528064765100644,-0.08237471240489318,-0.012681417125308111,-0.01003048,-0.01243882,60.5,0.79,0.308,0.25466329966329965,1.0448307261784413,-0.5355041268518419,48.2,0.05158226050436476,0.05997369853018029,-0.20580908938256418,0.32575648644292476,0.20825,19.0
2026-04-08,GGB,GERDAU SA,3.97,3.63,4.04,3.2,4.49,2.99,4.67,-2.0,-1.4807692307692308,-1.4000000000000006,0.07000000000000028,-0.07589225589225591,0.11538888494100773,-0.26717339672551954,0.03869795,0.0017487377777777773,-0.027597686953321137,0.03109516250887669,0.00119471,0.008906749966442954,-0.023964578209391463,0.04177807814227737,-0.00524189,-0.02986140523489958,-0.053310072039411474,-0.0064127384303876815,0.00968963,0.01109179,72.8,1.0,0.689,0.18882828282828282,1.0631103710228884,-0.6854538053663227,71.6,1.7267973353081643,1.9348820841267647,0.06921784531361563,3.8005463229399137,0.21275,19.0
2026-04-08,KLAC,KLA ,1672.34,1434.69,1615.3,1334.81,1846.17,1228.29,2092.28,-34.25795644891107,-1.9417246735316094,-1.0574129637567264,-142.87000000000012,-156.54865319865314,-60.323724820279,-252.7735815770273,0.02269083,0.00943855898989899,-0.019312726319566292,0.03818984429936427,0.04360361,0.031378537583892585,-0.013136846507302471,0.07589392167508764,0.11148488,0.08411761570469789,0.06656967353950474,0.10166555786989104,0.01250475,0.00104864,60.7,0.45,0.929,0.4430235690235693,1.2557117734943049,-0.3696646354471663,69.6,0.09969245053435061,0.042045366911895386,-0.21773724920348272,0.3018279830272735,0.21275,19.0
2026-04-08,THD,ISHARES:MSCI THAI,71.1,66.5,70.73,62.12,78.03,59.37,80.99,-14.793103448275515,-1.2958152958152942,-1.1860465116279066,-0.5600000000000023,-0.5297643097643094,1.8974960490904733,-2.957024668619092,0.01205935,0.00044029777777777754,-0.019272391412861883,0.02015298696841744,0.02835108,-0.00973733191275167,-0.04580847593505651,0.026333812109553177,0.01656698,-0.021645210100671126,-0.039229778586437315,-0.004060641614904936,0.00269374,0.00526055,60.3,0.76,0.517,0.09282828282828293,1.0770777091686965,-0.8914211435121306,64.5,-0.34402906261471033,0.12488959523313824,-0.4522220077936847,0.7020011982599612,0.19575,18.0
2026-04-08,CANE,TEUCRIUM:SUGAR,9.7,9.7,10.73,9.09,11.34,8.4,11.43,5.562499999999998,2.688524590163938,1.3307692307692323,-0.6600000000000001,0.029663299663299433,0.4385252928751038,-0.3791986935485049,0.0078266,-0.001785006936026935,-0.017149854188333497,0.013579840316279627,0.01422452,-0.00973770489932886,-0.026701127951456592,0.007225718152798875,-0.02020259,-0.03933438570469797,-0.06275470240831756,-0.01591406900107839,-0.00565696,-0.01699321,69.8,0.88,0.015,-0.21956902356902344,0.7402363459802398,-1.1793743931182867,70.8,0.9876639944755974,0.9211344376063306,0.09416699124659644,1.748101883966065,0.17,18.0
2026-04-08,COR,"CENCORA, INC.",324.93,299.03,328.22,287.84,344.41,286.6,401.58,-4.3095684803002055,-1.9040041067761806,1.9997391077485,-30.599999999999966,-29.577104377104376,-18.95778880553089,-40.196419948677864,-0.02669613,0.0023474704040404005,-0.016187365663597533,0.02088230647167833,-0.02297267,0.019662294530201355,-0.001785806365415494,0.04111039542581821,0.05220269,0.05599519647651001,0.047105164926280765,0.06488522802673925,0.01050828,-0.00036959,79.0,1.32,-1.077,0.32936700336700336,1.347601363829497,-0.6888673570954904,9.3,0.1483237635965291,0.15255553934385804,-0.2099164420913718,0.5150275207790879,0.1675,18.0
2026-04-08,EWC,ISHARES:MSCI CANADA,56.64,53.38,56.86,51.42,59.6,49.5,64.43,-3.5542168674698904,-1.7635135135135127,1.0910364145658271,-2.25,-2.2861952861952863,-1.0285035450327253,-3.5438870273578473,-0.0015059,0.0027638542760942755,-0.00852618851598279,0.014053897068171341,0.00719485,0.007822244026845627,-0.009352919824140228,0.02499740787783148,0.03201188,0.020488008523489958,0.011167822992862193,0.029808194054117724,0.00346069,0.00336115,75.6,1.44,-0.071,0.5657272727272717,1.477311042485964,-0.3458564970314205,16.9,-0.11534706103016934,0.09609360599634295,-0.282589437233846,0.47477664922653184,0.20025,18.0
2026-04-08,PCG,PG&E ,18.39,16.89,18.15,16.22,20.41,14.69,22.45,,-1.0742574257425754,1.0972972972972965,-0.3299999999999983,-0.4828956228956232,0.21401335794916926,-1.1798046037404157,-0.0113423,-0.0012140850505050484,-0.02777938852536266,0.025351218424352565,0.03648227,-0.010185305637583924,-0.04724508934976414,0.026874478074596295,0.00683731,-0.011918627953020122,-0.023906706166043415,6.945026000316872e-05,0.00377418,0.00939222,82.3,1.32,0.083,0.03068350168350176,1.0893303691662053,-1.0279633657992016,55.4,0.05617895822473984,0.294853731363001,-0.12380293555474631,0.7135103982807484,0.191,17.0
2026-04-08,SDY,SPDR S&P DIVIDEND,148.22,141.95,148.32,136.62,157.14,134.7,165.92,-6.5760869565218405,-1.3004484304932746,1.3091715976331342,-4.099999999999994,-4.5256902356902335,-1.9092753921587975,-7.14210507922167,-0.00870267,-0.0007161668013468015,-0.013082606107249548,0.011650272504555944,0.00301824,-0.0020255874496644412,-0.01630828912354075,0.012257114224211867,0.01429596,0.00807168288590603,0.002768160171109377,0.013375205600702681,0.00226839,-0.00351786,99.0,2.64,-0.453,0.1331683501683501,1.1098493016678308,-0.8435126013311307,24.4,0.3539278353074726,0.2151057244648673,-0.13695560955567088,0.5671670584854055,0.18,17.0
2026-04-08,SLV,ISHARES:SILVER TRUST,67.47,59.03,69.31,54.89,82.4,57.57,101.06,-3.1070110701106928,1.1868044515103346,3.392929292929294,-23.78,-11.58468013468014,2.661992852302335,-25.831353121662616,-0.04589854,0.012281060606060617,-0.02901456562039368,0.05357668683251491,0.03198388,0.04991389771812079,-0.0045620158621936455,0.10438981129843522,0.21232138,0.11902819607382531,0.05059057794580789,0.18746581420184272,0.01243932,-0.00215429,24.4,-0.83,-1.045,0.6735420875420876,1.6644309250291383,-0.31734674994496315,3.0,0.011479051617333091,0.13122039811659425,-0.18185107304627257,0.44429186927946107,0.1735,17.0
2026-04-08,TJX,"THE TJX COMPANIES, INC.",161.64,156.19,166.32,150.0,171.7,145.48,185.42,-1.3017621145374383,-1.157057654075545,1.4715346534653468,-12.740000000000009,-11.23424242424243,-8.227278179682983,-14.241206668801876,0.00565001,0.003894257609427611,-0.009201081442100852,0.016989596660956074,0.0039077,0.014830226174496667,-0.0014388857880279198,0.031099338137021253,0.0593514,0.051767090134228255,0.04600251123668381,0.0575316690317727,-1.453e-05,0.0051267,99.0,2.67,0.161,0.26546801346801324,1.0622281081430966,-0.5312920812070703,39.5,-0.05334253950054624,0.30547619158915995,-0.03474477066345427,0.6456971538417742,0.18325,17.0
2026-04-08,AFL,AFLAC INC.,113.0,107.23,112.76,102.74,118.44,97.62,130.79,-7.128205128205121,-1.8860294117647076,1.1566970091027307,-4.650000000000006,-9.158518518518516,-6.228969302579552,-12.08806773445748,0.00341585,-0.0004332379461279459,-0.01314710178657758,0.012280625894321688,0.00412795,-0.0014127349328859078,-0.01921612477129274,0.016390654905520927,0.04219952,0.0481698884563761,0.04021307076320141,0.05612670614955079,0.0032643,0.00266179,79.4,1.24,0.458,-0.0336161616161616,0.6735116801513541,-0.7407440033836774,75.2,0.4813305125497407,0.1432161343404359,-0.17943248595401567,0.46586475463488747,0.15425,17.0
2026-04-08,AMGN,AMGEN INC.,349.81,327.57,358.29,323.65,382.32,305.4,432.34,-3.130208333333333,1.2427370030581024,1.8583652330556164,-30.649999999999977,-21.13249158249156,-9.447557392934181,-32.81742577204894,-0.02126533,0.0040389847138047105,-0.01994811200331259,0.028026081430922015,0.01446179,0.006634380671140936,-0.02401281572223872,0.037281577064520594,0.03397208,0.02888536436241602,0.02116634994675193,0.036604378778080114,0.003107,-0.00412014,27.6,-1.24,-1.242,0.11926936026936034,0.9847029347246861,-0.7461642141859655,6.2,0.6454802174037249,0.0056193253781000214,-0.2949910054705201,0.3062296562267201,0.1585,17.0
2026-04-08,AWK,"AMERICAN WATER WORKS COMPANY, INC.",136.36,133.4,140.66,125.66,146.92,119.77,156.52,-1.2720403022670057,-1.01325757575758,1.21518987341772,-8.069999999999993,-5.81962962962963,-2.10119397552538,-9.53806528373388,-0.01388248,0.0012398332659932624,-0.015010945659708069,0.017490612191694593,-0.00344604,-0.00914756080536912,-0.03626393177347782,0.01796881016273958,0.01795463,0.0023848691610738153,-0.006833734237726971,0.011603472559874602,-0.00846496,0.00288991,40.3,-0.35,0.336,0.011185185185185256,0.7194895574954472,-0.6971191871250766,81.2,0.0388012367766466,-0.031959046949411346,-0.3031443522891124,0.2392262583902897,0.186,17.0
2026-04-08,HYD,VANECK:HIGH YIELD MUNI,50.88,49.14,51.66,48.06,52.75,47.3,53.67,-1.5192307692307756,-1.5080213903743338,-1.2831541218638016,-0.46999999999999886,-0.6528956228956238,-0.09876216934956272,-1.207029076441685,-0.00153627,-0.0018941599999999998,-0.00859484409112498,0.00480652409112498,-0.00417995,-0.013837916409395957,-0.032602532854623195,0.004926700035831285,-0.00717732,-0.006930236073825501,-0.011900222667026429,-0.0019602494806245712,0.0009203,0.00228533,71.2,1.07,-0.059,-0.24120538720538723,0.6325653641458044,-1.1149761385565788,59.7,-0.04977997097460851,1.684452318021086,0.2433960666489332,3.1255085693932387,0.15975,17.0
2026-04-08,PM,PHILIP MORRIS INTERNATIONAL INC.,160.94,148.1,163.21,142.68,176.5,136.07,207.45,-7.292682926829207,-1.1735218508997423,1.8701246481704858,-21.19999999999999,-17.485555555555546,-10.520669220038886,-24.450441891072206,-0.036948,0.003097662558922561,-0.02194691378318087,0.028142238901025993,-0.00132185,0.013785168993288594,-0.022151088966573747,0.04972142695315093,0.06192033,0.06234590385906037,0.05541828178351375,0.06927352593460699,-0.0015292,0.00102047,37.5,-0.43,-0.812,0.24216835016835014,1.1962208545002297,-0.7118841541635295,16.9,-0.03945199997231297,0.08015446564284104,-0.24810290459666176,0.40841183588234387,0.1435,16.0
2026-04-08,RIG,TRANSOCEAN LTD,6.7,6.29,7.15,6.1,8.15,4.95,8.63,-1.1463414634146332,2.4166666666666647,1.1028571428571432,-0.2999999999999998,0.06592592592592589,0.4012261663840133,-0.26937431453216154,0.01090512,0.004952558249158247,-0.05178997588965164,0.06169509238796813,0.1149034,0.009896971711409425,-0.07794740845514816,0.09774135187796701,-0.00689842,-0.10464662677852356,-0.15927257327135091,-0.050020680285696194,-0.01081041,-0.00378729,21.2,-1.4,0.641,0.2385555555555556,1.1281367873820924,-0.6510256762709813,60.1,0.34540032721543734,0.31953770607762955,-0.5888219818895911,1.22789739404485,0.18575,16.0
2026-04-08,VAL,VALARIS LIMITED,99.97,93.68,106.1,86.84,133.86,71.7,134.63,-1.2547993019197194,2.581111957349583,1.2260346657233818,-7.1299999999999955,-0.76094276094276,4.668127494444329,-6.19001301632985,0.01368235,0.009083392962962967,-0.04676056861538471,0.06492735454131064,0.17044656,0.015955377818791944,-0.06508644265867156,0.09699719829625544,0.02508137,-0.0509907518120807,-0.08761162730309549,-0.014369876321065907,-0.0110792,-0.00463877,42.1,-0.66,0.73,0.2503905723905723,1.1570160252666275,-0.656234880485483,59.3,0.4200463363834217,0.0350875651886434,-0.26636853907673014,0.336543669454017,0.18575,16.0
2026-04-08,WEAT,TEUCRIUM:WHEAT,22.25,22.22,23.57,21.45,25.01,19.46,26.32,4.956521739130428,3.449999999999999,1.458781362007169,-1.379999999999999,-0.5080134680134686,-0.06053506771137701,-0.9554918683155602,-0.00269781,-0.0004555202020202031,-0.01446408636049872,0.013553045956458313,0.02854626,-0.0011350627516778556,-0.018484552331717866,0.016214426828362157,0.00110009,-0.00855905362416104,-0.015151145380827305,-0.0019669618674947736,-0.00237833,-0.0077766,1.0,-2.84,-0.35,-0.2247575757575759,0.5749387951398638,-1.0244539466550155,43.8,0.41432186063113297,0.6210756905171203,-0.11549185694984232,1.357643237984083,0.18575,16.0
2026-04-08,WMT,WALMART INC.,127.26,119.58,129.66,116.43,138.73,111.43,149.42,-2.8344594594594654,1.0590951061865177,1.399873657612128,-13.230000000000004,-11.543097643097642,-7.711715601958526,-15.374479684236759,-0.00755378,0.0025053074410774415,-0.016871061830697576,0.021881676712852457,0.03468346,0.015927626006711403,-0.003667184317652925,0.03552243633107573,0.07381896,0.06752019832214769,0.06020416398133131,0.07483623266296406,-0.00208884,0.00391497,52.6,0.18,0.195,0.25416498316498337,1.164365378600384,-0.6560354122704172,47.0,-0.034273644492731736,0.2671263873972181,-0.26845767228302525,0.8027104470774615,0.14925,16.0
2026-04-08,CORN,TEUCRIUM:CORN,17.99,17.67,18.62,17.12,19.53,15.94,20.6,1.540540540540552,1.770114942528744,1.273170731707319,-0.6800000000000033,-0.12845117845117848,0.21342306517211407,-0.47032542207447103,-0.00677438,-0.0012082969696969714,-0.011958459765426064,0.009541865826032121,0.0156812,-0.0044630064765100765,-0.02016954536063261,0.011243532407612458,-0.00636953,-0.021413667818791948,-0.029593069527802655,-0.013234266109781243,-0.00060134,-0.00363917,41.5,-0.29,-0.384,-0.13153198653198628,0.6882788641519267,-0.9513428372158993,38.7,0.4000682825593225,0.6556647341693141,0.14140182952788238,1.169927638810746,0.18575,16.0
2026-04-08,HUM,HUMANA INC.,198.39,172.94,200.98,139.19,215.72,137.14,218.66,-1.9366602687140064,-3.4160415464512375,-3.0217069560927463,22.889999999999986,9.037272727272722,26.328274203875573,-8.25372874933013,0.04554341,-0.013228905286195277,-0.05703022073465839,0.03057241016226784,-0.09080249,-0.024641462550335575,-0.06608698217054843,0.01680405706987727,-0.09355919,-0.11135322489932904,-0.12219312977246492,-0.10051332002619316,0.0058189,0.01169642,83.9,1.25,1.024,-0.1614074074074074,0.8457042200103675,-1.1685190348251824,89.5,0.27925879046830104,0.22994392701132968,-0.33847162633177497,0.7983594803544344,0.1715,16.0
2026-04-08,OXY,OCCIDENTAL PETROLEUM ,59.77,60.78,68.57,56.76,73.77,45.88,77.36,4.564705882352932,4.651162790697664,1.2663786897048233,-5.529999999999994,0.05562289562289518,2.6409494143944037,-2.5297036231486136,0.0168767,0.0019208146464646447,-0.03085332100880831,0.0346949503017376,0.0796118,0.0027084971476510097,-0.03429825055936077,0.03971524485466278,-0.01790242,-0.05827520060402676,-0.0797627600480435,-0.03678764116001001,-0.01903498,-0.01469431,60.5,0.57,0.947,0.145050505050505,0.9801462720186953,-0.6900452619176853,78.4,0.003622367692211137,0.007187967046298257,-0.2060582475418607,0.22043418163445722,0.17,15.0
2026-04-08,SMCI,"SUPER MICRO COMPUTER, INC.",23.37,17.06,25.84,16.89,26.99,14.07,34.45,-2.2545454545454544,-1.790055248618786,1.1913978494623656,-0.9399999999999977,-6.315892255892254,0.22793699865560058,-12.859721510440108,-0.14515172,-0.009228191717171708,-0.08080839383297446,0.062352010398631044,-0.10295517,-0.004159834697986565,-0.07819472363217278,0.06987505423619966,-0.20522939,0.01908737912751681,-0.08248897941657957,0.1206637376716132,0.00284679,0.00242619,71.4,0.84,-0.804,-0.08311784511784516,0.8672580280264597,-1.03349371826215,24.8,-0.34745919912114553,0.047800731019767805,-0.33149600947509694,0.4270974715146325,0.13525,15.0
2026-04-08,ABNB,"AIRBNB, INC.",131.4,118.42,129.99,115.3,136.86,105.08,150.38,-6.801169590643249,-2.948717948717946,-1.386722866174922,4.700000000000003,-3.8549831649831674,2.944873904489409,-10.654840234455744,-0.0078568,-0.0025748926262626247,-0.029887029924278732,0.024737244671753485,-0.01558771,-0.0059953590604026885,-0.036799214641862955,0.02480849652105758,-0.05331086,-0.02674093083892619,-0.04249565909286821,-0.010986202584984166,0.0064761,0.00070724,87.9,1.63,-0.094,0.006299663299663312,0.9518139633794092,-0.9392146367800824,47.8,0.12613585762583446,0.2320938273832038,-0.31533451754311403,0.7795221723095217,0.1425,15.0
2026-04-08,AVB,"AVALONBAY COMMUNITIES, INC.",168.5,158.94,170.7,151.71,175.64,141.56,193.28,-1.985680190930787,-2.351540616246502,-1.0871670702179175,1.9799999999999898,-7.838080808080807,-0.982488741158904,-14.693672875002711,-0.01000889,-0.006811927070707071,-0.021606543700387636,0.007982689558973495,-0.03178951,-0.020471288020134225,-0.03445652022813952,-0.006486055812128929,-0.03406514,-0.0027160405704697997,-0.021202289461133162,0.015770208320193563,0.00406125,0.00203756,71.2,0.94,-0.729,-0.36835016835016826,0.30045684635124986,-1.0371571830515864,30.0,0.27158843303846525,0.12186084745504515,-0.26852700318128897,0.5122486980913793,0.1425,15.0
2026-04-08,CVS,CVS HEALTH ,78.79,69.54,77.84,64.97,81.2,59.56,92.36,-5.902985074626922,-5.734439834024908,-1.417096536477525,3.460000000000008,-0.7393939393939368,2.2917894276135113,-3.7705773064013846,0.00230533,0.0036402901010101026,-0.020872831197252594,0.028153411399272802,-0.02789443,0.010517608657718103,-0.024919409991013535,0.04595462730644974,-0.03503157,-0.03779659399328873,-0.050130528590909475,-0.02546265939566799,0.00782272,0.01832087,94.6,1.72,0.311,0.29489562289562254,1.2764416176122682,-0.6866503718210232,60.5,0.12329045141369632,0.23467202186312172,-0.32115290411817443,0.7904969478444179,0.1425,15.0
2026-04-08,DPZ,"DOMINO'S PIZZA, INC.",376.24,341.93,388.1,328.94,396.9,308.88,428.59,-1.8726708074534222,-2.2894482090997137,-1.2867239732569256,7.1200000000000045,-21.41373737373741,-4.874858572610581,-37.95261617486423,-0.01877061,-0.004613837340067339,-0.022293546536160332,0.013065871856025656,-0.03047784,-0.012516770000000002,-0.026247873898707773,0.0012143338987077677,-0.05139445,0.0024170566107382576,-0.01782128727608165,0.022655400497558167,0.00144984,0.00666496,80.0,1.3,-0.65,-0.22081818181818186,0.5656639234872103,-1.0073002871235741,32.3,0.07743610292821823,0.21419929073982233,-0.07371535833588413,0.5021139398155288,0.1425,15.0
2026-04-08,ENZL,ISHARES:MSCI NEW ZLND,44.43,41.2,43.61,40.0,46.2,39.1,48.87,-13.652173913043667,-2.5028248587570574,-1.2004504504504507,0.21000000000000085,-0.49505050505050524,0.5268948844872041,-1.5169958945882145,-0.00579682,-0.0019877906060606055,-0.011765772210535928,0.007790190998414716,-0.00175767,-0.006145068422818813,-0.023784287354151244,0.011494150508513616,-0.01242242,-0.016292518456375808,-0.023285514048403073,-0.009299522864348543,0.00697956,0.0015607,95.4,2.11,-0.201,-0.10967003367003363,0.5819435898712502,-0.8012836572113173,36.3,0.358540188465132,1.2698449917351748,0.329957297910642,2.2097326855597075,0.1385,15.0
2026-04-08,EWK,ISHARES:MSCI BELGIUM,25.71,23.73,25.94,22.03,27.59,22.34,28.44,-3.035087719298245,-1.9574468085106391,-1.2344322344322347,-0.6400000000000006,-0.885252525252525,-0.2163723445394944,-1.5541327059655554,0.0087557,0.003753108989898992,-0.011450111934677331,0.018956329914475316,-0.0059479,0.008408206644295303,-0.005315979496668875,0.02213239278525948,0.02291518,0.013332558020134258,0.001983753906321911,0.024681362133946606,0.00373565,0.00957787,80.4,1.44,0.324,0.4317979797979802,1.4666292395099134,-0.603033279913953,47.0,0.03394427073020201,1.0634834726897053,-0.636284557339581,2.7632515027189917,0.1385,15.0
2026-04-08,HAL,HALLIBURTON COMPANY,37.8,36.42,41.68,35.68,43.23,29.74,46.42,1.7766990291262195,2.5613207547169843,1.0694789081885863,-2.3800000000000026,-0.11262626262626278,1.281741209387714,-1.5069937346402398,0.02809169,0.0042418252861952865,-0.02892821290569674,0.037411863478087316,0.04628036,5.2350973154378104e-05,-0.06254815767935369,0.06265285962566246,-0.01416914,-0.054219733657718046,-0.0787216426360919,-0.0297178246793442,-0.00884986,-0.02599166,82.1,1.48,0.603,0.1927171717171717,0.8659751998465233,-0.4805408564121798,65.7,0.14613512803101592,0.02435877110998916,-0.26832960805619777,0.31704715027617614,0.17,15.0
2026-04-08,NEE,"NEXTERA ENERGY, INC.",94.17,90.87,95.46,89.28,101.41,81.93,110.24,-2.3971631205673787,1.4805725971370132,1.3129084967320261,-5.420000000000002,-3.759898989898989,-0.6887183817939673,-6.8310795980040115,-0.00039038,0.0038308786868686854,-0.015508877639039947,0.02317063501277732,0.0360041,0.010475100704697959,-0.010530198222631843,0.03148039963202776,0.04485199,0.006243578221476515,-0.026277076509807717,0.03876423295276075,-0.00032423,0.00262039,14.1,-1.47,0.514,0.26388888888888884,1.1991531443148502,-0.6713753665370724,65.7,0.48462991403699385,0.11250313965655254,-0.17356812533990554,0.39857440465301064,0.16125,14.0
2026-04-08,PLTR,PALANTIR TECHNOLOGIES INC.,140.76,135.74,155.14,116.41,163.14,119.45,215.28,2.428571428571434,-1.088025022341376,3.496949788831537,-51.91,-54.53905723905726,-39.19750897422254,-69.88060550389197,-0.01590265,0.005437824612794607,-0.047383210329247534,0.05825885955483675,-0.06051966,0.026908345771812024,-0.026764892960163156,0.0805815845037872,0.19808155,0.2594061297986567,0.2313640339288304,0.28744822566848294,0.0013608,-0.00161255,89.9,1.47,-0.487,0.26712794612794616,1.2078135484911388,-0.6735576562352463,17.3,0.1622824505924778,0.06181870638118871,-0.2726752694466342,0.3963126822090116,0.129,14.0
2026-04-08,TDY,TELEDYNE TECHNOLOGIES INC.,660.31,587.95,646.27,567.39,708.78,546.69,791.53,-32.32631578947211,-1.9170621002682051,1.1549023059320556,-47.10000000000002,-31.285858585858584,-7.459994133285907,-55.111723038431265,-0.01022866,0.002379078754208754,-0.021142857153412593,0.0259010146618301,0.03522581,0.012837322718120804,-0.02245400863535292,0.04812865407159453,0.0741197,0.022566016778523487,0.0032444783956769065,0.04188755516137006,0.00940429,-0.00411306,90.5,2.02,0.054,0.24988552188552177,1.3074085395056743,-0.8076374957346306,39.5,-0.040798888706661596,0.2022610949874454,-0.2661466893011938,0.6706688792760847,0.14925,14.0
2026-04-08,XLU,SEL SECTOR:UTIL SPDR,46.78,44.4,47.65,43.09,50.37,41.87,53.58,-2.353535353535347,-1.027855153203343,1.3849287169042754,-3.4200000000000017,-2.5123232323232294,-1.4595837285828865,-3.565062736063572,-0.0091514,0.001041207946127946,-0.011003841387369219,0.01308625727962511,0.00896388,0.002937152449664424,-0.009711536873251459,0.015585841772580307,0.04235938,0.0294023816107383,0.016667975206277677,0.04213678801519892,-0.00076496,0.00669903,55.8,0.57,0.034,0.2026228956228958,1.083578081625163,-0.6783322903793715,44.2,-0.06336008761185641,0.36325148861424783,-0.140850741214413,0.8673537184429086,0.14925,14.0
2026-04-08,BKR,BAKER HUGHES COMPANY,63.16,58.07,64.7,55.59,71.24,51.15,78.96,-2.035856573705175,1.067371202113607,1.315570358034971,-6.840000000000003,-4.7107407407407385,-2.058635485045316,-7.36284599643616,0.03018758,0.003615995353535348,-0.027175716243977556,0.03440770695104825,0.03033908,0.00930884785234901,-0.04317588304842433,0.06179357875312236,0.08039237,0.04533410124161086,0.024652356242658744,0.06601584624056298,0.00188417,-0.01649759,56.7,0.8,0.507,0.254919191919192,1.1244210881230168,-0.6145827042846328,57.7,-0.0160873296331544,0.052437840989002435,-0.24822581305711622,0.3531014950351211,0.14925,14.0
2026-04-08,EWY,ISHARES:MSCI S KOREA,140.07,115.27,131.19,109.94,152.65,104.24,180.6,,-2.395071542130363,1.131174993022607,-13.460000000000008,-7.106902356902354,3.030745890783691,-17.244550604588397,-0.01187931,0.01026957114478115,-0.015955741257330354,0.036494883546892655,0.04750157,0.030105458389261753,-0.0028054033970773377,0.06301632017560084,0.11239643,0.029002782550335594,-0.019609606710589284,0.07761517181126047,0.01294143,-0.00422205,56.0,0.85,0.327,0.7331683501683496,1.6792863388935924,-0.2129496385568932,36.7,-0.3725917182270193,0.14160561817226408,-0.147970302543944,0.43118153888847216,0.14925,14.0
2026-04-08,GD,GENERAL DYNAMICS ,350.02,334.64,359.45,322.95,365.74,317.06,400.21,-1.842164599774517,-1.722010178117045,1.5227548543689329,-27.390000000000043,-23.906094276094276,-14.942520719191823,-32.869667832996726,-0.01417588,0.0031868844781144717,-0.012616264307168851,0.018990033263397797,-0.01557866,0.011068859328859081,-0.00964294294725295,0.03178066160497111,0.03515441,0.03883313104026852,0.027645105658138006,0.05002115642239903,-0.00103957,-0.01416251,33.5,-0.77,-0.35,0.30949158249158226,1.0299907812198636,-0.411007616236699,14.1,0.5944403779923866,0.1355246211200744,-0.22242363741450216,0.493472879654651,0.13375,14.0
2026-04-08,LRCX,LAM RESEARCH ,246.49,201.99,237.27,187.92,271.09,172.34,328.02,-83.46808510638321,-2.3808943089430934,1.0995279838165875,-26.019999999999982,-19.21313131313131,-1.724369092404995,-36.70189353385763,0.01075836,0.012588064309764314,-0.026478229387514568,0.0516543580070432,0.01314131,0.03586778130872483,-0.026232620355605175,0.09796818297305485,0.11483165,0.06996847614093965,0.03662598117905905,0.10331097110282025,0.00919096,-0.02273725,74.8,1.18,0.685,0.573952861952862,1.4720464986093802,-0.3241407747036563,52.2,-0.004052668345583488,0.0012669674579674664,-0.24346744955630734,0.2460013844722423,0.14925,14.0
2026-04-08,SBUX,STARBUCKS ,97.21,84.66,96.31,82.31,102.77,73.96,115.14,-5.9729729729729435,-2.679856115107911,-1.2967094255437808,0.5599999999999881,-1.1766329966329945,2.9570673420289033,-5.310333335294892,-0.02202601,-0.001606849629629633,-0.029346647963029257,0.02613294870376999,0.01504864,-0.005451176375838922,-0.045435748261279725,0.034533395509601876,-0.02277108,-0.036964166308724844,-0.04846510081104627,-0.02546323180640342,0.00897826,0.00284017,90.3,1.65,-0.338,0.005791245791245878,0.9080890577189883,-0.8965065661364965,34.3,0.017081496391272433,0.07901299484300826,-0.26034846378508664,0.4183744534711032,0.1385,13.0
2026-04-08,DOC,"HEALTHDOC PROPERTIES, INC.",16.68,15.65,17.18,15.38,17.75,14.57,18.94,-1.4576271186440672,-1.214953271028036,1.071090047393366,-0.5399999999999991,-0.44249158249158244,0.16351705915181375,-1.0485002241349786,-0.01354828,-0.0043075419191919186,-0.023672350510524937,0.0150572666721411,-0.00433853,-0.010867394295302018,-0.033433180151882715,0.011698391561278679,-0.01144795,-0.019068566107382567,-0.033448630216250434,-0.004688501998514699,-0.00237715,-0.0161561,63.9,0.54,-0.641,-0.13599999999999998,0.7269368615530495,-0.9989368615530495,34.3,0.2514703756138277,0.18816870591939758,-0.23678097350256136,0.6131183853413565,0.12075,13.0
2026-04-08,DXY,US DOLLAR INDEX,99.04,98.51,100.81,95.8,103.67,94.13,103.82,1.9565217391304282,1.429012345679007,-1.0271966527196703,-1.0899999999999892,-1.0034006734006746,0.3772196157582903,-2.3840209625596396,-0.0023109,-0.0017165115151515143,-0.00821841743657595,0.00478539440627292,-0.00058649,-0.005148683523489933,-0.014325047644649522,0.004027680597669656,-0.00894571,-0.006507044127516787,-0.012389931851313214,-0.0006241564037203599,-1.1e-06,-0.00167906,77.2,1.02,-0.086,-0.39189225589225546,0.4406382454404499,-1.2244227572249609,58.5,,,,,0.1245,13.0
2026-04-08,PODD,INSULET ,203.51,192.43,210.08,184.11,213.63,175.53,271.73,-1.877104377104374,-1.916996047430827,2.43817012151537,-25.810000000000002,-17.635555555555552,4.040938994786085,-39.312050105897185,-0.03784649,-0.006996382255892256,-0.03965341447050374,0.02566064995871923,-0.07011952,-0.009726109395973152,-0.03869152646834763,0.019239307676401328,0.03039092,0.004721683422818802,-0.04281383263878065,0.05225719948441826,0.00244153,-0.01207477,30.2,-0.42,-1.613,-0.31850505050505046,0.63925465642796,-1.2762647574380608,6.9,0.44549949214649165,0.32270270119944217,-0.2408186049032242,0.8862240073021086,0.1075,12.0
2026-04-08,SHY,ISHARES:1-3 TRS BD ETF,82.42,81.42,83.17,79.46,84.62,78.93,86.5,-1.176470588235302,-1.3454545454545472,1.1690544412607462,-1.2999999999999972,-1.5609764309764325,-1.2660908780792295,-1.8558619838736354,-0.00018629,-0.00016428942760942768,-0.0022058797671740005,0.0018773009119551452,-0.00993358,0.005785308389261751,-0.0006852498447211869,0.01225586662324469,0.00413795,0.006007836812080506,0.004255225365894002,0.00776044825826701,0.00057553,-0.00047674,71.6,0.9,-1.002,-0.5917205387205382,-0.07720923882652464,-1.1062318386145518,24.4,0.15916055936660345,1.312390575982388,-0.6013301567453941,3.22611130871017,0.114,12.0
2026-04-08,WM,"WASTE MANAGEMENT, INC.",231.43,224.68,239.89,212.96,252.9,197.76,272.22,-1.032926829268294,1.1624255549539795,1.2114642114642116,-9.289999999999992,-14.151380471380474,-7.999974146234181,-20.302786796526767,-0.01250804,-0.00036775730639730734,-0.016917091571174794,0.01618157695838018,0.01449651,0.0004713253020134228,-0.017529649979206936,0.01847230058323378,0.00129622,0.024835399798657787,0.011188823456678041,0.03848197614063753,-0.00376851,0.00158087,27.0,-0.92,-0.334,0.036828282828282856,0.835311689555687,-0.7616551238991213,33.5,0.1512485605890208,0.09940802997906178,-0.2011392525742952,0.3999553125324188,0.116,12.0
2026-04-08,WRB,W. R. BERKLEY ,67.22,63.64,67.2,60.93,71.52,59.65,79.35,-7.170212765957459,-1.4627906976744194,1.6023778071334207,-4.0,-8.206026936026927,-5.267085620973825,-11.144968251080028,-0.01090702,0.0011071698653198627,-0.01682481289634589,0.019039152626985616,-0.01049506,0.015498477550335557,-0.029588253470621495,0.06058520857129261,0.04035919,0.06883277949664444,0.04783525470243799,0.0898303042908509,0.00217217,0.00331341,7.3,-1.83,-0.249,0.1058821548821548,0.9392017718590886,-0.727437462094779,38.3,0.45936669231091853,0.7204276832226048,-0.983326784641651,2.4241821510868604,0.12,12.0
2026-04-08,XLC,SEL SECTOR:COMM SVC SPDR,113.81,106.69,114.94,102.11,117.93,97.97,132.11,-2.9908675799086777,-2.839805825242716,1.1553030303030307,-5.069999999999993,-7.6178787878787855,-4.746200351961553,-10.489557223796018,-0.00921618,-0.00030287023569023513,-0.015865968394709662,0.015260227923329192,-0.0248128,-0.003814235671140946,-0.025019109721755035,0.017390638379473147,0.02362107,0.04126889657718129,0.0296715365598196,0.05286625659454298,0.0031096,-0.00116853,90.3,1.87,-0.627,0.27522222222222253,1.3573566298288404,-0.8069121853843955,15.7,0.07160378581394045,0.41153122399237346,-0.0564908817686815,0.8795533297534284,0.114,12.0
2026-04-08,XLV,SEL SECTOR:H CARE SPDR,149.67,141.97,150.54,136.61,155.22,129.32,172.42,-5.013245033112514,-2.3531531531531438,1.1179361179361182,-1.5600000000000023,-3.9866329966329896,-0.82858245562146,-7.14468353764452,-0.00672177,-0.0012698783501683512,-0.015991358847358167,0.013451602147021464,-0.01618202,-0.0028286860738254978,-0.02754092785702519,0.021883555709374194,-0.00106571,-0.00253509241610737,-0.013142887422114457,0.008072702589899717,0.00260383,-0.00396977,91.9,1.82,-0.539,0.06822895622895624,0.9057963404301458,-0.7693384279722334,22.0,0.08998300236715351,0.11438800973189306,-0.24008564611182737,0.4688616655756135,0.114,12.0
2026-04-08,APA,APA ,38.75,40.98,47.47,36.35,51.68,27.02,55.69,8.808510638297895,5.387500000000003,1.4441602728047738,-7.0,0.1332323232323234,2.165447112377888,-1.8989824659132408,0.03661974,0.004802282861952859,-0.040175567069219216,0.04978013279312494,0.10137149,0.0026385260402684487,-0.06243553534817608,0.06771258742871297,0.02436299,-0.07818154832214755,-0.11563253953286542,-0.04073055711142968,-0.04004972,-0.02178325,99.8,2.89,1.26,0.34852861952861963,1.3149282312225654,-0.617870992165326,85.5,0.06058971263231738,5.626009773558346e-05,-0.24207324384762982,0.24218576404310097,0.12875,12.0
2026-04-08,CL,COLGATE-PALMOLIVE COMPANY,85.55,81.4,86.61,77.64,95.03,73.54,105.96,-5.0813953488372015,1.1984829329962083,1.6994171523730235,-4.170000000000002,-4.8216498316498315,-2.0360585923177634,-7.6072410709819,-0.02037915,-0.0007690093939393928,-0.018099425043844892,0.016561406255966107,0.02349729,0.004924006174496631,-0.019391535694614367,0.02923954804360763,0.0101962,0.018848846510067088,0.012650414297311414,0.025047278722822763,-0.00139516,0.00035482,59.7,0.32,-1.16,-0.16032323232323237,0.779919614703062,-1.1005660793495267,16.7,0.18943336667770794,0.08270979786211147,-0.28804372155107355,0.4534633172752965,0.114,12.0
2026-04-08,COP,CONOCOPHILLIPS,125.22,126.98,139.22,120.2,146.03,102.68,154.3,6.521951219512206,4.145418326693231,1.290150842945875,-10.610000000000014,-1.5311447811447794,3.027628691724935,-6.089918254014494,0.01790231,0.004009988181818184,-0.022220993329530186,0.030240969693166555,0.05256141,0.0024774562751677847,-0.0358505110123066,0.040805423562642176,0.00357842,-0.027258764127516766,-0.041824101856186534,-0.012693426398846998,-0.01613657,-0.02651311,99.0,2.56,0.996,0.19292929292929298,0.9843001090656154,-0.5984415232070295,82.7,0.1637382999183521,0.006005690609076339,-0.21895920156683746,0.23097058278499016,0.12875,12.0
2026-04-08,FSLR,"FIRST SOLAR, INC.",200.78,184.17,204.58,167.73,217.69,156.1,257.03,-3.4968152866241975,-1.9544648137196936,1.2589525514771702,-19.330000000000013,-29.90983164983165,-13.075508192818408,-46.744155106844886,-0.01687128,0.0013716370370370394,-0.03340787319473679,0.03615114726881087,-0.03119162,0.017873666677852364,-0.0458891695454792,0.08163650290118393,0.05691356,0.05210083020134239,0.013485911783799244,0.09071574861888554,0.00235243,0.02138227,28.8,-0.76,0.102,0.001636363636363778,0.7881961127613043,-0.7849233854885768,45.4,0.49306542442967416,0.043423634804653596,-0.3896267970669463,0.4764740666762535,0.116,12.0
2026-04-08,GRMN,GARMIN LTD,252.79,226.52,250.57,212.14,282.63,202.78,309.71,-6.288515406162424,-1.362265415549598,1.1381723655268945,-15.140000000000015,-29.15057239057239,-17.64868946559394,-40.65245531555084,0.0078231,-0.0001294334343434331,-0.03270447481571708,0.03244560794703021,0.03634278,-0.00205979127516778,-0.04316513563881604,0.03904555308848048,0.0649543,0.06880950942953026,0.058210971043318065,0.07940804781574246,0.00558673,0.00489264,45.8,-0.11,0.459,0.19772390572390558,1.182668233551539,-0.7872204221037278,57.7,0.30337848795982314,0.16016763340689022,-0.4093883424042142,0.7297236092179946,0.12,12.0
2026-04-08,HCA,"HCA HEALTHCARE, INC.",505.12,442.72,491.57,431.69,537.04,420.04,623.29,,-2.3004385964912313,1.388928067700987,-40.360000000000014,-40.5918855218855,-16.97798059507901,-64.205790448692,-0.02031534,0.006129748114478117,-0.016177140213585996,0.028436636442542226,0.00931445,0.014551676375838927,-0.006510926635773994,0.03561427938745185,0.06193708,0.048780322315436206,0.027199414363425007,0.07036123026744741,0.02216563,0.00334568,49.2,0.01,-0.983,0.3377744107744108,1.288502008895695,-0.6129531873468734,9.7,0.5942597627701574,0.16133480640641445,-0.23091585787723817,0.5535854706900671,0.1215,12.0
2026-04-08,LLY,ELI LILLY AND COMPANY,953.3,870.35,988.22,835.45,998.97,779.6,1182.93,-2.2410083000307344,-2.580468578935838,1.3219919401266562,-56.99000000000001,-103.7210437710438,-47.03260385433202,-160.40948368775557,-0.00405411,0.000759290336700337,-0.03163949198712469,0.03315807266052537,-0.03492804,0.0014288047651006784,-0.04027985050920303,0.043137460039404385,0.02174752,0.06224222654362411,0.030451586111130906,0.09403286697611732,0.01121576,-0.00855664,67.3,0.99,-0.522,0.2066026936026935,1.2534882824847529,-0.840282895279366,22.2,0.25705284580888765,0.10352074482236288,-0.2543852906176295,0.4614267802623553,0.114,12.0
2026-04-08,ASC,ARDMORE SHIPPING ,15.46,15.08,16.51,14.27,17.78,11.56,20.07,2.166666666666663,1.9495798319327713,1.1820512820512818,-0.6499999999999986,-0.3390235690235688,0.3086855353605551,-0.9867326734076927,0.03002694,0.002920797138047142,-0.029803069212528645,0.03564466348862293,0.06919994,0.0003342283557046751,-0.04469587144695368,0.045364328158363026,-0.00466255,-0.022329816543624266,-0.038898392680490904,-0.005761240406757632,-0.00338414,-0.00657852,67.3,0.74,0.006,0.14045791245791256,1.333900502314444,-1.0529846773986187,37.9,0.4334264549293265,0.5532198670540414,-0.2589039401713935,1.3653436742794762,0.12075,11.0
2026-04-08,CMBT,CMB.TECH NV,13.03,12.27,13.48,11.58,14.57,9.9,16.53,-1.5283018867924472,1.0620689655172426,1.1182108626198093,0.10999999999999943,0.18383838383838372,0.7978477602590651,-0.43017099258229774,0.01289391,0.0008427768686868709,-0.030654036260642666,0.03233958999801641,0.04024122,0.0009079847315436056,-0.04508538819258139,0.0469013576556686,-0.02984711,-0.08041563422818797,-0.10197559079062639,-0.05885567766574955,-0.0015635,-0.02361988,55.0,0.34,-0.14,0.032101010101010054,0.8908292081595509,-0.8266271879575308,39.3,0.42406887247504965,0.3291406990156954,-0.22446704903384895,0.8827484470652398,0.12075,11.0
2026-04-08,INCY,INCYTE ,95.89,90.04,99.86,86.4,100.25,82.95,117.59,-1.4800000000000004,-2.176605504587155,1.6769706336939727,-11.159999999999997,-8.506936026936026,-3.369716279932619,-13.644155773939435,0.00519907,0.003589491077441079,-0.024199933104741438,0.031378915259623594,-0.02424124,0.00981957882550337,-0.02760338189497092,0.04724253954597766,0.07764679,0.04042334667785238,0.00741548487662981,0.07343120847907494,-0.0007193,-0.02007414,75.4,0.92,-0.055,0.14285858585858588,1.1022390518798244,-0.8165218801626527,38.7,0.49238474164380563,0.22017253524238992,-0.24032109533059007,0.6806661658153699,0.12075,11.0
2026-04-08,MSI,"MOTOROLA SOLUTIONS, INC.",447.73,418.59,444.78,408.32,490.03,377.72,558.26,-17.53642384105972,1.073331641715299,1.5787744607913154,-34.96999999999997,-39.78734006734003,-22.992031822193006,-56.58264831248706,-0.0271834,-0.0021458434006734004,-0.025277319506009158,0.020985632704662353,0.04091535,-0.0011459612080537082,-0.03196649539984996,0.029674572983742546,0.04953587,0.049607586241610956,0.03908106008850337,0.06013411239471854,0.00250617,-0.00071048,41.7,-0.35,-0.653,0.01379124579124575,1.1703532629428124,-1.142770771360321,26.8,0.32889098530394656,0.19050274455006275,-0.21746836958803775,0.5984738586881633,0.105,11.0
2026-04-08,RSG,"REPUBLIC SERVICES, INC.",216.51,213.95,228.66,205.46,234.68,196.52,252.05,2.7100456621004603,1.6443438914027189,1.7778889444722388,-15.580000000000013,-20.76949494949492,-13.030006912040502,-28.508982986949338,-0.00387762,-0.001968370942760942,-0.014214325403707637,0.010277583518185755,0.00041697,-0.0017406273154362438,-0.01860385507651294,0.015122600445640452,0.01636312,0.05239561785234907,0.030541638103597155,0.07424959760110099,-0.00351973,0.00161587,58.7,0.62,-0.62,-0.028696969696969683,0.7820996037652548,-0.8394935431591941,33.9,0.029834088604773212,0.16087557524443077,-0.14624504256894813,0.4679961930578097,0.092,10.0
2026-04-08,SM,SM ENERGY COMPANY,28.81,28.94,34.09,26.67,37.23,19.7,38.75,5.517241379310362,3.934579439252341,1.0911086717892429,-1.6799999999999997,-0.48491582491582497,1.8844002918431575,-2.8542319416748074,0.03093553,-0.00914656353535353,-0.0556333479015435,0.03734022083083644,0.0917904,-0.04337063010067106,-0.11729126112040242,0.030550000919060294,-0.07445335,-0.07327031768456368,-0.11085290781412331,-0.03568772755500406,-0.0197281,0.00482395,88.5,1.63,0.794,-0.14471380471380474,0.8521966399638681,-1.1416242493914777,78.0,-0.056827755019368986,0.10355118095090811,-0.03698002644391958,0.2440823883457358,0.0925,10.0
2026-04-08,URA,GLBL X URANIUM ETF,51.4,45.26,50.92,42.63,55.91,37.88,68.66,-8.573529411764707,-1.9445676274944568,1.2766272189349115,-2.9100000000000037,-4.094579124579128,-0.6744150635986883,-7.514743185559567,-0.01016437,0.007092684040404036,-0.03364836220972266,0.04783373029053073,0.00443231,0.023728632885906056,-0.03107172423053186,0.07852899000234398,0.04005089,0.028302327348993305,0.009784659358386325,0.04681999533960028,0.01146143,-0.01333267,48.0,0.13,-0.143,0.2865589225589228,1.359493876915391,-0.7863760317975456,30.0,0.0821510746132359,0.07730851417155313,-0.1681598052650096,0.3227768336081158,0.092,10.0
2026-04-08,MCK,MCKESSON ,871.18,826.23,884.93,796.9,965.78,772.8,1112.0,-4.099230111206136,1.2735595045772758,2.447855255133158,-105.48000000000002,-79.70565656565654,-51.43820124938638,-107.9731118819267,-0.02842977,0.0056172959595959596,-0.013688524276716123,0.024923116195908042,0.02947941,0.025772386711409443,0.004366559365235351,0.04717821405758353,0.07407026,0.06612565614093961,0.05954243851524914,0.07270887376663009,-0.00030647,0.00020212,12.1,-1.87,-1.118,0.30195286195286236,1.105270382184457,-0.5013646582787321,4.2,0.5295255572774773,0.17177557456550585,-0.27323286451831313,0.6167840136493248,0.1075,10.0
2026-04-08,MTCH,"MATCH GROUP, INC.",32.7,29.81,33.35,28.76,33.97,26.32,36.47,-1.952000000000001,-3.1023622047244204,-1.6923076923076947,0.3200000000000003,-0.7388552188552198,0.4702728045321203,-1.9479832422425598,0.01108071,-0.0033178897306397307,-0.0265773760248875,0.01994159656360804,-0.01071148,-0.005880638892617444,-0.04189736540699715,0.03013608762176226,-0.01796199,-0.027059081812080447,-0.039159630403858496,-0.014958533220302396,0.00395493,0.00796015,35.9,-0.72,0.667,-0.11398989898989897,0.6301859624403564,-0.8581657604201544,84.9,0.5090021125682997,0.2705251908361076,-0.2446047192545806,0.7856551009267958,0.0965,10.0
2026-04-08,SRE,SEMPRA,98.88,95.59,101.0,91.98,108.66,81.87,116.94,-1.8144329896907216,1.417391304347828,1.0617283950617291,-4.070000000000007,-4.485858585858585,-1.3404232369778413,-7.631293934739329,-0.00015677,-0.001267398013468012,-0.02694023946412352,0.024405443437187497,0.03623763,0.0007276865771812052,-0.034071612754607086,0.035526985908969494,0.02572714,0.007238256879194621,-0.007767242356211437,0.02224375611460068,-0.00437883,0.00610948,55.4,0.33,1.02,0.2701683501683499,1.1140082654624495,-0.5736715651257498,76.4,0.20641923565879816,0.13959819980607907,-0.3027804892834146,0.5819768888955728,0.10025,9.0
2026-04-08,HRL,HORMEL FOODS ,21.64,20.87,22.71,19.61,24.03,18.46,26.46,-1.1518987341772167,1.177339901477832,1.515723270440252,-0.5599999999999987,0.02787878787878792,0.8351417721649036,-0.7793841964073277,-0.01743465,-0.006308415555555558,-0.0275554418963283,0.014938610785217184,-0.01682251,-0.018779308724832227,-0.04877262270931989,0.011214005259655435,-0.05000778,-0.05190610003355701,-0.06149772817867408,-0.04231447188843994,4.475e-05,-0.00152922,28.4,-1.14,-1.34,-0.28623232323232334,0.5054077784384428,-1.0778724249030893,7.7,0.5582512996986497,0.18949892295878557,-0.4777404205992458,0.856738266516817,0.0925,9.0
2026-04-08,ULTA,"ULTA BEAUTY, INC.",532.82,499.95,562.2,448.09,599.67,436.01,735.03,1.1390419669351406,-1.2674644727000777,2.088730503047204,-58.549999999999955,-28.078989898989896,2.1539857715452158,-58.31196556952501,-0.00259173,0.0010838078451178422,-0.03118082917177574,0.033348444862011425,-0.03898675,0.022685729060402667,-0.0224255076789478,0.06779696579975314,0.02213304,0.001278384865771811,-0.031421533256388454,0.03397830298793207,0.01418043,-0.01290672,56.7,0.61,-1.185,0.21463973063973063,1.2371333876133463,-0.8078539263338852,8.9,-0.37506354992440505,0.11487675276562667,-0.3946826741541095,0.6244361796853629,0.07875,8.0
2026-04-08,BG,BUNGE LIMITED,127.15,123.36,134.25,119.52,142.43,100.32,155.63,-1.0096000000000003,2.002621231979028,1.0614983227730144,-9.609999999999985,-2.507946127946127,1.9573163590941443,-6.973208614986398,-0.00473432,0.006508627104377103,-0.01964744641110035,0.032664700619854554,0.0556027,0.009683068590604025,-0.02316811014706932,0.042534247328277375,0.02277336,-0.020114592751677846,-0.04486360354316196,0.004634418039806267,-0.01263879,-0.01326216,26.8,-0.75,0.732,0.2624814814814815,1.266821112828913,-0.74185814986595,68.5,0.3586448901094845,0.03742247634547206,-0.24199502334972325,0.3168399760406674,0.095,8.0
2026-04-08,CPB,CAMPBELL SOUP COMPANY,20.69,20.88,22.97,18.63,24.09,17.32,26.7,9.69999999999985,1.6504854368932014,1.7833827893175063,-0.629999999999999,-0.3401683501683506,0.7639132841985357,-1.4442499845352368,-0.00525768,-0.01046127643097643,-0.0328455431066739,0.011922990244721033,-0.04570647,-0.019539507986577203,-0.0421639314940718,0.0030849155209173966,-0.08631501,-0.046188920973154246,-0.061616086446956916,-0.030761755499351576,-0.00484891,0.00787294,65.3,0.76,-1.506,-0.5365151515151513,0.27029626978053733,-1.34332657281084,12.1,-0.19860536972217646,0.15043222200569414,-0.21658779496939692,0.5174522389807852,0.07225,8.0
2026-04-08,EC,ECOPETROL SA,14.11,14.18,15.98,13.14,17.12,10.73,18.66,3.8372093023255847,3.10309278350516,1.3461538461538467,-1.9699999999999989,-0.3196296296296297,0.3015137669537349,-0.9407730262129943,0.00427763,0.007229985589225587,-0.02692733164924127,0.04138730282769244,0.05279557,0.017438836979865775,-0.02545677703336707,0.060334450993098615,0.03347133,-0.013866243456375776,-0.03361102236298225,0.005878535450230702,-0.01979782,-0.03377558,15.7,-1.52,0.742,0.3653434343434342,1.3352978581990524,-0.6046109895121841,65.7,0.5784979022860361,0.2756769898242805,-0.6606131386003251,1.2119671182488863,0.095,8.0
2026-04-08,OEF,ISHARES:S&P 100,330.15,305.95,330.22,288.3,350.12,280.99,372.92,-5.221698113207533,-2.095643465197792,-1.1494037877016583,-7.610000000000014,-18.333097643097638,-9.702824098575922,-26.96337118761935,-0.00860599,-0.0012561636700336705,-0.01652668353502069,0.01401435619495335,-0.01314732,-0.0010093227852348942,-0.02399311161416911,0.02197446604369932,0.00588144,0.02499838540268461,0.012946137502712679,0.03705063330265654,0.00501207,0.00677896,92.9,1.89,-0.222,0.22534006734006748,1.171846425475361,-0.7211662907952261,28.4,0.0871273503927672,0.1505836271470028,-0.23324356003297864,0.5344108143269842,0.0655,7.0
2026-04-08,FDX,FEDEX ,373.43,344.09,380.9,321.26,420.02,309.25,445.05,-2.570763500931098,-1.119768190598842,1.1159239638516671,-12.829999999999984,-11.48632996632996,1.3902835903491244,-24.362943523009044,0.01924692,0.0017813398653198644,-0.025059349273560818,0.028622029004200546,0.03851851,0.007287630838926135,-0.041895755610016246,0.05647101728786851,0.03177307,0.0002564338926174495,-0.022152052297437236,0.022664920082672135,0.00402838,-0.00490504,93.8,1.89,0.431,0.31733333333333336,1.3206175282031998,-0.685950861536533,50.6,-0.04008346804150176,0.2078282832318635,-0.23108964444090127,0.6467462109046282,0.08325,7.0
2026-04-08,HOOD,"ROBINHOOD MARKETS, INC.",71.83,63.21,72.3,53.19,77.31,51.95,113.29,-2.137662337662332,-3.4014598540145964,2.085513078470826,-13.570000000000007,-30.439427609427597,-14.68804279228379,-46.190812426571405,-0.01950097,8.412973063971894e-05,-0.06255649006669937,0.06272474952797881,-0.16736228,0.022086218020134232,-0.08359739465918956,0.12776983069945802,0.11470092,0.19726910942953016,0.16191483028919249,0.23262338856986783,0.02168767,0.00928226,20.4,-1.3,-0.603,0.2268619528619529,1.2915897751754002,-0.8378658694514944,20.8,0.2710937814841803,0.0017549477802740621,-0.25967630713773593,0.2631862026982841,0.058,7.0
2026-04-08,LYV,"LIVE NATION ENTERTAINMENT, INC.",163.56,148.32,162.19,142.62,173.18,129.61,195.16,-4.0649350649350895,-2.1767151767151756,-1.0743670886075947,-5.859999999999985,-15.546700336700345,-8.282139384227312,-22.81126128917338,0.00347786,-0.0017045609764309755,-0.028372043896574557,0.024962921943712607,0.01493438,0.0030155696644295297,-0.023959807388147375,0.029990946717006438,0.03380697,0.05402632476510053,0.03322447322146957,0.0748281763087315,0.00830882,0.00624101,24.4,-1.11,-0.142,0.20772390572390576,1.296783048014312,-0.8813352365665006,32.3,0.09097267532842324,0.21929976652713387,-0.20657732147823085,0.6451768545324986,0.0675,7.0
2026-04-08,MOS,THE MOSAIC COMPANY,26.62,23.76,28.02,22.82,29.78,19.84,35.04,-1.912162162162163,-1.2025316455696204,1.2418879056047192,-1.4499999999999993,-0.3985858585858588,1.485807554156962,-2.2829792713286796,-0.03896539,-0.00502287205387205,-0.039955201996106006,0.029909457888361905,0.00606141,-0.006584103959731527,-0.04429794954629258,0.031129741626829525,-0.02867231,-0.04973381161073835,-0.06811903484310995,-0.03134858837836675,0.00283553,-0.01258579,58.9,0.69,0.01,0.07672053872053844,1.2691028234152428,-1.1156617459741658,51.4,-0.31263614329689215,0.05172471321460537,-0.23447304163595845,0.3379224680651692,0.08325,7.0
2026-04-08,ROKU,"ROKU, INC.",100.99,89.85,105.08,81.13,108.35,75.5,124.25,-1.3519553072625667,-2.6983695652173916,-1.0958727429062765,-4.670000000000002,-6.96875420875421,-0.7462839100354905,-13.19122450747293,0.01550529,0.0010087482491582477,-0.040293845232954054,0.042311341731270546,-0.06732181,0.0011592434563758407,-0.05544411773744856,0.05776260465020025,0.02584818,0.005399012516778537,-0.013833794458063108,0.024631819491620185,0.00790472,0.00473564,51.4,-0.29,0.009,0.14276767676767665,1.0028185414044661,-0.7172831878691129,41.1,0.35743127198029745,0.254169191477927,-0.23991011025298464,0.7482484932088387,0.0635,6.0
2026-04-08,TEL,TE CONNECTIVITY LTD,223.03,200.35,220.98,183.9,238.15,172.87,268.93,-8.436974789915988,-2.587962962962962,-1.0928104575163398,-4.639999999999986,-16.028417508417505,-4.1515681280693535,-27.905266888765656,0.01000296,0.003682559865319867,-0.024775439623023407,0.03214055935366314,-0.02549967,0.01174222469798658,-0.0346177267297361,0.05810217612570926,0.02902658,0.02709561909395984,0.0045470567427119205,0.04964418144520776,0.00406293,0.01645428,47.0,-0.49,0.779,0.3819932659932656,1.3182936155334624,-0.554307083546931,58.9,0.0874886462443012,0.12335267136905254,-0.3118051169533951,0.5585104596915001,0.0635,6.0
2026-04-08,WYNN,"WYNN RESORTS, LIMITED",105.24,97.3,106.59,90.24,109.39,83.06,124.19,-2.6300366300366234,-3.6144578313252964,-1.1704485488126644,0.7099999999999937,-5.011515151515153,1.2803294245637247,-11.30335972759403,0.00797626,0.0003167710437710505,-0.03309751958742201,0.03373106167496411,-0.04971156,0.004821771208053688,-0.0454437456836276,0.055087288099734975,-0.01297168,-0.011565007516778554,-0.03788719031734707,0.014757175283789966,0.00180499,0.01449806,49.0,-0.29,0.2,0.07671043771043784,1.0702475789414794,-0.9168267035206037,59.5,0.10042158774599375,0.09912472531172253,-0.2527446159557871,0.45099406657923224,0.0635,6.0
2026-04-08,XES,SPDR S&P OIL&GAS E&S,118.19,111.3,122.12,112.05,130.69,95.97,138.93,-1.729064039408865,2.035830618892508,-1.07135969141755,-3.5,-1.09023569023569,3.1423923523597317,-5.322863732831111,0.01248105,0.002222134074074069,-0.03117177373727056,0.0356160418854187,0.0672819,0.002405226409395961,-0.05738390582436903,0.062194358643160946,0.00375295,-0.03745889308724853,-0.06714120742769546,-0.0077765787468016025,-0.00403941,-0.01179436,64.3,0.48,0.745,0.30104377104377117,1.1788507444366023,-0.5767632023490599,64.5,0.47264327923709404,0.13329498963709716,-0.16881053896949508,0.4354005182436894,0.06825,6.0
2026-04-08,AMD,"ADVANCED MICRO DEVICES, INC.",231.82,201.77,236.21,185.37,251.7,164.67,282.73,-2.2298424467099127,-2.336519114688129,-1.3189943036731482,-5.420000000000016,-20.141952861952866,-2.0173311075268288,-38.266574616378904,0.03996417,0.006537043198653195,-0.045995086662511515,0.05906917305981791,0.00498594,0.017787481677852324,-0.05695567215457413,0.09253063551027878,0.04376624,0.042519744194630886,0.009364377155520735,0.07567511123374104,0.00832648,0.00438242,25.2,-1.37,0.874,0.22232996632996607,1.1888338596948744,-0.7441739270349423,64.5,0.02648878641440522,-0.07239590529264284,-0.3577402895076654,0.21294847892237972,0.0635,6.0
2026-04-08,CSX,CSX ,42.14,39.93,43.1,38.42,46.18,35.41,48.42,-2.1274509803921666,1.0860215053763442,-1.0716560509554145,-1.0600000000000023,-1.2954208754208767,-0.04945336305948289,-2.5413883877822707,0.01329048,0.0026303274747474744,-0.01768278572290726,0.022943440672402213,0.03670626,0.006421565637583901,-0.02526732523217417,0.03811045650734197,0.01519287,0.003876233523489925,-0.004023702980831727,0.011776170027811577,0.00063279,0.01277313,29.6,-0.9,0.378,0.224148148148148,1.3174441836395516,-0.8691478873432557,43.5,0.1434447078018748,0.16732657343989804,-0.26463431847490937,0.5992874653547055,0.0635,6.0
2026-04-08,EG,"EVEREST GROUP, LTD.",333.26,314.49,341.11,303.23,349.34,289.9,362.56,-1.8279914529914518,-1.867537313432836,-1.4798634812286688,2.0500000000000114,-8.997306397306387,0.38003068888715674,-18.37464348349993,0.00838306,-0.005306425286195284,-0.023398613653723976,0.01278576308133341,-0.01816,-0.015803026442953005,-0.041389890066856685,0.009783837180950675,-0.02581547,-0.01711532332214762,-0.024191216021093285,-0.010039430623201954,0.00093754,0.00608528,70.4,0.71,0.276,-0.07116498316498315,0.6877679913793835,-0.8300979577093497,76.4,0.6003063380320659,0.14030538595545577,-0.168510549221692,0.44912132113260356,0.05175,6.0
2026-04-08,FTNT,"FORTINET, INC.",83.51,77.24,85.79,73.13,90.4,67.32,99.17,-1.529569892473122,-1.5065312046444135,-1.0338441890166037,-2.4200000000000017,-7.519292929292926,-2.379531211871047,-12.659054646714806,-0.0078164,-0.006115478047138043,-0.037557579614281016,0.025326623520004928,-0.00568149,-0.027638896476510064,-0.0720144615711582,0.01673666861813807,-0.00793503,0.02003274701342274,-0.002137460381835675,0.04220295440868115,0.00510866,0.00724797,46.8,-0.47,-0.13,-0.010117845117845102,0.7931349441695893,-0.8133706344052795,43.3,0.8094791027230452,0.23338470367051414,-0.31967734872339304,0.7864467560644213,0.0635,6.0
2026-04-08,GPC,GENUINE PARTS COMPANY,107.41,98.28,109.31,87.14,118.22,86.49,126.36,-3.1804511278195506,-1.8751156336725248,-1.103957783641161,-0.7400000000000091,-1.3689562289562267,5.322380136285572,-8.060292594198026,-0.00941465,-0.005137657407407409,-0.030520358314616476,0.020245043499801656,-0.06971468,-0.006840916677852352,-0.038039003732978326,0.02435717037727362,-0.03290494,-0.03634558855704708,-0.05315462692033336,-0.0195365501937608,0.00647265,0.00220316,36.3,-0.37,-0.187,-0.06011111111111101,0.9273557055282962,-1.0475779277505182,45.4,0.07833850001005138,0.12099515464711608,-0.20970726544412693,0.4516975747383591,0.0635,6.0
2026-04-08,HST,"HOST HOTELS & RESORTS, INC.",19.71,18.61,19.84,18.21,21.03,16.3,22.36,-2.8285714285714514,-1.136363636363636,-1.2867924528301895,0.370000000000001,-0.18505050505050447,0.387560938848293,-0.7576619489493019,0.01001782,0.0010337139057239049,-0.02090262739752747,0.022970055208975278,0.02610399,-0.010977763590603977,-0.04919474130139792,0.027239214120189967,-0.0279493,-0.027150398322147627,-0.036515640115795424,-0.01778515652849983,0.0022831,0.00401335,17.7,-1.5,0.268,0.060134680134680124,0.9110108474294585,-0.7907414871600982,48.2,0.15365097265294603,0.22922341885868242,-0.29161638497805337,0.7500632226954183,0.0635,6.0
2026-04-08,JBHT,"J. B. HUNT TRANSPORT SERVICES, INC.",224.63,208.26,225.64,198.33,242.94,177.51,265.67,-2.0966608084358542,-1.4363735663571808,-1.1481481481481477,2.069999999999993,-1.4898989898989856,7.190551805035344,-10.170349784833316,0.03223944,0.00280646077441077,-0.027183046546750814,0.03279596809557236,0.03796397,0.004971555335570495,-0.04104225517199142,0.050985365843132416,0.00685733,-0.03408980620805358,-0.05163984520894413,-0.016539767207163037,0.01581631,0.005589,7.3,-2.17,0.442,0.044437710437710644,0.9781548479571217,-0.8892794270817005,53.8,0.2862084746139062,0.0596111720869903,-0.3224740363018144,0.441696380475795,0.0635,6.0
2026-04-08,MSCI,MSCI INC.,556.93,520.96,560.27,491.67,597.66,484.7,619.37,-2.3559738134206136,-1.602258777314017,-1.1567905188981407,-9.270000000000095,-22.202693602693635,-5.094302224255095,-39.311084981132176,-0.00310586,-0.004394273299663296,-0.02298009448067867,0.01419154788135208,-0.01005594,-0.010337623288590614,-0.029040852543545284,0.008365605966364056,0.00168469,-0.0069216157046979926,-0.015447198132065642,0.001603966722669656,0.00384293,0.00306982,41.1,-0.44,0.139,-0.09525252525252531,0.6058718807106265,-0.7963769312156772,54.6,0.4843209268446884,0.07578680641286369,-0.30244641089899377,0.4540200237247211,0.0635,6.0
2026-04-08,VNM,VANECK:VIETNAM,18.42,16.64,18.16,15.73,19.03,15.02,21.09,-20.250000000000444,-4.409836065573777,-1.2734082397003763,-0.129999999999999,-0.683367003367003,0.0682538420456924,-1.4349878487796983,0.00920497,0.004138496329966328,-0.020666196678149208,0.028943189338081862,-0.02267575,0.004915280503355719,-0.02985718023505391,0.03968774124176535,0.02173441,0.007215287248322157,-0.009801023664524964,0.02423159816116928,0.00669316,0.01032426,99.2,3.03,0.695,0.46466329966329956,1.5259402051095972,-0.596613605782998,65.7,0.3524029413183809,0.4259006683662877,-0.11507863898699577,0.9668799757195712,0.04775,5.0
2026-04-08,DASH,"DOORDASH, INC.",160.69,142.89,161.87,131.22,165.29,122.23,211.93,-2.5504885993485273,-6.406521739130443,1.3322932917316697,-4.610000000000014,-39.77063973063974,-23.754331004923007,-55.786948456356484,-0.01603232,-0.004877394612794613,-0.0412421607065102,0.03148737148092097,-0.10428846,-0.012702091006711418,-0.06965205914751918,0.04424787713409635,-0.00421571,0.10464848681208055,0.058310255958808774,0.15098671766535232,0.0061171,0.01229654,41.3,-0.77,-0.504,0.07105050505050514,1.1653571876965838,-1.0232561775955733,29.6,0.5908293610099642,0.29136172893242435,-0.19303645246133816,0.7757599103261869,0.043,5.0
2026-04-08,EWU,ISHARES:MSCI UK,47.82,44.43,47.91,42.05,51.02,41.54,52.41,-4.405797101449289,-1.8031249999999994,-1.3681917211328989,-0.7100000000000009,-1.296262626262626,-0.24520917866191083,-2.3473160738633414,0.00365206,0.0021043033670033653,-0.011380221821024786,0.015588828555031516,0.00967623,0.006138745335570464,-0.005049004655012272,0.0173264953261532,0.01509753,0.006033776812080534,-0.0020652843373369038,0.014132837961497972,0.00322983,0.00388079,83.5,1.53,0.381,0.4855353535353534,1.2660201947900296,-0.2949494877193227,46.6,-0.24631208192403653,0.22063840017578498,-0.3476333814802618,0.7889101818318317,0.05975,5.0
2026-04-08,EWW,ISHARES:MSCI MEXICO,79.11,73.49,80.29,68.42,86.24,64.84,90.24,-1.839694656488544,-1.4992987377279108,-1.2821203953279428,-0.35999999999999943,-1.4973737373737364,0.8827319776268001,-3.877479452374273,0.02214699,0.005012918484848484,-0.009368307580748594,0.019394144550445563,0.00855229,0.01710436822147651,0.004877050092987884,0.029331686349965136,0.0084054,-0.010260152583892629,-0.024630803636294725,0.004110498468509466,0.0054556,0.00797073,42.5,0.05,0.55,0.4479797979797984,1.2279752628808291,-0.33201566692123236,58.5,-0.19062693195557034,0.1932863608832782,-0.1570749366085273,0.5436476583750837,0.05975,5.0
2026-04-08,FTI,TECHNIPFMC PLC,71.82,68.89,75.11,68.25,80.95,59.38,87.79,1.4402985074626957,2.557422969187683,1.2837620578778155,-8.490000000000009,-4.698316498316495,-1.6984559394799068,-7.698177057153083,0.03295299,0.010163132929292924,-0.025471144978660584,0.045797410837246436,0.09311557,0.027474549395973158,-0.013412701216302843,0.06836180000824915,0.09502212,0.06404932479865773,0.043128097123392224,0.08497055247392324,-0.00202813,-0.00555513,76.6,1.15,0.989,0.6406902356902359,1.7230905673819015,-0.44171009600142985,54.2,0.17282698955115383,0.22168959196598342,-0.1665173971079255,0.6098965810398924,0.0545,5.0
2026-04-08,GLATF,GLOBAL ATOMIC ,0.56,0.49,0.59,0.44,0.66,0.36,0.81,-3.5000000000000195,-1.2000000000000008,1.2499999999999996,0.010000000000000009,0.04,0.10029208186101335,-0.020292081861013354,-0.07988847,-0.0018066089898989956,-0.08430724033945473,0.08069402235965674,-0.04803645,-0.015344631879194656,-0.10810784632186343,0.07741858256347411,-0.15332533,-0.21220066385906075,-0.23894934493711473,-0.18545198278100677,0.00449183,-0.02995938,20.4,-1.31,-0.993,0.00132323232323225,0.9755060967157466,-0.972859632069282,16.5,,,,,0.05875,5.0
2026-04-08,LQD,ISHARES:IBOXX $IG CORP,109.49,107.03,110.5,102.65,114.29,99.72,119.94,-1.4838709677419228,-1.4249999999999943,1.0696008188331634,-1.7000000000000028,-2.2829292929292957,-1.1369080448432485,-3.428950541015343,0.00069561,-0.0006003147138047135,-0.005987498223569575,0.004786868795960148,-0.01130487,-0.0054297634899328874,-0.013819195979404862,0.0029596689995390864,0.00321044,0.0022539801677852337,-0.0022159674693777286,0.006723927804948196,0.00200386,0.00220968,72.4,0.95,-0.313,-0.07463299663299659,0.591531897015089,-0.7407978902810822,37.9,-0.22205111497765861,0.9024862648339166,0.0624313188115273,1.7425412108563059,0.04725,5.0
2026-04-08,URNM,SPROTT URANIUM MINERS,64.74,58.09,66.64,54.17,73.43,49.12,86.2,-2.569230769230758,-1.21634062140391,1.373879641485276,-3.730000000000004,-4.026599326599326,-0.144460277176496,-7.908738376022157,-0.01496314,0.004733939764309767,-0.03361646442387487,0.04308434395249441,0.01426021,0.018246321174496642,-0.031748323863868506,0.0682409662128618,0.01040428,0.00562100738255033,-0.0036353478782233774,0.014877362643324038,0.00738642,-0.01304697,24.4,-1.23,-0.396,0.17627609427609434,1.1557564297440797,-0.8032042411918909,22.4,0.024812267456102655,-0.015758066838990503,-0.2652079433919724,0.23369180971399137,0.039,4.0
2026-04-08,VZ,VERIZON COMMUNICATIONS INC.,48.04,47.39,50.62,44.42,57.32,44.02,56.57,1.4615384615384641,2.5635359116022123,2.1218905472636838,-4.460000000000001,-2.3148148148148153,-1.0508359314399316,-3.578793698189699,-0.02198508,0.003991762828282827,-0.017098738213970642,0.025082263870536296,0.04950089,0.010094477114093947,-0.01888326180669485,0.03907221603488274,0.01828127,0.021089659765100684,0.011709555527671011,0.030469764002530358,-0.00561061,-0.00788477,25.2,-1.24,-1.353,0.11490909090909089,0.9736373392772545,-0.7438191574590728,3.4,1.2989591655496016,0.09177428301213368,-0.40679770797769077,0.5903462740019582,0.04125,4.0
2026-04-08,ADP,"AUTOMATIC DATA PROCESSING, INC.",200.78,192.44,209.69,177.45,214.13,168.79,243.47,1.2575757575757605,-1.7475655430711627,1.3344795248515156,-7.490000000000009,-15.351616161616162,-6.3710104395084315,-24.332221883723893,-0.014945,-0.008352144107744108,-0.02805029554400484,0.011346007328516625,-0.06629093,-0.016113448959731536,-0.035006361493078786,0.00277946357361571,-0.03113633,0.008105417214765105,-0.011293549872542857,0.027504384302073068,0.00176245,-0.00771257,18.5,-1.46,-1.321,-0.3298148148148148,0.7390629732066809,-1.3986926028363105,18.8,0.43271400026193163,0.1980109016943139,-0.1250006939014745,0.5210224972901023,0.039,4.0
2026-04-08,ALLE,ALLEGION PUBLIC LIMITED COMPANY,144.49,136.13,146.0,122.94,158.99,125.32,176.77,-6.643939393939436,-1.486206896551725,1.683881064162753,-7.179999999999978,-12.36700336700336,-6.831293180077273,-17.902713553929445,-0.00862776,0.0009354986868686829,-0.0195691948383661,0.021440192212103467,-0.04429476,0.005686431006711399,-0.018989849456731878,0.03036271147015468,0.02038865,0.036205083993288485,0.022572197347464594,0.049837970639112376,0.00180955,-0.00643269,39.1,-0.43,-0.393,0.01606397306397311,0.9253782933382022,-0.893250347210256,28.8,0.6009229544637895,0.08412261695919891,-0.2661581017884565,0.43440333570685435,0.039,4.0
2026-04-08,CPAY,"FLEETCOR TECHNOLOGIES, INC.",303.92,273.5,307.77,264.96,324.43,242.17,370.11,-2.2875000000000068,-1.8995611896635813,1.0719028340080967,-4.909999999999968,-22.757676767676788,-4.017701619058169,-41.49765191629541,-0.0092669,-0.006506202727272726,-0.031814253270844625,0.018801847816299174,-0.02650811,-0.025104491006711405,-0.06101762444485362,0.010808642431430811,-0.01996077,0.011019424463087265,-0.01581781476836954,0.037856663694544074,0.01579138,-0.00395709,25.6,-1.2,-0.93,-0.16234680134680132,0.6269218245227205,-0.9516154272163232,14.9,0.2082348342786402,-0.1072738745324982,-0.3700610146561146,0.15551326559111817,0.039,4.0
2026-04-08,GPN,GLOBAL PAYMENTS INC.,65.07,60.27,67.96,57.3,71.29,51.98,80.51,-1.7216117216117175,-1.2491961414790964,1.1795263559969456,1.6299999999999955,0.25713804713804755,5.456908269237809,-4.942632174961714,-0.02378956,-0.012069463636363631,-0.04486199600631237,0.020723068733585107,-0.04223375,-0.02508752124161074,-0.06594280322334323,0.01576776074012174,-0.10948455,-0.06885855090604029,-0.09967335930612697,-0.03804374250595361,0.00015068,-0.00075238,40.1,-0.26,-0.943,-0.28973063973063956,0.48472092831863595,-1.064182207779915,18.8,0.0791848928883474,0.13980221850354718,-0.2881832839291272,0.5677877209362215,0.039,4.0
2026-04-08,HSIC,"HENRY SCHEIN, INC.",75.53,70.62,77.67,68.17,82.29,64.67,88.33,-1.7970479704797107,-1.0887573964497033,1.1786372007366481,-2.4399999999999977,-1.6988888888888907,0.9681447992548682,-4.3659225770326495,0.00155937,0.00037522589225589187,-0.022109292679578514,0.022859744464090295,0.02045984,0.0006978744630872462,-0.0328356479321093,0.03423139685828379,0.00801501,-0.02044328942953029,-0.03721905956075295,-0.0036675192983076296,-0.00204188,-0.00242529,47.0,-0.7,-0.188,-0.030717171717171702,0.8751307665735146,-0.936565110007858,44.6,0.48554816727372385,0.27664969814465695,-0.1381958277034011,0.691495223992715,0.04575,4.0
2026-04-08,JKHY,"JACK HENRY & ASSOCIATES, INC.",157.98,149.03,162.99,139.77,169.74,135.1,184.12,-1.4800724637681109,-1.5484693877550977,1.1424825174825184,-4.610000000000014,-5.865185185185184,0.14334085579900702,-11.873711226169375,-0.02373905,-0.00276452872053872,-0.023500232853122457,0.017971175412045015,-0.03664663,0.0003316606040268523,-0.027973036401071648,0.028636357609125355,-0.02199184,-0.005715457382550333,-0.016427543275730393,0.004996628510629726,-0.00033969,-0.00245227,20.8,-1.43,-1.416,-0.06822895622895626,0.9046460156535876,-1.0411039281115002,10.5,0.5752244409281646,0.11017375031981878,-0.17314235316379495,0.39348985380343254,0.039,4.0
2026-04-08,KDP,KEURIG DR PEPPER INC.,25.84,24.46,25.97,23.36,28.17,22.14,31.75,-15.666666666666693,-1.0643776824034328,1.5972972972972976,-0.5700000000000003,-0.8980134680134679,0.24060875528342884,-2.036635691310365,-0.02642111,-0.0035216239730639725,-0.02913885184228357,0.022095603896155627,-0.01118212,-0.003859649463087235,-0.03799842125704845,0.03027912233087398,-0.0201446,-0.017102895503355663,-0.023391793935020937,-0.010813997071690389,-0.00027818,0.00071419,30.8,-0.9,-1.437,-0.14317171717171703,0.7843493218597586,-1.0706927562031927,13.7,0.45220298605444453,0.11963614145840208,-0.296314973064154,0.5355872559809581,0.039,4.0
2026-04-08,PSA,PUBLIC STORAGE.,290.0,262.22,289.48,250.81,310.54,234.07,347.65,-5.1742919389978494,-1.9079844206426464,1.0307527266225633,-6.519999999999982,-10.720808080808077,-0.8766457610760501,-20.564970400540105,-0.00894365,-0.0033641562289562295,-0.021445857102714266,0.014717544644801808,-0.00291908,-0.013022893825503326,-0.03443009837104566,0.008384310720039007,0.0061372,-0.002280083624161075,-0.009408066527678116,0.004847899279355967,0.00856548,-0.00128454,94.6,2.15,-0.657,-0.10715488215488216,0.7888565139090419,-1.0031662782188062,27.6,-0.1410659003965825,0.1423852940818937,-0.11934064541536343,0.40411123357915085,0.03625,3.0
2026-04-08,RCL,ROYAL CARIBBEAN CRUISES LTD.,279.26,259.07,286.64,237.51,322.86,221.68,380.74,-1.14605484051483,1.0443113772455095,1.7624175060785003,-30.19999999999999,-52.05488215488214,-34.33980505013089,-69.76995925963338,0.00944932,-0.00048259026936027126,-0.04272516096813759,0.04175998042941705,-0.00591434,0.0020735378523489803,-0.051496645266215633,0.0556437209709136,0.06405392,0.10231192929530217,0.07837170054110078,0.12625215804950357,0.01823818,0.001258,76.8,1.0,-0.153,0.10237037037037042,1.3509253314116294,-1.1461845906708885,46.2,0.039524926166374375,0.005919627921513426,-0.36441503450802426,0.37625429035105107,0.03,3.0
2026-04-08,TXT,TEXTRON INC.,91.37,84.32,90.89,78.63,96.61,76.45,108.07,-12.480769230769344,-2.431297709923668,1.1193029490616613,-0.4399999999999977,-3.088316498316498,-0.03892635201588712,-6.13770664461711,-0.00997912,-4.191245791245381e-06,-0.02345263324527577,0.023444250753693278,-0.03228999,-0.011484607147651019,-0.05262541888759984,0.029656204592297807,-0.00826793,-0.003380138590604023,-0.01284195756816989,0.0060816803869618435,0.00478354,-0.00282937,83.1,1.44,-0.206,0.21541077441077444,1.2400796627324269,-0.8092581139108779,30.0,0.2686574632547378,0.15546123997957906,-0.2123971233356708,0.5233196032948289,0.026,3.0
2026-04-08,YUM,"YUM! BRANDS, INC.",160.43,149.78,160.15,149.17,166.77,133.62,188.03,-15.278688524590523,-1.776025236593062,1.0294666169339795,-3.2099999999999795,-5.465622895622893,-0.9518456713588463,-9.97940011988694,-0.01068829,0.004733904545454543,-0.012974035415655182,0.02244184450656427,0.01724097,0.0035835033221476536,-0.012776686570565115,0.019943693214860423,0.00392487,0.0033288686577181213,-0.0024648969211968886,0.00912263423663313,-0.00019545,0.00389083,54.4,0.44,0.075,0.10860606060606058,0.8844024406836706,-0.6671903194715494,53.8,0.1734875962919653,-0.0026891768123404056,-0.262600514431688,0.25722216080700716,0.026,3.0
2026-04-08,CVNA,CARVANA CO.,338.81,285.51,334.22,251.58,356.34,242.07,453.02,-7.836521739130435,-4.976041072447241,1.1805871407897455,-48.10000000000002,-129.7849831649832,-98.44900570787675,-161.12096062208965,-7.089e-05,-0.0028679382154882154,-0.05862957716741521,0.05289370073643877,-0.07323131,0.005542070201342294,-0.051839696016389165,0.06292383641907376,0.13018893,0.25725798922818743,0.17473952162319947,0.33977645683317537,0.00930044,0.01079758,54.2,0.21,0.321,0.19940740740740767,1.2090888224140472,-0.8102740075992318,60.5,0.3179345961617559,0.19620184119499254,-0.003740871646665783,0.39614455403665083,0.03,3.0
2026-04-08,FOXA,FOX ,60.22,57.17,60.55,51.04,66.73,50.38,73.97,-3.434210526315798,-1.410138248847925,1.3973577235772363,-5.019999999999996,-7.232188552188554,-4.18338003577868,-10.280997068598428,0.00332157,0.0036324072727272733,-0.025007048543502514,0.03227186308895706,-0.0462734,0.013429788355704743,-0.019739104838958806,0.04659868155036829,0.065039,0.07197598580536894,0.05588836106044155,0.08806361055029634,0.00114723,0.00513294,22.4,-1.17,0.69,0.23667676767676737,1.3488276405743316,-0.8754741052207968,73.2,1.3225501186569226,0.13922021381033237,-0.23622445037724313,0.5146648779979078,0.02525,3.0
2026-04-08,GM,GENERAL MOTORS COMPANY,76.74,70.37,76.11,67.02,80.12,65.46,91.82,-51.66666666666461,-2.875739644970406,1.3368794326241131,-5.640000000000001,-6.870841750841754,-2.3773295020988705,-11.364353999584637,0.00131089,0.0037480642760942783,-0.02191460536414312,0.029410733916331675,-0.02161734,0.012840849999999989,-0.017643476998109614,0.043325176998109595,0.06708467,0.05201995805369139,0.020954371997360104,0.08308554411002267,0.0046481,-0.00218101,98.2,3.16,0.213,0.28146127946127913,1.177259488754355,-0.6143369298317969,45.4,0.21282297064832423,0.111570458535134,-0.3288936240012794,0.5520345410715475,0.026,3.0
2026-04-08,IRM,IRON MOUNTAIN INC.,106.97,97.09,106.74,94.44,118.41,83.2,132.45,-5.349397590361454,-1.0952797202797206,1.071939419436264,-4.1200000000000045,-8.082121212121212,-2.4821087351695095,-13.682133689072915,-0.0154765,-0.0037520343771043716,-0.03579793122193983,0.028293862467731093,0.04846816,-0.006257868892617425,-0.0477575825670791,0.03524184478184425,0.0193443,0.03624000318791957,0.01889073387171143,0.053589272504127705,0.00443645,-0.00403478,66.3,0.64,-0.116,0.010949494949494959,1.1305712249934277,-1.1086722350944376,45.0,0.18921481875167023,0.12399806888090287,-0.1978198626767188,0.44581600043852454,0.026,3.0
2026-04-08,ISRG,"INTUITIVE SURGICAL, INC.",462.28,438.17,466.98,414.68,479.08,397.3,559.99,-3.402597402597397,-2.8333333333333295,1.503693444136659,-25.140000000000043,-54.11191919191918,-25.03143978643296,-83.1923985974054,-0.0146035,-0.007927077407407406,-0.03726214106603235,0.021407986251217537,-0.05867653,-0.007942422315436232,-0.04903020065115903,0.03314535602028657,0.01586613,0.042010348959731464,0.022954171375734037,0.06106652654372889,0.00428096,-0.00961996,84.3,1.21,-0.741,-0.314050505050505,0.6924410871365957,-1.3205420972376056,31.7,0.5814395989394585,0.16874297725971407,-0.268509803237335,0.6059957577567632,0.026,3.0
2026-04-08,IVZ,INVESCO LTD.,24.21,21.85,25.1,20.6,25.54,19.22,30.08,-3.2500000000000115,-2.7142857142857175,1.1763527054108207,-1.4399999999999977,-1.505050505050506,-0.2395055094244567,-2.7705955006765555,-0.00808721,0.001041743939393937,-0.03596821334957317,0.03805170122836104,-0.04668141,0.009898583959731536,-0.04503322990504295,0.06483039782450602,0.02093014,0.010940361711409396,-0.01756314914968043,0.03944387257249922,-0.00030771,-0.0154405,97.0,2.58,0.057,0.22475084175084153,1.2592048653302501,-0.8097031818285672,36.7,0.10752313922970091,0.07080956181516197,-0.37573864990117606,0.5173577735315,0.026,3.0
2026-04-08,MAA,"MID-AMERICA APARTMENT COMMUNITIES, INC.",126.09,119.5,127.19,115.32,129.1,109.26,144.26,-2.627272727272741,-3.578073089701011,1.0796197266785497,-1.7000000000000028,-5.992996632996637,-1.9672513465341268,-10.018741919459147,-0.00827023,-0.005279927575757573,-0.020773694293503238,0.01021383914198809,-0.03290418,-0.008732240838926177,-0.02408051861197648,0.006616036934124124,-0.00350106,0.0033094357046979926,-0.0039216916118883,0.010540563021284284,0.00221854,0.00117817,94.2,1.91,-0.667,-0.3142828282828282,0.6295819020664837,-1.25814755863214,39.1,0.4582065963052755,0.239671116062205,-0.1892973276822725,0.6686395598066825,0.03,3.0
2026-04-08,PSX,PHILLIPS 66,168.0,167.68,186.39,158.87,202.28,138.03,210.61,3.4390243902439073,3.7546549835706484,1.4217550884217556,-17.169999999999987,-4.733804713804712,1.8793151290780008,-11.346924556687426,-0.00287887,0.005531120437710437,-0.02546251907466981,0.036524759950090684,0.04775853,0.01156484711409395,-0.024938275529096565,0.04806796975728446,-0.00952991,-0.008133920369127495,-0.022453490003974758,0.006185649265719769,-0.00897009,-0.03572334,93.8,2.04,0.291,0.35934343434343446,1.158599205082556,-0.439912336395687,43.1,-0.001895427498982527,0.03231663044475669,-0.211152551777497,0.2757858126670104,0.017,2.0
2026-04-08,BALL,BALL ,62.1,56.52,62.08,53.37,69.39,50.34,74.12,-9.280701754385959,-1.1975308641975315,1.0221088435374155,-0.8399999999999963,-1.2160269360269347,1.0114758408273656,-3.4435297128812348,-0.01117265,-0.0020815163636363596,-0.027917555116754783,0.023754522389482065,0.02590607,-0.0028732847651006615,-0.03496586168811344,0.029219292157912122,-0.00566741,-0.016789558221476493,-0.025623401661748813,-0.007955714781204173,0.00471375,-0.00229868,91.9,1.87,-0.019,0.03587878787878781,1.1411615535160444,-1.0694039777584687,45.8,0.027191316860221137,0.19692795579341707,-0.22192662925665643,0.6157825408434906,0.026,2.0
2026-04-08,COO,"THE COOPER COMPANIES, INC.",71.73,68.34,72.17,62.91,77.45,59.45,86.91,-6.764705882353067,-1.5419580419580436,1.2361563517915302,1.4100000000000108,-1.6183164983164966,1.8169769498718948,-5.0536099465048885,-0.00725935,-0.008300246531986539,-0.037948107599796665,0.021347614535823588,-0.02212447,-0.019539927315436214,-0.06458237787664634,0.02550252324577391,-0.04206249,-0.03507186362416093,-0.047112937447362536,-0.02303078980095933,0.00094959,-0.00237569,67.3,0.84,-0.517,-0.17350505050505066,0.69156446365697,-1.0385745646670714,28.4,0.19485786397075056,0.15146720491792795,-0.32505200506780374,0.6279864149036597,0.015,2.0
2026-04-08,HON,HONEYWELL INTERNATIONAL INC.,232.47,217.23,232.7,209.17,253.05,195.22,276.57,-8.208092485549175,-1.1321671525753156,1.1838926174496642,-6.6200000000000045,-6.948484848484853,0.6467989429370249,-14.54376863990673,-0.01214823,-0.00010701831649831751,-0.021357778330779006,0.02114374169778237,0.02215327,0.0017248381208053673,-0.02485151225528539,0.028301188496896126,0.0100355,-0.0002900081879194624,-0.009450483574833617,0.008870467198994692,0.00627071,-0.00500181,90.9,1.82,-0.527,0.03460942760942768,1.0118065720485678,-0.9425877168297124,30.8,0.18291498912826443,0.12948639698432618,-0.2415404750617972,0.5005132690304496,0.026,2.0
2026-04-08,MPC,MARATHON PETROLEUM ,231.98,232.5,255.63,217.01,282.49,181.2,294.39,7.970479704797117,3.374081496325987,1.2290271760535643,-22.450000000000017,-9.894208754208764,-1.4919430850458735,-18.296474423371656,0.01340599,0.00513239208754209,-0.02685648985062452,0.0371212740257087,0.07579913,0.007804803926174491,-0.030858177619895108,0.04646778547224409,0.00647382,0.016094733020134245,0.006152674070414425,0.026036791969854065,-0.00694063,-0.01793637,56.5,0.5,0.631,0.4162020202020201,1.567099997868114,-0.7346959574640739,51.0,-0.002181893902358123,0.08382554355203614,-0.23906208971048842,0.4067131768145607,0.017,2.0
2026-04-08,STLA,STELLANTIS NV,7.76,7.13,8.02,5.77,8.54,5.27,8.42,-1.0434782608695623,-2.5512820512820538,-3.772727272727272,1.33,0.11464646464646461,0.83219622720838,-0.6029032979154509,0.04529331,-0.012070038653198657,-0.050275712046363774,0.026135634739966458,-0.10388702,-0.0398438457382551,-0.0930798992663518,0.013392207789841591,-0.17656866,-0.08891165610738254,-0.12934027450434338,-0.048483037710421686,0.00728685,0.01700457,93.8,1.9,0.896,-0.22697306397306397,0.5673283454438708,-1.0212744733899988,89.1,0.126024809763422,-0.0015691442473609362,-0.5485334076243736,0.5453951191296517,0.0105,1.0
2026-04-08,VLO,VALERO ENERGY ,239.64,233.63,261.91,228.7,281.69,191.61,300.15,2.4918604651162815,3.8436928702010986,1.2598376014990635,-23.75999999999999,-8.056026936026937,-0.6306111428221755,-15.481442729231699,0.01476124,0.008333186195286193,-0.024280653395060078,0.04094702578563246,0.07172708,0.017105983791946285,-0.03172602194732765,0.06593798953122021,0.02045463,0.009754254865771807,0.0003990218786784974,0.019109487852865117,-0.00702501,-0.02769851,76.0,1.1,0.781,0.4539730639730639,1.4621670134751128,-0.554220885528985,59.3,-0.013746826677081603,0.010654218917755214,-0.2204390271508434,0.24174746498635385,0.017,1.0
2026-04-08,CF,"CF INDUSTRIES HOLDINGS, INC.",126.16,124.0,142.31,111.55,165.91,91.66,174.67,1.616753926701571,2.720739219712526,1.4060869565217389,-26.879999999999995,-6.2867676767676715,-0.84466575741948,-11.728869596115864,-0.01736409,0.004530688754208753,-0.026725972286000304,0.03578734979441781,0.11291708,0.009537971241610743,-0.037130698397697705,0.056206640880919194,0.07616152,0.019234861879194643,-0.0025378722686739894,0.041007596027063276,-0.03238934,-0.0238628,49.6,0.57,0.612,0.18393602693602698,1.2312376945828338,-0.8633656407107798,62.5,-0.24195965256828045,0.04771105264472577,-0.21620276751103137,0.3116248728004829,0.017,1.0
2026-04-08,CVX,CHEVRON ,192.89,190.29,213.33,184.07,228.17,168.03,242.1,3.183486238532121,4.0000000000000036,1.9794851166532597,-28.470000000000027,-6.68441077441077,-0.31894680916389184,-13.049874739657648,0.00377531,0.0046157182154882145,-0.019214653804065385,0.028446090235041816,0.04369188,0.009083074664429527,-0.020783858976702645,0.038950008305561695,0.0381833,0.006700590234899335,-0.010067571594600037,0.023468752064398708,-0.007281,-0.02518641,97.4,2.58,0.359,0.3156026936026934,1.1467673175821322,-0.5155619303767454,53.0,-0.022286522454363245,0.08097987205368914,-0.17850738419151088,0.34046712829888914,0.017,1.0
2026-04-08,DHT,"DHT HOLDINGS, INC.",18.35,17.56,19.35,17.05,21.72,15.01,24.02,-1.104166666666672,2.592307692307689,1.6976047904191602,-2.1999999999999993,-0.939057239057239,-0.06079856566522657,-1.8173159124492515,0.00899453,0.008556156094276091,-0.018333228149984317,0.0354455403385365,0.11905721,0.018531638859060413,-0.020305629037483276,0.057368906755604104,0.07590578,0.026219346879194694,-0.0003046698204275597,0.05274336357881695,-0.00357619,-0.00626908,56.9,0.5,-0.122,0.3041077441077441,1.4064410289106757,-0.7982255406951874,32.7,-0.0568271545055995,0.23521988678076794,-0.18756237634034445,0.6580021499018803,0.017,1.0
2026-04-08,KEYS,"KEYSIGHT TECHNOLOGIES, INC.",318.33,274.0,311.14,271.57,363.93,243.28,392.54,-9.465853658536533,-1.0254385964912274,-1.0113192292143909,-22.650000000000034,-14.395858585858585,3.5823305089469013,-32.37404768066407,0.0145978,0.006655304410774411,-0.027676420916960088,0.04098702973850891,0.13823977,0.01679955043624162,-0.03634260211245387,0.0699417029849371,0.08897619,0.011987767818791949,-0.023108816633902858,0.04708435227148675,0.01017869,0.00717249,26.0,-1.04,0.82,0.33894949494949494,1.2057511147658737,-0.5278521248668839,66.5,-0.09915714330551761,0.12215367395831037,-0.32113922820988294,0.5654465761265037,0.01125,1.0
2026-04-08,LH,LABORATORY  OF AMERICA HOLDINGS,274.72,264.13,282.89,255.6,293.62,241.82,315.76,-1.0378874856486844,-1.0116402116402146,1.247416413373858,-10.439999999999998,-13.585622895622908,-4.812082609363937,-22.35916318188188,0.00478336,0.0008304687205387182,-0.019897089922090713,0.021558027363168152,0.01981031,0.0013461463422818835,-0.021357715430161007,0.024050008114724773,0.02342718,0.011595959127516826,0.006759111608316622,0.016432806646717032,-0.00053463,0.00226817,42.7,-0.41,0.307,0.07257912457912466,0.9468466063590887,-0.8016883572008394,55.0,0.360783200159406,0.13132053873814095,-0.20583116300722423,0.4684722404835061,0.017,1.0
2026-04-08,ROST,"ROSS STORES, INC.",224.47,213.64,227.48,206.94,239.29,187.38,256.5,-2.6194225721784736,-1.182860998650473,-1.157976896659382,-9.569999999999993,-8.911077441077445,-3.4917026469223877,-14.330452235232503,0.01375851,0.0035208657912457917,-0.016844826998852203,0.023886558581343788,0.04366445,0.011202268892617443,-0.016086437709320684,0.038490975494555574,0.04608252,0.0187210905033557,0.011202191272388543,0.026239989734322858,0.00142526,-0.00272108,22.0,-1.28,0.685,0.28978114478114475,1.304847629713274,-0.7252853401509847,51.0,-0.027712189298516376,0.21143272581197278,-0.3025647003416172,0.7254301519655628,0.003,0.0
2026-04-08,SMH,VANECK:SEMICONDUCTOR,422.92,370.36,411.15,355.15,439.3,325.77,499.68,-39.95689655172525,-4.13736263736264,-1.2656331422615952,-16.139999999999986,-32.336228956228936,-16.93849206824029,-47.73396584421758,0.00437665,0.002349766397306399,-0.025127744152475352,0.02982727694708815,0.00646643,0.005728604295302002,-0.04217600211406729,0.053633210704671294,0.05168055,0.05849094271812091,0.04353032118668635,0.07345156424955547,0.0115249,0.00709465,90.7,1.57,0.505,0.450983164983165,1.3675989494519065,-0.4656326194855766,49.4,-0.09022201678443331,0.11937587408962969,-0.03186028632156812,0.2706120345008275,-0.00125,-0.0
2026-04-08,FFIV,"F5, INC.",304.76,285.55,321.51,276.46,332.37,249.54,375.32,1.4623444662737402,-1.0249909453096704,1.2777978993118435,-33.56,-37.764882154882145,-24.917488421279955,-50.612275888484334,0.0171415,0.0011612937710437732,-0.029354475610680792,0.03167706315276834,0.0447368,0.006875331979865771,-0.03528689780272719,0.04903756176245873,0.07919099,0.07480925288590623,0.06403522421746449,0.08558328155434797,0.00407761,-0.00338901,53.6,0.32,0.627,0.11527946127946127,1.1396201520125788,-0.9090612294536563,67.7,0.3828336682273594,0.14721426687594868,-0.2788388290620681,0.5732673628139655,0.00125,0.0
2026-04-08,GLD,SPDR GOLD,434.53,397.91,451.01,380.72,486.85,399.96,552.37,-2.0508664058132986,-1.0284785932721692,3.4087358981776124,-98.93000000000006,-52.868013468013466,-19.691691383522667,-86.04433555250426,-0.02640564,0.007790834107744113,-0.009036241877027944,0.024617910092516168,0.00680379,0.03794163875838919,0.013516729627520811,0.06236654788925757,0.143654,0.10285873040268469,0.0682211403289294,0.13749632047643998,0.00425009,0.00192582,66.3,1.05,-0.94,0.7108282828282826,1.732455129079478,-0.3107985634229129,3.8,-0.1678460818003703,0.06950031060569087,-0.2812061054549223,0.420206726666304,0.40875,0.0
2026-04-08,T,AT&T INC.,27.35,27.41,29.57,25.4,32.06,24.6,33.61,4.1521739130434705,2.415384615384612,2.2763636363636355,-3.7799999999999976,-2.627441077441077,-1.665498618320837,-3.589383536561317,0.0028884,0.0013883981818181804,-0.02030317265894049,0.023079969022576852,0.02726878,0.011756797348993302,-0.01358490764219428,0.03709850234018089,0.05678761,0.05499228493288582,0.03838303519452035,0.0716015346712513,-0.00635478,-0.00496539,6.2,-2.13,-0.276,0.1163131313131312,1.1717108369947702,-0.9390845743685079,43.1,0.5825220680920944,0.1855702435721742,-0.23909600498636915,0.6102364921307175,-0.0055,-1.0
2026-04-08,VIX,CBOE MKT VOLATILITY IDX,21.04,21.47,29.35,20.46,36.8,17.34,53.02,11.553846153846182,27.172413793103523,8.643243243243246,-22.730000000000004,-13.120572390572391,-6.91697230165998,-19.3241724794848,-0.01955109,0.037908568249158246,-0.04945451549292484,0.12527165199124132,0.16394507,0.10661229399328849,0.004479777327485848,0.20874481065909112,0.37995681,0.34232056379194653,0.30613858502286295,0.3785025425610301,-0.01063511,-0.03390756,19.2,-1.54,-0.413,-0.003565656565656557,0.6520717756064184,-0.6592030887377315,25.6,,,,,-0.015,-1.0
2026-04-08,XLRE,SEL SECTOR:RL EST SPDR,42.44,39.42,42.81,38.28,45.38,37.23,47.3,-3.480519480519466,-1.4149659863945543,-1.0720164609053502,-0.9600000000000009,-1.1878114478114479,-0.27868787698586095,-2.096935018637035,-0.01164087,-0.0021807867340067357,-0.015203012336712595,0.010841438868699123,0.00664829,-0.004949029899328845,-0.021200087914563362,0.011302028115905673,0.00192639,-0.0017869571812080503,-0.007468621461651956,0.003894707099235855,0.00137475,0.00507095,90.5,1.77,-0.279,-0.0381481481481482,0.7044520486618865,-0.7807483449581828,39.9,-0.4749083458439757,0.6215397979952418,-0.2643611897524053,1.5074407857428889,-0.00525,-1.0
2026-04-08,EIRL,ISHARES:MSCI IRELAND,72.69,67.11,71.07,64.19,76.19,61.72,79.54,-7.323529411764638,-2.4285714285714284,-1.6014598540145963,1.5300000000000011,-2.4075420875420863,-0.9493873556839685,-3.8656968194002044,0.0123353,0.0008545474410774405,-0.0126773317439949,0.014386426626149782,0.00819563,0.003556638020134228,-0.010648452079456385,0.017761728119724842,-0.01066559,0.007645245604026851,0.00028341221751718246,0.015007078990536521,0.01440376,0.01305175,95.2,2.53,0.172,0.26997306397306364,1.1373323830912643,-0.5973862551451369,47.0,,,,,-0.0075,-1.0
2026-04-08,EW,EDWARDS LIFESCIENCES ,81.71,77.83,82.63,73.77,89.83,67.48,94.14,-2.7218045112781626,1.0226700251889178,-1.1448109412711167,1.6799999999999926,-0.8769696969696944,1.529821702444647,-3.2837610963840356,-0.01517897,0.0022119591245791255,-0.015770973001399936,0.020194891250558185,0.02549062,0.012561568221476506,-0.0065841751704388204,0.03170731161339183,-0.04747547,-0.029863815536912742,-0.04466233183061713,-0.015065299243208354,0.00260945,0.00131342,4.2,-2.31,-0.779,-0.0028686868686869215,0.785541854678629,-0.7912792284160028,15.3,0.5916080084910134,0.32860732547523347,-0.19616205756590938,0.8533767085163764,-0.0095,-1.0
2026-04-08,EWO,ISHARES:MSCI AUSTRIA,37.49,34.82,37.29,32.41,39.81,31.95,42.7,-6.59999999999998,-2.1896551724137954,-1.063339731285989,-1.7399999999999949,-2.272390572390573,-1.0188455954950455,-3.5259355492861,0.01308747,0.00610047946127946,-0.012442166411789904,0.02464312533434882,-0.00235604,0.014030771778523502,-0.0002129844024240414,0.028274527959471045,0.05490549,0.04427331687919479,0.03169008348974679,0.056856550268642794,0.00478878,0.00651504,79.6,1.53,0.499,0.6591750841750843,1.7698444296229745,-0.4514942612728059,50.2,,,,,-0.0115,-1.0
2026-04-08,PNR,PENTAIR PUBLIC LIMITED COMPANY,90.53,82.96,88.81,75.76,95.91,74.07,106.43,-11.903225806451518,-2.7453531598513026,-1.0352201257861637,0.7000000000000028,-8.052087542087543,-4.476548220774404,-11.627626863400682,-0.00581622,-0.0064460643771043795,-0.02919901475548674,0.01630688600127798,-0.04677295,-0.015851232617449668,-0.04486409311579333,0.013161627880893995,-0.01468452,0.030865903691275173,0.012217791756204254,0.049514015626346095,0.00820858,0.0121964,95.0,2.08,0.013,-0.23729629629629623,0.6952248757079842,-1.1698174683005766,53.4,0.30492724044169583,0.11211897376140177,-0.3291062186203079,0.5533441661431114,-0.0225,-2.0
2026-04-08,ZBRA,ZEBRA TECHNOLOGIES ,221.14,196.87,219.65,182.49,240.4,164.37,263.73,-3.433082706766912,-2.006749740394597,-1.3329420051655303,11.579999999999984,-13.09636363636364,6.246869333649075,-32.439596606376355,0.00694627,-0.0124709263973064,-0.051521948333427645,0.02658009553881485,-0.00177514,-0.03074077067114096,-0.08977976897103035,0.028298227628748427,-0.06330367,-0.03065768298657717,-0.04670916343541051,-0.01460620253774383,0.00545705,0.00567831,44.0,-0.62,0.357,-0.32193939393939386,0.6665077483354239,-1.3103865362142115,74.4,0.5257010207165713,0.09457090116244304,-0.31823292689019844,0.5073747292150845,-0.02325,-2.0
2026-04-08,AMZN,"AMAZON.COM, INC.",221.25,201.43,219.58,187.38,241.71,176.35,261.73,-4.214117647058822,-1.6554252199413486,-1.1091897233201577,-3.280000000000001,-21.769663299663318,-11.72310079652359,-31.816225802803046,0.00558674,-0.00378703861952862,-0.02935201780416113,0.021777940565103893,-0.01011251,-0.0040868336241610854,-0.04441695204766467,0.03624328479934251,0.00586238,0.04411642157718116,0.024778468263668977,0.06345437489069335,0.00781975,0.00784888,83.3,1.32,0.314,-0.06848484848484845,0.8278784951752399,-0.9648481921449369,59.3,0.18563360288125064,0.1722669597371055,-0.2059804453687563,0.5505143648429673,-0.0225,-2.0
2026-04-08,CALM,"CAL-MAINE FOODS, INC.",77.07,72.94,85.75,71.46,89.16,68.09,104.17,1.393877551020413,2.155080213903744,3.0178173719376438,-14.41000000000001,-14.621649831649835,-8.881302089457538,-20.36199757384213,-0.02859574,-0.005441609259259265,-0.03325713588513974,0.022373917366621213,0.00443757,-0.005517757516778521,-0.05853246632388123,0.04749695129032419,0.05813147,0.08554961355704731,0.06669376004581211,0.1044054670682825,-6.713e-05,0.01591296,92.3,1.7,-1.107,-0.24384511784511773,0.6574353917697063,-1.1451256274599417,17.7,-0.1073528180227934,0.35274889273996934,0.09177115768349653,0.6137266277964422,-0.01475,-2.0
2026-04-08,EQR,EQUITY RESIDENTIAL,60.8,58.03,61.7,55.83,63.28,51.85,69.07,-1.7205882352941158,-2.0040322580645125,-1.0822249093107619,-0.07000000000000028,-2.632356902356903,-0.8440363572111562,-4.42067744750265,-0.00284581,-0.005725476531986535,-0.02067000171840418,0.00921904865443111,-0.01598973,-0.013148205637583904,-0.028978655476753427,0.0026822442015856218,-0.01578225,-0.004038252550335564,-0.012507052332107412,0.004430547231436283,0.00201191,0.00414113,85.3,1.35,-0.262,-0.2176296296296295,0.5132410036787781,-0.9485002629380371,51.0,0.15670717402499212,0.10828501132830201,-0.2613011257094955,0.47787114836609945,-0.0225,-2.0
2026-04-08,GEOS,GEOSPACE TECHNOLOGIES ,9.42,10.31,13.79,7.32,15.47,6.36,18.42,54.42857142857122,2.880952380952382,2.9411764705882364,-4.16,-3.4580471380471343,-0.3650759940222672,-6.551018282072001,-0.04864921,-0.0011054960942760849,-0.1149892859873196,0.11277829379876743,-0.14094604,0.004770909765100662,-0.13550718937918713,0.14504900890938846,-0.00559682,0.07463519204698019,0.022127725176796315,0.12714265891716406,-0.02280269,-0.0556063,96.2,2.72,-0.762,-0.018824915824915755,1.0432482749134686,-1.0808981065633003,24.4,-0.08685728711162954,0.04211337047111827,-0.5410723532364966,0.6252990941787332,-0.02,-2.0
2026-04-08,HYG,ISHARES:IBOXX $HY CORP,80.19,78.25,80.76,75.08,83.08,74.14,85.21,-1.5726495726495733,-1.7681660899653975,-1.2051792828685264,-0.28000000000000114,-1.338148148148149,-0.669277878635864,-2.0070184176604338,0.00375936,-0.0016294988552188554,-0.0069276012483077964,0.003668603537870085,-0.0145339,-0.00572035546979866,-0.013588257536455801,0.0021475465968584812,-0.00426753,6.0707214765102336e-05,-0.0038276573801097227,0.003949071809639927,0.0028594,0.00465544,69.8,0.92,-0.053,-0.21077441077441078,0.44432230656792865,-0.8658711281167502,56.9,0.8848208610709334,0.7984880157066536,-0.22120585464059794,1.8181818860539052,-0.0225,-2.0
2026-04-08,JNK,SPDR BBG HIGH YIELD BD,96.48,94.35,97.06,89.79,100.32,88.44,102.92,-1.5546875000000058,-1.7421875000000042,-1.2484472049689455,0.28000000000000114,-1.4034343434343417,-0.5252092119023516,-2.281659474966332,0.00476121,-0.0012581410774410778,-0.006653672085235253,0.0041373899303530975,-0.01671841,-0.007215825100671145,-0.015197727469633361,0.0007660772682910703,-0.00886059,-0.0037097420469798725,-0.008260764494246425,0.0008412804002866812,0.00257131,0.00425479,69.2,1.0,-0.058,-0.23393602693602683,0.4693123283923017,-0.9371843822643553,55.8,0.012262457071835708,1.3947601612329097,0.03185739188839065,2.7576629305774287,-0.0225,-2.0
2026-04-08,TMO,THERMO FISHER SCIENTIFIC INC.,503.46,474.49,515.82,425.78,539.73,400.91,591.28,-1.776602775941831,-2.1417149159084623,-1.167729446595308,1.599999999999966,-15.710269360269354,5.9825277363050375,-37.403066456843746,0.01761875,-0.004445385218855211,-0.03378487104592004,0.024894100608209617,-0.05125038,-0.005548057617449676,-0.052005680719318846,0.04090956548441949,-0.01695781,-0.020446911543624144,-0.04566444964633544,0.004770626559087148,0.0025773,-0.00535811,63.1,0.74,0.044,-0.1650538720538721,0.8891087409501959,-1.2192164850579401,51.4,0.17651511428037603,0.09141965814051697,-0.22585385388015242,0.40869317016118634,-0.0265,-3.0
2026-04-08,TUR,ISHARES:MSCI TURKEY,40.58,37.72,39.8,35.31,43.36,33.78,45.96,-6.400000000000011,-1.8956834532374078,-1.2639405204460956,-0.1600000000000037,-1.1054545454545468,0.13500793864046678,-2.34591702954956,0.00670291,3.554225589225529e-05,-0.020400953666494602,0.02047203817827911,0.0068451,0.0010684038590604119,-0.02461577266510863,0.026752580383229453,0.01090422,-0.002892099328859057,-0.014538000197848058,0.008753801540129945,0.0107399,-0.00231311,11.3,-1.8,0.424,0.17592255892255887,1.2019815030483125,-0.8501363852031949,63.1,0.5719924102086551,0.688435188703667,-0.050672152100097234,1.4275425295074313,-0.0355,-3.0
2026-04-08,UNH,UNITEDHEALTH GROUP INC.,305.98,263.41,308.72,234.34,326.28,203.21,363.16,-2.13549969343961,-3.5290640394088757,-1.797306750612102,26.140000000000043,-8.260101010101009,28.891820318892314,-45.412022339094335,0.01962594,-0.014798666161616163,-0.06381247147553441,0.03421513915230208,-0.03293705,-0.03958387261744957,-0.09998648993994688,0.020818744705047736,-0.08192963,-0.06484658674496666,-0.09410510172289227,-0.03558807176704104,0.00980239,0.01133679,97.4,2.75,0.631,-0.15374074074074065,0.8938752997857341,-1.2013567812672155,76.4,-0.24318566278109766,0.07760973400366605,-0.39232056902632534,0.5475400370336574,-0.031,-3.0
2026-04-08,CFG,"CITIZENS FINANCIAL GROUP, INC.",63.78,59.15,64.1,54.79,68.45,52.2,74.12,-2.903703703703717,-1.9250535331905778,-1.119922630560928,-3.039999999999992,-5.323737373737374,-2.8329760989276553,-7.814498648547092,0.02943635,0.0018066426936026922,-0.025103012703213474,0.02871629809041886,0.00503012,0.004174995872483225,-0.040413429645286124,0.048763421390252575,0.06440044,0.05595034130872479,0.0385232247522928,0.07337745786515679,0.00510574,0.00476972,32.1,-0.97,0.979,0.28586195286195293,1.352496299229807,-0.7807723935059011,71.2,0.21303926619888935,0.07816371024537018,-0.2221914734709114,0.3785188939616517,-0.02725,-3.0
2026-04-08,DE,DEERE & COMPANY,609.32,547.63,591.07,527.73,673.23,502.95,738.27,,-1.2766390236269767,1.212277897903543,-36.65999999999997,-31.41360269360266,-7.9565850116635595,-54.87062037554176,0.0063947,0.0029703253872053878,-0.02046093802008356,0.02640158879449434,0.05936776,0.006735363892617445,-0.025340573432153422,0.038811301217388315,0.06727547,0.019134850906040248,-0.002419252827815341,0.04068895463989584,0.01348193,-0.00324332,43.5,-0.34,0.294,0.12144781144781147,0.9856246018898916,-0.7427289789942687,65.3,-0.043565290058348305,0.11080365031095903,-0.24309218397249466,0.4646994845944127,-0.03525,-3.0
2026-04-08,EIDO,ISHARES:MSCI INDONESIA,15.89,14.86,15.98,13.28,17.05,13.01,18.55,-4.500000000000024,-2.250000000000001,-1.0827067669172934,0.46000000000000085,0.07141414141414129,0.6391544645629151,-0.4963261817346326,0.00115608,-0.005799255723905724,-0.026431170798621496,0.01483265935081005,-0.07029579,-0.018022723959731538,-0.05156559732359291,0.015520149404129834,-0.04801402,-0.041333156208053744,-0.049153723208485954,-0.03351258920762153,0.00576452,-0.00334084,89.5,1.63,-0.332,-0.11876430976430982,0.9347739267909971,-1.1723025463196168,38.9,0.20219186098041741,0.4773246510169714,-0.3889324097778344,1.3435817118117772,-0.0265,-3.0
2026-04-08,GE,GENERAL ELECTRIC COMPANY,308.06,270.01,295.14,250.94,328.25,250.12,382.13,,-2.829123328380387,1.2783914394200897,-18.860000000000014,-42.32393939393937,-29.194623592450196,-55.45325519542854,-0.0144753,0.0053081262626262634,-0.023883717659486305,0.03449997018473883,-0.01783117,0.020472759798657713,-0.012951689202290211,0.053897208799605634,0.04960212,0.10692060661073828,0.08868180444385576,0.1251594087776208,0.0170796,0.00237377,98.2,2.75,-0.445,0.48112457912458,1.6414071204238212,-0.6791579621746613,19.6,-0.19412526542870134,0.139589254248318,-0.17707645994950802,0.456254968446144,-0.02575,-3.0
2026-04-08,HPE,HEWLETT PACKARD ENTERPRISE COMPANY,24.98,22.85,27.24,21.9,27.91,18.67,30.66,1.38860103626943,-1.0511945392491475,-1.1109154929577463,-0.8099999999999987,-1.2982828282828285,0.06823971660395989,-2.664805373169617,0.0513035,-0.002559166902356903,-0.04291143198442234,0.03779309817970853,0.04153643,-0.009042934362416105,-0.07910244828961445,0.06101657956478224,-0.00516062,-0.00245040580536911,-0.0178559321826586,0.01295512057192038,0.00292828,0.01870797,70.8,1.09,1.058,0.0912289562289563,1.1667774719008948,-0.9843195594429821,78.4,-0.19583594051204667,0.1969825173491934,-0.20101036738720043,0.5949754020855872,-0.031,-3.0
2026-04-08,ICL,ICL GROUP LTD,5.39,5.03,5.43,4.76,5.72,4.3,6.46,-3.499999999999978,-1.9090909090909083,-1.0186915887850463,-0.20999999999999996,-0.3917171717171719,-0.10282235169573734,-0.6806119917386064,-0.01093834,-0.003926771279461281,-0.03068444462975148,0.022830902070828912,-0.01752616,0.0002002729530201306,-0.026330327949812136,0.026730873855852395,0.01481406,0.01010940979865773,-0.006089713002229987,0.026308532599545447,0.00199409,0.00360062,1.4,-3.29,0.533,-0.03983838383838377,0.7993448867466608,-0.8790216544234284,76.4,1.554411748944395,0.8534579588781966,-0.2330738453376776,1.9399897630940708,-0.02725,-3.0
2026-04-08,JBL,JABIL INC.,287.14,255.55,285.93,243.69,312.67,217.84,354.95,-5.985386221294329,-1.7019193106149604,-1.0219731603008404,-20.689999999999998,-25.25771043771043,-14.36206376751154,-36.153357107909315,0.00918149,0.005572113872053873,-0.026631249110443785,0.03777547685455153,0.04550821,0.017026829530201352,-0.03287053632320891,0.0669241953836116,0.07396004,0.0647704690939599,0.05282015962364473,0.07672077856427507,0.00648914,0.01353528,81.5,1.33,0.812,0.3324612794612794,1.371865558891091,-0.7069429999685324,67.7,-0.17731813447986844,0.10305602630692949,-0.25773077067244154,0.46384282328630055,-0.031,-3.0
2026-04-08,MGM,MGM RESORTS INTERNATIONAL,37.1,35.54,38.47,34.35,41.35,29.19,43.45,1.4305555555555474,1.5454545454545454,-1.2456692913385825,0.240000000000002,-0.7100673400673408,0.999767683044774,-2.419902363179456,0.00535829,-0.0010278576430976425,-0.03058782794182049,0.02853211265562521,0.03317116,-0.0013640652348993264,-0.03454026328206919,0.031812132812270535,-0.04542472,-0.036491747953020265,-0.04681169425575904,-0.02617180165028149,0.00721619,0.01923542,26.0,-1.14,0.495,0.006636363636363623,0.8263490166667311,-0.8130762893940038,70.4,0.10128965315847993,0.050653283822410376,-0.3387736068308904,0.44008017447571113,-0.02725,-3.0
2026-04-08,ARE,"ALEXANDRIA REAL ESTATE EQUITIES, INC.",44.84,40.06,45.12,38.15,48.95,33.61,55.88,-16.535714285714647,-1.6277372262773737,-1.0172101449275366,2.210000000000001,0.5031986531986533,4.832972873827231,-3.826575567429924,-0.04039233,-0.01623237582491583,-0.056994833917683875,0.024530082267852214,-0.04469945,-0.04355202379194629,-0.0965962047417446,0.009492157157852031,-0.12407828,-0.07615858362416113,-0.10115858970733227,-0.05115857754098998,0.00219833,-0.02293301,68.8,0.88,-1.168,-0.2828181818181818,0.8338305146952119,-1.3994668783315756,27.6,0.17053584764128638,0.045633538661076584,-0.2790217885050704,0.37028886582722365,-0.0375,-4.0
2026-04-08,CHD,"CHURCH & DWIGHT CO., INC.",94.2,89.27,94.17,86.34,105.72,80.09,116.04,-10.173913043478414,1.4656488549618316,1.5478384124734235,-3.489999999999995,-4.721212121212125,-1.8173080833807003,-7.62511615904355,-0.01804658,-0.0016700257912457917,-0.018998878593949043,0.015658827011457457,0.03650385,-0.005074106744966423,-0.0324119142665896,0.022263700776656754,0.01020917,0.013931603087248352,0.00679213604154222,0.021071070132954485,0.00287159,0.00285893,16.1,-1.26,-1.723,-0.15063299663299634,0.8225485733897144,-1.1238145666557071,4.6,0.9123322652449202,0.18137846169542327,-0.24362425434151647,0.606381177732363,-0.0435,-4.0
2026-04-08,NFLX,"NETFLIX, INC.",99.39,93.54,104.14,82.25,115.05,80.8,119.62,1.126252505010022,-1.0945083014048533,1.0882194728348575,-5.299999999999997,-14.92222222222222,-9.124268443688113,-20.72017600075633,0.01543275,-0.001606195084175081,-0.03129906083833402,0.028086670669983858,-0.00909012,-0.0039080495973154465,-0.03782549335866862,0.030009394164037726,0.0298717,0.07988127570469787,0.048882384626111386,0.11088016678328436,0.00137595,0.01325917,26.0,-1.27,0.288,-0.07964646464646472,0.9942585494587068,-1.1535514787516363,63.3,0.47175697233021063,0.24277809871478553,-0.28184745295826263,0.7674036503878336,-0.045,-5.0
2026-04-08,NRG,"NRG ENERGY, INC.",160.3,141.48,158.04,132.2,178.09,123.15,217.84,-9.850299401197688,-1.5795390668915141,1.5488559892328393,-13.839999999999975,-30.92259259259261,-20.264668928161683,-41.58051625702354,-0.00305341,0.003490005757575756,-0.03610556209882535,0.043085573613976864,0.0182866,0.015344283255033606,-0.032558756187518786,0.063247322697586,0.07428302,0.12777508731543633,0.105293146094774,0.15025702853609865,0.00620361,0.02658304,63.9,0.75,0.191,0.09583838383838394,0.8119066942273616,-0.6202299265505937,59.7,-0.02918554454484512,-0.02238607298445284,-0.40878249851112936,0.3640103525422237,-0.04875,-5.0
2026-04-08,ORCL,ORACLE ,143.66,135.74,149.92,120.77,156.08,112.88,202.27,-1.063225806451614,-1.8429951690821234,1.904158544509422,-15.310000000000002,-32.778047138047135,-11.267696654379908,-54.28839762171437,-0.02125071,-0.002541823299663301,-0.05198384242289554,0.04690019582356894,-0.0861795,0.0017274140268456356,-0.08519861239134488,0.08865344044503615,0.03457323,0.07878065281879189,0.05384558344440777,0.10371572219317601,0.00762297,-0.0019294,52.0,0.03,-0.291,-0.09931649831649839,1.0134581083159835,-1.2120911049489804,45.0,0.03372960894281296,-0.05314096254562524,-0.4208908813866453,0.31460895629539487,-0.049,-5.0
2026-04-08,OTIS,OTIS WORLDWIDE ,79.55,73.73,79.21,69.23,85.76,66.86,98.52,-8.16666666666671,-1.6618357487922673,1.4948778565799845,-1.25,-4.5246127946127945,-1.3502600299432035,-7.698965559282385,-0.02399564,-0.005963609427609429,-0.02639989740241044,0.014472678547191583,-0.02534495,-0.009187577785234909,-0.02418906846594184,0.005813912895472024,-0.00892588,0.006512245335570483,-0.0018474235020902695,0.014871914173231235,0.00471992,-0.00378852,60.7,0.85,-0.929,-0.04658585858585867,0.7653188964721662,-0.8584906136438835,18.1,0.008349631609297248,0.11417679944860204,-0.3101616173723657,0.5385152162695698,-0.047,-5.0
2026-04-08,PGR,THE PROGRESSIVE ,198.09,185.73,201.7,184.9,205.59,168.56,233.6,-2.6628440366972597,-1.7586666666666664,1.202505926176769,-7.009999999999991,-24.508518518518503,-12.50662495337016,-36.51041208366685,-0.01513224,-0.005037613501683503,-0.02470526671623844,0.014630039712871433,-0.02549102,-0.015735275100671152,-0.035511568415666564,0.00404101821432426,-0.01255653,0.04953646265100677,0.019393618049742045,0.0796793072522715,0.00107799,0.00100142,50.6,-0.4,-0.773,-0.1607407407407407,0.76187042782832,-1.0833519093098014,32.7,0.3653560296856795,0.1488211573354856,-0.3773677964126444,0.6750101110836156,-0.045,-5.0
2026-04-08,RVTY,"REVVITY, INC.",90.4,84.65,92.11,77.03,98.14,74.51,108.15,-1.7931034482758683,-1.7273901808785548,1.1170547514159848,-0.6199999999999903,-2.7995286195286213,2.0447939609294834,-7.643851199986726,0.01092502,-0.006862727070707068,-0.03616528822988736,0.022439834088473224,-0.03114688,-0.008950568020134216,-0.04487797630054417,0.026976840260275737,-0.00917568,-0.03333334104026834,-0.06167843416904081,-0.00498824791149587,0.00339825,-0.00873696,16.5,-1.53,-0.02,-0.18083501683501682,0.6349032098316962,-0.9965732435017298,60.1,0.5061884056159291,0.03890056708434728,-0.2534108002833622,0.3312119344520568,-0.049,-5.0
2026-04-08,STE,STERIS PUBLIC LIMITED COMPANY,225.03,213.09,226.31,193.83,237.07,190.21,265.53,-4.864864864864873,-2.591362126245848,1.1631246410109126,-1.740000000000009,-8.76097643097644,-0.6619026565982224,-16.860050205354657,0.00469811,-0.002557914713804712,-0.024607771526231764,0.01949194209862234,-0.05233462,0.0028196821140939856,-0.020928997365069542,0.02656836159325751,-0.00481345,-0.0037298957046979914,-0.014700468856862233,0.007240677447466251,0.00181679,-0.002442,25.0,-0.98,0.145,-0.10144781144781147,0.7676699678709435,-0.9705655907665665,62.9,0.11192716617130549,0.18828901261332653,-0.29920310892974017,0.6757811341563933,-0.049,-5.0
2026-04-08,STZ,"CONSTELLATION BRANDS, INC.",150.26,147.77,156.99,141.48,169.19,124.65,176.34,3.587378640776702,2.156036446469249,1.018352206169466,3.9399999999999977,0.8192592592592619,7.754950498275239,-6.116431979756715,0.00438659,-0.004941060033670038,-0.02980960022068034,0.01992748015334027,0.01859187,-0.014068039597315406,-0.05073212204354449,0.022596042848913676,-0.07092588,-0.0557684716442953,-0.07451297407173431,-0.03702396921685629,0.00028061,-0.00282309,30.6,-0.87,-0.036,-0.21647811447811438,0.8168207749815594,-1.2497770039377882,52.6,0.8047492337034756,0.2560773214285788,-0.1394893670236546,0.6516440098808123,-0.049,-5.0
2026-04-08,SYK,STRYKER ,340.01,317.13,337.64,298.37,356.3,288.49,406.61,-21.978021978021374,-2.556169429097602,1.2927018633540381,-4.360000000000014,-18.608855218855208,-7.2611375041031625,-29.956572933607255,-0.01327871,-0.004167441717171717,-0.02307779477961129,0.014742911345267855,-0.02561666,-0.010080789563758394,-0.023401777073994823,0.003240197946478037,-0.00178752,0.008725424597315389,-0.005673994551082735,0.02312484374571351,0.0040411,-0.00461478,55.2,0.46,-0.744,-0.16552188552188543,0.6975192257952172,-1.028562996838988,22.4,0.052694280366154755,0.20716978698122443,-0.10212008920250507,0.516459663164954,-0.047,-5.0
2026-04-08,TSCO,TRACTOR SUPPLY COMPANY,45.28,41.98,45.5,39.97,48.42,39.14,54.97,-10.774193548387029,-1.691082802547771,1.578175895765472,-1.9600000000000009,-4.082794612794611,-2.215495308777794,-5.950093916811428,-0.02696876,-0.0037936973400673393,-0.022404554996801107,0.014817160316666427,-0.03157288,-0.0024506230536912757,-0.030813347255481842,0.02591210114809929,-0.00323622,0.025782596610738215,0.009645137559548048,0.041920055661928385,0.00108548,-0.00095946,99.4,2.92,-1.102,-0.20821548821548813,0.6558950805368999,-1.072326056967876,18.8,0.1826899501950605,0.18167203359738565,-0.16012048797326606,0.5234645551680374,-0.047,-5.0
2026-04-08,TT,TRANE TECHNOLOGIES PLC,449.47,409.53,446.14,388.67,490.54,363.93,541.94,-5.226006191950488,-1.4803993182371566,1.0810147299509003,-12.859999999999957,-49.36262626262625,-32.66913058888635,-66.05612193636615,0.00670694,-0.003042193804713805,-0.028893762919697946,0.022809375310270337,0.02546661,-0.001429277348993296,-0.02691641584811794,0.024057861150131348,0.03370766,0.06953526496644293,0.05438096545093911,0.08468956448194674,0.00776711,0.03684762,77.2,1.24,0.307,-0.007296296296296333,0.9486869528889194,-0.9632795454815121,63.3,-0.10097246568069806,0.12076421822193598,-0.28899497340305946,0.5305234098469315,-0.04875,-5.0
2026-04-08,UAL,"UNITED AIRLINES HOLDINGS, INC.",96.3,85.95,97.92,75.89,106.5,70.97,132.73,-2.448362720403023,-2.000980392156862,1.438215554678247,-7.710000000000008,-12.421515151515157,-4.961908471657175,-19.88112183137314,0.01393607,-0.003287839764309769,-0.04556462250927716,0.03898894298065762,-0.05334481,-0.015533592516778556,-0.08441377075626202,0.053346585722704905,0.05500367,0.05616155751677839,0.02683713907010319,0.08548597596345359,0.00721953,0.00303189,66.5,0.86,0.3,-0.026538720538720598,0.8984468998840499,-0.9515243409614912,56.5,-0.02509163602957387,0.07902224365340327,-0.3239704160910432,0.48201490339784975,-0.05275,-5.0
2026-04-08,VLTO,VERALTO ,90.47,84.03,91.49,78.57,93.45,75.66,106.91,-3.2833333333333368,-3.9932885906040236,1.1100607697501685,-1.8900000000000006,-12.10074074074074,-6.906817369146778,-17.2946641123347,-0.00991751,-0.006061860101010099,-0.024984646753829203,0.012860926551809006,-0.05685539,-0.0127747589261745,-0.034819522968658166,0.009270005116309163,-0.00231827,0.07033911446308716,0.02788011183838849,0.11279811708778584,0.00207837,0.00175064,46.2,-0.2,-0.298,-0.18383838383838383,0.673656226976027,-1.0413329946527947,44.6,0.04760824208241332,0.2307886167106624,-0.20238896956441318,0.6639662029857379,-0.045,-5.0
2026-04-08,AIG,"AMERICAN INTERNATIONAL GROUP, INC.",77.43,73.04,77.77,69.41,82.79,65.69,89.82,-4.510869565217459,-1.49626865671642,1.055366269165245,-0.7199999999999989,-5.565252525252527,-2.3930606376413186,-8.737444412863734,-0.0043732,-0.0009423237373737366,-0.022985126526304935,0.02110047905155746,0.00101742,-0.00212853755033557,-0.01830345892297579,0.014046383822304652,0.00010397,0.027928377751677946,0.012373456499682719,0.043483299003673176,0.00307482,0.03268052,41.1,-0.26,-0.185,-0.012518518518518578,0.9109835596265923,-0.9360205966636295,51.0,0.34914464812092993,0.07547840806032785,-0.18822820017700903,0.33918501629766473,-0.045,-5.0
2026-04-08,ALL,THE ALLSTATE ,212.07,201.76,211.8,197.97,224.54,186.29,238.54,-7.895652173912991,-1.130713712910986,1.0267649340574088,-5.260000000000019,-18.87569023569022,-11.579592360728622,-26.17178811065182,-0.00208521,0.0015551705387205387,-0.01626213993468868,0.019372481012129756,0.02135628,0.0015848930201342276,-0.010398035172530134,0.01356782121279859,0.0174375,0.05326760996644292,0.03375780019145757,0.07277741974142826,-0.00087662,0.00256449,33.9,-0.39,0.369,0.06829292929292927,0.8411266792797908,-0.7045408206939322,64.5,0.357582058877141,0.002472917124832706,-0.21179290941811635,0.21673874366778179,-0.045,-5.0
2026-04-08,AOS,A. O. SMITH ,66.77,62.13,66.61,57.59,72.67,56.55,82.17,-12.111111111111128,-1.5559322033898277,1.5068493150684938,-1.2000000000000028,-4.001010101010104,-1.8023086284499552,-6.199711573570253,-0.00425894,-0.0014721128282828289,-0.02373295001076304,0.02078872435419738,-0.02086999,0.00130099137583893,-0.025247342397349173,0.027849325149027035,0.00303616,0.01786666516778523,0.011103751209212934,0.024629579126357527,0.00617824,-0.00580656,98.2,2.21,-0.561,-0.14372727272727273,0.9209901445938344,-1.2084446900483798,29.6,0.1081631058462229,0.08339069531189572,-0.2483366132070313,0.41511800383082276,-0.047,-5.0
2026-04-08,BXP,"BOSTON PROPERTIES, INC.",52.54,49.65,52.95,45.01,55.17,42.24,63.01,-2.6562499999999947,-2.863117870722431,1.0165048543689321,0.6599999999999966,-3.510067340067341,-1.0916037344560805,-5.928530945678601,-0.00790408,-0.010320572356902357,-0.03310999997308911,0.012468855259284399,-0.08286716,-0.020739017718120818,-0.05298024587938053,0.011502210443138892,-0.03870651,-0.0029389194966443037,-0.022026009009054274,0.016148170015765666,0.00601439,0.00236002,14.1,-1.66,-0.279,-0.27134006734006727,0.5404303257672884,-1.0831104604474229,57.3,0.34334197623851614,0.06141049194184533,-0.20702354779940618,0.32984453168309685,-0.045,-5.0
2026-04-08,CASY,"CASEY'S GENERAL STORES, INC.",758.37,721.32,788.22,690.88,831.03,659.51,849.84,1.0965463108320235,1.07660394132464,-1.0807915163441564,-79.57000000000005,-66.05297979797982,-43.76810329159109,-88.33785630436854,0.03638876,0.007821283097643097,-0.012660500036216916,0.02830306623150311,0.04895857,0.01729033157718119,-0.0020480657591917042,0.036628728913554086,0.09962587,0.08707890288590595,0.08027826183689628,0.09387954393491561,0.00029296,0.0030928,73.2,0.93,1.002,0.39781818181818185,1.307286489108547,-0.5116501254721834,70.0,-0.09846060648623345,-0.08011825870080114,-0.10605825570472362,-0.05417826169687866,-0.06,-5.0
2026-04-08,CB,CHUBB LTD,332.64,318.94,333.03,309.55,357.23,296.01,380.08,-8.92948717948717,1.0649631875270704,1.2951132951132953,-13.480000000000018,-17.40895622895622,-10.165169474640734,-24.652742983271708,-0.00697072,0.0023435831986531983,-0.012901239482091263,0.01758840587939766,0.03077803,0.007291253389261746,-0.012090856921303739,0.02667336369982723,0.02879138,0.028886640671140894,0.02241754847443224,0.03535573286784955,0.00023,0.00263743,38.3,-0.57,0.434,0.19636026936026943,0.9722552505236494,-0.5795347118031106,64.3,0.5102376949542309,0.09906092827406146,-0.18615007853953244,0.38427193508765534,-0.049,-5.0
2026-04-08,DDOG,"DATADOG, INC.",116.5,107.81,123.5,95.46,130.42,88.52,153.59,-1.1983584131326952,-1.511494252873565,1.3255897069335238,-9.849999999999994,-12.10548821548822,-2.2540085018613105,-21.95696792911513,-0.02905858,-0.003035433063973062,-0.04493257655709477,0.03886171042914865,-0.08770696,-0.006373094765100634,-0.07783872552984077,0.0650925359996395,-0.00942334,0.023102567449664442,0.0035393624798965156,0.04266577241943237,0.00105598,-0.00334711,21.0,-1.24,-0.428,-0.12196969696969691,1.0528540372607011,-1.2967934312000948,30.8,0.5051569528947897,0.02652256917924936,-0.3386758337108199,0.39172097206931866,-0.049,-5.0
2026-04-08,EXPE,"EXPEDIA GROUP, INC.",236.9,214.47,237.54,191.54,268.0,182.0,295.25,-3.153846153846165,-1.458520900321544,1.0628415300546445,-8.689999999999998,-20.994107744107755,-6.487891906257492,-35.500323581958014,-0.00265912,0.004346579663299665,-0.034204402515514,0.042897561842113324,-0.04542787,-0.001163179093959752,-0.05122376389712322,0.04889740570920372,0.01500095,0.03807950130872498,0.02363954405967615,0.052519458557773804,0.00224897,0.00025091,10.5,-1.81,0.19,0.18718181818181828,1.0605015565818594,-0.6861379202182227,41.5,0.7334569176142498,0.09008045699403441,-0.39405432765553206,0.5742152416436009,-0.049,-5.0
2026-04-08,F,FORD MOTOR COMPANY,12.18,11.0,11.93,9.96,12.74,9.85,14.88,-15.999999999999924,-3.9642857142857086,1.158798283261803,-0.0600000000000005,-0.5822558922558926,0.004846441681003788,-1.1693582261927888,-0.00375352,0.0022947864646464667,-0.020574401061072483,0.025163973990365417,-0.05864914,0.01124985496644294,-0.01951368433164686,0.04201339426453274,-0.0040819,0.0010552941610738231,-0.021181727676777774,0.02329231599892542,0.01154555,-0.00844957,39.5,-0.41,-0.089,0.11398989898989906,0.8820656161754232,-0.6540858181956251,30.0,0.21639295677552783,0.3635869864236488,-0.5940503863943325,1.3212243592416302,-0.049,-5.0
2026-04-08,GDDY,GODADDY INC.,80.82,78.24,86.24,68.58,86.39,63.35,101.84,2.646551724137939,-2.1974865350089727,1.2032054951345175,0.789999999999992,-19.455016835016842,-6.539401335443316,-32.37063233459037,-0.00024206,-0.02051705986531987,-0.04578946093433167,0.004755341203691931,-0.11831745,-0.04857204869127514,-0.09322134063971797,-0.003922756742832309,-0.0839678,0.04701963372483246,-0.01592420164905846,0.10996346909872338,0.00162004,0.01008362,18.3,-1.31,-0.974,-0.7037811447811451,0.1791271115528521,-1.5866894011151422,34.7,0.3588032569438184,0.2647520724713922,-0.24393679057967554,0.77344093552246,-0.045,-5.0
2026-04-08,IDXX,"IDEXX LABORATORIES, INC.",591.84,546.02,585.44,518.43,608.1,477.1,725.27,-3.8735741444866987,-4.514760147601484,1.1628900122014985,-6.809999999999945,-27.099461279461277,3.7816086957987594,-57.98053125472131,-0.00211528,0.004001625016835017,-0.027012812825480657,0.03501606285915069,-0.04293056,0.01563886778523484,-0.017231392487304546,0.04850912805777423,0.00377423,-0.001256041174496685,-0.027005128247843006,0.02449304589884964,0.00809458,-0.00142063,25.8,-1.26,-0.189,-0.002175084175084056,0.8872482920721013,-0.8915984604222694,37.1,0.6481116151442092,0.18725739874276703,-0.43066568550627193,0.805180482991806,-0.049,-5.0
2026-04-08,MDT,MEDTRONIC PUBLIC LIMITED COMPANY,88.65,83.67,88.32,79.07,92.17,75.54,106.33,-6.826086956521773,-2.721590909090916,1.3485888634630048,-1.3999999999999915,-2.6782828282828284,0.33008389673098737,-5.686649553296644,-0.00219773,-0.002350032053872055,-0.021388913504472747,0.016688849396728638,-0.02949271,0.003063397550335576,-0.01828050462342512,0.02440729972409627,0.00659845,-0.008023954798657727,-0.022817537899331712,0.006769628302016259,0.00491858,-0.00575406,32.7,-0.63,-0.319,-0.038451178451178514,0.996194520049507,-1.073096876951864,33.5,0.0823369780890637,0.12076633365546288,-0.20217928151849532,0.4437119488294211,-0.049,-5.0
2026-04-08,MMM,3M COMPANY,149.17,138.21,148.68,128.37,157.15,128.51,183.5,-8.87288135593215,-2.606516290726809,1.6616650532429824,-12.219999999999999,-19.683602693602698,-14.182070092296406,-25.18513529490899,-0.01079899,-0.001977395084175084,-0.024828195840765427,0.02087340567241526,-0.05146028,0.0015625030872483178,-0.028723651869754445,0.031848658044251084,0.05968349,0.07294645382550327,0.06477438301989519,0.08111852463111136,0.0064373,-0.00109518,76.4,1.09,-0.492,-0.005831649831649894,0.8021733666735736,-0.8138366663368733,26.0,0.09760407011816064,0.061079931574740946,-0.2847874407642763,0.4069473039137582,-0.047,-5.0
2026-04-08,LYB,LYONDELLBASELL INDUSTRIES NV,74.22,75.12,85.68,68.35,95.84,49.46,99.64,3.8641509433962162,3.683134582623507,1.0266558966074315,-6.049999999999997,1.5297643097643099,5.2274434958459475,-2.1679148763173277,0.0081905,-0.0034398048148148157,-0.04250685908308184,0.035627249453452206,0.10064061,-0.018974540973154312,-0.08197444659755243,0.0440253646512438,-0.04181169,-0.08685964110738263,-0.11782412944153903,-0.05589515277322623,-0.02394322,-0.02487935,90.1,1.79,0.648,-0.02800336700336719,0.893014344546538,-0.9490210785532723,69.6,-0.16226808127938708,0.02264824609842742,-0.2842961361697799,0.3295926283666347,-0.07375,-6.0
2026-04-08,SNA,SNAP-ON INC.,380.62,350.12,379.3,342.57,399.77,328.88,439.29,-5.4264150943396094,-1.9869451697127967,1.133938925396212,-19.79000000000002,-25.327979797979793,-14.870029313423636,-35.78593028253595,0.00075458,-0.00013792744107744107,-0.01455253581467084,0.014276680932515957,0.01008453,0.003530407516778527,-0.013277830354055163,0.020338645387612216,0.04322853,0.03493794701342272,0.026121159592113127,0.04375473443473231,0.00491655,-0.00014022,97.4,2.5,0.419,0.03930303030303024,0.7417080703581542,-0.6631020097520937,66.1,0.2996269917298422,0.13221762430386189,-0.1987921603590814,0.46322740896680514,-0.06475,-7.0
2026-04-08,SWK,"STANLEY BLACK & DECKER, INC.",71.49,65.05,72.22,58.95,79.85,55.28,90.44,-5.142857142857114,-1.4999999999999991,1.1690314620604572,2.009999999999991,-0.9479124579124573,3.9309192675956086,-5.826744183420523,-0.00987763,-0.006508643164983164,-0.0462947376147948,0.033277451284828466,-0.03553011,-0.01817253352348997,-0.07042374002323332,0.034078672976253374,-0.05902885,-0.050190090335570474,-0.07238097702468194,-0.02799920364645901,0.00348596,-0.01073704,99.0,2.75,-0.322,-0.07279124579124578,0.9007212283741023,-1.0463037199565939,33.9,0.0024100001861755427,0.04309656453667791,-0.22621887775010033,0.31241200682345616,-0.073,-7.0
2026-04-08,TS,TENARIS SA,58.64,57.47,61.04,56.97,66.03,48.38,70.84,1.4256756756756714,4.425149700598798,1.1890838206627685,-3.710000000000001,-2.505925925925925,-0.6124834989627423,-4.399368352889107,0.02426221,0.004983559124579124,-0.024751566151808835,0.034718684400967086,0.09730703,0.013330787046979872,-0.026526837548992373,0.05318841164295211,0.0502335,0.021172897483221487,0.007778513245207097,0.034567281721235875,-0.00966666,-0.00496354,26.2,-1.08,1.3,0.31076767676767675,1.1774338329368075,-0.5558984794014541,82.5,0.5269664649611991,0.12982840453910213,-0.3898084759086473,0.6494652849868516,-0.08625,-7.0
2026-04-08,VXN,CBOE NASDAQ MKT VOL NDX,25.24,25.03,32.42,23.34,37.33,18.38,45.24,4.931818181818195,6.363157894736847,2.9154518950437325,-10.030000000000005,-2.6270370370370366,0.5048973193652193,-5.7589713934392925,-0.00316927,0.021890653569023557,-0.04158568682190937,0.08536699395995649,0.0857603,0.07809031375838936,-0.00010263389317313742,0.15628326140995186,0.08727022,-0.01917102255033552,-0.0768299116757482,0.03848786657507716,-0.0133956,-0.05908094,18.1,-1.66,-0.234,0.01920875420875423,0.7127209597591896,-0.6743034513416811,34.3,,,,,-0.0805,-7.0
2026-04-08,CPER,UNITED STATES COPPER IDX,35.25,32.57,35.4,31.14,37.55,30.43,41.56,-4.920000000000002,-1.7869565217391323,1.3091286307053946,-2.969999999999999,-3.3716498316498327,-1.6009263083727518,-5.142373354926914,-0.01357485,0.004952894747474747,-0.020141086726258337,0.030046876221207833,-0.01167393,0.01359671775167785,-0.01808173218643277,0.04527516768978847,0.06231377,0.05731227422818789,0.03852835965841972,0.07609618879795606,0.00454432,-0.00250551,78.8,1.29,-0.275,0.3351481481481481,1.0962997682533602,-0.4260034719570639,28.8,-0.10292859727894776,0.030158977562404952,-0.32647162705479554,0.3867895821796054,-0.06375,-7.0
2026-04-08,INVH,INVITATION HOMES INC.,25.81,24.55,26.1,23.64,26.73,21.81,28.69,-2.037735849056596,-2.358695652173907,-1.3888888888888877,0.7799999999999976,-0.7347474747474759,0.045894166357053234,-1.5153891158520052,0.00010475,-0.007068339360269357,-0.021301413766730577,0.007164735046191864,-0.02092021,-0.02144038523489932,-0.037356406091015384,-0.005524364378783262,-0.03839089,-0.02037122718120799,-0.029698210696346025,-0.01104424366606995,0.00121087,0.01708174,41.1,-0.76,-0.012,-0.3478383838383838,0.3596811991262578,-1.0553579668030253,82.3,1.4082034207495804,0.24997805515010882,-0.17160145334161173,0.6715575636418294,-0.0645,-7.0
2026-04-08,MET,"METLIFE, INC.",74.34,69.0,73.58,64.36,77.24,59.43,83.73,-60.375000000001265,-3.441379310344839,-1.587859424920128,2.8500000000000085,-3.01141414141414,-0.4464208546752526,-5.576407428153027,0.01083225,-0.005324757239057235,-0.025401959768787712,0.014752445290673242,-0.02407957,-0.012867520604026829,-0.035278897956613264,0.009543856748559607,-0.02531925,-0.005252238221476513,-0.01695859478744973,0.006454118344496706,0.00164094,0.0030454,51.0,0.04,0.646,-0.15963973063973058,0.5684765599384523,-0.8877560212179134,84.3,0.29781776933692816,0.0869877192345378,-0.25348454223146655,0.42745998070054214,-0.0645,-7.0
2026-04-08,MKC,"MCCORMICK & COMPANY, INC.",50.51,45.42,51.1,41.92,57.12,41.57,68.95,-3.593749999999998,-1.2995461422087742,2.0626398210290837,-3.8200000000000003,-1.774983164983164,0.9317805259898175,-4.481746855956145,-0.05202901,-0.007059696195286194,-0.030694956996278305,0.016575564605705917,-0.06167952,-0.013714770268456368,-0.03040573128467322,0.002976190747760484,-0.02287737,-0.022323187986577113,-0.03663924917827183,-0.008007126794882403,0.00716872,-7.384e-05,94.2,2.02,-1.889,-0.2924074074074074,0.6123929993266006,-1.1972078141414155,7.7,-0.09845988516108573,0.004803322562498374,-0.26613902173849174,0.2757456668634885,-0.06125,-7.0
2026-04-08,MRNA,"MODERNA, INC.",52.1,45.77,52.1,43.46,63.77,34.37,71.37,-309.50000000006185,1.3506944444444446,1.086858432036097,1.9200000000000017,1.9161952861952862,4.975741711173884,-1.143351138783312,-0.02959887,0.007545396262626261,-0.044222599974696776,0.059313392499949304,0.10899247,0.010163236812080565,-0.0783932969580621,0.09871977058222323,-0.0790559,-0.16334576446308677,-0.21843635083729943,-0.10825517808887411,0.00039019,-0.01518709,4.6,-2.23,-0.412,0.06190572390572393,0.9481640890175235,-0.8243526412060757,26.8,0.6292437794288435,0.061197027058444174,-0.279165101610326,0.4015591557272143,-0.086,-7.0
2026-04-08,BTU,PEABODY ENERGY ,30.18,29.98,36.16,26.66,40.91,23.83,48.9,3.8538461538461504,3.048295454545454,2.9480314960629914,-9.07,-1.3060269360269359,1.2175342755273213,-3.829588147581193,-0.0251908,0.01156097821548822,-0.04097394017949098,0.06409589661046741,-0.00805113,0.006181294563758309,-0.09754130658670533,0.10990389571422195,0.03924286,-0.027720834966442915,-0.08187961163952646,0.026437941706640638,-0.01336843,-0.04928565,68.8,1.09,-0.381,0.227037037037037,1.2511636797821521,-0.7970896057080782,20.4,-0.04274727855738181,0.020868528321195363,-0.2883088915389074,0.33004594818129807,-0.08625,-8.0
2026-04-08,DG,DOLLAR GENERAL ,123.05,112.36,124.7,106.56,134.31,95.18,168.23,-3.2145214521452115,-1.4644760213143861,1.6210979547900972,-2.969999999999999,0.9446801346801368,8.975108582956176,-7.085748313595902,-0.02876048,0.010193237609427613,-0.025332995184165222,0.04571947040302045,-0.00382448,0.034167077852349056,-0.00759465147238373,0.07592880717708184,-0.0209948,-0.05153257010067109,-0.10782341745890855,0.004758277257566369,0.00520837,-0.00514271,90.5,1.77,-1.416,0.17115151515151553,1.112749223229383,-0.770446192926352,7.3,-0.19575531631565668,0.2320544780099817,-0.2640953672251584,0.7282043232451219,-0.07625,-8.0
2026-04-08,EL,THE ESTEE LAUDER COMPANIES INC.,71.44,61.38,73.82,54.96,78.88,51.52,105.98,-4.069958847736614,-2.2150537634408605,1.7339357429718882,-0.8799999999999955,3.6537373737373726,10.346899866948199,-3.0394251194734543,-0.07079751,-0.006660196060606059,-0.05118046767122246,0.037860075550010336,-0.14083019,-0.004697273187919442,-0.07058695897612516,0.06119241260028627,-0.0993675,-0.12004341258389217,-0.16884089152987672,-0.07124593363790763,0.00170974,-0.01156356,87.1,1.37,-1.493,0.10336026936026953,1.111656273817955,-0.9049357350974159,8.1,-0.03873719957577748,-0.03042420534204029,-0.3500930633165815,0.289244652632501,-0.07625,-8.0
2026-04-08,EQIX,"EQUINIX, INC.",1017.66,969.71,1031.53,948.68,1140.69,840.66,1176.77,-1.9985680190930855,1.7835604523050168,-1.1124379360191061,-26.22000000000014,-30.38377104377105,3.1679172156222393,-63.935459303164336,0.00715622,-0.002479911750841748,-0.028831938439626465,0.02387211493794297,0.08510057,-0.006109745838926142,-0.0459410410708,0.03372154939294771,0.02285921,-0.007040051409395943,-0.02135896589990338,0.007278863081111494,0.00109226,0.00234556,36.3,-0.79,1.355,0.09923569023569022,1.0349901002622022,-0.8365187197908218,91.1,1.0295604625290586,0.2661652130523573,-0.18435781517980115,0.7166882412845157,-0.096,-8.0
2026-04-08,SPY,SPDR S&P 500 ETF,676.01,628.88,675.25,601.23,707.36,570.71,761.12,-5.891304347826078,-2.3853269537480037,-1.2372224180472322,-2.9600000000000364,-25.92023569023569,-9.819465198820215,-42.02100618165116,-0.0066355,-0.0012582659932659926,-0.01582798627739164,0.013311454290859656,-0.00824689,-0.002706392684563749,-0.02293409718478465,0.017521311815657154,-0.00466136,0.014091201812080555,0.0019543444036641856,0.026228059220496924,0.00384865,0.00654733,92.9,1.89,-0.082,0.23984175084175094,1.1287640591133283,-0.6490805574298265,29.0,-0.18313404338065042,0.23121696501989641,-0.1410671886878067,0.6035011187275996,-0.07825,-9.0
2026-04-08,EFNL,ISHARES:MSCI FINLAND,52.17,48.31,51.95,45.86,54.26,45.71,56.43,-6.877551020408244,-3.0191387559808676,-1.5164319248826301,-1.1899999999999977,-1.8829292929292916,-0.43545951600171917,-3.330399069856864,0.00610417,0.0023480936363636366,-0.016959219631380956,0.02165540690410823,-0.00129965,-0.0005872860738255019,-0.02088489103945641,0.01971031889180541,0.03529142,0.013794058825503346,-0.004128467436816051,0.03171658508782274,0.00248678,0.0092777,86.7,1.78,0.785,0.5832760942760947,1.5169185278579738,-0.3503663393057844,66.5,,,,,-0.10225,-9.0
2026-04-08,EWL,ISHARES:MSCI SWITZERLAND,60.64,56.59,61.24,52.58,64.89,53.02,67.97,-3.7920792079207977,-1.8964705882352946,-1.03956343792633,-1.4099999999999966,-1.9574074074074075,-0.5694501492937616,-3.3453646655210534,-0.00207976,0.0014138285858585852,-0.013423311445148843,0.016250968616866014,-0.01952693,-0.0035565718120805323,-0.023656521546955973,0.016543377922794908,0.01312663,0.006684721073825516,0.00039839969105667436,0.012971042456594358,0.00223902,0.0043783,83.9,1.51,0.052,0.3353838383838381,1.2600414708649028,-0.5892737940972267,39.7,-0.15536562042725022,0.303224062904077,-0.16648267870030853,0.7729308045084625,-0.10525,-9.0
2026-04-08,EWZ,ISHARES:MSCI BRAZIL,39.56,37.28,39.92,35.34,43.18,31.98,45.17,-2.2666666666666693,-1.1657458563535916,-1.3511586452762927,-0.18999999999999773,-0.3286868686868684,0.9039744850936473,-1.5613482224673843,0.01520558,0.005127314646464649,-0.015593830266376618,0.025848459559305918,0.03378223,0.01824530986577181,0.0012639865522871413,0.03522663317925648,0.00204603,-0.025872274697986728,-0.03704436714156918,-0.014700182254404275,0.00480412,0.00246838,45.4,0.34,0.466,0.45873063973063954,1.3933761941174683,-0.47591491465618907,57.3,-0.12147891171602376,0.3649833696618771,-0.27550460092667833,1.0054713402504325,-0.10525,-9.0
2026-04-08,FCX,FREEPORT-MCMORAN INC.,65.1,56.52,65.75,52.11,73.06,46.93,81.24,-3.4766355140186898,-1.6319095477386911,-1.125774473358116,-1.4699999999999989,-2.8760942760942747,0.5737677801767007,-6.32595633236525,0.01527558,0.0024496320202020156,-0.037818259930524144,0.04271752397092817,0.03403723,-0.006113104966442983,-0.07097092796005754,0.058744718027171565,0.02523671,-0.0035275460738255276,-0.027789608962856715,0.020734516815205658,0.0098726,0.00214303,88.3,1.6,0.233,0.35712121212121184,1.3153810398402639,-0.6011386155978402,43.5,-0.09869062087359937,0.03657315158726997,-0.24968307451557015,0.3228293776901101,-0.10525,-9.0
2026-04-08,IWF,ISHARES:RUSS 1000 GR ETF,443.15,409.81,441.81,392.02,456.56,364.45,518.43,-5.649253731343264,-3.8128262490678524,-1.045430393198725,-9.390000000000043,-28.248249158249138,-15.168226391722866,-41.32827192477541,-0.01014098,-0.002106851212121211,-0.01954766560570799,0.015333963181465569,-0.02472167,-0.005269326006711412,-0.03242821036507361,0.02188955835165079,0.00784685,0.031105732751677714,0.018407868884465176,0.04380359661889025,0.00592911,0.00535202,90.3,1.73,-0.302,0.15191245791245778,1.104885951141403,-0.8010610353164875,29.6,-0.15551414821517395,0.1908519861560054,-0.14891973472320214,0.5306237070352129,-0.07825,-9.0
2026-04-08,RF,REGIONS FINANCIAL ,27.47,25.7,27.56,23.47,29.52,22.4,32.34,-2.7962962962962785,-1.9512195121951212,-1.0410677618069806,-0.2900000000000027,-1.5893939393939396,-0.4634230506670409,-2.7153648281208382,0.02258729,-0.0007122614141414136,-0.02676541790527627,0.02534089507699344,-0.01209251,-0.007092192114093938,-0.049879247353421884,0.035694863125234004,0.01729892,0.016921523456375806,-0.0013475077011096057,0.03519055461386122,0.00479697,0.0020389,44.8,-0.55,0.321,0.0916565656565657,1.1894404096535836,-1.006127278340452,49.0,0.15716472961904127,0.09075191005019177,-0.20148161232028788,0.38298543242067146,-0.0975,-10.0
2026-04-08,ROK,"ROCKWELL AUTOMATION, INC.",389.97,350.13,382.75,330.4,409.68,307.54,461.91,-11.681003584229554,-3.022323693556576,-1.1458159577425633,8.340000000000032,-11.088215488215493,5.90646346383118,-28.082894440262166,0.01803116,0.0021281090235690204,-0.027302756929045508,0.03155897497618355,-0.00677255,0.005700048691275166,-0.02991326147100117,0.0413133588535515,-0.0036367,-0.009750015302013455,-0.02320978151597483,0.003709750911947923,0.01464148,0.00598129,46.2,-0.17,0.432,0.2191952861952861,1.1764793079051175,-0.7380887355145453,51.4,0.30877076620084143,0.15111269122755772,-0.3630938019514583,0.6653191844065738,-0.0975,-10.0
2026-04-08,TSN,"TYSON FOODS, INC.",64.65,62.33,67.35,60.27,69.45,55.81,71.75,1.1402714932126639,1.0958904109589027,-1.2450704225352127,-2.7299999999999898,-3.0598316498316485,-1.270274770904962,-4.849388528758335,0.01018408,0.0010368905723905724,-0.015533571614565105,0.01760735275934625,0.01231321,0.002202073959731546,-0.02425594334941885,0.028660091268881943,0.01450011,0.014156848489932879,0.00710702011158945,0.021206676868276306,-0.00309168,0.00794969,47.4,0.22,0.917,0.01557575757575746,0.8422412479186367,-0.8110897327671218,84.7,0.2028882156333507,0.10683416525759377,-0.25529222796291506,0.4689605584781026,-0.0925,-10.0
2026-04-08,ANET,"ARISTA NETWORKS, INC.",145.07,116.4,134.74,110.72,148.73,100.32,183.06,,-9.385245901639351,-1.17794156356936,-7.930000000000007,-22.988148148148145,-13.109039820148272,-32.867256476148015,-0.00324662,-0.0029826743097643117,-0.04537655779101007,0.03941120917148145,0.00123064,0.0012240573489932884,-0.07024469277834945,0.07269280747633604,0.08118937,0.1076187983557047,0.08794129217028268,0.12729630454112673,0.01941537,0.02025726,87.3,1.55,0.193,0.07783838383838389,1.0038701682193878,-0.8481934005426199,45.2,-0.10278960479349564,-0.020472793737274137,-0.3040358642564156,0.26309027678186736,-0.10125,-10.0
2026-04-08,AXP,AMERICAN EXPRESS COMPANY,316.34,292.88,311.8,271.68,328.65,255.01,370.12,-5.801566579634395,-3.6279447603574297,-1.1403867608776488,-4.210000000000036,-30.377003367003365,-17.243285614464035,-43.510721119542694,0.00762916,-0.002799234915824918,-0.02606339743672298,0.020464927605073145,-0.04122689,-0.005961282114093961,-0.035884383234684375,0.02396181900649645,0.01874097,0.04402644788590599,0.02993322661203141,0.058119669159780576,0.0055523,0.00886103,23.6,-1.18,0.63,-0.005356902356902488,0.9814840309225079,-0.9921978356363128,64.9,0.5762309701942951,0.06713020660613536,-0.24843986468988735,0.3827002779021581,-0.0975,-10.0
2026-04-08,BKNG,BOOKING HOLDINGS INC.,181.0,159.3,178.69,145.01,193.0,138.51,212.47,-4.498783454987822,-2.9991666666666674,-1.3501747696218624,3.539999999999992,-16.969934006734004,-8.678013503962717,-25.26185450950529,0.00243459,-0.0038328269360269375,-0.02781195256196772,0.020146298689913845,-0.0447137,-0.010682645033557056,-0.03520974637700824,0.013844456309894127,-0.02106313,0.03132237802013411,0.0037429813376485405,0.058901774702619675,0.00445999,0.01233004,19.4,-1.37,0.296,-0.06555892255892255,0.8556833556713136,-0.9868012007891588,64.7,0.18350365751080866,0.15483294256973718,-0.163750368347087,0.47341625348656136,-0.0975,-10.0
2026-04-08,DECK,DECKERS OUTDOOR ,106.35,93.45,106.89,86.83,116.39,75.37,136.72,-5.279069767441844,-1.9442231075697196,-1.0200856108001313,3.549999999999997,-11.853838383838376,2.9086937893012,-26.61637055697795,-0.00072814,-0.01379771666666665,-0.05933859864332974,0.031743165309996435,-0.01035953,-0.021883066778523457,-0.07772869673382429,0.033962563176777386,-0.04432835,0.010826597550335522,-0.023764776252182825,0.045417971352853866,0.00329488,0.00560851,92.9,2.02,0.054,-0.31621548821548834,0.8985091638908973,-1.530940140321874,60.9,-0.1933554415755826,0.12663282385584512,-0.4654945797375079,0.7187602274491982,-0.10125,-10.0
2026-04-08,DLR,"DIGITAL REALTY TRUST, INC.",185.63,175.43,187.18,173.33,199.96,157.1,211.66,-2.7922437673130043,1.1650406504065067,-1.0960430272762198,-3.8000000000000114,-11.703905723905729,-5.578223723992988,-17.82958772381847,0.00272365,-0.002388251851851853,-0.023552589698321705,0.018776085994617997,0.05109063,-0.003923312953020152,-0.0327718228662272,0.024925196960186892,0.01103587,0.026601769328859028,0.00997779700367819,0.04322574165403986,0.00266432,0.00732931,31.2,-0.84,0.387,0.04271043771043781,0.9878045147837546,-0.902383639362879,58.5,0.616988904366885,0.28735929348743344,-0.03522937726391112,0.609947964238778,-0.0975,-10.0
2026-04-08,EFX,EQUIFAX INC.,184.38,170.99,189.0,152.37,194.5,146.76,219.62,-1.5399737876802106,-3.1630434782608674,-1.0675368898978432,3.3899999999999864,-8.930808080808081,2.7369018380322334,-20.598517999648394,-0.01418772,-0.011731208047138049,-0.04164959825506784,0.018187182160791744,-0.10358199,-0.031009332718120824,-0.06248529891286138,0.0004666334766197343,-0.06218622,-0.023175434127516735,-0.0442422675979558,-0.002108600657077672,0.00418544,0.00269804,45.8,-0.42,-0.597,-0.3017710437710436,0.4471904679574269,-1.050732555499514,32.7,0.2512430093714457,0.0239333527876312,-0.30627390846287933,0.35414061403814173,-0.0975,-10.0
2026-04-08,ESS,"ESSEX PROPERTY TRUST, INC.",251.9,236.11,253.69,233.77,263.86,212.59,286.02,-2.4010416666666607,-1.5158862876254167,-1.1521101992966012,-0.9399999999999977,-16.180033670033673,-6.291308432512565,-26.06875890755478,-0.0044475,-0.004996591077441076,-0.021419996340838104,0.011426814185955952,0.01126181,-0.009803319966442953,-0.028712701540642926,0.009106061607757019,-0.00952072,0.01460860171140933,-0.0008114236599800831,0.030028627082798742,0.00439708,0.00734797,53.8,-0.06,-0.244,-0.12334343434343432,0.5282230433836085,-0.7749099120704771,46.0,0.17051142762623894,0.08955397966251621,-0.22196873551911522,0.40107669484414765,-0.0975,-10.0
2026-04-08,FITB,FIFTH THIRD BANCORP,49.34,45.77,49.69,41.92,52.64,39.41,57.85,-2.466666666666676,-2.2484848484848508,-1.1668625146886027,-0.4099999999999966,-3.5031649831649863,-1.4888576908287674,-5.517472275501206,0.03089108,-0.0008574284175084158,-0.027038624510356296,0.025323767675339462,-0.01252426,-0.002578920771812084,-0.04376285778339202,0.03860501623976785,0.02061972,0.033619660939597305,0.021723529927544307,0.0455157919516503,0.00533728,0.00467326,43.5,-0.59,0.642,0.07367003367003366,1.1460894782339204,-0.9987494108938529,60.5,0.08402226923632816,0.13408230137854563,-0.19944950270997544,0.4676141054670667,-0.0975,-10.0
2026-04-08,HLX,"HELIX ENERGY SOLUTIONS GROUP, INC.",9.66,9.23,10.36,9.17,11.46,7.51,11.77,1.2499999999999982,3.6734693877551017,-1.0189573459715644,-0.41000000000000014,-0.2785521885521888,0.21046184098553422,-0.7675662180899118,0.01667192,0.0017916087205387275,-0.041124743353971774,0.044707960795049226,0.11096701,-0.004852606711409392,-0.0683763646472682,0.05867115122444943,-0.01987335,-0.03610055265100665,-0.06475165110201382,-0.007449454199999487,-0.0091892,-0.01514322,26.8,-0.9,0.586,0.08770370370370374,0.822043786947059,-0.6466363795396516,77.2,0.3512685179096102,0.09892791325239254,-0.34655750729394563,0.5444133337987307,-0.0975,-10.0
2026-04-08,IQV,IQVIA HOLDINGS INC,172.54,164.76,178.66,132.53,195.94,134.01,208.61,1.0530612244897979,-1.709829059829059,-1.068200720820626,3.579999999999984,-4.673838383838385,7.299723909849277,-16.647400677526047,0.00935303,-0.004804421515151516,-0.043974736723478805,0.034365893693175775,-0.11267408,-0.009093364429530204,-0.0855637098374603,0.06737698097839988,-0.05188937,-0.039009237617449545,-0.06432556469580497,-0.01369291053909412,0.00245401,-0.01122744,18.8,-1.45,0.069,-0.02870033670033668,0.8898452313441726,-0.9472459047448459,46.2,0.42155475534737796,0.10242261145013623,-0.2451612368354504,0.45000645973572284,-0.1015,-10.0
2026-04-08,NDAQ,"NASDAQ, INC.",88.09,82.94,89.63,72.67,96.71,74.33,100.91,-1.734939759036151,-1.7888631090487261,-1.0733229329173177,-2.1400000000000006,-7.055589225589223,-3.4091640408375024,-10.702014410340944,0.00219425,-0.000557261582491584,-0.025098663339594558,0.023984140174611392,-0.04042996,0.00048091560402684395,-0.022166715885161493,0.02312854709321518,0.01282196,0.034849444865771705,0.02235670528099562,0.04734218445054779,0.00116598,0.00091217,37.9,-0.67,0.035,0.24826599326599294,1.360597170839987,-0.8640651843080012,47.8,0.1635874281977403,0.16234734464971712,-0.2628394090031155,0.5875340983025497,-0.0975,-10.0
2026-04-08,TECK,TECK RESOURCES LIMITED,55.69,49.05,56.03,44.25,62.21,40.04,68.59,-3.1711229946523987,-1.7546012269938638,-1.2131782945736427,-0.4000000000000057,-2.4091919191919184,0.4475637096951104,-5.265947548078947,0.01410059,-0.0014741223905723887,-0.041060586219720085,0.03811234143857531,-0.0037913,0.0004055857382550299,-0.05439128450812529,0.05520245598463534,0.0052894,-0.009552563020134271,-0.03389487368198095,0.01478974764171241,0.01345049,0.00399636,80.0,1.2,0.365,0.11926936026936025,1.0123636064748391,-0.7738248859361185,51.0,-0.009590308903550282,0.010546815438741124,-0.2930608053205538,0.31415443619803607,-0.10525,-11.0
2026-04-08,CMI,CUMMINS INC.,596.65,522.81,573.45,482.44,633.53,484.86,687.4,,-3.096800433839479,-1.2318457300275478,-25.170000000000073,-40.34387205387201,-15.861166971871302,-64.82657713587272,0.0092262,0.004055437070707077,-0.02350800654364029,0.031618880685054446,-0.00748021,0.012856837953020117,-0.03249787263020368,0.05821154853624391,0.06797232,0.05173105714765108,0.02824923176209642,0.07521288253320574,0.01056952,0.00818339,95.8,2.35,0.534,0.40321212121212097,1.409388428965892,-0.6029641865416502,46.6,-0.059418985171394656,0.021908411262754248,-0.29147900180295455,0.335295824328463,-0.10525,-11.0
2026-04-08,EXR,EXTRA SPACE STORAGE INC.,137.73,126.22,136.31,120.64,147.74,113.08,165.16,-9.644859813083912,-1.7072927072927029,1.1127789046653151,-0.700000000000017,-2.740370370370368,2.505840765419087,-7.986581506159823,-0.01835224,-0.004953873501683504,-0.027664538014037007,0.017756791010669997,0.00179209,-0.010274211744966491,-0.03760395903205584,0.017055535542122857,-0.01246194,-0.025989650503355714,-0.03839462288911637,-0.013584678117595058,0.00732078,-0.00353447,68.7,0.86,-0.823,-0.07049831649831655,0.8270337243532982,-0.9680303573499313,15.7,-0.06418057721370785,0.11765867909362866,-0.19223807294731188,0.4275554311345692,-0.12975,-11.0
2026-04-08,FRO,FRONTLINE PLC,36.15,34.5,38.79,31.74,43.19,26.67,48.24,1.5215053763440856,1.5963718820861676,1.2753164556962033,-2.6300000000000026,-1.3692592592592587,0.33248868655148045,-3.071007205069998,0.0439682,0.011817719932659926,-0.020696732037896917,0.04433217190321677,0.09733705,0.02222029704697986,-0.018809748638636794,0.06325034273259651,0.04374689,0.011844758758389246,-0.0022576611359068095,0.025947178652685303,-0.0038028,-0.01450967,56.2,0.4,0.129,0.3741818181818182,1.3455096328701568,-0.5971459965065204,38.3,-0.1931800965940056,0.14565009049117172,-0.24021220692230727,0.5315123879046507,-0.123,-11.0
2026-04-08,FRT,FEDERAL REALTY INVESTMENT TRUST,107.39,103.29,109.82,101.52,113.56,93.23,118.58,-1.102236421725242,1.0511073253833043,-1.2654155495978552,0.9099999999999966,-1.249326599326598,2.0451836097898526,-4.543836808443048,0.00394117,-0.002599588518518518,-0.018044846253884028,0.012845669216846992,0.01854479,-0.01313236046979869,-0.03820010176038596,0.01193538082078858,-0.02459932,-0.024205227147650978,-0.03443028294900784,-0.013980171346294118,0.00106532,0.00388984,56.5,0.07,0.049,-0.01961952861952869,0.7245236981282811,-0.7637627553673384,53.4,-0.07537371402976134,0.11675864432467584,-0.20581014440215709,0.4393274330515088,-0.10525,-11.0
2026-04-08,FXY,INVESCO:JAPANESE YEN,57.9,56.62,58.85,54.9,61.15,53.71,61.79,-1.161904761904756,1.0833333333333333,-1.0771208226221072,-0.3500000000000014,-0.7121548821548823,0.07355838666227321,-1.497868150972038,0.00524763,-0.000490535521885521,-0.006846614813619854,0.005865543769848811,0.00700439,-0.0030783031208053645,-0.01312786411954921,0.00697125787793848,-0.00756507,-0.008552148053691255,-0.013838486485375638,-0.003265809622006873,0.00174573,0.00168166,70.4,0.84,-0.306,-0.2754814814814815,0.5586928152079196,-1.1096557781708827,58.1,-0.021054189942185664,0.16711424259313834,-0.18911972517342046,0.5233482103596971,-0.10525,-11.0
2026-04-08,NUE,NUCOR ,182.16,165.26,180.37,156.76,196.43,137.79,208.89,-14.52941176470573,-1.7799579537491232,-1.6599326599326607,7.310000000000002,-2.0322558922558907,4.020014116478212,-8.084525900989993,0.01703223,0.0034718985185185182,-0.02312552695489389,0.030069323991930925,0.0336872,0.009277519999999984,-0.03901825206247102,0.057573292062470985,-0.02308219,-0.0327384738255035,-0.04447976555647897,-0.020997182094528034,0.00787577,0.00956005,99.8,3.18,0.712,0.21851178451178474,1.1380317095798296,-0.7010081405562602,67.7,0.17750172478784365,0.10701985785500621,-0.18413959954835202,0.3981793152583645,-0.11325,-12.0
2026-04-08,NVR,"NVR, INC.",6755.5,6424.74,6925.56,5931.66,7352.52,5560.13,8146.67,-1.5734795092665066,-1.3799202706776985,1.1637986564829301,-61.81999999999971,-529.0030976430972,-291.37612267973793,-766.6300726064566,0.0085368,-0.00417308744107744,-0.021850704153770478,0.013504529271615596,-0.01313709,-0.00894615691275169,-0.03205085095824658,0.014158537132743197,-0.01014978,0.022156828590604062,0.011062184563498587,0.03325147261770954,0.00060371,0.00339436,63.3,0.54,-0.088,-0.25802356902356877,0.5924563011542971,-1.1085034392014346,48.2,,-0.2600656919919101,-0.36067511876779956,-0.15945626521602066,-0.12,-12.0
2026-04-08,PCAR,PACCAR INC,124.19,113.09,121.99,108.45,132.06,100.46,144.6,-16.147540983606564,-1.9999999999999982,-1.1626653601175898,-0.6000000000000085,-8.834208754208754,-4.740139444789516,-12.928278063627992,0.01164945,0.0004364867340067368,-0.019623619531654132,0.020496592999667607,0.01712973,0.0015115809060402808,-0.023516160621370377,0.026539322433450935,0.01633753,0.03833020926174497,0.027007338439284143,0.0496530800842058,0.01055246,0.00424882,89.9,1.58,0.49,0.05647811447811446,0.8503407125946432,-0.7373844836384142,65.5,0.2515711803347862,0.07717084925697407,-0.17523370136955682,0.3295753998835049,-0.11325,-12.0
2026-04-08,QCOM,QUALCOMM INC.,127.51,118.73,130.89,110.61,131.45,104.35,158.75,-2.6628242074928097,-4.289340101522862,1.3488773747841096,-4.409999999999982,-15.72548821548822,-7.9601609233898385,-23.4908155075866,-0.01654171,-0.005196021582491588,-0.034583055194234484,0.024191012029251308,-0.09175083,-0.013000530000000007,-0.06855080690683568,0.04254974690683566,-0.01778473,0.03596482295302018,0.015747095397395466,0.05618255050864489,0.00215153,-0.01314129,47.4,-0.54,-0.989,-0.14995622895622895,0.7279992977428215,-1.0279117556552793,19.0,0.8758175399466823,0.14541330458034268,-0.24927939394688736,0.5401060031075727,-0.122,-12.0
2026-04-08,RMD,RESMED INC.,230.7,215.7,230.36,201.62,245.67,194.08,281.18,-3.4839506172839374,-1.9425517702070798,1.3784817039868937,-5.939999999999998,-18.137373737373725,-6.967785660404507,-29.30696181434294,-0.00754505,-0.0023320395286195272,-0.023890437108278505,0.01922635805103945,-0.02565039,-0.002540538657718119,-0.024441048970209715,0.01935997165477348,0.00787446,0.02612862104026845,0.0019596702717481,0.0502975718087888,0.0030989,-0.00167247,55.4,-0.25,-1.071,-0.1163063973063973,0.8824239776620484,-1.115036772274843,15.3,0.6638157343460982,0.3840499974095754,-0.2891066615159777,1.0572066563351286,-0.122,-12.0
2026-04-08,SBAC,SBA COMMUNICATIONS ,218.71,169.05,227.81,164.16,242.7,151.52,233.98,-1.5981559738762963,-2.2738641100458548,-4.400130975769487,9.04000000000002,-4.434848484848488,2.6365669040227937,-11.50626387371977,0.03982583,-0.002682341245791245,-0.02194968489577189,0.0165850024041894,0.00390412,-0.00934555694630872,-0.030095254909648816,0.011404141017031376,-0.00949503,-0.023240133489932847,-0.03369734529926138,-0.01278292168060431,0.01351813,0.015408,93.5,2.15,0.531,-0.144969696969697,0.6551906938930669,-0.9451300878324609,85.3,-0.4810713489856564,0.15903503991945042,-0.21159828551085189,0.5296683653497527,-0.13325,-12.0
2026-04-08,XYL,XYLEM INC.,127.97,117.4,127.71,109.56,132.68,106.0,141.74,-4.862433862433823,-3.908704883227169,-1.595497458242555,2.5,-7.578047138047132,-2.89866067613435,-12.257433599959914,0.0039988,-0.0011230561279461262,-0.024585616939581462,0.02233950468368921,-0.02909454,-0.0031843560738254993,-0.02665936038020524,0.020290648232554238,-0.01603881,0.014971205771812027,-0.00032326626252896125,0.030265677806153017,0.0032853,0.00789655,62.5,0.24,0.559,0.010003367003366863,0.9664329800530439,-0.9464262460463101,68.1,0.2151667382655882,0.19824272405323423,-0.19441395823789132,0.5908994063443598,-0.11325,-12.0
2026-04-08,ACGL,ARCH CAPITAL GROUP LTD.,98.6,94.28,99.0,91.3,105.1,84.6,112.0,-2.826086956521713,-1.1230769230769226,-1.0447761194029845,-0.9400000000000119,-5.944983164983162,-3.034951108345026,-8.855015221621297,0.0101334,-0.0022875467003366967,-0.018128054455860663,0.01355296105518727,0.02750733,-0.001820940067114093,-0.021574638773833855,0.01793275863960567,0.01030517,0.02371596104026854,0.010607309848701956,0.03682461223183512,0.00252387,0.00935438,58.7,0.14,0.462,0.002003367003367016,0.7479468902365202,-0.7439401562297862,71.6,0.5389273074851679,0.12199081946284425,-0.16530679450722263,0.4092884334329111,-0.11325,-12.0
2026-04-08,AES,THE AES ,14.4,13.81,14.91,12.82,16.16,12.01,16.74,1.1132075471698086,1.1139240506329111,-1.0213675213675224,-0.16999999999999993,-0.03666666666666644,0.8550644920686666,-0.9283978254019994,0.01386459,0.0025892483838383844,-0.037141936952964534,0.04232043372064131,0.02032672,0.011609767684563736,-0.025107594952294202,0.04832713032142168,-0.00474749,-0.05674751805369135,-0.10213069184556836,-0.011364344261814326,0.00075848,-0.00334639,16.9,-1.54,0.615,0.02665319865319862,0.7883737956151149,-0.7350673983087177,80.4,3.4983414960930173,0.2557448305788212,-1.0987880862657642,1.6102777474234067,-0.13875,-12.0
2026-04-08,AKAM,"AKAMAI TECHNOLOGIES, INC.",116.0,109.83,123.52,105.06,131.3,89.98,134.62,1.1441717791411041,1.3985374771480819,-1.3974221267454345,-4.840000000000003,-3.6612457912457925,2.1735796534258816,-9.496071235917466,0.02088168,0.00011268528619528272,-0.033843690025523364,0.03406906059791393,0.08033948,-0.004948933020134236,-0.04727549485754057,0.03737762881727209,0.00119927,-0.020127314530201328,-0.037703012874234484,-0.0025516161861681708,0.00089755,-0.00155931,43.1,-0.7,0.965,0.09634343434343436,0.8047196393860642,-0.6120327706991954,88.3,0.45231462574791714,0.20198835749635877,-0.476270647100947,0.8802473620936646,-0.13875,-12.0
2026-04-08,CCL,CARNIVAL CORP,28.03,24.35,27.05,21.32,30.34,20.17,35.99,-13.076923076923185,-2.904761904761907,1.0127226463104329,-0.25,-3.18882154882155,-1.3345029157253958,-5.043140181917704,0.02026724,-0.0021600427609427607,-0.04490589240125347,0.04058580687936795,-0.04463831,-0.001544401644295311,-0.06397442899439368,0.06088562570580306,0.02514875,0.046092442382550246,0.021755175968653277,0.07042970879644722,0.01937786,0.01151182,98.6,2.83,0.32,0.002892255892255941,1.0682207082133988,-1.0624361964288869,56.2,-0.29266467605455104,0.05138588738258767,-0.22673812897768145,0.32950990374285677,-0.11375,-12.0
2026-04-08,CMCSA,COMCAST ,27.96,26.29,28.62,25.87,30.32,23.38,34.4,-2.964912280701755,1.1291866028708133,1.4061135371179028,-0.5999999999999979,0.04171717171717159,1.1967634212919838,-1.1133290778576406,-0.03354009,-0.007817994646464642,-0.03127610776166672,0.01564011846873744,-0.01094515,-0.018322869530201374,-0.05292048829095155,0.0162747492305488,-0.04274768,-0.04914482523489949,-0.06361719986456214,-0.03467245060523684,-0.00082164,-0.00488286,32.9,-0.74,-1.588,-0.2195589225589225,0.7600234091816488,-1.199141254299494,9.3,0.4312227754011837,0.2731249289730967,-0.22743515745264486,0.7736850153988383,-0.11375,-12.0
2026-04-08,CPRT,"COPART, INC.",33.17,31.86,34.01,29.09,35.79,28.08,41.03,-1.1666666666666698,-1.5572519083969487,1.5442043222003918,-0.6099999999999994,-4.408686868686869,-1.801092588124241,-7.016281149249497,-0.00591614,-0.014751708350168348,-0.036831325586449706,0.00732790888611301,-0.05397396,-0.02640321114093959,-0.0459815872947053,-0.006824834987173879,-0.02241234,0.03476403033557062,0.007367929937242088,0.06216013073389916,0.00321373,0.00046383,29.8,-0.83,-1.18,-0.5074713804713805,0.4825162252501306,-1.4974589861928918,26.4,0.24348160709574618,0.3027144014335773,-0.11932093053587,0.7247497334030246,-0.122,-12.0
2026-04-08,EPOL,ISHARES:MSCI POLAND,38.58,35.47,38.51,33.08,40.53,32.72,43.18,-4.1230769230769315,-2.8205128205128163,-1.2739130434782604,-1.2700000000000031,-2.5139730639730637,-1.3442019039423647,-3.683744224003763,0.01679793,0.005776057340067336,-0.01165804506968074,0.023210159749815412,-0.00699979,0.01220618167785236,-0.006862907557652955,0.031275270913357675,0.0453787,0.04302140325503368,0.03586253959663125,0.05018026691343611,0.00312671,0.01459865,71.6,0.98,0.775,0.3837575757575757,1.139016164339351,-0.3715010128241996,76.8,0.2862010515646338,0.8244267720707964,0.28396842319828663,1.3648851209433062,-0.11325,-12.0
2026-04-08,EWS,ISHARES:MSCI SINGAPORE,29.05,27.77,29.11,26.62,29.97,25.67,31.72,-6.647058823529478,-2.641304347826092,-1.265917602996255,-0.6099999999999994,-1.2370370370370363,-0.5095478511960956,-1.964526222877977,0.00752264,0.0023515500336700333,-0.012515265947535695,0.017218366014875763,-0.00498914,0.007815148456375815,-0.008242804605377846,0.023873101518129478,0.02608692,0.018128590134228125,0.009663794995368076,0.026593385273088174,0.00046965,-0.00764721,63.1,0.86,0.685,0.4073804713804712,1.426351875785778,-0.6115909330248357,70.4,0.8519907470847092,0.7528574165341335,-0.47930663282424346,1.9850214658925105,-0.11725,-12.0
2026-04-08,EXPD,EXPEDITORS INTERNATIONAL OF WASHINGTON,146.62,141.62,150.32,128.22,155.69,124.13,171.06,-1.193211488250656,-2.0286659316427804,1.0867052023121382,-4.109999999999985,-6.083030303030304,1.1965083742354734,-13.362568980296082,0.0114351,0.0018784183501683513,-0.028111254367832232,0.03186809106816894,-0.05021201,0.003463840234899336,-0.031929144581014514,0.03885682505081319,0.0183745,0.001552805167785231,-0.01101400873519381,0.014119619070764273,0.00029224,-0.00723347,36.7,-0.84,0.533,0.24606734006734005,0.9332201041057824,-0.44108542397110223,65.3,0.4432692583739981,-0.04872551926272216,-0.3986171663136895,0.30116612778824514,-0.13975,-12.0
2026-04-08,IBM,INTERNATIONAL BUSINESS MACHINES ,241.74,233.33,254.52,206.84,267.16,202.37,303.88,1.6311377245508942,-1.3729346970889058,1.5783591567183128,-20.730000000000018,-35.520134680134696,-22.3379412499635,-48.70232811030589,-0.00796922,-0.0009294528619528614,-0.03147681769178736,0.029617911967881636,-0.05746621,0.0026064695302013413,-0.03013317337544183,0.03534611243584451,0.03046575,0.07347471093959736,0.04937239359987482,0.0975770282793199,-0.00091066,0.00038409,31.0,-1.1,-0.471,0.1262289562289563,1.1356907080962713,-0.8832327956383588,26.8,0.6114848840572622,0.13988195849236149,-0.34551304981266084,0.6252769667973838,-0.122,-12.0
2026-04-08,JPM,JPMORGAN CHASE & CO.,307.97,287.63,304.42,270.3,321.92,257.83,352.43,-8.133928571428758,-2.7003584229390714,-1.127755285650024,-9.189999999999998,-31.290875420875388,-21.46035012415662,-41.121400717594156,0.01399077,-4.0526666666665765e-05,-0.019209408868507683,0.019128355535174352,-0.00772129,0.0028887917114094005,-0.019711920517712752,0.025489503940531556,0.04219829,0.06174926624161106,0.05260258946239533,0.0708959430208268,0.00512713,0.00122558,74.6,0.92,0.912,0.21779124579124584,1.2345950800461807,-0.7990125884636889,74.8,0.13662575641930186,0.1863127521976749,-0.1734288734245683,0.5460543778199181,-0.11325,-12.0
2026-04-08,LOW,"LOWE'S COMPANIES, INC.",243.66,221.65,241.2,209.77,260.08,193.15,299.89,-10.210784313725522,-2.0639464068209508,1.113244901999604,-5.02000000000001,-13.22558922558922,-4.018943028653057,-22.43223542252538,-0.00951692,-0.002643777676767677,-0.02479516200300132,0.019507606649465967,-0.02095439,-0.004238841006711414,-0.03223476631011839,0.02375708429669556,0.0038676,0.013327896275167787,0.002256175023537095,0.02439961752679848,0.00658172,-0.01080493,98.2,2.58,-0.323,-0.18788888888888894,0.9629251434103947,-1.3387029211881727,35.9,-0.19533008239943583,0.1345004376306059,-0.17995985388261823,0.44896072914383,-0.11775,-12.0
2026-04-08,MAR,"MARRIOTT INTERNATIONAL, INC.",348.58,321.02,346.65,304.21,377.74,276.15,410.91,-4.65225563909775,-1.5216049382716037,-1.1620407508422903,-6.03000000000003,-20.034680134680134,-8.201391628364908,-31.867968640995358,0.01353609,0.0012987300000000034,-0.02365268175727166,0.02625014175727167,0.03393407,-0.005283705436241613,-0.03653454718524896,0.02596713631276574,0.0278552,0.0287381127181208,0.019982637098654832,0.037493588337586765,-0.00069368,0.00312319,74.8,1.02,0.689,0.13182828282828274,1.105713609341307,-0.8420570436847415,70.4,0.035071598207792265,0.059161412384558854,-0.2399486833620742,0.3582715081311919,-0.11325,-12.0
2026-04-08,MCHI,ISHARES:MSCI CHINA,57.3,53.53,57.05,52.0,58.89,50.08,67.82,-9.205128205128183,-3.3333333333333246,1.457063711911357,-4.150000000000006,-4.699158249158249,-2.320642437830213,-7.077674060486286,-0.01403696,0.0010026017508417517,-0.021705909268652908,0.023711112770336412,-0.02364508,0.001416207516778522,-0.019763960414806134,0.02259637544836318,0.05501584,0.04655048312080544,0.02877475552485736,0.06432621071675351,0.00344942,-0.00109041,76.4,1.15,-0.387,0.1745521885521886,1.1082807637633159,-0.7591763866589387,36.9,-0.13179656941253537,0.16181497358393,-0.11269397894812672,0.4363239261159867,-0.11775,-12.0
2026-04-08,ALGN,"ALIGN TECHNOLOGY, INC.",176.83,160.71,182.38,151.85,196.03,134.44,210.33,-1.8856041131105417,-1.3010416666666684,-1.2653731343283587,8.04000000000002,5.657676767676768,16.275644662688144,-4.960291127334609,0.00859973,-0.007396266565656562,-0.050336578056992515,0.03554404492567939,-0.0047338,-0.02025480406040275,-0.07401439430884456,0.03350478618803905,-0.07678574,-0.11034447644295324,-0.14605874093683544,-0.07463021194907105,0.00505564,-0.00807994,95.4,2.39,0.275,-0.045114478114478065,0.9346075213884145,-1.0248364776173706,45.8,0.08887282991718548,0.26123258876474414,-0.3038937737199479,0.8263589512494363,-0.1255,-13.0
2026-04-08,Q,"QNITY ELECTRONICS, INC.",129.34,110.59,126.71,103.27,149.96,109.87,206.92,-7.881516587677785,-1.264306498545102,3.984591679506933,-74.74000000000001,-96.1085106382979,-87.21452708840566,-105.00249418819014,0.02864329,0.013188149174311933,-0.027984613389776553,0.05436091173840042,0.09898429,0.10558356563829793,0.06948944503592451,0.14167768624067134,0.47839711,0.5441450620833332,0.5098180290813216,0.5784720950853449,0.01414174,0.00034312,89.4,1.51,0.64,0.34540860215053776,1.155575415845196,-0.4647582115441205,60.3,0.004761169572544022,-0.004380332832660364,-0.10598577953684148,0.09722511387152076,-0.12,-13.0
2026-04-08,SBLK,STAR BULK CARRIERS CORP.,24.63,23.0,25.28,21.48,27.18,18.85,30.73,-1.5168539325842663,-1.235294117647058,1.0553633217993086,0.259999999999998,-0.5665656565656568,0.34138662997111646,-1.47451794310243,0.02934165,0.004540975185185185,-0.02603900386216264,0.03512095423253301,0.04494226,0.0019619165100670907,-0.04478766336285878,0.04871149638299297,-1.788e-05,-0.014285541744966419,-0.027556066544060183,-0.0010150169458726568,0.00316982,0.00071141,44.4,-0.25,0.276,0.3910707070707073,1.3042486919924763,-0.5221072778510618,44.2,-0.1317941409401826,0.2870937688447064,-0.36325030874368713,0.9374378464330999,-0.1465,-13.0
2026-04-08,STNG,SCORPIO TANKERS INC.,76.81,72.4,81.54,69.77,87.82,57.73,97.27,1.0362473347547978,1.563920454545452,1.0723270440251567,-3.519999999999996,-2.2829629629629626,0.9924929536174232,-5.558418879543348,0.03168143,0.006697970437710433,-0.032410040740130715,0.045805981615551584,0.07665688,0.00973017030201341,-0.046244085381736334,0.06570442598576315,0.01206266,-0.00615905332214769,-0.02544100148832166,0.013122894844026277,-0.00069878,-0.01135551,73.0,1.03,0.11,0.10780471380471371,1.3778216171203486,-1.162212189510921,40.7,-0.1151727977638759,0.17305696379657487,-0.18416220585511028,0.53027613344826,-0.123,-13.0
2026-04-08,UPS,"UNITED PARCEL SERVICE, INC.",100.45,92.9,101.53,85.76,109.44,80.89,123.35,-3.4178403755868625,-1.6340378197997782,1.1707566462167684,1.0600000000000023,0.7620538720538712,5.481375301438053,-3.957267557330311,-0.00248265,-0.0054851064309764256,-0.0359186384488143,0.024948425586861448,-0.02154844,-0.009354093322147624,-0.05186319452624175,0.03315500788194651,-0.03243346,-0.06543975268456355,-0.09027721677079457,-0.04060228859833252,0.00447658,-0.01006041,14.5,-1.62,-0.109,-0.08949494949494953,0.9089547478440293,-1.0879446468339284,40.7,0.2877717059257783,0.18133841470315973,-0.3740565204317905,0.7367333498381099,-0.148,-13.0
2026-04-08,UUP,INVESCO DB USD IDX BL,27.53,27.41,28.17,26.64,29.04,25.85,29.39,2.7727272727272396,1.6966292134831427,1.107142857142857,-0.48999999999999844,-0.3081144781144779,0.11806014709778273,-0.7342891033267385,-0.00121842,-0.0010671973737373733,-0.006768496692853312,0.004634101945378565,0.00582847,-0.0015314172147650948,-0.00948773475111432,0.00642490032158413,-0.00641823,-0.009208935201342245,-0.015045365773896091,-0.003372504628788398,-0.00158455,-0.00215996,86.7,1.33,-0.005,-0.2189562289562289,0.6179437465626911,-1.055856204475149,58.5,-0.14483674023891768,1.2212455269170361,-1.1679163972025608,3.6104074510366333,-0.123,-13.0
2026-04-08,XLY,SEL SECTOR:C DSC SPDR,110.82,103.87,111.47,101.28,113.39,94.79,129.07,-3.586021505376311,-3.712062256809325,1.1384903306300695,-3.5900000000000034,-5.944107744107744,-2.4934036499975636,-9.394811838217924,-0.0106209,-0.0033137207744107764,-0.020599428381908428,0.013971986833086874,-0.02880966,-0.005627463993288585,-0.02828921805474187,0.017034290068164697,0.00550124,0.01945420963087248,0.007802886967955636,0.031105532293789324,0.00516723,-0.00361297,90.5,1.79,-0.456,-0.05230639730639723,0.8740430951395598,-0.9786558897523542,25.6,-0.04762025984243656,0.15576959717539984,-0.20085224583004457,0.5123914401808443,-0.12975,-13.0
2026-04-08,DXCM,"DEXCOM, INC.",65.8,59.35,65.04,55.67,68.72,46.67,80.71,,-3.4691780821917773,-1.2830315224681421,7.079999999999998,3.192929292929292,7.7787808273402455,-1.3929222414816618,-0.01586037,-0.006931118114478116,-0.04106996540018426,0.02720772917122803,-0.04219996,-0.018388872181208046,-0.05160335292432698,0.014825608561910886,-0.12941557,-0.10463057771812079,-0.11752534536944521,-0.09173581006679636,0.00087452,-0.00377211,48.6,0.25,-0.344,-0.12135690235690233,0.7840595170108062,-1.0267733217246109,41.7,0.5834759308935156,0.23713596423245514,-0.2820770918637328,0.7563490203286432,-0.1255,-13.0
2026-04-08,HPQ,HP INC.,18.89,18.04,20.28,17.3,20.41,14.81,22.51,1.4888888888888852,-1.0460526315789476,-1.1270718232044197,0.26000000000000156,-0.827811447811448,0.7377772048022675,-2.3934001004251635,0.01100498,-0.013495698619528618,-0.04726779961220604,0.02027640237314881,-0.02052074,-0.04000187999999997,-0.08102367031550278,0.0010199103155028519,-0.07221749,-0.03501193003355713,-0.05922844937425613,-0.010795410692858137,-0.00164256,0.01266198,62.7,0.57,0.027,-0.35940740740740745,0.6635718229564134,-1.3823866377712282,60.9,0.3562522072206675,0.13580780782876128,-0.31054999899418273,0.5821656146517054,-0.1255,-13.0
2026-04-08,LULU,LULULEMON ATHLETICA INC.,158.86,144.05,166.12,132.76,168.74,117.76,198.36,-1.5710843373494032,-2.641700404858303,-1.0405063291139243,6.240000000000009,-6.635252525252534,17.066034773438005,-30.336539823943077,-0.00366889,-0.01657757683501684,-0.059779753598804455,0.02662459992877077,-0.0832225,-0.03746162593959732,-0.09371010932049503,0.01878685744130039,-0.08813578,-0.06599912093959746,-0.0986839723497281,-0.033314269529466825,0.00304963,-0.00242206,85.9,1.56,-0.419,-0.42183164983164945,0.6496537891206473,-1.4933170887839462,54.6,0.08026833347617246,0.13533454149067084,-0.30004111857522997,0.5707102015565717,-0.1255,-13.0
2026-04-08,PHM,"PULTEGROUP, INC.",120.44,111.24,121.22,104.79,128.74,99.64,148.09,-4.472081218274115,-1.8855421686746952,1.3293269230769236,-3.990000000000009,-11.601548821548821,-5.955147226601297,-17.247950416496344,-0.01299137,1.3939797979800657e-05,-0.025130467280599682,0.025158346876559285,-0.01943996,0.0009527352013422946,-0.0367116040132992,0.03861707441598378,0.00596382,0.04519747859060407,0.023226916851859063,0.06716804032934909,0.00265775,-0.01887153,98.2,2.75,-0.324,-0.08167340067340068,0.7882689656217583,-0.9516157669685597,33.9,0.05188951353370652,0.10038814537162755,-0.20694010197644858,0.40771639271970367,-0.135,-14.0
2026-04-08,PPL,PPL ,39.15,37.43,39.75,36.7,41.81,34.96,43.77,-2.0789473684210558,1.0857142857142892,1.1026252983293572,-2.1799999999999997,-2.5500000000000003,-1.6742034513686441,-3.4257965486313564,-0.00076509,0.0016658582154882144,-0.011168419366194263,0.014500135797170693,0.02708779,0.004965727684563764,-0.00959889068252959,0.01953034605165712,0.03985429,0.03587817583892616,0.026440040845873508,0.04531631083197882,-0.00024963,0.00630449,18.5,-1.66,0.665,0.12817508417508416,0.9194774422814355,-0.6631272739312671,73.8,0.15800670344147716,0.13451452319183563,-0.18512121820648328,0.4541502645901545,-0.13975,-14.0
2026-04-08,SLB,SCHLUMBERGER N.V.,51.88,47.58,54.34,45.81,59.75,39.9,61.91,-1.496453900709222,1.2965403624382204,-1.194416749750749,-1.7299999999999969,-0.26161616161616214,1.8263948409326625,-2.349627164164987,0.03772113,0.0018220895286195295,-0.030315401046212657,0.033959580103451716,0.03639402,0.003332906644295288,-0.04638511615600268,0.053050929444593255,-0.00688238,-0.04639262097315435,-0.07315497217777464,-0.01963026976853406,0.00263591,-0.02245449,66.7,0.76,0.518,0.13699663299663292,0.8984462262703657,-0.6244529602771,65.7,-0.19223536659103235,0.005170573595000223,-0.23324592509376735,0.2435870722837678,-0.159,-14.0
2026-04-08,SOLV,SOLVENTUM ,65.25,60.72,65.35,58.05,68.48,55.25,78.12,,-2.2291021671826607,1.2870000000000004,-0.25,-6.815252525252526,-2.7134796693991516,-10.917025381105901,-0.02146105,-0.0021869853198653202,-0.027470169396130013,0.023096198756399372,-0.04635661,0.0020563038255033603,-0.025416992635095375,0.029529600286102093,-0.02347483,0.033280605738255066,0.013585744635739722,0.05297546684077041,0.00171294,-0.01232984,59.5,0.47,-0.44,-0.12754545454545452,0.7454601327953457,-1.0005510418862547,37.9,0.14081163941075037,0.14411286937852322,-0.25320637809603597,0.5414321168530825,-0.135,-14.0
2026-04-08,TDG,TRANSDIGM GROUP INC.,1219.88,1104.82,1206.76,1046.84,1262.73,993.56,1470.03,-24.783251231527455,-4.038273045507598,1.1052933898904191,-27.689999999999827,-147.38151515151523,-88.94902669266334,-205.81400361036714,-0.01472689,-0.006330645016835018,-0.027734510896429854,0.015073220862759817,-0.04273113,-0.008919365805369128,-0.02860397552020678,0.010765243909468526,0.01215478,0.05586246862416123,0.03924438584620994,0.07248055140211251,0.00382419,-0.00529191,99.0,3.45,-0.509,0.0323569023569023,1.0163216659405154,-0.9516078612267109,35.1,0.1730897412952157,0.17775204026103328,-0.24765216266140708,0.6031562431834736,-0.135,-14.0
2026-04-08,TRMB,TRIMBLE INC.,66.74,61.71,66.72,57.59,70.47,53.64,79.94,-4.934782608695635,-2.4530831099195662,1.00763358778626,-0.7000000000000028,-4.920437710437709,-1.8038012031476618,-8.037074217727756,-0.01554946,-0.005150412390572392,-0.031320465516658895,0.021019640735514114,-0.03540831,-0.012051935671140938,-0.04745502085844602,0.023351149516164144,-0.01337683,0.01782813855704691,0.003223934469617242,0.03243234264447657,0.00453361,-0.00046483,88.7,1.7,-0.389,0.03247138047138054,1.1372235631611838,-1.0722808022184227,33.1,0.23187868577916526,0.23529784360532896,-0.18775565827986385,0.6583513454905218,-0.135,-14.0
2026-04-08,UBER,"UBER TECHNOLOGIES, INC.",72.38,67.18,75.17,63.95,76.58,59.67,86.77,-1.4933333333333298,-2.007142857142854,1.1321793863099927,-1.1899999999999977,-8.467171717171711,-3.9448360732267966,-12.989507361116626,-0.01638941,-0.0024193448484848474,-0.030272234212943287,0.02543354451597359,-0.04888948,-0.007145618489932885,-0.0330776265271716,0.01878638954730583,-0.03182517,0.04436927919463099,0.00613350101684873,0.08260505737241325,-0.00031904,-0.01049395,72.0,0.79,-0.027,-0.04484848484848472,0.7910628970886726,-0.880759866785642,53.0,0.27142447617780685,0.11031746830804434,-0.18017166343518703,0.4008066000512757,-0.135,-14.0
2026-04-08,V,VISA INC.,308.96,289.49,308.28,278.19,318.61,260.22,361.21,-7.105485232067486,-3.188601036269417,1.0720147722609776,-5.770000000000039,-24.94026936026937,-14.57204722083749,-35.30849149970125,-0.0119498,-0.004191210976430975,-0.020947836291847627,0.012565414338985677,-0.03067877,-0.005502803422818794,-0.020533820021434994,0.009528213175797405,0.00439233,0.03099354731543627,0.01670372082075445,0.04528337381011809,0.00238935,-0.00028485,55.8,0.25,-0.332,-0.0473299663299664,0.9406669795553511,-1.035326912215284,50.8,0.2734677256657394,0.10367701553266928,-0.17780765301731855,0.3851616840826571,-0.135,-14.0
2026-04-08,APD,"AIR PRODUCTS AND CHEMICALS, INC.",296.61,282.93,301.15,274.56,317.72,245.26,337.54,-2.546925566343041,-1.0445286594031264,-1.2545809919374544,-8.069999999999993,-6.979090909090918,3.164166512971339,-17.122348331153177,-0.00271077,-0.004175887575757573,-0.025852269744153188,0.01750049459263804,0.03154626,-0.01383874124161079,-0.04331795993633723,0.01564047745311565,0.00782552,-0.018024515436241655,-0.031148248859031315,-0.004900782013451996,-0.00466238,-0.01415949,45.8,-0.18,1.088,-0.061915824915824924,0.8785406465103516,-1.0023722963420014,91.9,0.31955286381462034,0.17461405769080407,-0.24576071848479103,0.5949888338663991,-0.16625,-14.0
2026-04-08,CBRE,"CBRE GROUP, INC.",142.49,131.09,140.9,111.14,157.13,113.25,174.53,-3.8593749999999947,-2.1413934426229533,1.095759233926128,-4.489999999999981,-18.252255892255892,-10.533951090333446,-25.97056069417834,0.00901797,-0.0036878423232323235,-0.03296155808651191,0.02558587344004726,-0.08288751,-0.00519571714765101,-0.05055986409499378,0.040168429799691756,0.03502122,0.059925001275167866,0.043449089905387185,0.07640091264494855,0.00514483,0.00801378,39.9,-0.49,0.733,0.09211447811447813,0.9608404676869068,-0.7766115114579505,72.8,0.5098369697231278,0.10518395793838271,-0.21298488022648848,0.4233527961032539,-0.13575,-14.0
2026-04-08,DHI,"D.R. HORTON, INC.",142.68,131.54,144.1,123.2,153.35,114.01,174.98,-2.31235431235432,-1.8256794751640137,1.126613184513428,-1.1299999999999955,-10.995824915824924,-3.714876798803659,-18.27677303284619,-0.0058027,-0.0012298852525252525,-0.027939662276551473,0.025479891771500972,-0.02023224,-0.0037635075503355537,-0.04463031643326717,0.03710330133259606,-0.01545759,0.022281462214765107,0.002586174909566207,0.04197674951996401,0.00675916,-0.00174913,95.0,1.94,-0.2,-0.14396632996632994,0.7492456232995751,-1.037178283232235,40.7,0.15444484095635613,0.06440507564118512,-0.21329004801616036,0.34210019929853064,-0.135,-14.0
2026-04-08,MAS,MASCO ,62.23,56.75,61.94,52.29,68.03,50.25,77.14,-8.153846153846079,-1.7137931034482743,1.2445742904841408,0.259999999999998,-3.8545117845117804,-0.7788101757986743,-6.930213393224887,-0.0089296,-0.004855485084175088,-0.03196388300381585,0.022252912835465672,-0.02894325,-0.010327434899328858,-0.04615630297180839,0.02550143317315067,-0.02324623,0.006064735369127493,-0.012815574903376599,0.024945045641631587,0.00473664,-0.00808181,68.3,0.84,-0.235,-0.2437340067340069,0.762700930923805,-1.250168944391819,39.9,0.2070703676322334,0.07380291386467364,-0.23444578404168076,0.38205161177102803,-0.135,-14.0
2026-04-08,NOC,NORTHROP GRUMMAN ,687.47,660.55,715.65,623.76,770.87,607.59,860.62,-1.2133645955451413,1.3090566630042368,2.167626439659489,-80.0,-37.66336700336698,-13.115279457928697,-62.211454548805264,-0.02603597,0.004737839259259259,-0.017925855283826737,0.02740153380234525,0.01859744,0.008204391476510066,-0.018703629327757362,0.035112412280777494,0.0534255,0.022901487718120818,0.004504044757097401,0.04129893067914424,-0.00174285,-0.01397337,12.3,-1.74,-1.129,0.23325925925925933,1.1717726053555209,-0.7052540868370021,9.7,0.5259985473165418,0.057904675068916486,-0.31181993013428644,0.42762928027211944,-0.165,-15.0
2026-04-08,BDX,"BECTON, DICKINSON AND COMPANY",157.09,150.55,158.79,142.33,171.91,132.82,190.69,-2.972850678733018,1.0040650406504066,1.3844252163164392,-1.5200000000000102,-2.5431986531986497,5.205075971934658,-10.291473278331958,-0.00973401,-0.0061747658922558825,-0.03220525504511005,0.019855723260598285,0.00462554,-0.015042815436241594,-0.04566320747781374,0.015577576605330547,-0.01535473,-0.032812226912751666,-0.04971010504902147,-0.01591434877648186,0.00206918,-0.00704262,36.7,-0.22,-0.832,-0.1564511784511784,0.8127246234235307,-1.1256269803258876,26.8,0.7167198231651417,0.1399270291285471,-0.2840594120339452,0.5639134702910393,-0.16725,-15.0
2026-04-08,CBOE,"CBOE GLOBAL MARKETS, INC.",296.95,277.44,303.18,266.01,320.0,256.88,347.38,-1.9086188992731052,-1.3422993492407802,1.2585475418018472,-22.220000000000027,-24.548181818181806,-17.742080119581107,-31.354283516782505,0.00320124,0.0044569781818181815,-0.009033524434541432,0.017947480798177796,0.02802037,0.014347873422818805,0.006836325649425178,0.021859421196212432,0.06383381,0.06437810499999995,0.05694708908161675,0.07180912091838315,-0.00130188,0.0057138,83.9,1.47,0.412,0.36750168350168344,1.1262180119525524,-0.39121464494918545,52.2,-0.11778059489253767,0.053184390117014924,-0.1485124385786327,0.25488121881266257,-0.15175,-15.0
2026-04-08,DOW,DOW INC.,39.28,39.59,44.17,35.98,48.77,26.14,50.21,2.387096774193548,2.875757575757573,-1.2021957913998171,-1.25,0.8412121212121209,2.7162122686322627,-1.0337880262080212,0.01053958,-0.0043811059259259095,-0.04584728937818762,0.0370850775263358,0.09409242,-0.016869997651006614,-0.0805486548741024,0.04680865957208916,-0.05454954,-0.10188737345637558,-0.1329893484784357,-0.07078539843431547,-0.02793181,-0.02439575,75.6,1.34,0.946,0.0045016835016835005,0.84383613720061,-0.8348327701972431,82.3,-0.04852201359122543,-0.026174188319621528,-0.31681844380926616,0.2644700671700231,-0.1675,-15.0
2026-04-08,ECL,ECOLAB INC.,273.51,251.49,275.64,238.83,292.53,228.73,332.04,-5.636363636363618,-1.8233438485804423,1.3070567217507822,-12.910000000000025,-17.816632996632976,-8.54847849051295,-27.084787502753002,-0.01120636,0.00014195468013468012,-0.019111116028562705,0.019395025388832067,-0.01082246,0.0020421433892617432,-0.010986941006699946,0.015071227785223434,0.02422636,0.030898758758389298,0.02097192885160195,0.040825588665176646,0.00489242,-0.00142874,96.6,2.3,-0.39,0.11635016835016827,1.1919918303714871,-0.9592914936711506,31.5,-0.10356510224087234,0.10580708508398677,-0.16224511081463405,0.3738592809826076,-0.15175,-15.0
2026-04-08,AXON,"AXON ENTERPRISE, INC.",391.53,364.12,426.81,299.28,480.22,313.86,636.23,-1.3112798264642065,-1.0401398128312092,3.1505085618643,-85.33000000000004,-142.2899663299662,-79.74270381345255,-204.83722884647986,-0.08831862,-0.007935017407407405,-0.060249256692882364,0.044379221878067546,-0.11566822,-0.01515211332214765,-0.07283218877997309,0.04252796213567779,0.02296132,0.11669459348993272,0.0743992432341055,0.15898994374575992,-0.00335102,-0.03434441,32.1,-0.49,-1.779,-0.06745791245791256,1.0731331145798857,-1.208048939495711,12.1,0.26377683813209796,0.0699471411477946,-0.39931887112328635,0.5392131534188755,-0.15225,-16.0
2026-04-08,BLDR,"BUILDERS FIRSTSOURCE, INC.",83.09,74.34,83.28,66.59,90.31,61.96,107.57,-4.037558685446022,-2.285318559556787,1.1585423568386175,3.490000000000009,-7.474074074074067,2.161047801052809,-17.10919594920094,-0.02639616,-0.014142931784511785,-0.04675412156680371,0.018468257997780138,-0.09266289,-0.02227086875838924,-0.06972120980774213,0.025179472290963657,-0.0958143,-0.017846818959731562,-0.05973022743193929,0.02403658951247616,0.01010124,-0.04204741,97.4,2.29,-0.813,-0.4350841750841751,0.5515121046787121,-1.4216804548470623,29.2,0.18011325957625446,0.05256227395223168,-0.20124485854426538,0.30636940644872873,-0.146,-16.0
2026-04-08,CNR,"CORE NATURAL RESOURCES, INC.",94.61,96.6,112.69,85.27,122.63,73.52,131.75,6.227091633466121,2.9999999999999987,1.7610241820768133,-20.620000000000005,-6.457205387205387,-0.9320744175973124,-11.982336356813462,0.00335951,-0.0007863512457912456,-0.036126584365540206,0.03455388187395771,0.00541563,-0.02283708815436245,-0.09888823527733154,0.05321405896860665,0.02928136,0.009012034731543625,-0.009901478775950616,0.027925548239037867,-0.017281,-0.0355109,77.6,1.07,0.196,0.023434343434343464,0.902098799440717,-0.8552301125720301,57.3,-0.004725314418245419,0.022334816503270637,-0.21039802214373368,0.25506765515027496,-0.18925,-16.0
2026-04-08,LEN,LENNAR ,88.63,80.28,88.65,74.81,96.47,70.14,113.88,-4.172972972972953,-1.7627551020408148,1.3656030286641432,0.37999999999999545,-7.189158249158253,-0.8309077860808554,-13.54740871223565,-0.03304703,-0.0069977790909090945,-0.03518789928705068,0.021192341105232486,-0.0621027,-0.0161003570134228,-0.05391292131579675,0.021712207288951152,-0.06282031,-0.0012300085570469944,-0.02666289536365961,0.024202878249565622,0.00842542,-0.02606905,98.6,2.65,-0.938,-0.30340067340067334,0.63955952917852,-1.2463608759798666,20.8,0.0953048631926845,0.13354119398929065,-0.1368843610471958,0.4039667490257771,-0.146,-16.0
2026-04-08,NOW,"SERVICENOW, INC.",97.47,93.9,105.7,79.97,112.83,74.4,133.26,1.6545454545454532,-1.1393229166666667,1.551365409622887,-4.430000000000007,-14.55424242424242,-2.5546636232806392,-26.5538212252042,-0.05077451,-0.013348946464646466,-0.049012826598687685,0.02231493366939475,-0.09526678,-0.032996248020134206,-0.07415780711597292,0.008165311075704514,-0.09223212,0.003994988221476432,-0.048097476017354944,0.05608745246030781,-0.00173164,-0.00686492,8.5,-1.83,-1.622,-0.5026632996632998,0.4475057434938693,-1.4528323428204688,12.9,0.6036817903910334,0.15089355680923802,-0.32124864373939976,0.6230357573578758,-0.16725,-17.0
2026-04-08,ODFL,"OLD DOMINION FREIGHT LINE, INC.",207.53,195.42,210.72,184.86,232.9,160.59,254.16,-1.6694490818030026,1.1191001323334813,-1.0066480806347846,-0.3300000000000125,-8.424781144781146,1.374084311259633,-18.223646600821926,0.03848006,0.0002412472053872073,-0.02981465725932106,0.030297151670095473,0.07284769,0.0027233491610738187,-0.049878810886947886,0.05532550920909553,0.01637764,-0.0021567849328859006,-0.01773919163286006,0.01342562176708826,0.00248639,-5.436e-05,3.0,-2.15,0.535,-0.013673400673400726,0.809050665824073,-0.8363974671708745,72.0,0.16944971056707403,0.026478572015012143,-0.3601233335924624,0.4130804776224867,-0.19225,-17.0
2026-04-08,VRSK,"VERISK ANALYTICS, INC.",175.43,173.1,190.17,143.41,213.06,147.56,227.99,2.5511482254697175,1.1752029981261707,1.8858988159311085,-11.449999999999989,-16.48255892255893,-3.246611931349058,-29.7185059137688,-0.04087074,-0.011299858350168356,-0.038740052506763864,0.016140335806427156,-0.07817996,-0.03758641312080538,-0.06660382511559809,-0.008569001126012669,-0.05176216,0.004777176912751671,-0.03231420735856684,0.04186856118407019,-0.00628611,-0.01291718,27.0,-1.09,-1.604,-0.3209966329966333,0.6125451931712362,-1.2545384591645028,11.9,0.32197380650463914,0.14473424169623728,-0.26020945242528315,0.5496779358177577,-0.16725,-17.0
2026-04-08,CRM,"SALESFORCE, INC.",176.37,174.88,191.05,152.5,195.49,144.1,219.94,3.550128534704357,-1.2484309623430963,1.3501704369383323,-5.829999999999984,-14.710673400673405,0.9649731941762347,-30.386319995523046,-0.03135688,-0.012647136599326599,-0.04218212655959727,0.016887853360944075,-0.09208845,-0.03387033607382552,-0.06687487855358579,-0.0008657935940652589,-0.07200991,-0.005860548087248277,-0.040683966744158494,0.028962870569661937,-0.0054659,-0.00732396,19.8,-1.39,-0.968,-0.4250404040404044,0.5305305048279598,-1.3806113129087685,26.0,0.16729030181641402,0.15343417387398534,-0.16306588001722733,0.469934227765198,-0.16725,-17.0
2026-04-08,EPAM,"EPAM SYSTEMS, INC.",129.99,129.67,141.06,104.83,150.14,98.4,169.06,9.713043478260811,-1.2486352357320119,1.2367837923393477,0.4099999999999966,-0.043131313131310654,13.267763379811662,-13.354026006074282,-0.01326647,-0.013801015117845119,-0.06119124351271428,0.033589213277024035,-0.12065548,-0.028208798288590565,-0.08267256093653322,0.026254964359352092,-0.09535901,-0.07133741221476493,-0.08787604728892816,-0.054798777140601704,-0.00448314,-0.01133849,28.8,-0.88,-1.179,-0.12147811447811431,1.1366248924492497,-1.3795811214054783,12.9,1.1313841132782918,0.1793344730002925,-0.23652783346977527,0.5951967794703603,-0.16725,-17.0
2026-04-08,FTV,FORTIVE ,59.38,54.66,58.13,52.51,64.75,47.99,66.67,-49.87500000000109,-1.2793296089385489,-1.56241426611797,1.9100000000000037,-1.691010101010102,0.2349860408373161,-3.61700624285752,0.01887139,-0.00065391855218855,-0.02485575954780768,0.023547922443430576,0.06042545,0.0001825365771812162,-0.03949475839944821,0.03985983155381064,-0.01133317,-0.01496559104026842,-0.03074526488052285,0.0008140827999860087,0.00971333,0.03220176,71.8,0.9,0.714,-0.061744107744107664,0.7292047932777372,-0.8526930087659526,80.0,0.19851803140222435,0.17992782912548447,-0.2084662013490691,0.568321859600038,-0.1545,-17.0
2026-04-08,INTU,INTUIT INC.,389.51,396.69,436.02,311.76,476.69,297.22,533.08,11.671554252199526,1.1212861736334405,1.5556398309676034,-19.28000000000003,-46.102356902356874,-10.646514383096815,-81.55819942161693,-0.03829585,-0.008988770909090909,-0.04768496728373044,0.029707425465548623,-0.10479815,-0.030838455738255038,-0.07455903610512324,0.012882124628613167,-0.09274833,0.004669410637583853,-0.04127750615732413,0.05061632743249184,-0.01730178,-0.01471984,11.7,-1.59,-1.379,-0.2216767676767677,0.872018986143577,-1.3153725214971124,18.1,0.29588694357949974,0.15667467876341315,-0.27618212913119344,0.5895314866580198,-0.16725,-17.0
2026-04-08,NDX,NASDAQ 100 INDEX,24903.17,22997.34,24709.63,22342.69,25284.25,21591.01,27323.02,-8.946549039958452,-6.719009131940768,-1.3687459966526838,-433.5600000000013,-1351.6786531986531,-632.3058857128336,-2071.0514206844728,-0.00756044,-0.0010508235690235678,-0.01793129378929946,0.015829646651252326,-0.01619662,-0.003328168489932886,-0.02992901300919151,0.02327267602932574,0.01225398,0.029898535872483322,0.016597368132256457,0.04319970361271019,0.00504392,0.0039972,91.9,1.85,-0.075,0.25376094276094263,1.1691263402399008,-0.6616044547180155,31.2,,,,,-0.1725,-18.0
2026-04-08,REGN,"REGENERON PHARMACEUTICALS, INC.",775.53,734.53,792.01,715.74,805.43,611.71,941.02,-2.9245406824146922,-1.9996655518394653,1.0101941154926144,-10.269999999999982,-26.887710437710453,1.5999609025174735,-55.37538177793838,-0.0003604,0.0005234126262626249,-0.02682499854231485,0.0278718237948401,-0.00544717,0.00040805973154360066,-0.043245826916843,0.044061946379930196,-0.00809442,-0.016377500570469748,-0.028951751507146805,-0.00380324963379269,1.322e-05,-0.00374944,2.2,-2.25,0.02,0.0759797979797981,0.8365376966029522,-0.6845781006433559,45.4,0.7784215833469308,0.07558531963492902,-0.2724503132114056,0.4236209524812637,-0.174,-18.0
2026-04-08,RL,RALPH LAUREN ,375.4,336.47,372.42,307.51,400.31,298.27,443.49,-12.074999999999951,-2.7254114813327948,-1.1327654574827428,-11.270000000000039,-42.607912457912455,-27.409533865323642,-57.80629105050127,0.01738012,0.0008125530976430977,-0.03272800519452394,0.034353111389810134,-0.01818944,0.013680251241610738,-0.022343164947305608,0.04970366743052708,0.05275742,0.08558511738255004,0.06848771093924191,0.10268252382585816,0.0007891,0.01644513,99.8,3.21,0.591,0.2864747474747472,1.2908570910554387,-0.7179075961059441,63.7,-0.27034645147998393,0.1681137012219885,-0.24620642209712673,0.5824338245411037,-0.16625,-18.0
2026-04-08,SPX,S&P 500 INDEX,6782.81,6352.69,6735.16,6162.09,6952.68,5990.34,7296.55,-11.84221683828002,-3.6540884205569,-1.5425507065830977,12.210000000000036,-232.11784511784512,-71.8224639458646,-392.4132262898256,-0.00594543,-0.0012672931649831646,-0.016006523163301478,0.013471936833335148,-0.00822463,-0.002541958020134246,-0.021842638907177584,0.016758722866909093,-0.0050067,0.013958715738255032,0.001690429786417114,0.026227001690092948,0.00402535,0.00672833,93.1,1.9,-0.049,0.24302693602693579,1.1445624088351105,-0.6585085367812389,31.2,,,,,-0.1725,-18.0
2026-04-08,ADSK,"AUTODESK, INC.",240.65,224.67,242.91,199.19,257.92,192.68,288.39,-3.925531914893632,-2.400694846554718,-1.0048177628822794,-5.060000000000002,-19.012121212121208,-8.196563323379754,-29.82767910086266,-0.02606294,-0.004927637777777776,-0.03199932654288511,0.022144050987329564,-0.05885095,-0.010512802147651015,-0.04354210045913759,0.022516496163835557,-0.02317456,0.012799959630872475,-0.010065148038709355,0.03566506730045431,-0.00020095,0.00145657,28.0,-1.11,-0.702,-0.18514141414141413,0.8019088119633165,-1.1721916402461448,28.8,0.38642962823444016,0.18623291734171013,-0.1694452256866715,0.5419110603700917,-0.1745,-18.0
2026-04-08,BTC=F,BITCOIN FUTURES,71355.0,65595.52,71062.46,57417.53,74967.14,55951.87,85466.09,-8.246344445350111,-3.858507699037137,-1.0915620267463393,227.47000000000116,-18815.501649831644,-10257.215247227581,-27373.788052435706,-0.01901557,-0.011837324747474747,-0.05183067869206269,0.0281560291971132,-0.10821877,-0.028397789093959756,-0.08889860865873714,0.032103030470817626,-0.02509532,0.10580096845637624,0.0478585172738627,0.16374341963888978,0.00148003,0.00058876,14.7,-1.63,0.144,-0.10519528619528623,0.7734634249396917,-0.983853997330264,57.7,,,,,-0.1725,-18.0
2026-04-08,CLX,THE CLOROX COMPANY,105.67,97.4,106.79,92.15,116.88,85.55,133.59,-2.839285714285718,-1.2060660124888496,1.3876739562624252,-0.3499999999999943,-1.0939730639730632,3.9946952930650186,-6.182641421011145,-0.01920165,-0.009461021885521895,-0.03144153541967246,0.012519491648628672,0.00215578,-0.016751595738255055,-0.041333044918333645,0.00782985344182353,-0.03601065,-0.035538698389261776,-0.0462643336053382,-0.02481306317318535,0.00520424,-0.01240094,93.8,1.66,-0.986,-0.4297946127946131,0.6639232785817812,-1.5235125041710074,31.9,0.1429280051622197,0.1486645702449282,-0.23772712525593445,0.5350562657457909,-0.18025,-18.0
2026-04-08,DIA,SPDR DOW JONES INDUS AVG,479.16,448.69,478.12,432.34,494.08,412.74,532.82,-6.2759381898455135,-3.1380697050938458,-1.2377935147223256,1.0500000000000114,-13.971548821548813,-4.2575943689810405,-23.685503274116584,-0.00300977,-0.0008133591245791244,-0.013798319463531288,0.012171601214373039,-0.01574462,-0.005793850302013445,-0.027036144395353442,0.015448443791326552,-0.0070599,0.005405829463087275,-0.004784797380798836,0.015596456306973386,0.00361352,0.00300816,97.4,2.25,0.0,0.13754208754208755,1.0100163025329982,-0.7349321274488231,31.5,-0.16811194719105194,0.1465055815450653,-0.14409018342102656,0.4371013465111572,-0.16625,-18.0
2026-04-08,DJI,DOW JONES INDUSTRIAL AVG INDEX,47909.92,45235.63,47502.63,43559.66,49038.76,43042.82,51077.81,-19.352418860992103,-3.8537436660642608,-1.5363854174229532,399.8199999999997,-1206.7736363636352,-216.6212475115094,-2196.926025215761,-0.00061437,-0.0008979416161616164,-0.014490444107016052,0.01269456087469282,-0.01602383,-0.005557210369127516,-0.026937445830508836,0.015823025092253803,-0.00722908,0.005495940268456379,-0.004824070995801787,0.015815951532714544,0.00487205,0.00309656,98.2,2.29,0.022,0.13748821548821552,1.0185615554747232,-0.7435851244982921,32.7,,,,,-0.1725,-18.0
2026-04-08,ETN,EATON  PUBLIC LIMITED COMPANY,385.58,345.87,377.8,329.06,421.18,296.42,455.97,-15.102127659574325,-1.5876404494382008,-1.2666571956243773,-1.2100000000000364,-31.861683501683476,-16.276112909954705,-47.44725409341225,0.00585041,-0.002857686026936028,-0.03037573517102661,0.024660363117154555,0.03005054,-0.005938991577181207,-0.04865792573671843,0.03677994258235601,0.00265354,0.040474454697986606,0.024723362231475046,0.056225547164498166,0.00985811,0.00899794,79.0,1.39,0.568,0.12044444444444434,1.0650510001304854,-0.8241621112415968,62.1,-0.0003267135481496153,0.031652223305433005,-0.25924552668060935,0.32254997329147533,-0.1725,-18.0
2026-04-08,EWG,ISHARES:MSCI GERMANY,41.74,38.25,41.39,35.43,43.79,35.53,46.67,-7.9750000000000405,-3.0780487804878103,-1.259634888438134,-0.36999999999999744,-2.1994949494949476,-1.1643160508642079,-3.2346738481256874,-0.00066168,0.0005930476094276111,-0.016440496839314797,0.01762659205817002,-0.03179475,-0.0015785525838926133,-0.01828933763489458,0.015132232467109355,0.00881436,0.025789889395973188,0.018866307732537158,0.03271347105940922,0.00590349,0.00734075,80.0,1.47,0.139,0.22427946127946138,1.20453423339698,-0.7559753108380572,52.6,-0.24486184390931331,0.16477243206387035,-0.19344889349793878,0.5229937576256795,-0.16625,-18.0
2026-04-08,GREK,GLBL X MSCI GREECE,71.19,62.98,69.46,57.52,75.06,58.09,80.27,-16.976190476190396,-3.5322997416020616,-1.4427312775330392,-2.280000000000001,-5.370269360269362,-2.659960475377412,-8.080578245161313,0.01868588,0.006023680168350174,-0.013315403469849496,0.025362763806549844,-0.00804713,0.016479422885906043,-0.005300930475009982,0.03825977624682207,0.06347755,0.053152213892617366,0.040403720298406665,0.06590070748682807,0.01053747,0.01257419,83.5,1.51,0.592,0.5218484848484845,1.4591968765209766,-0.4154999068240077,52.2,-0.33301885087294336,0.046483597310944716,-0.25751399585135554,0.35048119047324494,-0.16625,-18.0
2026-04-08,NXPI,NXP SEMICONDUCTORS NV,204.27,187.2,203.19,170.98,214.87,159.53,244.38,-4.446327683615832,-3.140566037735853,-1.1154325604587392,5.550000000000011,-9.203636363636365,2.1790752594501495,-20.586347986722878,0.00697772,-0.003509830909090911,-0.03714637207097561,0.030126710252793787,-0.04548696,-0.011446947718120774,-0.04840116509362263,0.025507269657381083,-0.03843192,-0.01413002097315436,-0.0250123173130369,-0.0032477246332718174,0.01007551,-0.00931201,71.2,0.58,0.031,-0.10520875420875418,0.7986537664626455,-1.0090712748801538,50.2,0.31866545054447015,0.0655313418894138,-0.2933957552343436,0.42445843901317115,-0.1875,-19.0
2026-04-08,ON,ON SEMICONDUCTOR ,68.38,58.88,66.67,52.83,73.32,47.73,79.96,-49.8235294117642,-3.1477732793522275,-1.7832469775474957,2.469999999999999,0.6003367003366998,4.359229564189775,-3.1585561635163755,0.01010387,-0.001240182794612792,-0.04230635715248973,0.03982599156326415,-0.00202371,-0.009844601879194606,-0.07223498329751597,0.05254577953912676,-0.01837978,-0.08216822674496614,-0.11441778042172088,-0.049918673068211405,0.00868222,-0.00551345,84.9,1.29,0.808,0.04167340067340063,0.9231578123180525,-0.8398110109712512,69.6,0.011869576664956805,0.053302647045455995,-0.3037557344297125,0.4103610285206245,-0.21625,-19.0
2026-04-08,PFG,"PRINCIPAL FINANCIAL GROUP, INC.",94.2,87.43,94.23,83.4,98.59,78.11,106.93,-3.840490797546026,-2.46013667425968,-1.2639434406912804,-0.11999999999999034,-3.3512121212121215,-0.21782986929817083,-6.484594373126072,0.01740941,-0.0003508075757575755,-0.02138789442770993,0.02068627927619478,0.0006805,0.0022372995637583858,-0.02069554356549086,0.02517014269300763,0.00343088,-0.0023314919463087542,-0.012597506530145713,0.007934522637528203,0.00487075,0.00390418,38.7,-0.5,0.664,0.18109090909090897,0.9298391495018147,-0.5676573313199967,68.1,0.23372691492582498,0.10615437495449642,-0.17206346080462182,0.38437221071361466,-0.18825,-19.0
2026-04-08,PNC,"THE PNC FINANCIAL SERVICES GROUP, INC.",220.76,204.67,219.72,190.47,235.33,183.13,250.55,-4.528846153846146,-2.0789293067947803,-1.263175562269217,-4.820000000000022,-15.783535353535356,-7.9614723549623765,-23.605598352108338,0.01436768,-0.0012190058922558935,-0.025709401589638185,0.0232713898051264,-0.00046181,-0.002133886442953039,-0.03883169548715244,0.03456392260124637,0.03440069,0.03831939375838923,0.03125293935861493,0.04538584815816352,0.00464077,0.00450127,30.6,-0.98,1.096,0.10118855218855224,1.3137528628835389,-1.1113757585064343,72.8,0.6128847235938497,0.16422809223691262,-0.1615815694058246,0.4900377538796499,-0.18825,-19.0
2026-04-08,POWA,INVESCO BLOOMBERG PRICING POWER,88.32,84.13,88.05,80.79,91.82,79.95,96.59,-8.270833333333263,-2.1514285714285677,-1.0120918984280507,-0.5,-2.3904040404040425,-0.7527609668987589,-4.028047113909326,-0.00595277,-0.0009513634680134681,-0.012132638823181963,0.010229911887155026,-0.00873161,-0.0031903922483221443,-0.01536668004861681,0.008985895551972522,-0.00123805,0.00514780513422819,-0.0019841108031375416,0.012279721071593922,0.00237682,0.00101307,99.8,3.16,-0.449,0.02555218855218849,0.845955306012608,-0.7948509289082312,16.5,-0.11417412166189167,0.1651304959633096,-0.15663163774586464,0.4868926296724838,-0.17825,-19.0
2026-04-08,SYF,SYNCHRONY FINANCIAL,71.97,66.89,71.75,60.48,74.6,55.31,86.2,-4.073394495412829,-4.3688212927756735,-1.170765987350667,-0.960000000000008,-7.805925925925926,-4.248868622949679,-11.362983228902173,0.02610082,-0.0034480399663299683,-0.03551061433782351,0.028614534405163573,-0.05149824,-0.009463406208053667,-0.06203821096749111,0.04311139855138378,0.03410157,0.05602998087248322,0.04225593308814858,0.06980402865681785,0.00218102,0.00313937,38.1,-0.92,1.232,0.09551178451178453,1.2560685244651557,-1.0650449554415866,79.6,0.5094551378500702,0.11497187176104415,-0.2127411277523825,0.44268487127447076,-0.18825,-19.0
2026-04-08,TFC,TRUIST FINANCIAL ,49.29,45.86,49.51,41.84,53.36,39.66,57.2,-2.2868852459016407,-1.8304668304668292,-1.2174462705436155,0.17999999999999972,-2.9948148148148146,-1.0381986869880835,-4.9514309426415455,0.0285453,-0.0026195595286195306,-0.02790259194922486,0.022663472891985798,-0.00198835,-0.0037775410067113924,-0.0398999302941461,0.03234484828072332,0.01197789,0.02161345922818785,0.007400335774932428,0.03582658268144327,0.00592327,0.0105556,24.8,-1.31,0.744,0.08231986531986527,1.2066598347842248,-1.042020104144494,66.1,0.27936723710179856,0.13843343520678636,-0.20218882255769965,0.4790556929712724,-0.18825,-19.0
2026-04-08,VRSN,"VERISIGN, INC.",270.9,251.2,285.45,227.1,307.59,213.11,307.5,1.400829302004152,-1.193785772690106,-1.5789617486338778,-7.720000000000027,-19.079629629629625,-7.478643846251298,-30.680615413007953,0.04097924,0.00016483360269359878,-0.025727488171867107,0.026057155377254306,0.01999786,0.004607512651006717,-0.035117569466638805,0.044332594768652235,0.03511059,0.025342414093959674,0.015086143216900568,0.03559868497101878,0.00027813,0.01653613,87.1,1.77,1.412,0.2520505050505049,1.3699919352513636,-0.8658909251503539,92.7,0.0472136022186449,0.205749148148325,-0.1916695435761388,0.6031678398727889,-0.186,-19.0
2026-04-08,WFC,WELLS FARGO & COMPANY,84.66,78.99,85.0,72.12,89.6,66.6,100.36,-2.4999999999999925,-2.538461538461538,-1.1503184713375796,-1.3299999999999983,-8.668451178451175,-5.556799965875565,-11.780102391026784,0.03098995,-0.0012538426599326613,-0.026489244964692713,0.02398155964482739,-0.02091841,0.00235971926174496,-0.026006159780622505,0.030725598304112423,0.02828927,0.055166490000000026,0.04594551335947554,0.06438746664052451,0.00476444,0.00372032,23.4,-1.1,0.961,0.10839730639730648,1.0799995028238212,-0.8632048900292082,78.8,0.2395609020840732,0.12891752611299961,-0.1611829180063492,0.41901797023234844,-0.18825,-19.0
2026-04-08,XLB,SEL SECTOR:MATRLS SPDR,51.75,48.49,52.13,46.11,55.7,43.36,58.64,-3.759036144578318,-1.427848101265822,-1.2177068214804063,-0.28000000000000114,-0.7715151515151517,0.48395479681288034,-2.0269850998431838,0.00438848,-9.93377104377094e-05,-0.016883386182631504,0.016684710761756084,0.01173957,-0.0020971912416107444,-0.0254987847857077,0.021304402302486213,0.00021755,-0.010302623523489925,-0.021083182204603167,0.0004779351576233142,0.00305614,-0.0045197,81.5,1.37,0.555,0.15851515151515153,1.111688606742156,-0.7946583037118531,56.5,1.2849537150888222,0.4805180697136574,-0.0895199265166352,1.0505560659439501,-0.18275,-19.0
2026-04-08,AMCR,AMCOR PLC,42.37,37.4,41.65,34.31,46.34,33.63,51.51,-29.124999999999307,-2.030226700251885,1.0457665903890168,-0.28999999999999915,-1.4050841750841747,0.49644865512862624,-3.3066170052969754,-0.00745927,-0.005655209797979795,-0.02975353611244798,0.01844311651648839,-0.0036327,-0.007645897114093954,-0.0325886965109914,0.017296902282803495,-0.0021403,-0.018060559932885932,-0.028326791058038682,-0.007794328807733182,0.0104112,0.0001574,97.0,2.71,0.024,-0.18077104377104378,0.7334940658362246,-1.0950361533783122,57.7,-0.33114354213136654,0.4527210764450323,-0.5795215493111132,1.4849637022011777,-0.21775,-19.0
2026-04-08,BAC,BANK OF AMERICA ,51.88,48.11,51.67,44.5,55.19,41.28,59.49,-4.585714285714315,-2.229607250755291,-1.3929040735873852,0.38000000000000256,-3.4928619528619524,-1.6275313291900153,-5.35819257653389,0.0194494,-0.0012194674074074055,-0.02436403435793206,0.02192509954311725,-0.00732263,-0.00035428570469798446,-0.030576319102962074,0.029867747693566107,0.00813669,0.02766868432885913,0.017772053358466777,0.03756531529925149,0.00502206,0.00334839,35.3,-0.89,0.913,0.15734343434343437,1.1614841200989299,-0.8467972514120612,73.6,0.21779924013836238,0.17601366918260128,-0.17177579702449017,0.5238031353896927,-0.18825,-19.0
2026-04-08,BX,BLACKSTONE INC,117.67,107.17,121.37,97.27,122.33,87.66,140.23,-1.9898580121703888,-4.3776824034334805,-1.3302304964539016,0.5300000000000011,-14.903670033670032,-6.4798585248160805,-23.327481542523984,0.02610212,-0.010395739124579126,-0.04362631792554977,0.022834839676391515,-0.08864047,-0.025438773859060418,-0.07616562487093048,0.02528807715280964,-0.01742661,0.0348279632550336,0.01063806086226234,0.05901786564780487,0.00264173,0.00195579,24.2,-1.15,0.564,-0.26643434343434336,0.8437847318692181,-1.376653418737905,70.4,0.17516124425438262,0.03405809616808817,-0.1969304321664049,0.26504662450258126,-0.18825,-19.0
2026-04-08,CPT,CAMDEN PROPERTY TRUST,102.27,96.05,103.63,92.71,105.58,88.3,115.35,-2.0581395348837233,-2.888217522658609,-1.0680428134556574,0.009999999999990905,-3.5687542087542106,-0.3586737816984735,-6.778834635809948,-0.00193401,-0.004163104680134682,-0.021230547843063056,0.012904338482793692,-0.0259614,-0.006400650536912742,-0.01664653053782261,0.0038452294639971267,-0.00994241,-0.004944511040268459,-0.013127252612377804,0.0032382305318408855,0.00198935,-0.00081573,63.7,0.56,-0.304,-0.21256902356902366,0.6962134163423523,-1.1213514634803996,48.2,0.1530655329047106,0.2047755931329239,-0.13581330448417486,0.5453644907500227,-0.1875,-19.0
2026-04-08,DHR,DANAHER ,196.19,184.56,197.62,169.6,202.4,160.26,226.75,-3.2467948717948656,-4.281803542673103,-1.1757198952879582,4.849999999999994,-4.712659932659931,2.568961276101377,-11.99428114142124,0.00318273,-0.004940621515151514,-0.030079850022110576,0.020198606991807547,-0.05699575,-0.0043618279194630755,-0.036709384804009385,0.027985728965083237,-0.03166424,-0.025929789362416147,-0.04036101730788844,-0.011498561416943852,0.00143272,-0.00365138,76.8,1.0,0.022,-0.1776498316498316,0.6744347219170876,-1.0297343852167509,49.0,0.15495256994779405,0.03192922368014981,-0.31290539310316723,0.3767638404634669,-0.1875,-19.0
2026-04-08,DIS,THE WALT DISNEY COMPANY,99.18,91.94,100.14,88.03,100.14,78.38,115.54,-4.833333333333346,-11.614583333333416,-1.2713936430317856,3.510000000000005,-4.62090909090909,0.4013505002004143,-9.643168682018594,-0.00999496,-0.003881652962962963,-0.03057693762977877,0.022813631703852845,-0.05832079,-0.010224311006711416,-0.045876856904138036,0.025428234890715204,-0.05735514,-0.0007939416107382397,-0.02148454072978902,0.01989665750831254,0.00261598,-0.00379742,68.1,0.96,-0.371,-0.16845791245791256,0.8830358861575177,-1.2199517110733429,50.6,0.4513427667682943,0.25999651262335566,-0.3298970095504735,0.8498900347971848,-0.1875,-19.0
2026-04-08,GWW,"W.W. GRAINGER, INC.",1146.72,1060.08,1158.41,1017.48,1271.52,951.94,1328.07,-3.220281210055383,-1.0355769230769236,-1.0740556934105325,-17.899999999999864,-86.51710437710442,-45.03363641835798,-128.00057233585085,0.0144104,-0.0021756006397306415,-0.021606321753583964,0.017255120474122684,0.05365962,0.0008947794295302159,-0.031269001153553404,0.033058560012613834,0.01963407,0.0430094293624163,0.023173706848857126,0.06284515187597547,0.00410707,0.0095608,51.2,0.03,0.483,-0.10380134680134677,0.7616193431169844,-0.969222036719678,68.7,0.17831874773664258,0.047667486593806645,-0.2506732913463223,0.34600826453393563,-0.18825,-19.0
2026-04-08,KEY,KEYCORP,21.29,19.94,21.35,18.58,22.49,17.12,24.56,-2.6585365853658525,-2.2583333333333355,-1.2752293577981648,-0.060000000000002274,-1.4477104377104388,-0.601824042117748,-2.2935968333031296,0.02753577,-0.0007396711111111119,-0.027406339025667734,0.025926996803445512,-0.00426221,-0.003068400906040249,-0.046103361183139874,0.039966559371059376,0.01999079,0.03285799308724843,0.013627532600011892,0.05208845357448497,0.00561897,0.00513772,30.0,-1.14,1.095,0.18583501683501677,1.2778700884735592,-0.9062000548035257,75.6,0.2645651437950194,0.14002207659538257,-0.17221812536392245,0.4522622785546876,-0.18825,-19.0
2026-04-08,MS,MORGAN STANLEY,176.02,160.79,175.08,149.98,185.7,140.65,206.14,-3.0023255813953598,-2.690082644628107,-1.1743027888446227,-6.639999999999986,-14.477946127946128,-7.1762734560237,-21.779618799868555,0.03166523,0.0010988855555555562,-0.023390909697085724,0.02558868080819684,-0.01471205,0.001916143758389264,-0.02903470331094876,0.03286699082772729,0.05335451,0.047249894630872466,0.029804279349007024,0.06469550991273791,0.00909663,0.00586666,34.7,-0.76,1.014,0.3478888888888891,1.2969863893151181,-0.6012086115373398,70.0,0.11941278308005754,0.15813283001629794,-0.20698306297879107,0.5232487230113869,-0.18825,-19.0
2026-04-08,MTB,M&T BANK ,219.04,205.0,219.18,189.18,236.04,181.0,256.66,-3.173913043478249,-1.7564705882352933,-1.011164274322168,-7.640000000000015,-17.255521885521883,-9.84482341383908,-24.666220357204686,0.02429735,-0.0009519071043771019,-0.02403370602222268,0.022129891813468475,0.00403274,-0.006646587953020158,-0.038885523024810874,0.025592347118770557,0.04640451,0.04656320218120792,0.039790832359355176,0.05333557200306067,0.00366578,0.00554198,43.7,-0.56,0.964,0.05013468013468011,1.168534448826892,-1.068265088557532,74.8,0.15504941617052692,0.16841218015804013,-0.08577222317277702,0.4225965834888573,-0.18825,-19.0
2026-04-08,PAM,PAMPA ENERGIA SA,87.75,85.04,92.3,78.8,95.7,66.18,107.88,1.2944606413994137,-1.1257861635220126,-1.0715350223546944,-5.980000000000004,-9.662020202020207,-4.774617411157657,-14.549422992882757,0.01608751,-0.0028991135353535332,-0.04287668898385967,0.0370784619131526,-0.00979743,-0.013845050335570446,-0.061710855166496825,0.03402075449535594,0.03143518,0.03717351845637584,0.020519938005822573,0.05382709890692911,-0.00391386,0.01311835,18.5,-1.28,0.522,-0.11667676767676757,0.5968078127587502,-0.8301613481122854,79.2,0.5087359715138071,0.07267915311801285,-0.33954271425449023,0.48490102049051587,-0.19225,-20.0
2026-04-08,TECH,BIO-TECHNE ,55.21,51.16,55.97,47.05,59.74,42.66,66.3,-2.0114285714285733,-1.8013245033112586,-1.131650135256989,0.490000000000002,-1.3076767676767682,1.9962299579928073,-4.611583493346344,0.02175885,-0.008693495117845122,-0.04229628234062027,0.024909292104930033,-0.02366419,-0.012740097583892628,-0.060635866210502064,0.03515567104271681,-0.01596659,-0.0454999260067114,-0.07803073606357022,-0.012969115949852568,0.00745171,-0.01340421,14.9,-1.45,0.392,-0.2064444444444447,0.7125081308202343,-1.1253970197091239,69.6,0.3487563174777615,0.14268691527666547,-0.1766906198042125,0.4620644503575434,-0.19225,-20.0
2026-04-08,WAB,WESTINGHOUSE AIR BRAKE TECHNOLOGIES ,269.66,243.78,267.86,229.01,295.3,223.55,304.12,-6.562682215743542,-1.5854134165366636,-1.3380731282646559,-7.619999999999948,-20.89468013468012,-12.408676914230835,-29.380683355129403,0.02333001,0.001654081649831651,-0.023851283760305306,0.02715944705996861,0.03874699,0.0017606554362416277,-0.028517058600044304,0.032038369472527556,0.04660572,0.05912800359060392,0.0513408912943913,0.06691511588681653,0.00833184,0.00944778,92.7,1.91,0.907,0.28404377104377093,1.2729864982389398,-0.7048989561513979,70.4,-0.1401011900816248,0.135502534183793,-0.20128805450378662,0.4722931228713726,-0.192,-20.0
2026-04-08,BAX,BAXTER INTERNATIONAL INC.,17.24,15.75,17.39,14.16,18.72,12.78,21.01,-3.065217391304339,-2.0810810810810794,-1.1830238726790439,1.4399999999999977,0.1367003367003369,1.6551661413081984,-1.3817654679075244,-0.01204292,-0.014393594915824917,-0.05109336373955053,0.02230617390790069,-0.05751491,-0.03386874983221476,-0.07497642920700608,0.007238929542576558,-0.1186483,-0.08590505983221469,-0.1088323006431979,-0.06297781902123148,0.00947239,-0.01255408,44.6,-0.23,-0.121,-0.24373400673400672,0.6004712527999354,-1.0879392662679488,56.9,0.16361598614059258,0.06528021219937485,-0.41089670455292104,0.5414571289516708,-0.2005,-20.0
2026-04-08,BBY,"BEST BUY CO., INC.",64.48,61.05,67.08,58.6,68.8,51.44,75.12,-1.0423452768729675,-1.3611111111111138,-1.2255639097744366,1.4400000000000048,-1.4284175084175081,2.859216484535976,-5.716051501370993,0.00122834,-0.007460963063973061,-0.03761962377584522,0.022697697647899095,-0.02879301,-0.027837991644295297,-0.06905854527535157,0.013382561986760973,-0.06657255,-0.04585358161073816,-0.061657984030556647,-0.03004917919091967,0.00251297,-0.00750648,12.7,-1.79,-0.096,-0.1530471380471379,0.6171125622661895,-0.9232068383604652,59.3,0.21849100133129218,0.125787817921075,-0.2564652400298001,0.50804087587195,-0.2005,-20.0
2026-04-08,EWP,ISHARES:MSCI SPAIN,57.36,53.18,57.07,49.31,60.07,49.99,63.11,-4.759493670886078,-2.970479704797046,-1.2817391304347823,-2.200000000000003,-3.4776767676767673,-1.7464759102713048,-5.20887762508223,0.01452186,0.006116296262626263,-0.00782654040823274,0.020059132933485265,-0.01558179,0.017345678255033522,0.0009514219319148205,0.03373993457815222,0.05089042,0.04555941093959745,0.0345663901397104,0.0565524317394845,0.00511988,0.00941423,34.9,-0.5,0.694,0.6941750841750839,1.4485651118375416,-0.06021494348737377,62.1,-0.20960259090942301,-0.002484581205518086,-0.4488029285963943,0.44383376618535814,-0.199,-20.0
2026-04-08,PAYX,"PAYCHEX, INC.",89.89,88.08,94.09,81.24,97.09,76.6,106.52,2.3510638297872406,-1.2013888888888893,1.251316779533483,-1.4599999999999937,-6.677979797979797,-1.7435330383202245,-11.612426557639369,-0.00586981,-0.010975372828282837,-0.030585253911447313,0.008634508254881641,-0.04764417,-0.02629727422818791,-0.05138023709507722,-0.0012143113612986013,-0.04423626,0.0006932106040268503,-0.024078197478636817,0.025464618686690515,-5.445e-05,-0.0033788,6.9,-1.9,-0.777,-0.404993265993266,0.5442007519705448,-1.354187283957077,38.7,0.3435023540833195,0.18712236141218594,-0.1751145610933121,0.549359283917684,-0.21,-21.0
2026-04-08,RJF,"RAYMOND JAMES FINANCIAL, INC.",147.82,135.79,146.88,130.53,152.68,123.65,175.28,-14.448717948717904,-3.5576131687242682,1.1361191559784867,-4.310000000000002,-14.912255892255894,-9.24405786464219,-20.580453919869598,-0.00430364,-0.004710616936026939,-0.02509388092907676,0.015672647057022877,-0.02971454,-0.00955676496644293,-0.045312378255336565,0.02619884832245071,0.01819087,0.04592401231543621,0.036719965964502194,0.05512805866637023,0.00523345,-0.00084122,44.2,-0.34,-0.123,-0.08076430976430979,0.8868783633909689,-1.0484069829195886,41.1,0.29504645766643267,0.098861628396029,-0.1606081502941815,0.35833140708623945,-0.21,-21.0
2026-04-08,UHS,"UNIVERSAL HEALTH SERVICES, INC.",186.76,170.96,182.53,157.36,202.51,153.67,229.84,,-1.8666666666666651,1.3019038984587492,-5.439999999999998,-18.68659932659932,-9.219043657060832,-28.154154996137812,-0.02362718,-0.003428434915824914,-0.03311111013778828,0.026254240306138453,-0.02968949,-0.006030918187919462,-0.038012626931118974,0.025950790555280052,0.01332942,0.035416893758389356,0.022225718921738274,0.04860806859504044,-0.00127086,0.0092927,27.2,-0.95,-0.026,0.026895622895622962,1.0405545621595627,-0.9867633163683167,45.8,0.6429200277861169,0.11755584699554274,-0.23654346597057135,0.4716551599616568,-0.21,-21.0
2026-04-08,URI,"UNITED RENTALS, INC.",760.69,699.81,754.33,631.74,792.65,612.6,953.93,-4.8697152717860615,-4.034730913642064,1.3048821662502523,-20.739999999999895,-89.93878787878786,-46.141096515017665,-133.73647924255806,0.00122578,-0.003970857306397307,-0.03829357594931745,0.030351861336522835,-0.08150204,-0.0087750444966443,-0.059347862046838104,0.04179777305354951,0.01546218,0.05293705671140935,0.03448073514181765,0.07139337828100105,0.01037952,-0.02819513,47.2,-0.6,-0.205,0.025515151515151505,1.1140891973737477,-1.0630588943434447,36.3,0.06243744827701647,0.021321587090341855,-0.30717071196085827,0.349813886141542,-0.21,-21.0
2026-04-08,WSM,"WILLIAMS-SONOMA, INC.",187.53,173.32,188.49,160.97,203.0,150.91,230.49,-2.2576271186440646,-1.7168713639301878,1.1731294374658656,-1.7199999999999989,-26.507845117845118,-15.725159857582883,-37.290530378107356,0.01037393,-0.003763914545454548,-0.03655472769231503,0.029026898601405927,-0.02213509,-0.004610837550335564,-0.055763903996265025,0.0465422288955939,-0.00577272,0.07712646302013439,0.04715841688008147,0.10709450916018731,0.00252016,-0.00486711,46.6,-0.27,-0.085,-0.035037037037037096,0.9061761618641396,-0.9762502359382138,43.5,0.3263944445964717,0.26528554582382163,0.022475184303187318,0.508095907344456,-0.21,-21.0
2026-04-08,XLI,SEL SECTOR:INDUST SPDR,170.44,157.32,169.05,149.17,181.79,143.15,197.24,-9.476190476190542,-1.874008810572689,-1.0182835820895515,-2.530000000000001,-6.122323232323233,-2.2779379367820467,-9.96670852786442,-0.00325038,0.0005536212457912453,-0.01496517388674032,0.01607241637832281,0.00367985,0.0007811274832214901,-0.025071649826628246,0.026633904793071227,0.01007378,0.01519929275167783,0.006564321366290855,0.023834264137064805,0.00614759,-0.0008463,97.0,2.45,-0.008,0.27506060606060584,1.2375849878316267,-0.687463775710415,35.9,-0.12079976228528966,0.20408413683975246,-0.12575226860714095,0.5339205422866459,-0.20425,-21.0
2026-04-08,AIZ,"ASSURANT, INC.",223.69,211.09,224.14,199.51,235.54,191.37,256.9,-7.018518518518501,-2.0405063291139256,1.027537128712871,-2.1100000000000136,-15.711178451178467,-7.030362251629899,-24.391994650727035,0.00227071,-6.11083501683492e-05,-0.02429704258413426,0.02417482588379756,-0.0158133,1.7197684563764966e-05,-0.02295736493440908,0.022991760303536606,0.00714767,0.03219093191275166,0.017180617614155565,0.04720124621134775,-0.00154887,0.00476768,39.1,-0.72,0.247,0.015047138047138114,0.7743324246286356,-0.7442381485343594,61.7,0.153010218689986,0.01348560185680411,-0.26699820739996455,0.2939694111135727,-0.21,-21.0
2026-04-08,ARES,ARES MANAGEMENT CORP,104.83,98.9,110.51,84.12,111.74,77.69,137.71,-1.243197278911566,-2.9971056439942116,1.2114959469417836,-1.7999999999999972,-14.996531986531991,-4.65294115074405,-25.340122822319934,0.00895121,-0.01503705171717171,-0.05387070021671288,0.02379659678236946,-0.15938935,-0.03300877362416105,-0.08865333351275256,0.022635786264430476,-0.04922224,0.023073418389261822,-0.011706168835653834,0.05785300561417748,0.00016062,-0.01022079,17.7,-1.36,-0.293,-0.22970033670033677,0.8252338906748704,-1.2846345640755439,42.3,0.19356974310440234,-0.04506857842503905,-0.22304428804045653,0.13290713119037842,-0.21,-21.0
2026-04-08,BLK,"BLACKROCK, INC.",1001.54,925.65,995.96,863.72,1056.06,814.72,1193.54,-5.6583801122694295,-2.527879677182685,1.027727224065946,-8.629999999999995,-76.13737373737368,-42.527821707124346,-109.74692576762301,0.0070666,-0.003001392828282828,-0.023617368839280083,0.017614583182714423,-0.0274551,-0.010814520033557044,-0.04030158138944033,0.018672541322326243,0.00643149,0.026243095771812115,0.015676605924100966,0.036809585619523265,0.00351987,-0.00059298,12.3,-1.67,0.358,-0.007387205387205479,0.8943109044712056,-0.9090853152456166,61.7,0.029560291279085993,0.04001266313292897,-0.24773118423800364,0.32775651050386156,-0.21,-21.0
2026-04-08,COIN,"COINBASE GLOBAL, INC.",175.09,154.13,183.36,130.29,203.23,120.36,257.5,-1.743049705139005,-1.592039800995026,1.5057555271331993,-9.159999999999997,-66.45710437710437,-25.381985646305765,-107.53222310790298,-0.04659491,-0.010495995757575764,-0.07516652320332834,0.05417453168817682,-0.122357,-0.02920599838926177,-0.12592988086000345,0.06751788408147992,-0.04593564,0.11390189701342256,0.037796118984197505,0.1900076750426476,0.00487445,-0.00673566,19.6,-1.56,-0.667,-0.19385521885521878,0.789517900466965,-1.1772283381774027,31.2,0.18118978116870021,-0.07443215654509724,-0.3631028568779885,0.21423854378779403,-0.21,-21.0
2026-04-08,GIS,"GENERAL MILLS, INC.",36.6,35.34,38.49,32.87,40.08,30.7,45.62,1.374045801526713,-1.0718390804597722,1.5288135593220327,-0.14000000000000057,-0.4897306397306397,1.0516911092663728,-2.031152388727652,-0.0205578,-0.008969942222222218,-0.026680614852500863,0.008740730408056428,-0.03597014,-0.01917669785234898,-0.03530032279530741,-0.0030530729093905494,-0.06661067,-0.039894207986577224,-0.051670615234973655,-0.02811780073818079,0.00038003,0.01898617,45.4,-0.66,-2.096,-0.5116397306397309,0.2519501825848385,-1.2752296438643003,6.9,0.4550999775285238,0.19939522820567732,-0.21812102901972266,0.6169114854310773,-0.2085,-21.0
2026-04-08,J,JACOBS SOLUTIONS INC.,131.14,123.83,131.74,118.02,138.85,110.63,155.11,-3.65957446808505,-1.701686121919582,1.168698196001952,-2.430000000000007,-10.104882154882151,-4.916222541452248,-15.293541768312055,-0.00370996,-0.004647786632996633,-0.023901522536096047,0.014605949270102784,-0.00585288,-0.014882411040268467,-0.04649403789653387,0.016729215815996935,0.00592664,0.024106565234899388,0.01594941053041319,0.032263719939385586,0.0002508,-0.00466488,39.7,-0.65,-0.124,-0.018895622895622795,0.8808755187353244,-0.9186667645265699,38.7,0.4813324082103565,0.11431862924463178,-0.25326655020795913,0.48190380869722266,-0.21,-21.0
2026-04-08,LDOS,"LEIDOS HOLDINGS, INC.",160.64,148.45,163.0,138.85,165.74,136.22,203.11,-2.6238317757009315,-4.272549019607823,1.7391482391482411,-14.820000000000022,-22.035690235690222,-13.795863567286112,-30.27551690409433,-0.02078959,0.0007800259595959618,-0.02142169757847169,0.022981749497663614,-0.07323457,0.008691031342281877,-0.019972189132663402,0.03735425181722715,0.04995292,0.08008769714765095,0.06053665111538112,0.09963874317992077,0.00577347,-0.0243041,30.4,-0.84,-1.094,0.14556228956228962,1.1110088132987104,-0.8198842341741313,4.2,0.572833870633267,0.2296063965880588,-0.16222785305078188,0.6214406462268994,-0.2085,-21.0
2026-04-08,MCO,MOODY'S ,447.62,424.89,452.76,370.72,490.18,371.28,524.52,-1.7863414634146344,-1.8068609022556386,1.00733560387739,0.6000000000000227,-28.389831649831635,-9.056168781559752,-47.72349451810352,0.00343906,-0.005946496565656566,-0.030569393388835457,0.018676400257522326,-0.06115432,-0.012904461375838923,-0.03624233473493729,0.010433411983259448,-0.01487317,0.011950025704697937,-0.00762246355498662,0.03152251496438249,0.00231131,-0.00271215,33.3,-0.86,-0.172,0.0008282828282828272,0.8874905944627939,-0.8858340288062282,40.3,0.29523329483508376,0.040120512285250466,-0.22981164924484923,0.3100526738153502,-0.21,-21.0
2026-04-08,PH,PARKER-HANNIFIN ,966.05,874.46,946.17,801.73,1042.77,773.01,1162.07,-15.963999999999988,-2.141814389989571,1.0154372150849567,-15.150000000000091,-56.103703703703715,-26.26649131727269,-85.94091609013475,0.01202487,0.004158462188552184,-0.019763995490461615,0.02808091986756598,-0.00999784,0.004432801174496635,-0.03653570005851427,0.04540130240750753,0.02288151,0.03609151926174494,0.022060439735329777,0.050122598788160104,0.01312647,0.00233116,93.5,2.2,0.123,0.36292592592592565,1.2859120286630397,-0.5600601768111882,31.5,-0.014823827728555838,0.13182136479945922,-0.23531444657009465,0.4989571761690131,-0.21375,-22.0
2026-04-08,AVGO,BROADCOM INC.,350.63,295.26,331.96,277.47,362.89,261.61,444.19,,-5.967373572593803,1.0509997753313864,-27.569999999999993,-62.21861952861953,-37.76374578580396,-86.67349327143509,0.00414229,0.001466209057239055,-0.034687569642891714,0.03761998775736983,-0.00519381,0.009876001375838904,-0.05570583710024695,0.07545783985192475,0.09852047,0.13074410255033553,0.10674769261712928,0.15474051248354176,0.02042881,0.03977205,93.8,1.91,0.151,0.2379158249158249,1.1116750202346102,-0.6358433704029602,43.8,-0.11837706454905272,0.036816900662468184,-0.2948206608822445,0.36845446220718087,-0.21375,-22.0
2026-04-08,CARR,CARRIER GLOBAL ,58.29,53.08,58.71,50.59,65.56,46.36,73.73,-4.6213592233009635,-1.0591471801925711,1.2942162615255663,-1.5,-4.849595959595959,-1.8471067043126492,-7.852085214879269,0.00230942,-0.004765186329966331,-0.03609746333153017,0.02656709067159751,0.02325001,-0.004715449261744971,-0.037265651425536964,0.027834752902047025,0.00191677,0.023471453154362453,0.003617550458359039,0.04332535585036587,0.00636059,0.00671877,89.1,1.8,-0.045,-0.1520774410774411,0.8403731384308804,-1.1445280205857626,61.3,-0.03176748499041038,0.14101883640743357,-0.35435140249059194,0.6363890753054591,-0.21375,-22.0
2026-04-08,FICO,FAIR ISAAC ,1092.04,990.5,1132.68,870.3,1178.45,806.04,1618.83,-1.5243775933609913,-2.566138178451566,1.8419230769230768,-75.85000000000014,-296.6278787878788,-154.2070703993596,-439.04868717639795,-0.02524739,-0.017286833063973075,-0.060078247195359286,0.02550458106741314,-0.10647204,-0.02230022738255033,-0.08296534566580865,0.038364890900708,-0.00539092,0.07728115835570441,0.03946297614901523,0.1150993405623936,0.00215929,0.00934518,49.6,0.15,-0.78,-0.2712188552188552,0.6677709138415089,-1.2102086242792194,35.5,-0.1292817275875645,-0.013952381736332283,-0.30471334118420096,0.2768085777115364,-0.21375,-22.0
2026-04-08,GOOGL,ALPHABET INC.,317.32,277.11,316.32,262.25,328.52,246.79,392.8,-4.6439999999999975,-4.91696428571429,1.070182900893237,-27.189999999999998,-31.13434343434343,-12.215742236750998,-50.052944631935866,-0.00024951,0.004349751885521882,-0.021605312116847485,0.030304815887891252,-0.0245616,0.021637282919463065,-0.022861538670512365,0.06613610450943849,0.08449897,0.07537030617449658,0.05001686178914079,0.10072375055985237,0.007212,-0.00140266,92.3,1.88,0.287,0.3312087542087543,1.40435072338347,-0.7419332149659614,38.3,-0.03305865632665572,0.19671171125076933,-0.2118079909829996,0.6052314134845382,-0.21775,-22.0
2026-04-08,KVUE,KENVUE INC.,17.34,16.61,17.55,15.82,18.74,14.09,21.1,-5.999999999999974,-1.0857142857142865,1.1569230769230774,0.10000000000000142,-0.7443434343434343,0.29627796422950214,-1.7849648329163708,-0.01646745,-0.005584155117845117,-0.035323318082387464,0.024155007846697232,0.00480643,-0.019697627751677833,-0.06285599749606202,0.023460741992706362,-0.03442901,-0.015042982684563787,-0.04505527308078735,0.014969307711659774,-0.00278132,-0.00024387,66.9,1.05,-0.574,-0.09644781144781148,0.8379561166338562,-1.0308517395294792,39.5,-0.6279911443660886,0.4471828771067597,-0.5539887268535688,1.448354481067088,-0.21775,-22.0
2026-04-08,META,"META PLATFORMS, INC.",612.42,523.15,607.76,493.23,656.11,472.04,754.05,-5.811050477489732,-2.728084229800865,1.0089044023365157,-27.75999999999999,-100.98521885521883,-59.96987034335183,-142.00056736708584,-0.02340866,-0.002479712087542089,-0.03489495291361348,0.029935528738529307,-0.03817148,-0.0034003776845637546,-0.041384849555945034,0.03458409418681752,0.0061548,0.08393161003355698,0.045571012257503374,0.12229220780961059,0.0152296,0.00931074,88.3,1.86,-0.459,-0.002107744107744166,1.087811119956862,-1.0920266081723504,33.5,-0.1206679194596535,0.14852663725657972,-0.3397852399935925,0.6368385145067519,-0.21375,-22.0
2026-04-08,NTRS,NORTHERN TRUST ,151.74,137.53,150.4,131.52,157.1,123.57,172.98,-6.397959183673547,-3.7723880597015027,-1.32627118644068,-4.269999999999982,-10.219292929292934,-4.991435650436545,-15.447150208149322,0.02020427,0.002165550505050505,-0.02320202852419278,0.027533129534293786,0.00637862,0.00705558822147651,-0.029344760554272247,0.04345593699722527,0.05289414,0.035254083859060405,0.016833621632786525,0.053674546085334285,0.00480883,0.0030996,39.7,-0.79,1.242,0.2653198653198656,1.2303546263041993,-0.6997148956644682,83.1,0.2729736778111025,0.06536801963075753,-0.2526254877840767,0.3833615270455917,-0.2295,-23.0
2026-04-08,STT,STATE STREET ,136.13,124.93,135.47,118.58,142.31,110.48,153.34,-5.026315789473668,-2.8398058252427147,-1.4904125508425323,-2.6200000000000045,-8.77898989898991,-4.323931015885818,-13.234048782094,0.02341045,-0.0008223272053872049,-0.023433754502220648,0.021789100091446238,0.00567717,0.0055596818456375855,-0.020529808061229955,0.031649171752505124,0.04192119,0.03068341140939599,0.019357540970835124,0.04200928184795685,0.00413676,0.01446344,24.6,-1.12,1.384,0.31198989898989915,1.3030177863605186,-0.6790379883807204,82.7,0.2015464831118121,0.15910747866764122,-0.2648873403432118,0.5831022976784942,-0.2295,-23.0
2026-04-08,USB,U.S. BANCORP,55.36,51.1,55.06,48.26,58.71,45.73,63.58,-4.506024096385554,-2.1194029850746263,-1.171532846715329,-0.6799999999999997,-3.103872053872054,-1.3971919678550766,-4.810552139889031,0.0105194,-0.001445978484848482,-0.02373416020292325,0.020842203233226286,2.301e-05,-0.007245665033557056,-0.046514049013233555,0.03202271894611944,0.02040641,0.02298001013422818,0.014132691816246412,0.031827328452209945,0.00586152,0.00723433,29.6,-1.06,1.189,0.1122895622895622,1.186342248440094,-0.9617631238609697,81.9,0.3711376433364779,0.13907418590490128,-0.17989593340239574,0.4580443052121983,-0.2295,-23.0
2026-04-08,ADI,"ANALOG DEVICES, INC.",346.21,309.12,335.73,293.84,375.83,268.68,423.61,-51.18749999999653,-1.7680621201890614,-1.0016795865633068,-10.610000000000014,-16.43498316498316,-1.8340249604823136,-31.035941369484004,0.01588421,0.0035945076094276067,-0.028630504647096936,0.03581951986595215,0.04991443,0.010958803422818792,-0.029587535156765238,0.05150514200240282,0.05098289,0.014356219060402678,-0.004713767834939075,0.03342620595574443,0.00945289,-0.0002632,91.5,1.78,0.749,0.2574882154882156,1.2867528542722344,-0.7717764232958031,57.7,-0.03289246829127834,0.10241677351857253,-0.2859210253192311,0.49075457235637615,-0.27025,-23.0
2026-04-08,MRSH,"MARSH & MCLENNAN COMPANIES, INC.",175.81,168.06,179.7,159.17,185.82,149.03,203.37,-1.908415841584164,-1.6623376623376653,1.029126213592233,-2.6399999999999864,-12.245824915824917,-4.764837206680017,-19.726812624969817,-0.00452247,-0.007011937171717171,-0.023160733508980878,0.009136859165546535,-0.02012953,-0.011291619429530206,-0.024819533277040815,0.0022362944179804035,-0.00973934,0.01213584728187918,-0.003780696273073888,0.028052390836832246,-0.0011175,0.00144937,70.2,0.91,0.094,-0.1920572390572392,0.6505745736062878,-1.034689051720766,74.4,0.11996059397910064,0.2522858369135665,-0.16331095154454106,0.6678826253716741,-0.22575,-23.0
2026-04-08,NVDA,NVIDIA ,182.08,166.29,182.0,159.26,188.52,143.98,233.42,-4.300595238095262,-3.54347826086957,1.3475065616797886,-16.159999999999997,-36.26865319865322,-25.30828256024187,-47.22902383706457,-0.01311865,-0.00010527545454545588,-0.032614448858911405,0.03240389794982049,-0.02048003,0.004350453053691271,-0.057050310433285456,0.065751216540668,0.06814763,0.1446303585234905,0.10989223145187146,0.1793684855951095,0.00771793,0.00092915,26.0,-1.1,-0.181,0.25560942760942795,1.1325531002851332,-0.6213342450662772,28.8,-0.10948461732048886,0.14567254850548075,-0.16341308491467801,0.45475818192563955,-0.2195,-24.0
2026-04-08,CTAS,CINTAS ,174.59,159.45,176.93,151.78,188.61,146.39,220.34,-3.4430992736077517,-1.6269614835948634,1.6223404255319138,-9.539999999999992,-18.286531986531983,-10.124335316131026,-26.448728656932943,-0.04000713,-0.0031078398989898997,-0.018735873467477397,0.012520193669497597,-0.03014707,-0.008397807214765084,-0.028240834009678233,0.011445219580148065,0.00366306,0.049272135167785246,0.02663373112582475,0.07191053920974574,0.00402313,-0.00150142,85.9,1.57,-1.391,-0.1301649831649833,0.834390748688163,-1.0947207150181295,12.9,-0.0583824609020569,0.4209697245705072,-0.0635739838486783,0.9055134329896927,-0.22475,-24.0
2026-04-08,MPWR,"MONOLITHIC POWER SYSTEMS, INC.",1312.94,1066.29,1223.78,977.93,1411.35,891.25,1527.9,,-3.404227212681644,-1.9617138072199478,6.160000000000082,-91.51787878787877,-25.756512429791613,-157.27924514596594,0.03357914,0.006255991919191922,-0.033255425372532274,0.04576740921091611,0.04753276,0.01974272828859062,-0.02574354841043947,0.06522900498762071,0.06224866,0.03840020040268461,0.011938758281811707,0.06486164252355751,0.02236375,0.02662686,97.0,2.38,1.227,0.2888484848484852,1.0585295353708228,-0.4808325656738525,89.1,-0.00657924607964544,0.10733109284793149,-0.2473344206231902,0.46199660631905315,-0.23325,-24.0
2026-04-08,NDSN,NORDSON ,274.57,254.49,272.37,238.35,297.91,225.46,322.26,-12.303225806451518,-1.551842330762637,-1.0297756343048854,0.9800000000000182,-2.917104377104379,5.163868209063264,-10.998076963272023,-0.00519278,0.0043082364309764325,-0.017551293642310072,0.026167766504262936,0.00300372,0.004014932181208028,-0.033643230710963264,0.04167309507337932,-0.01356236,-0.021261412885906043,-0.03134170172461727,-0.011181124047194818,0.00560034,-0.01349911,90.5,1.82,0.061,0.2437508417508415,1.2227867463913724,-0.7352850628896894,33.1,0.034905413259302964,0.21294824612733396,-0.16206961681510415,0.5879661090697721,-0.23275,-24.0
2026-04-08,NKE,"NIKE, INC.",43.13,38.56,46.55,36.37,52.68,35.69,60.06,-1.8507462686567169,1.4127218934911228,2.2755376344086007,-4.859999999999999,-0.3674410774410776,2.73529314353397,-3.470175298416125,-0.08303093,-0.007698509898989899,-0.04238319965028317,0.026986179852303376,-0.08420374,-0.014223252013422847,-0.062093308067513786,0.033646804040668096,-0.09392307,-0.06086799922818796,-0.07722481505187104,-0.04451118340450489,-0.00149756,-0.0111141,89.5,1.76,-1.596,-0.33313468013468034,0.675535069700425,-1.3418044299697858,9.9,-0.4653754329443883,0.10475440452227053,-0.3822029580332143,0.5917117670777554,-0.23375,-26.0
2026-04-08,QUAL,ISHARES:MSCI USA QF,199.01,185.76,198.02,178.95,207.25,170.54,221.65,-7.870967741935419,-2.4344660194174734,-1.2575088339222606,0.46999999999999886,-7.995016835016846,-3.110043729017466,-12.879989941016225,-0.00645222,-0.001650877878787876,-0.014931194239610415,0.011629438482034663,-0.00394178,-0.006466212416107365,-0.025955578352872107,0.013023153520657374,-0.00990576,0.01331888295302018,-0.0009873519159693377,0.0276251178220097,0.00438543,0.00047415,94.8,2.1,-0.16,0.16121212121212097,0.9828974765007636,-0.6604732340765216,22.8,-0.16601604437522843,0.19755326895848532,-0.12174548140446687,0.5168520193214375,-0.24325,-26.0
2026-04-08,ACN,ACCENTURE PUBLIC LIMITED COMPANY,193.84,187.92,207.35,164.11,208.96,152.42,238.37,2.5129982668977426,-1.96626984126984,1.0750845002414289,-1.0,-11.576296296296295,3.840286882602717,-26.99287947519531,-0.00303604,-0.013265066936026948,-0.04404611028021915,0.01751597640816526,-0.09683541,-0.028254713691275163,-0.06790173289704232,0.011392305514491989,-0.06712092,-0.02065616738255031,-0.04905310926043335,0.007740774495332732,-0.00097349,-0.01144684,22.0,-1.29,-0.459,-0.37162626262626275,0.7404438874237551,-1.4836964126762806,48.2,0.28860748585092133,0.22125745348510736,-0.17231543007421227,0.614830337044427,-0.25525,-26.0
2026-04-08,CDW,CDW ,126.73,119.51,128.05,112.63,137.04,99.57,138.3,-1.9301587301587348,-1.3676042677012634,-2.347450302506482,9.64,-6.4056228956228916,0.7856885167889587,-13.596934308034742,0.02034801,-0.009082232558922557,-0.03472473753617304,0.016560272418327932,0.02526805,-0.021191624429530178,-0.053182179027931625,0.010798930168871266,-0.07661011,-0.019460779664429533,-0.04770181186953349,0.008780252540674424,0.00238137,0.01495464,45.0,-0.56,0.819,-0.39762962962962956,0.5195338907816289,-1.314793150040888,93.1,0.7008438805225488,0.1215227564859488,-0.2063728206080988,0.4494183335799964,-0.257,-26.0
2026-04-08,CTSH,COGNIZANT TECHNOLOGY SOLUTIONS ,61.0,59.63,63.68,51.73,67.14,49.19,74.99,2.6428571428571495,-1.5097719869706845,1.1845893310753592,-0.7999999999999972,-3.7474410774410774,-0.37785630511355306,-7.117025849768602,-0.00122095,-0.00705502006734007,-0.04039096739933935,0.026280927264659217,-0.06619039,-0.009348420234899334,-0.044016480375735086,0.02531963990593642,-0.0298125,-0.0018219905704698258,-0.022655051219855876,0.019011070078916222,-0.00051513,-0.00057666,29.0,-1.14,-0.498,-0.0714915824915824,1.181649401236037,-1.324632566219202,43.1,0.6350517621884397,0.21238181081542631,-0.18192040804723317,0.6066840296780858,-0.25525,-26.0
2026-04-08,DELL,DELL TECHNOLOGIES INC.,185.47,161.63,190.3,153.7,212.05,122.81,235.47,-1.7320788530465967,-1.195259593679458,-1.2531999999999999,-3.1500000000000057,-18.513771043771037,-9.824340376242795,-27.20320171129928,0.04552014,0.0037131767003367004,-0.04001166733188004,0.047438020732553446,0.08888785,-0.006707176208053667,-0.0730103968921417,0.059596044476034366,0.017315,0.07464945570469807,0.044650752842030614,0.10464815856736552,0.00814743,0.02427885,18.8,-1.34,1.687,0.16071380471380475,1.125456517707794,-0.8040289082801844,93.5,0.004480805642416152,0.07273849096389376,-0.2739199300158872,0.4193969119436747,-0.257,-26.0
2026-04-08,DLTR,"DOLLAR TREE, INC.",105.62,103.36,113.39,93.43,117.58,82.35,137.18,2.255737704918023,-1.0192307692307696,1.356252685861624,-1.3499999999999943,2.2255892255892284,8.228566167784841,-3.777387716606383,-0.01167564,0.004747146296296289,-0.02719194372524857,0.036686236317841146,-0.03856093,0.02486664110738255,-0.014863837768114195,0.06459711998287929,-0.06214904,-0.0732090933892621,-0.09483500254223606,-0.05158318423628813,-0.00561946,-0.0081913,82.9,1.15,-0.872,0.2066835016835018,1.258473318333824,-0.8451063149668203,18.8,-0.07896306559484467,0.2508817526710177,-0.30099080630134806,0.8027543116433835,-0.24125,-26.0
2026-04-08,EBAY,EBAY INC.,96.79,89.77,101.22,84.17,104.53,81.23,113.72,-1.0157894736842137,-1.630490956072353,1.0880462724935727,-9.309999999999988,-10.954208754208755,-6.101648466261129,-15.806769042156382,0.01441619,0.003426852020202015,-0.02385813278408529,0.03071183682448932,0.00259304,0.015025498255033519,-0.011693832370391654,0.04174482888045869,0.08027532,0.07359888302013416,0.05357289894266942,0.0936248670975989,-0.00052486,-0.0020491,41.5,-0.52,0.724,0.3083838383838386,1.1877515209201432,-0.570983844152466,64.1,0.42308516255311734,0.11546868218523092,-0.32157569525386664,0.5525130596243285,-0.25525,-26.0
2026-04-08,QQQ,INVESCO QQQ TRUST 1,606.09,556.98,603.73,534.78,624.99,502.36,695.05,-6.006711409396028,-3.7730158730158805,-1.1660296762589941,-12.659999999999968,-35.706060606060596,-17.94833477591904,-53.463786436202156,-0.00750374,-0.0009377423232323222,-0.017865187069697294,0.015989702423232652,-0.01624007,-0.003082104429530203,-0.03001555414033422,0.023851345281273816,0.01210506,0.029523458691275255,0.01623963883265576,0.042807278549894745,0.00520668,0.00373865,91.9,1.92,-0.085,0.2583939393939394,1.179275305020229,-0.6624874262323501,30.8,-0.11052274400945927,0.22085763752682042,-0.16695939182368918,0.60867466687733,-0.26625,-27.0
2026-04-08,SNPS,"SYNOPSYS, INC.",410.16,368.37,413.43,348.92,421.98,309.94,499.31,-4.73444976076558,-5.181049069373946,-1.124172742568705,10.75,-32.721750841750854,9.98099827419405,-75.42449995769576,-0.02096667,-0.008386383164983162,-0.05131480448853304,0.03454203815856671,-0.06640117,-0.03992462352348998,-0.11200637933077638,0.03215713228379642,-0.0656764,-0.007845014798657695,-0.046924083436588535,0.03123405383927315,0.00392169,-0.01969538,40.5,-0.75,-0.532,0.020343434343434337,1.1592018020320516,-1.118514933345183,33.5,0.14864025998002783,0.03541349250640273,-0.31799422210998657,0.38882120712279206,-0.2625,-27.0
2026-04-08,SPGI,S&P GLOBAL INC.,436.96,411.39,446.99,341.46,493.29,348.93,512.13,-1.4757213230119575,-1.6953665897390366,-1.1710788878541964,4.680000000000007,-29.55942760942762,-7.850817519508759,-51.26803769934648,0.00320107,-0.005951856026936025,-0.033763125182781066,0.021859413128909017,-0.07006167,-0.01299649818791946,-0.03926468079192369,0.013271684416084766,-0.02530566,0.010801000134228163,-0.01016116646486192,0.03176316673331825,0.00071811,-0.00069357,42.3,-0.32,0.006,-0.03363299663299664,0.9117558462130639,-0.9790218394790573,45.4,0.22972002973836658,0.06448097649141261,-0.2473922348398041,0.3763541878226293,-0.2625,-27.0
2026-04-08,XLK,SEL SECTOR:TECH SPDR,141.69,128.26,140.62,123.3,144.93,113.14,163.59,-5.285087719298248,-5.6759259259259105,-1.3036529680365292,-1.9399999999999977,-7.579461279461273,-2.988175867310691,-12.170746691611855,-0.00591727,-0.0010851597306397317,-0.02142879912332346,0.019258479662043998,-0.01987909,-0.004521063825503337,-0.03589732570702806,0.026855198056021386,0.00619652,0.021607719362416115,0.008167656145083003,0.03504778257974923,0.00760604,0.01121943,89.5,1.67,0.131,0.2829191919191921,1.2385982664248514,-0.6727598825864671,45.0,-0.06019759052968665,0.1250739396250899,-0.19427922675237386,0.44442710600255364,-0.26625,-27.0
2026-04-08,A,"AGILENT TECHNOLOGIES, INC.",116.92,110.76,119.33,104.47,121.14,95.5,136.98,-1.7408536585365872,-2.950236966824646,-1.0677966101694922,0.6599999999999966,-5.126868686868686,0.3700819997340048,-10.623819373471378,0.00934751,-0.006341744814814814,-0.033928905442171545,0.021245415812541912,-0.04143378,-0.006911801308724829,-0.04561812350564862,0.03179452088819895,-0.01929249,-0.013306650503355716,-0.033206549521269633,0.006593248514558199,0.0012193,-0.01026516,28.0,-1.05,0.147,-0.25697306397306413,0.7929038428794821,-1.3068499708256103,51.0,0.36984998651331047,0.10385720750065361,-0.16001579218455145,0.3677302071858587,-0.2625,-27.0
2026-04-08,AME,"AMETEK, INC.",230.49,209.66,225.5,195.77,249.39,187.45,268.63,-97.1578947368433,-1.8370370370370392,-1.1284740429994766,1.6800000000000068,-7.4816498316498325,-1.1585953045527004,-13.804704358746964,0.01374744,0.002721757171717175,-0.016219735024331994,0.021663249367766348,0.01462557,0.002205760302013423,-0.027108030455671072,0.03151955105969792,0.00716083,0.004196195234899328,-0.005256636403245575,0.013649026873044232,0.01219541,0.00542416,99.0,3.02,0.17,0.18914478114478125,1.0291025921316628,-0.6508130298421003,43.1,-0.16116627756678492,0.15698752164361193,-0.16292139062638825,0.47689643391361214,-0.26625,-27.0
2026-04-08,AMP,"AMERIPRISE FINANCIAL, INC.",453.1,411.25,452.98,386.63,483.9,366.95,532.15,-12.501618122977446,-2.1581168831168873,-1.0898165717900075,0.75,-34.57612794612794,-12.56130118195495,-56.590954710300934,-0.00329318,-0.006801184814814814,-0.028431951048467664,0.014829581418838035,-0.02106517,-0.018165524161073872,-0.04528248986102858,0.00895144153888083,-0.01412301,0.017117922214765116,-0.002329178245935159,0.036565022675465395,0.00242889,-0.00253938,49.0,-0.1,-0.133,-0.15897306397306396,0.649654171549433,-0.9676002994955609,55.8,0.32102713745310907,0.025726609102851898,-0.29449465523336216,0.34594787343906597,-0.2625,-27.0
2026-04-08,AON,AON PLC,329.76,314.8,332.5,296.41,347.61,285.99,373.72,-5.05415162454877,-1.86834733893557,1.0043408727438898,-4.639999999999986,-16.558855218855218,-6.068090874781596,-27.04961956292884,-0.0026923,-0.0034560602693602693,-0.020652097774987777,0.013739977236267237,-0.01752134,-0.013866559161073827,-0.03445157692064075,0.006718458598493094,0.00438167,0.00514708231543621,-0.0037566217183543507,0.014050786349226772,-0.00387654,0.00339579,51.6,0.26,0.293,-0.072976430976431,0.7022057159600882,-0.8481585779129502,81.7,0.1853894895982071,0.15051774608978452,-0.21395937206836702,0.5149948642479361,-0.267,-27.0
2026-04-08,BSX,BOSTON SCIENTIFIC ,62.56,57.13,65.1,52.29,68.44,51.9,82.5,-2.567307692307696,-1.7465986394557842,1.8705440900562844,-6.849999999999994,-11.421683501683503,-7.321219553704007,-15.522147449662999,-0.05175698,-0.01091290892255892,-0.036599940440837433,0.014774122595719592,-0.09534615,-0.01688814489932885,-0.046782696449499145,0.013006406650841448,-0.00249818,0.05569770402684584,0.026985547573481306,0.08440986048021037,-0.00353201,-0.01843292,80.4,1.28,-1.064,-0.2123367003367005,0.794414826232734,-1.219088226906135,20.8,0.0518635913539649,0.2397100527870068,-0.21742712192523095,0.6968472274992445,-0.25325,-27.0
2026-04-08,CDNS,"CADENCE DESIGN SYSTEMS, INC.",289.5,264.74,285.64,249.12,297.11,231.3,342.6,-116.00000000000654,-5.306176084099858,-1.0960451977401122,4.730000000000018,-22.541043771043768,-8.109823394998072,-36.97226414708946,-0.01376845,-0.004215283367003366,-0.033232948535400396,0.02480238180139366,-0.04902154,-0.007049378255033557,-0.0385541561245484,0.02445539961448128,-0.02647735,0.013041078691275127,-0.007112420719543282,0.03319457810209354,0.00153258,-0.00115992,34.7,-0.6,-0.198,-0.09147811447811441,0.795446785043275,-0.9784030139995038,43.7,0.7330872720884867,0.10133334816817097,-0.2880933423793061,0.49076003871564805,-0.2625,-27.0
2026-04-08,EWA,ISHARES:MSCI AUSTRALIA,29.52,27.17,29.08,26.12,31.32,24.72,32.94,-11.777777777777802,-1.8888888888888873,-1.4035087719298256,0.4499999999999993,-0.4683164983164987,0.25459839296112596,-1.1912313895941233,0.00153321,-0.00015654663299663262,-0.01505868868444714,0.014745595418453874,0.01991717,-0.005120874966442933,-0.029905062008913363,0.019663312076027496,-0.00808795,-0.010345243154362417,-0.018505541790423338,-0.002184944518301495,0.0056967,0.00887704,67.1,1.02,0.194,0.16188888888888905,0.9986670032134768,-0.6748892254356986,49.4,-0.22936574930696485,0.20097236302116536,-0.3492398757102041,0.7511846017525349,-0.26625,-27.0
2026-04-08,EWD,ISHARES:MSCI SWEDEN,51.71,46.84,51.34,44.15,54.52,44.17,57.39,-7.416666666666654,-2.6903914590747315,-1.3274647887323943,-0.6199999999999974,-2.1294276094276094,-0.7788431479893827,-3.480012070865836,-0.00297074,0.0007659677441077433,-0.017532086611290285,0.01906402209950577,-0.00797582,0.001096058120805371,-0.014487831183519255,0.016679947425129998,0.01044196,0.015290654362416072,0.009191821632096944,0.0213894870927352,0.00647038,0.00532666,90.9,1.97,-0.041,0.292057239057239,1.1469235436567646,-0.5628090655422866,33.9,-0.17794336835171587,0.2459866887303612,-0.3072417521157239,0.7992151295764464,-0.26625,-27.0
2026-04-08,EWI,ISHARES:MSCI ITALY,56.62,52.39,56.75,48.44,59.88,48.42,62.03,-4.2471910112359454,-2.5092024539877262,-1.5157116451016617,-0.6400000000000006,-3.1248484848484885,-1.7582132177355134,-4.491483751961463,0.01222781,0.0034512176094276073,-0.013321730379867428,0.020224165598722643,-0.01228288,0.007860738791946308,-0.009898937817736106,0.025620415401628724,0.02098805,0.034077315469798586,0.028499359845198656,0.039655271094398516,0.00356967,0.00961518,68.8,1.28,0.566,0.5131279461279461,1.4232244348090193,-0.39696854255312697,61.3,-0.0722222180837162,0.2707194035015255,-0.16669501592336772,0.7081338229264187,-0.26625,-27.0
2026-04-08,EWQ,ISHARES:MSCI FRANCE,45.87,42.17,45.4,38.79,48.74,39.21,49.64,-7.2391304347825915,-2.466898954703828,-1.7665782493368676,0.8999999999999986,-1.114646464646466,-0.08366361574662373,-2.1456293135463085,0.00818391,0.00027612276094276036,-0.014922934200452315,0.015475179722337836,-0.01490739,-0.002949778791946309,-0.017313878559368674,0.011414320975476058,-0.00998071,-0.002708055369127524,-0.008090616255358963,0.0026745055171039146,0.0063176,0.00856487,89.1,1.8,0.441,0.24332659932659934,1.0566005826966394,-0.5699473840434408,64.9,-0.048335747702309195,0.48875322328596515,-0.15931903764304345,1.1368254842149739,-0.26625,-27.0
2026-04-08,EWT,ISHARES:MSCI TAIWAN,76.36,68.46,73.22,67.06,79.81,61.53,85.38,,-2.6956521739130404,-1.644124168514413,0.8299999999999983,-1.644141414141415,0.6719631951142986,-3.9602460233971284,0.00125652,0.0011999252525252532,-0.02181242318804422,0.024212273693094723,0.03517738,0.00273576110738254,-0.030140758277921138,0.03561228049268622,0.00754107,-0.0038186682885905953,-0.016474159135272406,0.008836822558091215,0.00981564,0.00357527,93.5,1.97,0.683,0.37540404040404035,1.292954704582848,-0.5421466237747672,61.3,-0.3056250819395421,0.457928194213579,-0.7609787476090927,1.6768351360362508,-0.26625,-27.0
2026-04-08,GS,"THE GOLDMAN SACHS GROUP, INC.",905.75,835.13,904.63,766.43,946.41,719.06,1073.64,-3.547897196261682,-3.4264633546483068,-1.1119780808862942,-37.35000000000002,-85.14787878787878,-47.30904733005803,-122.98671024569953,0.02974316,0.003340797845117843,-0.02452047669128366,0.031202072381519348,-0.01798586,0.01064950929530202,-0.022064849983504373,0.04336386857410841,0.06429917,0.06498821114093974,0.05068707089418466,0.07928935138769481,0.00529791,-0.00017478,32.1,-0.68,0.826,0.3870673400673399,1.4517723154662459,-0.6776376353315661,64.1,0.0020562037804940925,0.1135912789887371,-0.1521528611066743,0.37933541908414853,-0.2625,-27.0
2026-04-08,HBAN,HUNTINGTON BANCSHARES INC.,16.35,15.31,16.51,14.36,17.34,13.36,19.22,-2.3947368421052744,-2.0101010101010153,-1.0418118466898971,-0.05999999999999872,-1.1908754208754224,-0.4652815997803188,-1.916469241970526,0.01701665,-0.0034101254208754195,-0.028711883566014527,0.021891632724263692,-0.00658812,-0.0076603319463086975,-0.04348553551798806,0.028164871625370666,0.00378895,0.02259039288590598,0.011288595698404066,0.03389219007340789,0.00538464,-0.00586999,59.1,-0.25,0.258,-0.044040404040404026,1.04851747295203,-1.136598281032838,56.9,0.04396820284898073,0.11603348898448705,-0.20999921584284403,0.44206619381181816,-0.2625,-27.0
2026-04-08,INDA,ISHARES:MSCI INDIA,49.27,45.14,48.06,42.21,51.26,40.94,55.16,-13.107142857143142,-3.547738693467347,-1.4142614601018701,1.240000000000002,-2.110168350168352,-0.9976166635729582,-3.2227200367637456,-0.00468048,-0.0027739444781144785,-0.01521639062515474,0.009668501668925782,-0.03258845,-0.0022394988255033535,-0.016808320015278985,0.01232932236427228,-0.02473518,0.013915623691275122,-0.00038128663167465507,0.0282125340142249,0.01152264,0.01254912,94.6,2.34,-0.2,-0.26603367003367007,0.6378365289995409,-1.169903869066881,41.9,-0.13384023429198455,0.18354365445757476,-0.17699111417104402,0.5440784230861935,-0.26625,-27.0
2026-04-08,MA,MASTERCARD INC..,507.12,476.69,511.09,457.85,526.66,434.23,574.99,-4.107981220657286,-2.52149437052201,-1.0739649329600705,-7.8799999999999955,-32.48262626262624,-14.314490123160933,-50.650762402091544,-0.01059539,-0.003498869932659933,-0.022040298084626923,0.015042558219307056,-0.02738778,-0.004063071845637585,-0.019922322835665186,0.011796179144390014,-0.00475325,0.01736514523489925,0.004167066003096381,0.03056322446670212,-0.00117355,-0.00047297,49.8,0.05,-0.243,-0.05398989898989906,0.8439979285507303,-0.9519777265305284,51.4,0.08696894949462997,0.1002092155205689,-0.17417698142376664,0.3745954124649044,-0.2625,-27.0
2026-04-08,MLM,"MARTIN MARIETTA MATERIALS, INC.",624.36,573.53,624.19,519.85,673.96,496.47,745.47,-5.341950646298482,-2.1070564516129022,-1.0559821649739904,6.690000000000055,-39.22336700336701,-19.420701758831083,-59.02603224790293,0.01079554,-0.001200404781144785,-0.021906548142946763,0.01950573858065719,-0.02439982,0.0011541026174496701,-0.027061887847191088,0.029370093082090425,-0.00452234,0.02666625392617443,0.014282151690888933,0.03905035616145992,0.00378332,0.00264664,48.0,0.15,0.283,0.06621212121212126,0.9671635920614411,-0.8347393496371985,48.6,-0.050760306299236224,0.14928646674320373,-0.07722567718344717,0.37579861066985465,-0.26625,-27.0
2026-04-08,SPHB,INVESCO S&P500 HI BE,122.28,111.85,120.73,107.98,125.69,101.3,137.37,-8.482142857142822,-4.193548387096778,-1.3903247183565275,-0.6500000000000057,-4.049932659932662,-0.40933230540376586,-7.690533014461559,-0.00335784,0.000162541380471381,-0.02277889254543812,0.023103975306380885,-0.01021547,-0.00017795939597314004,-0.03627401031601283,0.035918091524066546,0.00187908,0.004952124228187913,-0.006218652610821403,0.01612290106719723,0.00813478,-0.00155531,88.3,1.67,0.229,0.34321548821548825,1.2735243772860108,-0.5870934008550341,40.3,-0.1114352261109326,0.11413967436552916,-0.15106425981571356,0.37934360854677185,-0.27025,-28.0
2026-04-08,XLF,SEL SECTOR:FINL S SPDR,51.2,48.2,50.9,46.15,52.12,42.94,57.88,-6.395348837209307,-5.489130434782646,-1.2365269461077852,0.10000000000000142,-2.7450841750841732,-1.4182921399946107,-4.071876210173736,0.00162722,-0.002219361986531987,-0.016460427635157916,0.01202170366209394,-0.02743774,-0.005145965268456373,-0.019553712188779795,0.009261781651867047,-0.00085384,0.020939714161073836,0.008988704255164176,0.0328907240669835,0.00230576,-0.00324982,63.3,0.44,0.372,0.011353535353535282,0.8544004022955634,-0.8316933315884929,65.3,1.451363275709748,0.1580724646409828,-0.16737083157100868,0.48351576085297426,-0.27825,-28.0
2026-04-08,BA,THE BOEING COMPANY,217.8,194.08,221.37,181.38,229.0,165.61,258.67,-2.7959183673469425,-3.251785714285719,-1.2769757768534375,3.8100000000000023,-1.9390909090909085,8.981569719399182,-12.859751537581001,-0.00069727,0.0012240946127946145,-0.03208345812106896,0.034531647346658194,-0.02482246,-0.0036923897651006793,-0.044231239619787234,0.03684646008958587,-0.03117736,-0.034558848590604034,-0.046182021713918775,-0.022935675467289297,0.0055549,0.00010684,77.4,1.38,-0.023,0.13919865319865307,1.3320469468302456,-1.0536496404329394,48.2,-0.11705270405078994,0.04550891487521494,-0.2530432224524535,0.3440610522028833,-0.27025,-28.0
2026-04-08,BRO,"BROWN & BROWN, INC.",67.76,62.48,67.51,59.59,69.72,55.53,79.55,-11.900000000000267,-4.16836734693879,-1.0373197625106032,0.10999999999999943,-8.796531986531992,-3.8288790767313863,-13.764184896332598,-0.01730866,-0.010375708619528627,-0.03215535341418161,0.011403936175124356,-0.03791492,-0.023361352885906066,-0.046480008374386414,-0.00024269739742572086,-0.01863996,0.035660686979865755,0.006154809148003489,0.06516656481172803,0.00010109,-0.0001517,56.5,0.59,-0.187,-0.24562626262626275,0.7653943307613752,-1.2566468560139006,69.2,0.3874527284755729,0.1327707995033319,-0.24009554852506712,0.505637147531731,-0.27825,-28.0
2026-04-08,CCI,CROWN CASTLE INC.,85.52,77.64,90.07,73.98,92.61,69.3,97.92,-1.2079037800687271,-1.6276445698166413,-1.3080645161290316,-0.9200000000000017,-1.9982491582491586,1.6513117601586829,-5.6478100766570005,-0.00781821,-0.002233879966329967,-0.021709014938031783,0.017241255005371853,-0.03540306,-0.0027073547651006702,-0.031340814940906014,0.025926105410704673,-0.02765212,-0.027647242080537,-0.04469421744665427,-0.010600266714419729,0.00041013,0.00678555,84.5,1.5,-0.39,-0.14875420875420875,0.6651547505970775,-0.962663168105495,41.1,-0.16105947232891993,0.0942631839913119,-0.2419839791323345,0.4305103471149583,-0.27025,-28.0
2026-04-08,FXB,INVESCO:GBP STERLING,128.91,125.63,129.26,123.28,132.62,120.84,136.79,-2.8050847457626977,-1.5175202156334187,-1.0241116751269033,-1.75,-2.4500673400673363,-0.9379125339670629,-3.9622221461676097,0.00139602,0.0010754453535353535,-0.0036036273869888688,0.005754518094059575,6.248e-05,0.005103450067114097,-0.005220783543662064,0.015427683677890259,0.00587996,0.0028588743624160993,-0.0003164673542668194,0.0060342160790990175,0.00191665,0.00042298,83.1,1.24,-0.134,0.039444444444444435,0.9250065604257351,-0.8461176715368464,42.7,-0.0021160447744160704,0.3073944829450826,-0.03010512788308478,0.6448940937732499,-0.27025,-28.0
2026-04-08,HD,"THE HOME DEPOT, INC.",336.16,307.13,334.6,291.4,354.56,275.7,404.62,-14.009708737864068,-2.4326086956521795,1.1323188885213353,-1.4799999999999613,-18.107609427609436,-4.580983756876652,-31.63423509834222,-0.01696792,-0.005047638585858585,-0.02399991302764565,0.013904635855928483,-0.03285358,-0.01041992057046979,-0.036178317257161,0.015338476116221423,-0.01920085,0.007898786442953012,-0.007522562864359986,0.02332013575026601,0.00353849,-0.02260118,99.4,3.35,-0.64,-0.27133670033670043,0.7936519849381245,-1.3363253856115254,30.4,-0.25793683155343183,0.2279598551004415,-0.17460929202498457,0.6305290022258676,-0.27875,-28.0
2026-04-08,IFF,INTERNATIONAL FLAVORS & FRAGRANCES INC.,73.77,68.08,75.31,63.51,82.07,59.03,87.12,-3.5679012345678918,-1.2361445783132532,-1.1041198501872649,-0.4300000000000068,-2.0427609427609426,0.9501243911121433,-5.035646276634028,-0.0017459,-0.00517202569023569,-0.030174272861076733,0.01983022148060535,0.01493337,-0.01736946607382553,-0.04742018719829852,0.012681255050647457,-0.01570551,-0.022298763993288596,-0.03007905842069184,-0.014518469565885353,-5.111e-05,-0.00044062,90.9,1.75,0.083,-0.16613468013468016,0.7404970849583247,-1.072766445227685,57.3,-0.10277057377282817,0.1837399262376907,-0.2324616051529042,0.5999414576282855,-0.27025,-28.0
2026-04-08,KHC,THE KRAFT HEINZ COMPANY,22.95,21.76,24.0,20.9,24.72,18.64,26.13,1.3030303030303043,-1.158192090395481,-1.3553459119496853,0.5799999999999983,0.049090909090908824,0.8106962871199456,-0.7125144689381279,0.00486215,-0.007176119494949493,-0.022221609956057247,0.007869370966158262,-0.00397384,-0.016459469697986565,-0.03263153793870653,-0.0002874014572666027,-0.06346342,-0.048162952818791786,-0.05606952690255694,-0.04025637873502663,0.00028634,0.01242905,95.0,1.97,-0.374,-0.35284175084175085,0.3394432278805176,-1.0451267295640192,55.8,-0.059057804505641576,0.0870399487405521,-0.27029987564176267,0.44437977312286686,-0.27025,-28.0
2026-04-08,MTUM,ISHARES:MSCI USA MOM FCT,259.64,234.77,254.9,224.39,270.85,212.32,281.05,-26.573170731707528,-3.1445138269402215,-2.2101821578701513,6.069999999999993,-11.534781144781137,-4.539247287003093,-18.53031500255918,0.00053757,-0.0015345176094276097,-0.017874822511123423,0.014805787292268205,0.00423463,-0.003842269697986579,-0.02300355240291435,0.015319013006941195,-0.01478638,0.015671197114093885,0.0017315364003016205,0.02961085782788615,0.00757615,0.02531876,90.5,1.72,0.485,0.20161952861952892,1.0477216046101998,-0.644482547371142,65.7,-0.20358877476012593,0.14118531461019648,-0.1927695936113715,0.4751402228317645,-0.257,-28.0
2026-04-08,PFF,ISHARES:PREF AND INC SEC,30.74,29.58,30.94,29.07,31.47,28.16,32.91,-2.641025641025631,-2.2876712328767086,-1.1889400921658988,-0.07000000000000028,-0.15959595959595946,0.21796176605647122,-0.5371536852483901,-0.00377165,-0.002367334107744107,-0.010099973870475258,0.005365305654987043,-0.01130598,-0.00776393533557048,-0.0213779756094841,0.0058501049383431385,-0.01372202,-0.015352717885906064,-0.02004357986018527,-0.010661855911626859,0.0040314,-0.00191253,84.3,1.35,-0.609,-0.16768686868686875,0.7708462375392205,-1.106219974912958,26.8,-0.0427317220576412,0.6417186655655335,-0.5761331881053421,1.8595705192364091,-0.28125,-29.0
2026-04-08,WDC,WESTERN DIGITAL ,338.78,271.42,335.81,252.98,377.76,221.5,469.3,-7.202842377260973,-2.201128783991789,1.1128922237380634,-55.89000000000004,-27.225117845117857,5.88300980183223,-60.333245492067945,0.02549995,0.030150509865319853,-0.020552040265836565,0.08085305999647627,0.07199138,0.060905277382550325,-0.039099390821910225,0.16090994558701088,0.18810054,0.0875011188926177,0.010177798139185595,0.16482443964604981,-0.00462781,-0.0081772,74.8,1.2,0.965,0.9273400673400674,2.0952979910968317,-0.2406178564166972,47.6,-0.03354372370054559,0.05629369153317231,-0.2971471635147455,0.40973454658109015,-0.32925,-29.0
2026-04-08,AVY,AVERY DENNISON ,175.31,163.45,178.04,151.52,190.7,145.48,203.1,-4.136054421768709,-1.5458089668615993,-1.0734077006117315,1.240000000000009,-5.010808080808077,0.7219050657286505,-10.743521227344804,-0.00317901,-0.0036847251851851843,-0.024626408893098205,0.01725695852272784,-0.0163205,-0.00117571724832215,-0.03140105553242441,0.02904962103578011,-0.02934839,-0.013627606912751692,-0.02140161991336999,-0.005853593912133394,0.00240522,-0.00269677,96.2,2.22,0.032,-0.22140067340067335,0.6499662422877188,-1.0927675890890656,49.8,0.007624526015428179,0.19224118076853564,-0.30918447279887956,0.6936668343359509,-0.2865,-29.0
2026-04-08,CMG,"CHIPOTLE MEXICAN GRILL, INC.",33.79,31.08,34.35,28.67,36.01,25.52,40.82,-1.6567164179104428,-2.3063063063063063,-1.1763869132290183,2.0,-2.5977104377104343,0.4327539383859631,-5.628174813806831,-0.00105297,-0.012681606599326592,-0.0480227654034348,0.022659552204781615,-0.04865355,-0.02920237268456376,-0.06444176886944211,0.006037023500314587,-0.08628253,-0.0064414032550335456,-0.04132326518360967,0.028440458673542574,0.00751955,-0.00812976,47.6,0.56,-0.269,-0.2758114478114476,0.7359676239248872,-1.2875905195477824,46.2,0.30305043101374407,0.14231652088083546,-0.34670186993481483,0.6313349116964857,-0.2865,-29.0
2026-04-08,IWD,ISHARES:RUSS 1000 VL ETF,221.95,209.65,220.47,200.68,232.33,194.36,242.67,-8.785714285714146,-2.0491329479768723,-1.3315637065637054,0.7800000000000011,-5.876868686868685,-1.5832657347547707,-10.170471638982598,0.00026507,-0.00034042609427609405,-0.013009660749555502,0.012328808561003315,-0.00028701,-0.0033488524496644335,-0.021849675380247284,0.015151970480918417,-0.00364311,0.005345218523489952,-0.004163272028725061,0.014853709075704965,0.00458287,-0.00137534,96.6,2.25,0.319,0.24871380471380455,1.0444142370064347,-0.5469866275788254,41.9,0.059660524560292805,0.1971139841971652,-0.11846360396041727,0.5126915723547476,-0.2865,-29.0
2026-04-08,MCHP,MICROCHIP TECHNOLOGY INC.,70.73,62.39,69.83,56.83,74.76,47.23,87.02,-4.51250000000002,-3.449131513647643,-1.4426028238182946,6.650000000000006,1.16952861952862,5.696293966526352,-3.357236727469112,0.01669891,-0.0006793143097643117,-0.05363247953947986,0.05227385091995124,-0.0227414,-0.006896872416107406,-0.06662635243897534,0.05283260760676053,-0.08794315,-0.07427678855704706,-0.08522256709067261,-0.06333101002342151,0.01102876,-0.0157465,87.7,1.43,0.596,-0.01707744107744105,1.1016338699233001,-1.1357887520781822,64.1,0.1689994139248221,0.03909589202098474,-0.37942849848576393,0.4576202825277334,-0.2865,-29.0
2026-04-08,ZBH,"ZIMMER BIOMET HOLDINGS, INC.",93.01,87.46,93.77,81.89,98.26,78.14,105.67,-3.384105960264921,-2.118095238095239,-1.1745655608214858,1.6800000000000068,-1.7753198653198652,2.681399020255399,-6.232038750895129,-0.00637469,-0.004939534579124573,-0.02898814213131063,0.019109072973061483,-0.02583971,-0.02282977661073821,-0.039922696343698175,-0.0057368568777782444,-0.02925974,-0.02934375966442966,-0.04504159294353115,-0.013645926385328171,0.00277916,-0.00187643,37.9,-0.34,0.16,-0.1607037037037035,0.7522200037854251,-1.0736274111928321,69.6,0.3297231143656325,0.10325341725857827,-0.28321364457421777,0.48972047909137434,-0.29125,-30.0
2026-04-08,ABT,ABBOTT LABORATORIES,103.56,97.55,105.24,89.69,109.79,90.57,121.6,-3.99354838709678,-2.226324237560192,1.3887605850654334,-3.9099999999999966,-7.290875420875419,-3.4167807697105346,-11.164970072040303,-0.02470543,-0.005199627239057238,-0.026863773678520095,0.01646451920040562,-0.06846648,-0.012472122651006716,-0.04146987972127429,0.016525634419260863,-0.00827293,0.014232673758389245,0.001156287055899232,0.027309060460879258,-0.00093672,-0.00614564,5.4,-2.45,-1.31,-0.1282727272727273,0.7176098058416585,-0.9741552603871131,10.5,0.66519534750286,0.1327227694227294,-0.24503855287431117,0.5104840917197699,-0.29225,-30.0
2026-04-08,CEG,CONSTELLATION ENERGY,284.27,252.18,288.04,234.18,327.92,219.25,394.35,-5.8339552238805785,-1.1475372279495977,1.6930175330667498,-33.29000000000002,-61.79003367003371,-37.30141723716515,-86.27865010290228,-0.03428028,-0.003153543030303027,-0.05001849980496036,0.04371141374435431,-0.04520775,-0.00629350989932886,-0.06374296328744954,0.051155943488791815,0.0287083,0.11578332449664461,0.08279395262450426,0.14877269636878496,0.00392901,0.00040296,71.6,0.98,-0.688,0.00437710437710438,1.0346714334933795,-1.0259172247391708,17.3,-0.11754517588532731,0.029427523337846262,-0.2602881460330479,0.3191431927087404,-0.29075,-30.0
2026-04-08,CRESY,CRESUD INC.,12.51,12.02,13.27,11.06,14.06,9.65,15.45,1.4791666666666672,1.0689655172413803,1.027972027972028,-0.8000000000000007,-1.5198989898989892,-0.8197066973683969,-2.2200912824295815,0.02215402,-0.0011020810101010068,-0.03751049351411772,0.0353063314939157,0.00821332,0.0018119039261745016,-0.04932304170159901,0.05294684955394802,0.03142973,0.04909790040268441,0.03073493759240101,0.06746086321296782,0.00075021,-0.00031955,49.4,0.2,0.924,-0.10244444444444441,0.710978821702959,-0.9158677105918479,92.3,0.5806259958554361,1.142649579981357,-0.12120907459395558,2.4065082345566697,-0.2945,-30.0
2026-04-08,PPG,"PPG INDUSTRIES, INC.",110.47,98.26,110.21,90.16,122.02,84.95,131.16,-13.402298850574638,-1.7584415584415591,-1.2334461092315128,1.480000000000004,-0.06659932659932517,4.83997991104372,-4.973178564242371,0.0026309,-0.005565856026936037,-0.032950988334777775,0.0218192762809057,-0.01306408,-0.01598099765100673,-0.04520469031688551,0.013242695014872043,-0.02072277,-0.04533492647651019,-0.06135225356282481,-0.02931759939019557,0.00504002,-0.0017394,91.1,1.98,0.303,-0.09279797979797977,0.9783409503593586,-1.1639369099553183,55.8,-0.18559605273514412,0.009025465837970073,-0.34684644681559196,0.36489737849153214,-0.36925,-32.0
2026-04-08,TMUS,"T-MOBILE US, INC.",197.63,190.22,209.0,182.72,226.54,176.74,252.11,1.0981524249422627,1.938967136150235,2.6079463858305436,-27.039999999999992,-26.69016835016835,-16.65894320006316,-36.721393500273535,-0.02538751,-0.0021434111447811467,-0.024440899227647202,0.02015407693808491,-0.00088779,-0.00642181073825503,-0.03374756441700357,0.02090394294049351,0.03913046,0.0660558876845637,0.04652620372506622,0.08558557164406119,-0.00195053,-0.00273209,34.7,-0.49,-1.645,-0.18177441077441067,0.8348359943609417,-1.198384815909763,3.8,0.5061237084648962,0.10551952056326097,-0.21542334850596612,0.42646238963248806,-0.305,-33.0
2026-04-08,TYL,"TYLER TECHNOLOGIES, INC.",327.88,322.36,344.86,271.25,369.37,264.88,410.69,2.5532591414944275,-1.3649072065557961,1.3144444444444445,-2.590000000000032,-44.32791245791245,-19.91182830786823,-68.74399660795666,-0.02159214,-0.013445626026936025,-0.04347125223955977,0.01658000018568772,-0.10174545,-0.03474956963087247,-0.07478686638686305,0.0052877271251180955,-0.06358526,0.01962656983221473,-0.020984168930262344,0.060237308594691806,-0.00336358,-0.00189029,34.5,-0.74,-1.007,-0.379983164983165,0.41032073849369355,-1.1702870684600235,22.8,0.7790647471088388,0.20970647789044522,-0.20295458095794683,0.6223675367388373,-0.32825,-33.0
2026-04-08,NQ=F,NASDAQ 100 FUTURES,25039.0,23461.89,25223.86,22544.89,25457.31,21969.17,27355.12,-2.999956330924247,-5.962348497525741,-1.3254192356181904,-409.90000000000146,-1331.3998653198637,-586.2450991430222,-2076.554631496705,-0.00027526,-0.002836570673400672,-0.02004263556477108,0.014369494217969736,-0.01960089,-0.004304885503355704,-0.031032344417258342,0.02242257341054693,0.0088167,0.025902446476510084,0.01131878699796504,0.04048610595505513,0.00189706,-0.00107626,91.5,1.7,-0.012,0.2517542087542088,1.1660068001473374,-0.6624983826389199,33.9,,,,,-0.3375,-34.0
2026-04-08,QAT,ISHARES:MSCI QATAR,19.17,18.08,18.95,17.01,19.87,17.24,20.38,-25.50000000000062,-3.085714285714289,-1.5950413223140558,0.16000000000000014,-0.368282828282828,-0.0004117422293899997,-0.736153914336266,0.0009956,-0.0014523146464646465,-0.014148060801080069,0.011243431508150775,-0.02172813,-0.002076229295302023,-0.022191791900857807,0.018039333310253758,-0.0030903,-0.004883190033557046,-0.01273835188650151,0.0029719718193874168,0.00162504,-7.607e-05,95.8,2.29,0.154,0.16268686868686877,1.4345166208586824,-1.1091428834849448,56.7,,,,,-0.3375,-34.0
2026-04-08,RUT,RUSSELL 2000 INDEX,2620.46,2447.21,2589.9,2372.9,2681.26,2294.58,2846.36,-11.54129129129115,-4.071710526315776,-1.4425852146967684,-15.529999999999745,-104.3942087542088,-35.01022294124101,-173.7781945671766,0.00225807,-0.0012090748148148162,-0.018935660940496386,0.01651751131086675,-0.00262754,-0.006787688557046938,-0.034744350348852954,0.021168973234759074,0.01059959,0.01829231201342278,0.00810780405620569,0.028476819970639868,0.00688062,-0.00166561,80.4,1.3,0.343,0.13819191919191914,1.0225052847943668,-0.7461214464105284,46.0,,,,,-0.3375,-34.0
2026-04-08,UDR,"UDR, INC.",35.02,32.87,35.79,31.91,37.19,29.97,40.36,-1.6371681415929282,-1.4331797235023092,1.0574257425742557,-0.46999999999999886,-1.1848484848484855,-0.013078314680575742,-2.356618655016395,-0.00862326,-0.004241720505050503,-0.021735534554850017,0.013252093544749013,-0.00199894,-0.011451623557046988,-0.03081356355092435,0.007910316436830376,-0.01413223,-0.008978068322147642,-0.014664790420712233,-0.003291346223583052,0.00245732,-0.00198938,57.7,0.21,-0.985,-0.24447474747474746,0.5952547578402927,-1.0842042527897877,19.6,-0.39355224749537077,0.31532510637367733,-0.20154165917175598,0.8321918719191106,-0.336,-34.0
2026-04-08,COST,COSTCO WHOLESALE ,1030.27,982.26,1038.53,951.07,1087.96,885.98,1157.97,-2.646556630620385,-1.3728549141965654,-1.129913860610806,-24.579999999999927,-89.46696969696968,-45.93529633082725,-132.99864306311213,0.00659796,-0.0007530068013468012,-0.01848109993012041,0.016975086327426805,0.01608074,-0.0015284153691275243,-0.019707791968361237,0.016650961230106186,0.02246633,0.05548206104026867,0.03311369527670151,0.07785042680383583,0.00140993,-0.01894082,21.2,-1.36,0.724,-0.003989898989898893,1.0076840198895336,-1.0156638178693316,83.5,0.5019207692787075,0.18985689879722284,-0.11114913098467227,0.49086292857911795,-0.3285,-34.0
2026-04-08,EA,ELECTRONIC ARTS INC.,203.99,201.34,207.73,186.17,213.65,177.86,235.47,1.5220883534136458,-1.8447204968944129,1.2047455032529657,-8.620000000000005,-9.302491582491584,-2.7585036886437084,-15.846479476339459,0.00887878,0.004758418754208759,-0.01453339885222044,0.024050236360637956,-0.03720159,-0.0018110701342281905,-0.04052732996217499,0.036905189693718615,0.02722268,0.016274537651006688,0.004597706008145869,0.027951369293867507,4.161e-05,0.02914751,1.4,-2.9,1.392,0.26916498316498344,1.0711436319418715,-0.5328136656119047,92.3,2.0540350794564257,0.5879254670835127,-0.6708035685496846,1.84665450271671,-0.3335,-34.0
2026-04-08,EPHE,ISHARES:MSCI PHILIPPINES,25.71,24.08,25.31,22.48,27.26,21.52,29.55,-50.666666666670736,-2.0838709677419347,-1.0911458333333337,0.15000000000000213,-0.6500673400673399,0.017530204817661987,-1.3176648849523418,0.00126115,-0.0008243173737373737,-0.015348789547317606,0.013700154799842858,-0.01101385,-0.0028354165771811994,-0.014690345880428108,0.00901951272606571,-0.00294819,-0.0013627246979865768,-0.005265534114619031,0.002540084718645877,0.00645982,-0.00288111,79.4,1.32,0.047,-0.014488215488215404,0.8428412770718848,-0.8718177080483157,58.5,,,,,-0.3375,-34.0
2026-04-08,ES=F,E-MINI S&P 500 FUTURES,6815.75,6449.95,6853.2,6221.67,6980.14,6085.35,7284.82,-3.08163463405163,-3.613845124399287,-1.5571236702411155,12.5,-226.66595959595944,-61.86603193640917,-391.4658872555097,0.00010816,-0.0031342257912457924,-0.018025695556776803,0.011757243974285217,-0.01009611,-0.003595120067114084,-0.022077822241392427,0.014887582107164258,-0.0080103,0.010820752583892644,-0.0024726313856500218,0.02411413655343531,0.00202602,0.00028973,89.1,1.69,0.011,0.2331010101010098,1.1300616117126807,-0.6638595915106611,33.9,,,,,-0.3375,-34.0
2026-04-08,MDY,SPDR S&P MIDCAP 400 ETF,643.68,603.9,640.1,577.38,674.4,544.57,717.83,-6.060137457044618,-2.1582031249999964,-1.3366149696560996,6.8599999999999,-18.8719191919192,-3.045419539858086,-34.69841884398031,0.00299994,-0.0018750696632996615,-0.016864169485074715,0.013114030158475393,0.00455984,-0.008281762550335548,-0.03259750160269653,0.016033976502025434,-0.00997275,0.003785222953020135,-0.0072999510960667525,0.014870397002107022,0.00510869,-0.00034954,83.1,1.42,0.369,0.08130303030303024,0.9163250010596032,-0.7537189404535428,53.0,-0.18408089252626936,0.1446809488492109,-0.09555782564371496,0.38491972334213675,-0.33125,-34.0
2026-04-08,WST,"WEST PHARMACEUTICAL SERVICES, INC.",265.93,246.81,265.84,223.9,278.52,190.57,305.4,-3.8116710875331763,-3.338363780778402,-1.9092982011654438,17.900000000000006,-6.385858585858584,15.479059492836397,-28.250776664553563,0.02085299,-0.008195163939393938,-0.056838695999629735,0.04044836812084186,-0.03406386,-0.013121985469798663,-0.09952793711249103,0.0732839661728937,-0.04809582,-0.056506080704698,-0.0781546087755789,-0.03485755263381711,-2.56e-06,-0.00031906,59.7,0.08,1.384,-0.03138047138047142,0.6296566079827215,-0.6924175507436643,99.0,0.8192776640729238,0.15827377413707713,-0.4541126306174572,0.7706601788916114,-0.347,-35.0
2026-04-08,INTC,INTEL ,58.95,44.91,55.87,42.04,64.92,34.84,70.53,-12.582417582417632,-2.8324958123953112,-2.0820379965457687,3.3599999999999994,-1.319292929292929,1.3122244314675162,-3.950810290053374,0.0453306,0.01562920686868687,-0.031205623210876884,0.06246403694825062,0.06931477,0.03860630946308724,-0.02759279514143559,0.10480541406761007,0.03145029,-0.03775328969798654,-0.05928433103803964,-0.016222248357933445,0.02570193,0.00734994,90.5,2.04,1.018,0.24509090909090894,0.9432895772514335,-0.45310775906961565,86.3,-0.12139905402291284,-0.11076293320881624,-0.36884558550412816,0.14731971908649566,-0.39825,-35.0
2026-04-08,PANW,"PALO ALTO NETWORKS, INC.",173.78,148.59,173.95,137.58,183.01,132.38,192.4,-3.2136627906976787,-3.9219934994582912,-2.2234156820622983,3.8799999999999955,-18.096060606060597,-7.11261614022237,-29.079505071898822,-0.00326184,-0.004939432592592592,-0.03356296567218244,0.023684100486997255,-0.05674,-0.011413450469798664,-0.05161982728319514,0.028792926343597813,-0.03657394,0.037174366040268345,-0.001034401591780483,0.07538313367231717,0.00987825,0.01116289,78.0,1.34,0.353,0.03543097643097668,1.0381607082047808,-0.9672987553428275,65.7,-0.10754823005960867,0.1453261159162244,-0.23293158700878402,0.5235838188412328,-0.357,-36.0
2026-04-08,PYPL,"PAYPAL HOLDINGS, INC.",45.85,43.27,46.8,36.01,51.49,35.54,53.86,-2.086538461538465,-1.7446808510638303,-1.2871410736579283,2.190000000000005,-3.7052525252525292,-0.26417170919528754,-7.146333341309771,-0.0039546,-0.013554394646464643,-0.04829210983200437,0.02118332053907508,-0.08979546,-0.032737707382550336,-0.08253283841601367,0.017057423650913,-0.0698514,-0.015819144563758374,-0.03982327121332034,0.008184982085803597,-0.00205826,0.00433457,36.1,-0.96,0.161,-0.3466060606060606,0.5357663459672997,-1.2289784671794208,68.5,0.48357720599527476,0.09718362512909615,-0.37531576306875836,0.5696830133269506,-0.35325,-36.0
2026-04-08,WAT,WATERS ,318.53,293.02,316.81,258.89,332.5,245.11,375.3,-4.566115702479302,-4.269148174659977,-1.2932887088250822,7.1299999999999955,-23.17360269360269,-6.030643374789641,-40.31656201241574,0.02102466,-0.0074864795622895655,-0.03989110716726944,0.02491814804269031,-0.07526956,-0.02671668419463087,-0.0752989486145414,0.02186558022527965,-0.0117952,0.004469309127516777,-0.011340858697197614,0.020279476952231167,0.00643572,-0.00094843,45.6,-0.54,0.657,-0.11130303030303029,0.7572647810954483,-0.9798708417015087,77.2,0.27580054608569315,0.037255413153981155,-0.2757659231440662,0.3502767494520286,-0.35325,-36.0
2026-04-08,C,CITIGROUP INC.,123.49,111.9,122.17,103.24,129.23,95.23,143.69,-5.539325842696625,-3.5278745644599336,-1.3990099009900983,-3.230000000000004,-10.455084175084176,-5.291435957477952,-15.6187323926904,0.02951292,0.002949530505050508,-0.02537952817288046,0.03127858918298147,-0.00900023,0.011742294630872493,-0.028911894209420738,0.052396483471165725,0.0553778,0.05661142802013421,0.03654322305382797,0.07667963298644045,0.00749221,0.00445791,57.7,0.33,1.139,0.457121212121212,1.5372205094150955,-0.6229780851726714,69.2,-0.007922718930687633,0.07805980652937304,-0.2558855157630018,0.4120051288217479,-0.357,-36.0
2026-04-08,COF,CAPITAL ONE FINANCIAL ,192.46,176.18,191.34,162.75,195.71,155.08,229.22,-9.138554216867497,-9.141538461538463,-1.0168661588683352,-4.1200000000000045,-24.954141414141414,-15.420231874946278,-34.488050953336554,0.0101205,-0.0031209364983164987,-0.03235597555032701,0.026114102553694014,-0.07083347,-0.00258226610738255,-0.03589788016759426,0.03073334795282916,0.02538635,0.057774656510067204,0.043039437717738965,0.07250987530239544,0.00236525,-0.00225408,42.5,-0.49,0.391,0.10099326599326613,1.194800801910886,-0.9928142699243536,65.3,0.20773555381034026,0.051583006213662824,-0.3011651175828558,0.4043311300101814,-0.35325,-36.0
2026-04-08,CRH,CRH PUBLIC LIMITED COMPANY,113.82,101.09,112.01,91.9,121.13,90.48,132.95,-16.478260869564917,-2.99863201094391,-1.2200731834814424,0.3499999999999943,-11.81757575757576,-7.275314944678368,-16.359836570473153,0.01842801,-0.001368459831649831,-0.027714999197713468,0.024978079534413805,-0.02988584,0.0011352507718120754,-0.029436190522824132,0.031706692066448286,0.01325312,0.058299372348993454,0.04022339335998569,0.07637535133800122,0.00276833,0.01272275,97.8,2.82,0.534,0.04268686868686866,0.976968942170965,-0.8915952047972276,69.6,-0.10798594995495214,-0.01708773433207528,-0.19426688338096873,0.16009141471681818,-0.357,-36.0
2026-04-08,HUBB,HUBBELL INC.,527.21,467.72,531.43,411.16,602.2,415.15,611.86,-3.6737201365187806,-1.5475396719562609,-1.323803898405199,-12.599999999999909,-34.046228956228944,-15.021013435871474,-53.071444476586414,0.01788879,0.0004545792592592542,-0.022436036798117977,0.023345195316636484,-0.00723871,0.000593085469798652,-0.03491036217078816,0.036096533110385465,0.01796723,0.02746666026845641,0.01589347883062517,0.03903984170628765,0.00888944,0.00442383,71.6,1.02,0.831,0.07923232323232317,0.9512857576417011,-0.7928211111770547,74.0,-0.0035734823218107614,0.13026618367320825,-0.17425026282646866,0.43478263017288515,-0.357,-36.0
2026-04-08,ICE,"INTERCONTINENTAL EXCHANGE, INC.",167.79,156.08,170.22,143.05,181.1,134.62,190.82,-1.8838582677165294,-1.8587528174305017,-1.4402952670429867,2.019999999999982,-10.705622895622902,-4.774657740766347,-16.636588050479457,0.00825846,-0.0013450141077441106,-0.023717352862191336,0.021027324646703115,-0.01052235,-0.005835841275167774,-0.028187233659261533,0.016515551108925983,-0.00649284,0.024673953724832273,0.005561451609149764,0.043786455840514785,0.00118724,0.00480298,49.6,0.15,0.577,0.06323569023569037,1.1153341491431337,-0.988862768671753,70.0,-0.03112554210901164,0.16137907873531426,-0.18100737047181975,0.5037655279424482,-0.357,-36.0
2026-04-08,KKR,KKR & CO. INC.,93.96,88.48,95.88,77.16,97.8,69.51,115.45,-1.6591639871382629,-4.374999999999996,-1.137738483015355,1.8799999999999955,-16.35164983164981,-7.34794310781324,-25.355356555486377,0.02536481,-0.014277098518518513,-0.05262258988605005,0.02406839284901302,-0.11385841,-0.03344202469798654,-0.09180825113782648,0.024924201741853405,-0.02381535,0.05024910657718121,0.01807880970492045,0.08241940344944196,0.00292984,-0.00174624,16.1,-1.47,0.443,-0.23373737373737383,0.7775248685550604,-1.244999616029808,71.0,0.5099372826385264,0.009784332076822,-0.23254861573175734,0.25211727988540134,-0.35325,-36.0
2026-04-08,POOL,POOL ,209.45,193.2,207.3,173.56,228.82,165.8,242.73,-9.099999999999907,-1.8528652555498182,-1.311598557692307,10.98999999999998,-3.521447811447813,9.431024857297647,-16.47392048019327,-0.01077358,-0.009052233535353529,-0.03474649623796036,0.016642029167253308,-0.04813835,-0.01651019288590606,-0.05224771014727912,0.019227324375467,-0.07215028,-0.047348612919463,-0.06188362160949967,-0.03281360422942632,0.00310372,-0.01179175,35.1,-0.62,-0.004,-0.3997407407407407,0.5532472080448307,-1.352728689526312,64.9,0.5254313616143398,0.14883830961112945,-0.24161102246178098,0.5392876416840399,-0.3615,-37.0
2026-04-08,XYZ,"BLOCK, INC.",62.83,56.68,62.78,51.34,69.32,45.31,77.68,-2.946524064171115,-1.7704160246533134,-1.179797979797979,2.8299999999999983,-4.46929292929293,0.3914188941743326,-9.330004752760193,0.00306502,-0.010814015454545457,-0.05592964842626856,0.03430161751717764,-0.03091184,-0.027619639328859035,-0.08779357194876186,0.0325542932910438,-0.06297229,-0.01851304617449662,-0.04430011246953545,0.007274020120542207,0.01297484,-0.00456217,18.5,-1.23,-0.336,-0.1227070707070707,0.7993929662150239,-1.0448071076291652,30.4,0.2701895022603189,0.18169267498965977,-0.1710537560374135,0.5344391060167331,-0.3615,-37.0
2026-04-08,CRWD,"CROWDSTRIKE HOLDINGS, INC.",426.51,364.82,423.8,329.44,460.96,313.72,531.96,-2.682817182817184,-2.817706821480407,-1.0696064485538161,-5.680000000000007,-71.07228956228954,-41.29478907482863,-100.84979004975045,-0.00782752,-0.0021086269360269336,-0.03573736759729695,0.03152011372524308,-0.07182002,-0.0046822340939597475,-0.05436109834966377,0.04499663016174427,-0.0107927,0.08472696832214763,0.03697629956052129,0.13247763708377397,0.01842017,0.0191196,36.7,-0.8,-0.193,-0.020558922558922534,0.8713987240291559,-0.912516569147001,43.8,-0.014481288471357101,0.026052214128391135,-0.2385599688360312,0.2906643970928135,-0.36,-37.0
2026-04-08,FISV,"FISERV, INC.",56.63,52.65,58.56,49.66,59.7,38.03,74.69,-1.3333333333333353,-2.270358306188927,-1.029900332225914,5.420000000000002,-12.318585858585863,3.2798022258056108,-27.916973942977336,-0.00938635,-0.02917757983164983,-0.08878082363968949,0.030425663976389825,-0.05611047,-0.07132331040268461,-0.14366289395536164,0.0010162731499924194,-0.14160784,-0.02631087959731544,-0.106969066995546,0.05434730780091511,0.00055257,-0.0047931,31.5,-0.77,-0.593,-0.4212693602693603,0.4534157383773025,-1.295954458916023,48.8,0.9525644237655078,0.20095330091490488,-0.5259920457036229,0.9278986475334325,-0.3615,-37.0
2026-04-08,MOH,"MOLINA HEALTHCARE, INC.",147.55,128.5,150.24,108.91,164.0,95.23,178.21,-3.030852994555362,-2.3489361702127685,-1.7064579256360082,18.610000000000014,-3.1228619528619412,17.479949032481063,-23.725672938204948,-0.00466722,-0.015826598383838382,-0.07198877951146843,0.04033558274379167,-0.08949957,-0.03326125788590604,-0.08980269011552486,0.023280174343712788,-0.15677832,-0.08689775473154383,-0.14799152120658204,-0.02580398825650561,0.00401121,-0.00641543,41.7,-0.83,0.312,-0.060538720538720565,1.0219678205511755,-1.1430452616286169,63.7,0.5384729738399638,0.06379223732450548,-0.4417095337544167,0.5692940084034276,-0.3615,-37.0
2026-04-08,TROW,"T. ROWE PRICE GROUP, INC.",91.81,86.1,93.25,79.34,96.6,74.34,104.02,-2.7766497461928945,-2.603340292275578,-1.4307944307944314,3.030000000000001,-2.018114478114478,1.8656267281350787,-5.901855684364035,0.00405071,-0.005590726363636365,-0.026867410145409467,0.015685957418136737,-0.0505276,-0.016940868355704644,-0.05631995800102755,0.02243822128961826,-0.05106129,-0.029449785805369114,-0.04292712568074532,-0.015972445929992907,0.00224098,-0.00484303,56.5,0.44,0.451,-0.22141750841750832,0.6889025537795005,-1.1317375706145172,75.6,0.2889845309074599,0.02751718689147796,-0.2557287945292032,0.31076316831215917,-0.37725,-38.0
2026-04-08,WDAY,"WORKDAY, INC.",119.17,121.91,134.54,99.84,139.04,92.93,157.21,66.30434782608575,1.0279358510087941,1.44969512195122,-1.3499999999999943,-11.166936026936028,0.5377143701578877,-22.871586424029942,-0.02792627,-0.014828964781144776,-0.0447826257107678,0.015124696148478245,-0.11473989,-0.033260439093959725,-0.06789495890401813,0.00137408071609868,-0.13193399,-0.02712784446308725,-0.07875960301321044,0.02450391408703594,-0.01133916,-0.00606225,27.6,-1.05,-1.51,-0.40957575757575737,0.4738344050080028,-1.2929859201595175,14.1,0.3513288326602464,0.05884292574354531,-0.2738646708038214,0.39155052229091203,-0.3735,-38.0
2026-04-08,BEN,"FRANKLIN RESOURCES, INC.",24.88,22.3,24.3,21.05,26.38,19.59,29.78,-61.7499999999958,-2.5533333333333323,-1.0795918367346933,0.2699999999999996,-0.24488215488215523,0.6388454020319618,-1.1286097117962723,-0.01167615,0.001642067676767677,-0.02414517496534005,0.027429310318875404,-0.01271368,0.001711093322147648,-0.026438987071719516,0.029861173716014815,-0.01875921,-0.025104188255033567,-0.033462260273900465,-0.016746116236166664,0.00650482,-0.00226203,98.2,2.62,-0.158,0.1578215488215488,1.1946477473816381,-0.8790046497385404,38.7,-0.04635830716894862,0.07345215211838306,-0.34840112864432476,0.4953054328810909,-0.36925,-38.0
2026-04-08,BR,"BROADRIDGE FINANCIAL SOLUTIONS, INC.",160.97,149.29,165.66,135.4,175.31,133.97,201.72,-1.9924812030075203,-1.783124128312412,1.5092592592592593,-5.900000000000006,-17.002525252525242,-7.862321589944857,-26.14272891510563,-0.04220937,-0.007632314040404039,-0.02913311471453851,0.013868486633730432,-0.07173718,-0.01415822902684563,-0.04182822651166301,0.01351176845797175,-0.03870901,0.02496533825503359,-0.007537676038735227,0.05746835254880241,0.00139409,-0.00160504,8.1,-2.09,-2.017,-0.381144781144781,0.5996514080700908,-1.3619409703596528,5.8,0.36536041656957274,0.2324512342724029,-0.15066831652321114,0.615570785068017,-0.3695,-38.0
2026-04-08,CRL,CHARLES RIVER LABORATORIES,175.07,162.81,184.73,134.53,197.69,124.26,206.23,1.0180180180180196,-1.792219274977895,-1.6306161745827983,11.549999999999983,2.1867676767676714,14.330938352803207,-9.957402999267865,0.03087634,-0.002649395555555558,-0.04950789617633592,0.0442091050652248,-0.08065112,-0.01745692953020134,-0.08498503236649473,0.05007117330609205,-0.09831748,-0.07742970338926161,-0.10171231202742102,-0.0531470947511022,0.00602078,-0.00499192,78.0,1.24,0.248,0.08363973063973054,1.1176969367837164,-0.9504174755042554,50.2,-0.1385614737859665,0.07729267774560068,-0.3145909056674224,0.46917626115862376,-0.36925,-38.0
2026-04-08,CSGP,"COSTAR GROUP, INC.",38.82,37.6,41.1,31.64,43.55,30.41,50.79,2.01574803149606,-1.517970401691333,1.4233055885850177,0.00999999999999801,-4.022962962962961,-0.40629631013501744,-7.639629615790904,-0.03345866,-0.014287477070707075,-0.04659107965033088,0.018016125508916726,-0.12869095,-0.030750705335570432,-0.07833373895357226,0.016832328282431402,-0.10008049,-0.015798183489932886,-0.04932029054001245,0.017723923560146675,0.00194261,-0.00215611,34.9,-0.97,-1.776,-0.271922558922559,0.6939226164375518,-1.2377677342826698,6.2,0.8057751459390368,0.13483202528612045,-0.291844036542258,0.5615080871144988,-0.3695,-38.0
2026-04-08,GNK,GENCO SHIPPING & TRADING LIMITED,24.32,22.59,25.52,20.88,26.36,17.83,28.73,-1.0362318840579716,-1.686274509803923,-1.4716553287981864,-0.019999999999999574,-0.685656565656566,0.13999489083117467,-1.5113080221443065,0.04573446,0.005422477474747477,-0.02259016618458365,0.0334351211340786,0.01216073,-0.0015308891946308769,-0.05174220720006489,0.04868042881080314,0.00170183,-0.0059457685570470055,-0.023036211316093572,0.01114467420199956,-0.00277177,0.00334903,50.6,0.34,0.572,0.3339427609427609,1.26433057609163,-0.5964450542061082,54.6,-0.6768351325797249,0.3275431583492322,-0.33568406786193383,0.9907703845603982,-0.36925,-38.0
2026-04-08,MSFT,MICROSOFT ,374.33,349.65,380.87,330.03,398.41,302.81,468.16,-2.0397967823878043,-1.8397009966777382,1.3119407158836698,-11.310000000000002,-35.82323232323233,-18.575866945014056,-53.07059770145061,-0.02312414,-0.002764049090909093,-0.025189293669292765,0.019661195487474577,-0.04222119,-0.0074068746979865695,-0.03247655264358135,0.01766280324760821,-0.01379764,0.03380524406040265,0.012267864699179083,0.05534262342162623,0.0059074,-0.00017976,45.0,-0.48,-1.353,-0.0607003367003367,0.9948468864516833,-1.1162475598523567,9.3,0.6054384296850888,0.2400316460162749,-0.25796636126627415,0.738029653298824,-0.3695,-38.0
2026-04-08,NTAP,"NETAPP, INC.",99.47,95.86,106.64,91.13,109.9,81.47,121.7,1.3341404358353537,1.2505995203836933,1.2350000000000003,-4.849999999999994,-9.577508417508417,-3.1504121257125046,-16.00460470930433,-0.00792593,-0.006049210336700338,-0.037285602990003254,0.02518718231660258,-0.01090709,-0.011701949060402677,-0.04780820082689322,0.024404302706087865,-0.01696298,0.02966185406040275,0.011871341675281352,0.04745236644552415,-0.00677451,-0.00254937,52.2,0.19,0.25,-0.0265286195286196,0.9497836782150136,-1.0028409172722528,59.7,0.12305789288191038,0.1384411440489156,-0.23565228715751657,0.5125345752553478,-0.3865,-39.0
2026-04-08,VST,VISTRA CORP.,155.89,140.59,160.74,130.97,171.14,121.71,221.27,-2.0734870317002785,-1.6340983606557369,1.9128145114101824,-25.340000000000003,-53.58808080808084,-37.78900435050374,-69.38715726565795,-0.02334683,-0.007563242457912451,-0.04762710988238124,0.03250062496655634,-0.04661104,-0.021497413993288576,-0.08908285361633878,0.046088025629761616,0.08371111,0.1987371098322155,0.15506076577863448,0.24241345388579655,0.00493782,0.00032415,52.8,0.44,-0.343,0.030265993265993052,0.8504894837116301,-0.7899574971796441,31.5,-0.01337123435365939,0.06054246681398231,-0.23803003774305795,0.35911497137102255,-0.37875,-39.0
2026-04-08,IBKR,"INTERACTIVE BROKERS GROUP, INC.",72.31,64.55,71.42,60.22,75.89,56.59,90.9,-12.333333333333483,-3.3770949720670416,1.1825699745547076,-5.810000000000002,-10.039225589225587,-6.498087181511734,-13.580363996939441,0.00478205,0.001831836094276093,-0.03467676922344055,0.03834044141199273,-0.01807749,0.011963536476510044,-0.03570411886151536,0.059631191814535446,0.08709628,0.09956480711409399,0.08423840646353817,0.11489120776464981,0.00653192,-0.0090632,97.0,2.28,0.401,0.25280134680134647,1.2474180176298986,-0.7418153240272055,58.9,-0.027274010099104684,0.0971569622231165,-0.13001097994938948,0.32432490439562245,-0.37875,-39.0
2026-04-08,IP,INTERNATIONAL PAPER COMPANY,37.07,32.64,36.48,29.48,40.17,29.15,47.03,,-2.4483870967741925,1.2575757575757573,-1.3800000000000026,-4.346767676767676,-1.8790744650697992,-6.814460888465554,-0.02116747,-0.013110097306397296,-0.046198119333720936,0.01997792472092634,-0.05727697,-0.01634677916107379,-0.04227029589224664,0.00957673757009906,0.01267195,0.019565584731543576,0.009276984036699324,0.029854185426387826,0.00594535,-0.01143512,84.7,1.46,-0.358,-0.2192828282828283,0.6805662623730083,-1.119131918938665,45.0,-0.16848996024485574,0.00381994419758861,-0.4120185062717822,0.4196583946669595,-0.37875,-39.0
2026-04-08,LII,LENNOX INTERNATIONAL INC.,478.08,426.85,478.02,400.96,517.81,389.88,608.41,-10.389006342494671,-1.941102441479992,1.4776643990929705,-25.670000000000016,-65.46666666666664,-35.769859235199846,-95.16347409813343,-0.01700505,-0.006357052087542088,-0.03001977429237039,0.017305670117286218,-0.02805128,-0.0045301868120805385,-0.03308743696253136,0.024027063338370278,0.01981659,0.058481315738254894,0.03390962978928452,0.08305300168722526,0.00814115,-0.00975794,92.3,1.98,-0.509,-0.18845117845117845,0.5966271046615063,-0.9735294615638631,35.5,-0.14268413221388154,0.03654596313877322,-0.23978793002883714,0.3128798563063836,-0.37875,-39.0
2026-04-08,NCLH,NORWEGIAN CRUISE LINE HOLDINGS LTD.,20.16,17.53,19.89,15.94,21.82,14.34,26.51,-4.673076923076926,-2.5421686746987953,1.09106529209622,0.17999999999999972,-2.1113131313131293,-0.303653389316936,-3.9189728733093228,-0.00729442,-0.008015418350168349,-0.052775950384400146,0.03674511368406345,-0.04565785,-0.017869026912751704,-0.09174379604188236,0.056005742216378954,-0.03399809,0.012245484463087316,-0.017387939770248294,0.041878908696422926,0.01400952,-0.00065731,52.6,0.04,-0.066,-0.10278787878787873,0.9719150934333901,-1.1774908510091475,46.2,-0.02887520230678542,0.04511373117734247,-0.30972041107279125,0.3999478734274762,-0.37875,-39.0
2026-04-08,RSP,INVESCO S&P500 EWGHT,197.96,187.03,197.4,181.05,206.17,172.02,220.04,-6.248447204969003,-2.0596833130328913,-1.1748188405797109,0.37000000000000455,-4.864680134680134,-0.7763916560496558,-8.952968613310611,-0.0045348,-0.0015349886868686869,-0.014843783206762187,0.011773805833024814,0.00036929,-0.004475444060402688,-0.022392120654811363,0.013441232534005986,-0.00736637,0.0014884400671140968,-0.007796736557192536,0.01077361669142073,0.00321126,-0.00199728,97.8,2.45,0.015,0.11887205387205378,0.9301299300634607,-0.6923858223193531,33.1,0.022154244544466017,0.1969271727820604,-0.1524431709260593,0.5462975164901801,-0.39375,-40.0
2026-04-08,SCHW,THE CHARLES SCHWAB ,96.7,88.87,96.64,84.03,103.19,80.08,110.78,-19.166666666666714,-1.9522342064714964,-1.1803977272727277,-2.0900000000000034,-7.476262626262621,-4.174561819923833,-10.777963432601409,-0.00285742,0.0022300392255892258,-0.016988407942118006,0.02144848639329646,-0.01099812,-0.00090104355704697,-0.02626866942303724,0.024466582308943295,0.0118404,0.0379489501006711,0.01858513515012268,0.057312765051219516,-0.00107545,-0.00114067,44.0,0.12,0.547,0.2973367003367002,1.2702010077168255,-0.6755276070434251,64.5,0.5012910177457688,0.31813935529481174,-0.12370719457295043,0.7599859051625739,-0.39375,-40.0
2026-04-08,VMC,VULCAN MATERIALS COMPANY,292.58,269.22,294.73,242.03,316.42,233.38,337.63,-2.9743975903614266,-2.120385906040265,-1.3140954495005543,6.689999999999998,-16.721043771043785,-6.62395980337744,-26.818127738710132,0.02531319,-0.0021191238047138057,-0.023773950341092007,0.019535702731664394,-0.01661932,-0.000468724630872474,-0.02493613761872732,0.023998688356982375,-0.00663107,0.019353506510067113,0.006208870124447305,0.03249814289568692,0.00416273,-0.00727529,46.4,-0.17,0.809,-0.004707070707070695,0.9234373028101791,-0.9328514442243204,82.3,0.027240788815362293,0.12298444103785951,-0.1420850412526687,0.3880539233283877,-0.3945,-40.0
2026-04-08,BK,THE BANK OF NEW YORK MELLON ,127.94,118.25,128.42,112.47,133.56,108.66,144.53,-3.0187265917602826,-2.752669039145905,-1.1621458710066304,-8.0,-12.168114478114479,-8.054276778109088,-16.28195217811987,0.02210719,0.003491041919191917,-0.015295586116877816,0.02227766995526165,0.01121478,0.010610759597315427,-0.014493638512697405,0.03571515770732826,0.08474258,0.07729650899328866,0.06730311686343739,0.08728990112313993,0.00420414,-0.00980041,40.3,-0.35,1.763,0.5426632996632997,1.5182903369985796,-0.43296373767198004,87.5,0.5142611680961771,0.2979448542294557,-0.09551053823439898,0.6914002466933105,-0.3945,-40.0
2026-04-08,DOV,DOVER ,216.69,199.04,215.01,184.66,233.34,177.23,253.87,,-1.9237237237237232,-1.0613232920925229,-0.44999999999998863,-8.602794612794609,-1.3348554878972285,-15.870733737691989,-0.00176522,0.0007640803703703692,-0.024483866379047002,0.026012027119787742,-0.01316329,-0.004028220536912759,-0.039530217661625504,0.03147377658779999,0.0030347,0.005934030906040264,-0.0041893380562925174,0.016057399868373047,-0.00510281,-0.00061899,79.6,1.32,0.316,0.06955555555555556,1.1069878544429461,-0.9678767433318349,47.4,0.052542219855369554,0.10207104548531781,-0.2777748763014793,0.4819169672721149,-0.39375,-40.0
2026-04-08,MTD,METTLER-TOLEDO INTERNATIONAL INC.,1322.76,1231.56,1330.66,1118.07,1388.3,1051.32,1510.66,-4.214064115822148,-3.123130912419899,-1.4445981905268757,36.210000000000036,-42.1322895622896,8.828882111729435,-93.09346123630863,0.02527199,-0.002663362693602691,-0.027441367422314216,0.022114642035108833,-0.04294252,-0.007857463489932874,-0.0437478133831004,0.028032886403234654,-0.0167513,-0.017617396006711365,-0.04143708774725244,0.006202295733829712,-0.0002769,-0.00503313,50.6,-0.3,0.759,-0.0715286195286196,0.7447065661875615,-0.8877638052448006,84.3,0.11490819085777204,0.10955522012768805,-0.16833415685991415,0.3874445971152902,-0.3945,-40.0
2026-04-08,VRTX,VERTEX PHARMACEUTICALS INC.,443.92,419.94,447.55,400.6,475.97,370.74,551.4,-19.427536231884122,-1.3516380655226201,1.4687072970757031,-14.349999999999966,-21.9971717171717,-0.9706290620453899,-43.02371437229801,-0.02853768,-0.0005170179124579124,-0.027464829378047062,0.026430793553131236,-0.01277216,-0.009283900402684548,-0.042808654767207334,0.024240853961838234,-0.00723841,0.0007513535234899243,-0.012761204639854315,0.014263911686834165,0.00212125,-0.00879742,25.6,-0.57,-1.014,0.18724915824915817,0.9229291010578353,-0.5484307845595191,3.4,-0.16144167691807865,0.1342396273134081,-0.28248132497897743,0.5509605796057937,-0.405,-41.0
2026-04-08,LIN,LINDE PUBLIC LIMITED COMPANY,500.48,482.72,509.88,467.02,542.07,432.73,561.68,-1.987439613526576,1.2429766885833828,-1.1070261437908508,-12.710000000000036,-20.784713804713803,-8.329960641618745,-33.23946696780886,-0.00557249,-3.550215488215418e-05,-0.014842838190993978,0.01477183388122967,0.03096323,-0.005622156979865755,-0.025780878610251932,0.014536564650520424,0.00191343,0.013195214798657737,-0.000645514853933344,0.02703594445124882,-0.00427458,-0.00580654,54.2,-0.01,0.776,0.15351515151515155,1.1659830692281201,-0.8589527661978169,76.8,0.23032059531695448,0.433207390014147,-0.2941742420527017,1.1605890220809956,-0.3985,-41.0
2026-04-08,MRK,"MERCK & CO., INC.",123.18,116.24,125.56,112.4,130.93,98.02,141.25,-2.5333333333333363,-1.390967741935484,-1.3923630326508036,1.7700000000000102,-0.9427946127946101,3.016719835184417,-4.9023090607736375,0.01280282,0.0007044263299663311,-0.026428874393578394,0.027837727053511053,0.02285843,0.006034542516778513,-0.02941111648914621,0.041480201522703236,-0.02485607,-0.03766542899328857,-0.052147614845590134,-0.023183243140987003,0.00113358,-0.00641505,24.4,-1.1,0.88,0.17902693602693623,1.1355429673567399,-0.7774890953028675,74.8,0.50981073093712,0.13103180378694362,-0.18295763017562344,0.4450212377495107,-0.3985,-41.0
2026-04-08,PRU,"PRUDENTIAL FINANCIAL, INC.",96.65,95.46,101.79,87.48,103.47,81.76,111.57,3.2756410256410207,-1.3445747800586527,1.002014775016789,0.19000000000001194,-4.113367003366999,-0.38045429696234834,-7.84627970977165,0.01636812,-0.0071635220875420815,-0.026860180224502164,0.012533136049418003,-0.03992224,-0.013953844597315508,-0.039523209443372266,0.011615520248741252,-0.03160142,-0.006937629832214752,-0.018882174825761457,0.005006915161331953,-0.00322138,-0.00738599,14.9,-1.72,0.151,-0.17544107744107731,0.6473521119425809,-0.9982342668247355,61.3,0.38254485463437815,0.07232773545171026,-0.2133280917568178,0.35798356266023834,-0.41625,-42.0
2026-04-08,WTW,WILLIS TOWERS WATSON,290.82,280.69,297.43,257.42,310.67,259.54,334.56,-1.8929824561403583,-1.6826196473551607,1.3983375959079298,-13.0,-26.44976430976431,-16.409773919387582,-36.489754700141035,-0.00373709,-0.005587103670033664,-0.020942764044912653,0.009768556704845326,-0.03954645,-0.010509037248322153,-0.029028435762540196,0.00801036126589589,0.0214513,0.03712943758389266,0.02429118048119181,0.049967694686593504,-0.00240688,-0.00169133,34.5,-0.66,0.041,-0.06305387205387208,0.6235693062469256,-0.7496770503546699,59.7,0.592552558098626,0.19773896219406453,-0.15664127638310507,0.5521192007712341,-0.41625,-42.0
2026-04-08,APO,"APOLLO GLOBAL MANAGEMENT, INC.",107.05,102.14,113.69,93.17,116.53,85.06,132.57,1.1011804384485682,-1.4641350210970454,1.1605275125056844,-3.6099999999999994,-13.142962962962963,-4.430165526768079,-21.855760399157848,0.00793124,-0.010976889158249159,-0.044163050991850576,0.022209272675352255,-0.07906136,-0.031393309228187866,-0.08247453072001716,0.01968791226364143,-0.02780107,0.028413003053691283,-0.0015097059549906248,0.05833571206237319,-0.00085351,-0.00499259,18.8,-1.29,-0.127,-0.23981144781144784,0.6990328090556261,-1.1786557046785218,55.0,0.24568710412010808,0.0868604060014342,-0.14088471487142995,0.3146055268742984,-0.41625,-42.0
2026-04-08,CI,THE CIGNA GROUP,277.56,262.41,282.05,249.38,292.04,225.81,313.25,-1.933933933933926,-1.9461325966850809,-1.4499859904735222,14.259999999999991,-9.537306397306395,2.9032215642889643,-21.977834358901752,0.00848995,-0.0034934739393939385,-0.026639228667725896,0.01965228078893802,0.00311178,-0.018120407483221464,-0.04762035160343398,0.011379536636991053,-0.05539878,-0.02228210781879194,-0.04171819664887427,-0.0028460189887096025,0.00153444,-0.00495034,54.6,0.71,0.691,-0.0072794612794613136,0.789704850099058,-0.8042637726579807,87.9,0.37228622206551854,0.12770940752737373,-0.2641124654047743,0.5195312804595217,-0.4185,-43.0
2026-04-08,SHW,THE SHERWIN-WILLIAMS COMPANY,335.67,303.31,332.03,285.56,354.44,274.96,384.93,-27.81249999999992,-2.669685668620142,-1.232440113682502,1.1200000000000045,-22.74703703703706,-10.68517778468199,-34.80889628939213,-0.00043453,-0.0025902256902356887,-0.021257627026428177,0.016077175645956798,-0.03127549,-0.0036824414765100734,-0.018412762024589795,0.011047879071569646,-0.00754721,0.024486846510067103,0.007782249584801729,0.04119144343533247,0.0076127,-0.01423248,99.4,2.95,0.125,-0.17044444444444443,0.6960880352055039,-1.0369769240943927,61.5,-0.10008459037890238,0.15428600808724088,-0.2875578121190513,0.5961298282935331,-0.43125,-44.0
2026-04-08,EDEN,ISHARES:MSCI DENMARK,107.96,101.74,110.21,94.77,113.75,90.68,117.77,-1.971530249110316,-2.2780656303972338,-1.7614678899082552,1.519999999999996,-2.7188888888888902,0.245675669021431,-5.683453446799211,0.01345389,-0.002210249259259259,-0.02071522749327631,0.01629472897475779,-0.02276725,-0.009445863187919455,-0.03022880663480234,0.011337080258963432,-0.02015883,-0.008442159026845641,-0.01513005585957719,-0.0017542621941140923,0.00133146,-0.00093503,31.3,-0.89,0.529,0.0283804713804714,1.0031040808655474,-0.9463431381046045,66.1,,,,,-0.42825,-44.0
2026-04-08,EMR,EMERSON ELECTRIC CO.,142.66,125.17,137.92,117.39,150.93,109.89,172.25,-30.840000000000003,-3.0556227327690406,-1.1074687394389995,-0.030000000000001137,-9.491279461279472,-3.6208279403016297,-15.361730982257313,0.00644557,-0.003650794107744106,-0.0313277861222307,0.024026197906742486,0.00090854,-0.005381448221476506,-0.04459333370041166,0.03383043725745864,0.01167119,0.024767119798657772,0.0151057512449304,0.03442848835238514,0.01738985,-0.00063129,83.1,1.4,0.129,0.13511111111111104,1.2456142496572022,-0.9753920274349802,48.2,-0.054289235009297165,0.023360969866592498,-0.2855978425312546,0.33231978226443953,-0.43125,-44.0
2026-04-08,EWN,ISHARES:MSCI NETHERLANDS,61.54,55.53,60.3,52.97,63.42,51.53,67.24,-39.42857142857124,-4.558510638297866,-1.756140350877194,0.28000000000000114,-2.1631986531986533,-0.6693883821320339,-3.6570089242652726,-0.0031366,0.001212581750841753,-0.015263603091383216,0.017688766593066722,-0.01423091,0.0014470044966442947,-0.019142013720053343,0.02203602271334193,0.00039672,0.011102513590604017,0.003268678324282237,0.018936348856925796,0.00797182,-0.00158067,93.1,2.02,0.292,0.32488888888888884,1.2960608288340956,-0.6462830510563178,56.2,-0.2925533282512548,0.22248643504663435,-0.3452183681935438,0.7901912382868125,-0.43125,-44.0
2026-04-08,IWM,ISHARES:RUSS 2000 ETF,260.47,241.38,259.08,232.85,269.65,218.35,294.96,-5.4317460317460755,-3.008714596949911,-1.2212235430559608,-2.909999999999968,-11.753198653198654,-4.897503629272979,-18.60889367712433,0.00210448,-0.0008503518855218843,-0.01833175936064577,0.016631055589602,-0.00177009,-0.007132247348993302,-0.03534404271386386,0.021079548015877258,0.01050214,0.017924296409396044,0.007689967602205682,0.028158625216586408,0.00652493,-0.00163925,82.7,1.38,0.34,0.13404377104377108,1.0246175013006034,-0.7565299592130611,46.8,-0.04003720869861482,0.1493249697879889,-0.09227698938396395,0.39092692895994174,-0.43125,-44.0
2026-04-08,IT,"GARTNER, INC.",149.4,144.31,161.98,115.59,174.39,108.72,186.22,1.917508417508416,-1.3529411764705894,-1.1048343291689304,9.740000000000009,-15.849326599326615,12.564756917700079,-44.263410116353306,-0.02908566,-0.025823920505050495,-0.07372788761379953,0.02208004660369855,-0.15943155,-0.06922549070469801,-0.13000561885231815,-0.008445362557077875,-0.1706931,-0.051823818154362426,-0.12244864683948772,0.018801010530762878,-0.00267077,-0.00257315,53.4,0.44,-0.508,-0.5602154882154887,0.566665486171328,-1.6870964626023053,49.0,0.5128929509115314,0.1515442334534346,-0.22691507265872474,0.530003539565594,-0.439,-45.0
2026-04-08,NWSA,NEWS CORP.,24.89,23.65,25.93,21.15,28.36,20.97,28.23,-1.3483146067415714,-1.0778097982708943,-1.173652694610779,-0.129999999999999,-1.9338047138047127,-0.8062607422983217,-3.0613486853111036,0.01491391,-0.0035063932323232357,-0.022215481759830878,0.015202695295184405,-0.01586839,-0.013431549093959714,-0.03254105828265464,0.005677960094735214,-0.02329745,0.018828821208053743,-0.005319327500690262,0.04297696991679775,-0.00053297,0.00224304,36.1,-0.81,0.536,-0.02531649831649834,0.8482176759116502,-0.8988506725446468,74.2,0.6488705790169114,0.5557921420503353,-0.2203962277736402,1.3319805118743109,-0.45225,-46.0
2026-04-08,ROP,"ROPER TECHNOLOGIES, INC.",355.85,345.48,368.83,303.07,384.06,286.4,403.67,1.6608391608391528,-1.8709677419354862,-1.4523212045169396,18.260000000000048,-8.730740740740746,9.131730869230164,-26.593212350711656,-0.00061405,-0.010220897845117843,-0.03627156278044527,0.015829767090209584,-0.06888749,-0.024772030906040285,-0.054800941595503624,0.005256879783423055,-0.0834657,-0.029137840771812095,-0.06054789880531927,0.0022722172616950857,-0.00094565,0.00487349,41.9,-0.72,0.047,-0.3834175084175085,0.4744628150671541,-1.241297831902171,79.2,0.7006329265910984,0.22714347247562383,-0.1823970909760918,0.6366840359273395,-0.45225,-46.0
2026-04-08,FDS,FACTSET RESEARCH SYSTEMS INC.,222.97,211.1,250.24,170.62,260.49,162.17,255.65,2.303108808290152,-1.3952558635394452,-1.8604651162790697,13.689999999999998,-9.235993265993256,10.230257009039809,-28.70224354102632,0.02769733,-0.0168391013131313,-0.05103182288543392,0.017353620259171317,-0.06681034,-0.04314665244966443,-0.08300287829298314,-0.0032904266063457227,-0.11652292,-0.04559409026845633,-0.0871563664297795,-0.004031814107133151,-0.00474144,0.00551879,42.3,-0.02,0.4,-0.5423030303030298,0.5194414399084093,-1.604047500514469,78.0,0.18337745720763854,0.15163367286924465,-0.18477260241950225,0.48803994815799157,-0.45225,-46.0
2026-04-08,MDLZ,"MONDELEZ INTERNATIONAL, INC.",58.83,55.9,60.06,54.08,63.05,48.55,66.87,-2.4220183486238462,-1.1255924170616116,-1.2786069651741285,0.8200000000000003,-0.7954882154882157,0.9098384495496101,-2.5008148805260415,0.00783401,-0.0017713018518518513,-0.01835036406488586,0.014807760361182159,0.01090883,0.0005820965100671219,-0.018790069789323387,0.01995426280945763,-0.02857672,-0.027750358053691318,-0.03511167764260907,-0.02038903846477357,-0.00532458,0.00829006,34.1,-0.67,0.462,-0.06260942760942766,0.8097160809501882,-0.9349349361690436,78.4,-0.03990306024688017,0.11145223607221948,-0.19819150284817816,0.42109597499261714,-0.45475,-46.0
2026-04-08,WY,WEYERHAEUSER COMPANY,24.9,23.42,25.27,22.11,26.57,19.57,28.36,-2.6862745098039085,-1.6706586826347283,-1.5404624277456638,0.7199999999999989,-0.10198653198653167,0.8353254815014052,-1.0392985454744685,0.00785409,-0.006589428148148151,-0.026465456249706604,0.013286599953410302,-0.01058438,-0.015406660771812106,-0.038631338223552844,0.007818016679928635,-0.04135429,-0.04241192406040275,-0.05400998850382577,-0.03081385961697973,0.00081761,-0.00891771,85.5,1.64,0.298,-0.26246127946127956,0.5800921589849395,-1.1050147179074985,76.0,-0.009008369199233868,0.09395858616236294,-0.2662772112298011,0.4541943835545269,-0.46,-47.0
2026-04-08,HLT,HILTON WORLDWIDE HOLDINGS INC.,317.2,296.62,315.99,283.73,339.63,261.64,367.88,-13.402985074626532,-1.49219794917521,-1.09629044988161,-7.310000000000002,-23.59764309764307,-14.456355347903326,-32.73893084738281,0.00844241,0.0017277170707070688,-0.02183791003034846,0.025293344171762596,0.02505395,0.006272567248322149,-0.018018079889375233,0.030563214386019534,0.03249878,0.049948637046979966,0.03901129484300571,0.06088597925095422,-0.00242738,0.00677495,98.6,2.39,0.666,0.19924242424242417,1.1978421407127642,-0.7993572922279157,65.9,-0.010277096315531975,0.12447326234906181,-0.15993191168544818,0.4088784363835718,-0.456,-47.0
2026-04-08,TGT,TARGET ,123.12,116.69,126.94,114.19,131.94,97.98,138.22,-1.5439429928741115,-1.0124716553287998,-1.6649006622516562,4.920000000000002,0.25676767676767587,4.36209105712763,-3.848555703592279,0.01349228,-0.0035141082491582515,-0.030396121135129562,0.02336790463681306,0.03353175,-0.009757514362416134,-0.05312329137607324,0.03360826265124097,-0.05992575,-0.053867185167785235,-0.06407231215648393,-0.04366205817908654,0.0009785,-0.00775816,28.4,-1.02,0.239,-0.1251111111111115,0.873324309078041,-1.123546531300264,52.6,0.3417617088194391,0.21807512029328438,-0.19793077520804706,0.6340810157946158,-0.46875,-48.0
2026-04-08,DAL,"DELTA AIR LINES, INC.",68.08,63.98,71.93,58.3,77.49,50.24,85.62,1.4162011173184386,-1.0393198724760897,-1.0171037628278214,-2.049999999999997,-4.508922558922559,-0.4950480342190646,-8.522797083626052,0.03839414,-0.0017386160606060626,-0.042897446734405945,0.039420214613193824,-0.00926815,-0.012816154228187987,-0.07374139508997599,0.04810908663360001,0.00869927,0.015963096275167798,-0.006622244355461035,0.03854843690579663,-0.00095426,0.01016657,19.2,-1.29,1.065,0.008481481481481491,0.9966589264085873,-0.9796959634456243,85.1,-0.037212354997408936,0.07105941884508633,-0.3357473343573848,0.47786617204755744,-0.496,-51.0
2026-04-08,ELV,"ELEVANCE HEALTH, INC.",318.23,291.59,319.91,258.27,328.55,228.95,361.48,-2.776081424936401,-5.810077519379853,-2.0642774566473996,31.08000000000004,-1.3388552188552143,17.818510171120753,-20.496220608831184,0.01891793,-0.009193975286195286,-0.04208696165419734,0.023699011081806772,-0.06555904,-0.022639857114093973,-0.06066940168453894,0.015389687456350994,-0.08496296,-0.056697641409396,-0.07431293329804382,-0.03908234952074818,0.00115423,-0.0027473,12.5,-1.86,1.716,-0.03452525252525248,0.9186300304417955,-0.9876805354923005,97.8,0.6022061872877769,0.09184741871489525,-0.30398745051110193,0.48768228794089247,-0.521,-53.0
2026-04-08,ERIE,ERIE INDEMNITY COMPANY,253.38,238.92,262.37,228.54,270.11,204.7,298.75,-1.466101694915255,-1.484757919904362,-1.0729556975975314,4.819999999999993,-32.03356902356903,-10.74230101764418,-53.32483702949388,0.00225238,-0.010153799528619532,-0.03237182130447805,0.01206422224723899,-0.0184335,-0.02046182553691275,-0.039076378746101495,-0.0018472723277240047,-0.05120967,0.02584615459731542,-0.015616362427047937,0.06730867162167878,-0.00254735,0.00631541,37.5,-0.6,0.385,-0.34607744107744104,0.26963071860662396,-0.961785600761506,91.1,0.09842550914115655,0.07285485187650108,-0.18085885620566305,0.32656855995866524,-0.521,-53.0
2026-04-08,SW,SMURFIT WESTROCK PUBLIC LIMITED COMPANY,42.28,36.87,41.98,34.52,46.27,32.34,50.76,-9.000000000000052,-1.9448621553884697,-1.1721698113207548,-0.14000000000000057,-2.852255892255891,-0.24397879409618461,-5.460532990415597,-0.00241065,-0.008779115151515157,-0.04300565921327421,0.025447428910243895,-0.00276438,-0.009658136677852317,-0.05114427145689798,0.03182799810119334,-0.01240623,-0.0011549176510067146,-0.014281731888698216,0.011971896586684789,0.00912688,-0.01072446,89.1,1.65,-0.086,-0.18018181818181794,0.7766831680966022,-1.1370468044602382,49.8,-0.12602001293856702,0.02743374652322876,-0.3313469335549658,0.38621442660142336,-0.53025,-54.0
2026-04-08,CNC,CENTENE ,37.28,32.37,37.54,28.24,39.76,21.89,52.02,-3.023437500000001,-3.6451612903225863,-1.0440976933514245,5.170000000000002,0.5200336700336704,4.68089072330784,-3.6408233832404995,0.00849769,-0.013157290606060607,-0.07043139152855474,0.04411681031643352,-0.07941684,-0.015529979932885947,-0.10213455707919984,0.07107459721342795,-0.15117415,-0.10699526557046998,-0.17087167112330215,-0.0431188600176378,0.00562628,-0.01979393,92.7,1.72,0.103,-0.06996632996632987,0.885239915739524,-1.0251725756721837,52.2,-0.19422355634901023,0.0853260175039041,-0.37225613943698166,0.5429081744447899,-0.53025,-54.0
2026-04-08,EWJ,ISHARES:MSCI JAPAN,89.41,81.71,89.08,77.13,94.89,75.78,97.83,-7.242424242424177,-2.240875912408758,-1.6187648456056998,0.4399999999999977,-1.9740740740740748,0.23394537781032954,-4.182093525958479,0.00313759,0.0020972221885521888,-0.014363414829772382,0.01855785920687676,-0.00060871,0.002133551778523493,-0.024404468837651627,0.028671572394698613,-0.00117525,-0.002722856476510056,-0.01113918993869946,0.005693476985679347,0.00592179,-0.00202428,86.9,1.52,0.327,0.28388552188552213,1.0156911334154577,-0.4479200896444134,53.8,-0.1539630099284094,0.17560448491384056,-0.44303082088765106,0.7942397907153322,-0.53025,-54.0
2026-04-08,GEHC,GE HEALTHCARE TECHNOLOGIES INC.,73.75,68.0,73.07,62.74,76.68,57.97,89.0,-139.49999999997814,-3.7576791808873624,-1.0347540983606558,3.069999999999993,-3.5312457912457917,0.565970484841082,-7.6284620673326655,-0.00434874,-0.0037815341414141382,-0.03735988831535464,0.02979682003252636,-0.04429004,-0.009192733825503336,-0.060789507142857566,0.0424040394918509,-0.04461767,-0.015777466275167813,-0.03865381284599603,0.007098880295660408,0.0018782,-0.00998647,99.0,2.68,0.099,-0.08397306397306406,0.7761005536029999,-0.944046681549128,52.2,-0.06650172939868615,0.05622500303618772,-0.29775161360432956,0.410201619676705,-0.53025,-54.0
2026-04-08,DRI,"DARDEN RESTAURANTS, INC.",195.65,186.74,199.97,178.19,209.89,172.33,234.4,-2.4038997214484645,-1.2261235955056202,1.6616638078902235,-13.049999999999983,-13.61255892255892,-6.347125243974993,-20.877992601142846,-0.01815607,-0.00017766855218855263,-0.019981318833713548,0.01962598172933644,-0.01010839,0.005541246845637594,-0.020381924059346673,0.031464417750621865,0.02787819,0.02289969265100664,0.019052377579956356,0.026747007722056924,-0.00502973,-0.01616784,94.2,1.88,-0.471,0.005397306397306485,0.8915370960182649,-0.8807424832236519,33.5,-0.03209874189901907,0.24416164285684572,-0.22749484466034214,0.7158181303740336,-0.63025,-55.0
2026-04-08,DBA,INVESCO DB MS AGRI,26.87,26.89,27.61,26.05,28.61,24.27,30.11,8.874999999999762,2.1219512195121926,1.2461538461538448,-1.0,-1.6184511784511773,-1.081221398663388,-2.1556809582389667,0.00644132,-0.0003101754882154888,-0.008867547908592805,0.008247196932161829,0.01481898,-0.0045919705704698015,-0.017293175051837164,0.00810923391089756,0.01571975,0.035390947416107335,0.028658712386048855,0.042123182446165815,-0.00126433,-0.00370807,62.3,0.62,0.258,-0.0334444444444443,0.8658573968756998,-0.9327462857645884,64.9,0.8409888434963704,1.8084862624735485,-0.3616987553578084,3.9786712803049054,-0.5475,-56.0
2026-04-08,KMB,KIMBERLY-CLARK ,97.0,91.93,98.73,86.13,104.08,81.5,115.54,-4.139534883720913,-1.535310734463278,1.1961290322580649,0.23000000000000398,-4.919696969696977,-0.2698439958780554,-9.569549943515899,-0.01875035,-0.004931794713804713,-0.025193777677131192,0.015330188249521766,-0.0314389,-0.013458102684563772,-0.03845829665742152,0.011542091288293978,-0.03951336,-0.0069973862080536945,-0.022393983962639252,0.008399211546531862,-0.00167795,-0.00075321,88.3,1.57,-0.633,-0.2894208754208756,0.7518624777495144,-1.3307042285912656,49.8,0.02334597632746549,0.17236131601888452,-0.1759725760740047,0.5206952081117737,-0.5475,-56.0
2026-04-08,TDW,TIDEWATER INC.,87.84,81.41,91.78,79.01,100.81,61.34,107.14,-1.4618736383442272,1.4688561721404305,-1.373056994818653,2.210000000000008,-1.4375420875420875,2.2341152936337383,-5.109199468717913,0.03435687,0.006300139124579126,-0.04165890584702203,0.05425918409618029,0.10819824,0.016125910671140935,-0.05500125905107701,0.08725308039335888,-0.02914958,-0.03640673999999986,-0.05118860979830305,-0.02162487020169667,-0.00354532,-0.00285842,6.5,-2.15,1.263,0.1686599326599327,1.097655788142641,-0.7603359228227756,84.3,0.7400590538876579,0.11149090793131299,-0.23247264946749863,0.4554544653301246,-0.56475,-58.0
2026-04-08,FIS,FIDELITY NATIONAL INFORMATION SERVICES,47.01,43.05,47.49,39.48,50.01,37.63,54.46,-8.136363636363543,-2.5100000000000002,-1.2590604026845627,1.1999999999999957,-3.7645791245791234,0.10330176932487634,-7.632460018483123,-0.03602837,-0.012593328249158257,-0.041234760589306016,0.0160481040909895,-0.07652947,-0.026041132147651,-0.052226869416141394,0.0001446051208393931,-0.07678851,-0.011669277114093969,-0.038523593826903194,0.015185039598715259,-0.00441272,-0.0072401,52.4,-0.22,-1.009,-0.35223232323232323,0.5443553802483571,-1.2488200267130036,24.8,0.7206608731941484,0.17730780159481407,-0.28355456396430406,0.6381701671539322,-0.587,-60.0
2026-04-08,ZTS,ZOETIS INC.,119.75,113.88,121.21,107.75,123.73,99.79,134.85,-4.525423728813536,-3.015075376884419,-1.3218543046357616,5.579999999999998,-1.3137710437710435,5.548855407688106,-8.176397495230193,-0.00223521,-0.009189772929292926,-0.031912879026310195,0.013533333167724343,-0.03040662,-0.019568675402684563,-0.04073378453296965,0.0015964337276005193,-0.0613344,-0.047689139362416116,-0.06843010668635471,-0.026948172038477526,-0.00287002,-0.00521691,63.9,0.66,-0.107,-0.31715151515151513,0.45294401722912986,-1.08724704753216,60.9,0.30303693716024793,0.2329157430965176,-0.24787735411080505,0.7137088403038403,-0.6,-61.0
2026-04-08,AJG,ARTHUR J. GALLAGHER & CO.,220.8,212.65,226.33,185.44,233.94,180.15,258.84,-1.2512820512820562,-2.6910197869102017,-1.0686119873817046,0.0800000000000125,-24.45653198653199,-10.419140542949659,-38.49392343011432,0.00734909,-0.008285352457912459,-0.030925779924328427,0.01435507500850351,-0.07963041,-0.02493665087248323,-0.05506601553501653,0.005192713790050069,-0.01726178,0.028936076409395935,0.002306009699890744,0.05556614311890112,-0.0010035,-0.00050374,23.6,-1.15,0.494,-0.1596700336700336,0.8504736102217307,-1.169813677561798,84.7,0.2948600021806629,0.05937397360657833,-0.18908610678627222,0.30783405399942887,-0.60075,-61.0
2026-04-08,TTD,"THE TRADE DESK, INC.",20.25,19.41,23.27,16.82,24.63,13.73,34.47,2.2068965517241366,1.2769679300291543,2.1809815950920246,-0.07000000000000028,-4.680370370370365,6.090194600641821,-15.450935341382552,-0.07264422,-0.030959430471380465,-0.10289782124347938,0.04097896030071845,-0.12456434,-0.06743448083892616,-0.14141170685447293,0.0065427451766206235,-0.18199174,-0.06689406667785237,-0.11777652247754081,-0.016011610878163933,-0.00591326,-0.01668123,5.0,-2.2,-2.107,-0.5237845117845115,0.6667776683469193,-1.7143466919159422,8.1,0.6716262688708672,0.455261325504154,-0.09540539759740951,1.0059280486057176,-0.606,-62.0
2026-04-08,IR,INGERSOLL RAND INC.,84.67,74.84,81.23,69.46,92.47,67.12,101.61,,-1.9500000000000017,-1.036009445100354,1.5400000000000063,-5.155117845117841,-1.3297302031832872,-8.980505487052396,-0.00854006,-0.004975432861952865,-0.03141178447884078,0.021460918754935047,-0.00706898,-0.014306660335570497,-0.05107706232288872,0.022463741651747724,-0.0196719,0.012721654798657781,-0.005274729436723174,0.030718039034038736,0.01222275,-0.00148441,98.6,2.74,-0.201,-0.06578451178451183,0.7975401942227633,-0.929109217791787,38.7,-0.011944903336472135,0.012044819229618359,-0.28539736957643874,0.30948700803567547,-0.6375,-65.0
2026-04-08,TNX,10 Y TSY YLD NDX,4.29,4.25,4.47,4.08,4.6,3.84,4.66,2.4285714285714177,1.4761904761904745,-1.2162162162162165,-0.040000000000000036,-0.08265993265993253,0.04394861831402487,-0.20926848363388995,0.00844106,-0.001315039023569025,-0.011929434928467672,0.00929935688132962,0.00672474,-0.007851574597315435,-0.023385970735730253,0.0076828215410993834,-0.02003529,-0.004889272248322135,-0.020900938439135368,0.0111223939424911,-0.0023113,-0.00314652,72.4,0.93,0.553,-0.16375420875420876,0.5497152669495123,-0.8772236844579299,79.2,,,,,-0.67975,-69.0
2026-04-08,TYX,30 Y TSY YLD NDX,4.89,4.84,5.0,4.66,5.14,4.51,5.21,1.8333333333333506,1.0869565217391326,-1.1874999999999987,-0.07000000000000028,-0.1383501683501682,-0.027078471673113433,-0.24962186502722294,0.00344374,0.000677524713804714,-0.008422288766338118,0.009777338193947546,-0.00413181,-0.0014594658053691295,-0.011153710360610958,0.0082347787498727,-0.00562575,0.00879400157718116,-0.004874185203267833,0.022462188357630152,-0.0011759,-0.00261073,74.4,0.96,0.504,-0.07352188552188542,0.6529957806658813,-0.8000395517096521,70.0,,,,,-0.67975,-69.0
2026-04-08,FVX,5 YR TSY YLD NDX,3.92,3.88,4.13,3.72,4.23,3.39,4.32,2.857142857142866,1.5500000000000045,-1.3249999999999984,0.0,-0.004444444444444296,0.1201648548773859,-0.1290537437662745,0.01401788,-0.0023429542087542066,-0.015686517860206934,0.01100060944269852,0.00981447,-0.017115436174496672,-0.039239247978198985,0.005008375629205638,-0.0357898,-0.02797048255033556,-0.043027567541962575,-0.012913397558708543,-0.00265565,-0.00210103,70.8,0.71,0.672,-0.18049158249158237,0.5338039413415826,-0.8947871063247473,82.7,,,,,-0.721,-74.0
