Date,Ticker,Ticker_name,Close,day_pr_low,day_pr_high,week_pr_low,week_pr_high,month_pr_low,month_pr_high,day_rr_ratio,week_rr_ratio,month_rr_ratio,gap_lt,gap_lt_avg,gap_lt_hi,gap_lt_lo,ST_Trend,st_avg,st_lo,st_hi,MT_Trend,mt_avg,mt_lo,mt_hi,LT_Trend,lt_avg,lt_lo,lt_hi,ST_Trend_Change,MT_Trend_Change,Z-Score Rank,Z-Score,Sharpe,Sharpe_avg,Sharpe_hi,Sharpe_low,Sharpe_Rank,prem_disc,prem_disc_avg,prem_disc_lo,prem_disc_hi,factor,model_score
2026-04-07,FIX,"COMFORT SYSTEMS USA, INC.",1424.91,1293.09,1497.59,1231.41,1670.44,1153.42,1989.89,-1.1847897864847041,1.2688888888888887,2.0810342922391247,-379.6299999999999,-199.117593220339,-81.57331036803461,-316.6618760726434,-0.011155,0.012560666372881366,-0.02922462411946328,0.05434595686522602,0.06372098,0.03494946956081078,-0.028559832259017696,0.09845877138063924,0.1787048,0.15215971030405404,0.1217701438316644,0.18254927677644367,0.0005729,0.00092988,65.7,0.71,0.186,0.5546734693877552,1.4175228063742846,-0.30817586759877413,21.2,0.2587284944296744,0.15604511442671856,-0.022440768071919942,0.33453099692535704,0.9,101.0
2026-04-07,GDX,VANECK:GOLD MINERS,94.97,83.62,101.55,76.72,112.02,78.04,136.76,-1.293661060802069,-1.0703812316715544,2.4683992911990553,-25.320000000000007,-11.764372881355934,-1.5693619534721304,-21.95938380923974,-0.01308153,0.011919896101694895,-0.017327774678205243,0.041167566881595036,0.01109465,0.04580716222972966,0.01994721541660917,0.07166710904285015,0.16327976,0.09522443638513545,0.044151615845663544,0.14629725692460735,0.00853657,0.00055756,67.3,0.73,-0.466,0.6621428571428569,1.6042619484750302,-0.2799762341893163,12.5,0.2586180159036997,0.029176035959539052,-0.2199182182518295,0.2782702901709076,0.9,86.0
2026-04-07,JCI,JOHNSON CONTROLS INTERNATIONAL PLC,133.15,126.94,137.17,119.92,149.51,115.52,171.17,-1.0735294117647107,1.2365835222978065,2.1565513329551877,-17.98999999999998,-11.15406779661017,-5.169731974358614,-17.138403618861723,-0.00530176,0.006174936677966098,-0.022256647966937014,0.03460652132286921,0.03171466,0.01192051797297297,-0.009398027038473327,0.03323906298441927,0.08952929,0.06082165182432418,0.04003948967707681,0.08160381397157156,0.0010478,0.02546523,69.2,0.82,-0.027,0.47430272108843546,1.637162967384515,-0.6885575252076441,34.3,0.1654009475973246,0.18117949001757336,-0.35368985039564815,0.7160488304307949,0.812,77.0
2026-04-07,KMI,"KINDER MORGAN, INC.",33.3,31.78,34.38,31.65,37.01,29.63,41.13,-1.339449541284397,2.2484848484848508,2.1335149863760243,-4.810000000000002,-3.4691864406779658,-2.595366527519742,-4.34300635383619,-0.00348101,0.000157447593220341,-0.019658395921778232,0.019973291108218917,0.05073719,0.005095928581081084,-0.01892563144908542,0.02911748861124759,0.09070258,0.07741167750000022,0.07042144519355488,0.08440190980644556,0.00146796,0.0054382,62.3,0.78,-0.054,0.2144829931972789,1.0821232581703923,-0.6531572717758345,41.9,0.3103265540939055,0.24259377402440435,-0.12749096313448188,0.6126785111832906,0.812,77.0
2026-04-07,KO,THE COCA-COLA COMPANY,75.91,74.15,78.15,72.69,83.06,66.75,93.09,1.4034090909090975,2.2204968944099406,1.8755458515283858,-6.299999999999997,-4.408576271186439,-2.5566689972832064,-6.260483545089671,-0.00504055,0.003165299661016951,-0.010078412279182738,0.01640901160121664,0.03447929,0.01290231814189192,-0.0040270516204546965,0.029831687904238534,0.04569383,0.031038210337837813,0.023148296463725168,0.03892812421195046,0.00059752,0.00853036,40.1,-0.63,-0.683,0.09006802721088435,1.0705692757711176,-0.890433221349349,25.2,0.7413868464819346,0.10989281592637644,-0.1832738529864557,0.4030594848392086,0.81,77.0
2026-04-07,NSC,NORFOLK SOUTHERN ,288.5,278.63,294.11,260.08,315.93,253.61,343.12,-1.4228187919463167,-1.0360918702150932,1.5654915448552602,-12.399999999999977,-10.335288135593222,-1.7024707573508628,-18.96810551383558,-0.00802329,0.0013913276271186432,-0.017309510657318825,0.02009216591155611,-0.00524826,0.0009434369932432424,-0.023673817663323184,0.02556069164980967,0.01431629,0.00488860287162161,-0.007170451885729095,0.016947657628972313,0.00129494,0.00299786,31.7,-1.02,-1.028,0.12358503401360553,1.1803523071330693,-0.9331822391058582,13.7,0.654999354976127,0.1946409869702221,-0.16193400188343002,0.5512159758238743,0.67,75.0
2026-04-07,HWM,HOWMET AEROSPACE INC.,236.02,220.61,242.69,207.94,266.75,204.35,325.81,-1.7194337194337252,1.0943732193732185,2.835175244711081,-51.22999999999999,-37.20861016949153,-25.961806492012315,-48.45541384697074,-0.01653706,0.007259143627118641,-0.02246755654979379,0.03698584380403107,0.02877823,0.026433284662162153,0.0012886974838019517,0.05157787184052236,0.15004385,0.1434527784121621,0.1343185195601578,0.15258703726416642,0.00220315,-0.00272543,82.7,1.37,-0.726,0.5027959183673469,1.4793081765036447,-0.4737163397689508,12.5,0.4031933939461374,0.24045534429743004,-0.12430025196537026,0.6052109405602304,0.636,71.0
2026-04-07,L,LOEWS ,107.92,102.56,109.8,100.87,115.44,95.32,127.08,-2.2870370370370394,1.0666666666666664,1.5206349206349192,-8.549999999999997,-7.269288135593219,-4.973400544341966,-9.565175726844473,-0.00934403,0.0025429300338983044,-0.011815875687824846,0.016901735755621455,0.02345939,0.012425879527027025,0.0028488931458405253,0.022002865908213525,0.05060291,0.045586963817567626,0.041767580526339235,0.04940634710879602,0.00050294,0.00297721,65.5,0.83,-0.31,0.3408435374149661,1.1489387418277583,-0.46725166699782616,22.4,0.7418014018608996,0.30465272692331014,-0.04206617696953907,0.6513716308161593,0.745,71.0
2026-04-07,DBB,INVESCO DB MS BMTL,23.49,22.47,24.36,21.91,25.17,21.13,26.74,-1.1609195402298815,1.0632911392405096,1.377118644067797,-1.7300000000000004,-0.8320338983050846,-0.1834593764406941,-1.480608420169475,-0.01471851,0.002065382983050848,-0.012481188591299206,0.0166119545574009,-0.00090701,-0.003981824425675663,-0.03208927540314583,0.024125626551794503,0.02277195,0.011352272770270278,-0.006398081117021642,0.0291026266575622,0.00051162,-0.01016438,46.4,0.15,-0.579,0.3185510204081632,1.02574268969945,-0.38864064888312355,11.3,0.7807388313733259,0.9856346075029203,-0.02220797237248684,1.9934771873783275,0.621,70.0
2026-04-07,BMY,BRISTOL-MYERS SQUIBB COMPANY,57.67,57.28,63.47,56.16,65.63,49.03,74.79,4.441666666666655,5.271523178807925,1.9814814814814818,-7.409999999999997,-1.3702711864406787,0.6904394913683967,-3.430981864249754,-0.00360092,0.0007971335254237258,-0.023588031982058794,0.02518229903290625,0.03578305,0.0013914597297297127,-0.033545459079998695,0.03632837853945812,0.02709216,-0.018137390878378366,-0.03994029371963667,0.0036655119628799353,-0.004273,0.00154158,87.9,1.83,-0.723,-0.012697278911564719,0.8813348804114836,-0.9067294382346129,22.0,0.3214331504577812,0.14042897559275402,-0.2222054866261427,0.5030634378116507,0.72,69.0
2026-04-07,CALM,"CAL-MAINE FOODS, INC.",77.24,73.14,86.04,71.98,89.42,68.49,104.58,1.979069767441863,2.3155893536121726,3.124571428571429,-15.510000000000005,-14.641220338983054,-8.88876503336595,-20.393675644600158,-0.02852861,-0.005329230169491533,-0.03317859712465661,0.02252013678567354,0.00602463,-0.005568938175675672,-0.05875997504518169,0.04762209869383035,0.05922478,0.08575333935810847,0.06699648743505707,0.10451019128115988,-0.00212539,0.01750002,94.6,2.02,-1.144,-0.23889795918367335,0.6639151282163731,-1.14171104658372,16.5,0.09023853205186683,0.36180140663800237,0.10698385575674879,0.616618957519256,0.596,67.0
2026-04-07,GLW,CORNING INC.,148.52,129.51,154.44,124.11,179.56,119.11,204.59,-1.6292481977343003,1.2716099959033174,1.9064943896633788,-37.69,-14.362372881355931,0.2629562955876086,-28.98770205829947,0.01920367,0.01651068640677967,-0.022552813260672475,0.05557418607423181,0.11064066,0.03933595037162161,-0.02089511815308645,0.09956701889632967,0.2046682,0.09494355895270283,0.03591913877124999,0.15396797913415566,0.00271384,0.01243542,2.6,-2.56,0.693,0.6525272108843538,1.6902757374438935,-0.3852213156751858,42.3,0.36884211387908317,0.10754280215579261,-0.2627807001863757,0.4778663044979609,0.722,66.0
2026-04-07,CAH,"CARDINAL HEALTH, INC.",212.77,204.14,216.69,198.62,226.77,184.32,273.01,-1.6701902748414426,-1.0107142857142861,2.1173989455184516,-23.94999999999999,-19.736271186440682,-11.945249426603132,-27.52729294627823,-0.01038558,0.005854785661016949,-0.02030518086894649,0.032014752190980385,0.00994473,0.028281785472973,-0.015179982545061897,0.0717435534910079,0.08162005,0.06992561206081085,0.06121508882152425,0.07863613530009746,0.00074818,0.00122081,34.3,-0.86,-0.76,0.3063027210884354,1.1794216724742255,-0.5668162302973545,13.7,0.7079083430970559,0.21690160530336516,-0.23048635365611087,0.6642895642628412,0.685,65.0
2026-04-07,DGX,QUEST DIAGNOSTICS INC.,196.81,190.2,202.45,187.35,216.59,182.87,230.77,1.1214165261382796,2.090909090909089,2.4361549497847927,-17.960000000000008,-12.70186440677966,-6.736406388378467,-18.667322425180853,-0.00509647,0.00613632766101695,-0.010471445990286002,0.022744101312319902,0.0433872,0.015292115439189171,0.0010348667505561526,0.029549364127822192,0.05203323,0.032807335135135056,0.021977718534582594,0.04363695173568752,0.00212295,0.00099932,21.6,-1.11,-0.778,0.12570068027210882,0.9667156603951415,-0.7153142998509239,14.5,1.5635575351315203,0.13893033816016037,-0.3150156601527821,0.5928763364731029,0.685,65.0
2026-04-07,HAS,"HASBRO, INC.",89.4,86.41,93.26,82.4,100.69,79.34,111.67,-1.1423728813559382,1.6128571428571417,2.213717693836977,-10.059999999999988,-5.474610169491527,-1.1872707434234187,-9.761949595559635,-0.0125907,0.00756463383050847,-0.02256698601222247,0.03769625367323941,0.02042468,0.019402049594594576,-0.013687223442106333,0.05249132263129548,0.05303131,0.0255956664527027,-0.005808814594648704,0.05700014750005411,0.00035872,-0.01377302,66.9,0.8,-0.846,0.29679251700680304,1.2221180188973182,-0.6285329848837122,14.1,0.2631377862173896,0.22303955519808857,-0.27494050793331337,0.7210196183294905,0.57,64.0
2026-04-07,TKO,"TKO GROUP HOLDINGS, INC.",192.96,189.81,214.61,176.36,220.62,175.29,254.14,3.2447916666666554,1.6662650602409643,3.462365591397845,-42.72999999999999,-28.347966101694915,-18.598226321518226,-38.097705881871605,-0.00229121,0.002393857457627119,-0.022903055412265262,0.0276907703275195,0.00441252,0.017526391756756753,-0.0018523241144480472,0.03690510762796155,0.10352058,0.0950569145945946,0.07494456377479522,0.11516926541439398,-0.00381609,0.00838427,21.8,-1.34,-0.584,0.14005442176870753,1.05746947838521,-0.777360634847795,23.2,0.14641168429187723,0.19554351885256707,-0.17484532630190705,0.5659323640070412,0.561,63.0
2026-04-07,WMB,"THE WILLIAMS COMPANIES, INC.",74.04,70.0,74.21,69.64,79.86,63.92,92.93,-4.8125000000000275,1.3227272727272694,1.8666007905138333,-8.909999999999997,-8.51501694915254,-6.481694231229497,-10.548339667075584,-0.0015936,0.0007258248474576269,-0.019241375240595705,0.02069302493551096,0.04205611,0.005060603952702707,-0.01666163532757154,0.026782843232976958,0.09876628,0.08847835337837835,0.08142153412527577,0.09553517263148094,0.00410918,0.00164904,74.0,1.06,0.156,0.2512959183673468,1.096852639176868,-0.5942608024421743,53.4,0.153596347042251,0.1836410548447626,-0.1597706937346733,0.5270528034241985,0.657,63.0
2026-04-07,EXE,EXPAND ENERGY ,101.93,100.5,113.28,96.99,116.62,90.68,129.33,2.5760233918128606,2.973684210526308,2.435555555555556,-14.269999999999996,-8.564203389830508,-3.909047230252563,-13.219359549408454,-0.00908855,-0.0027514941694915243,-0.026988640462047575,0.021485652123064525,0.00604735,-0.0031422235472972895,-0.029521031009543983,0.023236583914949403,0.01840258,0.023013591993243272,0.01402833728672177,0.03199884669976477,-0.00561913,0.01740299,45.8,-0.12,-0.629,0.050139455782312936,0.9239138256442864,-0.8236349140796605,24.0,0.17509006284677486,0.08670044010779814,-0.12572277288342082,0.29912365309901706,0.561,63.0
2026-04-07,MNST,MONSTER BEVERAGE ,72.44,69.46,74.08,64.69,79.68,63.54,91.68,-1.2606635071090035,-1.070441988950275,2.1617977528089902,-4.8700000000000045,-1.7699661016949133,0.9370001569380981,-4.4769323603279245,-0.01645077,0.006754302881355927,-0.011235747629799231,0.024744353392511083,-0.02005421,0.02284236503378377,0.0020326830468504475,0.043652047020717094,0.02523904,-0.007153142331081072,-0.023126498374261978,0.008820213712099836,0.00130438,0.00245327,18.8,-1.22,-0.703,0.38309183673469377,1.280883538825268,-0.5146998653558805,13.5,0.520649921329031,0.27111399935127317,-0.07360020151188601,0.6158282002144324,0.66,63.0
2026-04-07,PWR,"QUANTA SERVICES, INC.",555.57,523.39,578.14,506.25,631.91,462.15,724.08,-1.1293292415607263,1.5478507704785045,1.8037893384714179,-77.31999999999994,-44.78244067796613,-21.37003683114222,-68.19484452479004,-0.01628662,0.003922641728813559,-0.024156089803337277,0.032001373260964396,0.04915026,0.017188772804054054,-0.02466405641549928,0.05904160202360739,0.07749482,0.060461457601351375,0.04339832098529495,0.0775245942174078,-0.00070097,0.01144537,44.2,-0.01,-0.237,0.37169387755102046,1.2957204208531556,-0.5523326657511147,17.3,0.5106123427832032,0.12175717612068324,-0.20483555166222625,0.44834990390359275,0.546,61.0
2026-04-07,UNP,UNION PACIFIC ,246.11,234.43,250.62,222.04,268.46,210.79,291.14,-1.7733564013840915,-1.0769574944071614,1.2749150622876542,-8.369999999999976,-7.7521355932203395,0.48789775048413375,-15.992168936924813,-0.00154476,-0.00042298976271186553,-0.01959788380713127,0.018751904281707543,0.00627583,-0.005042423344594599,-0.02373608154137385,0.013651234852184651,0.01062067,-0.0007407348648648578,-0.014254316118275328,0.012772846388545612,0.00265652,0.00638142,1.8,-2.89,-0.673,0.0023027210884352927,1.0119675423988974,-1.007362100222027,25.2,0.8336774050554585,0.1515321506856052,-0.14026514471297244,0.4433294460841828,0.545,61.0
2026-04-07,VIX,CBOE MKT VOLATILITY IDX,25.78,21.58,29.67,23.41,36.8,19.1,53.02,-1.2072829131652667,4.649789029535861,4.077844311377246,-19.409999999999997,-13.069423728813561,-6.883332075847949,-19.255515381779173,-0.00891598,0.038337802067796606,-0.04916805656498878,0.125843660700582,0.20228496,0.10661349033783772,0.003953170475809162,0.2092738101998663,0.3794461,0.3420576379729732,0.3058956237681459,0.37821965217780057,0.00684658,0.00443232,1.8,-2.63,0.02,-0.000741496598639435,0.6570852240363393,-0.6585682172336181,50.2,,,,,0.6395,61.0
2026-04-07,VTR,"VENTAS, INC.",83.64,78.3,85.24,78.19,90.16,74.88,102.76,-2.62430939226519,1.1963302752293565,2.182648401826483,-11.689999999999998,-7.217254237288132,-4.380140227500842,-10.054368247075422,-0.01889195,0.0033044170169491526,-0.012636848173843801,0.01924568220774211,0.02702875,0.005969546655405406,-0.009745165915218679,0.02168425922602949,0.09414354,0.060879222668918875,0.0437533981482299,0.07800504718960785,-0.00068491,0.01081213,69.0,0.71,-0.615,0.3192755102040819,1.2418385609155953,-0.6032875405074314,20.0,0.34812022586321945,0.26412283424748795,-0.15708815757612016,0.685333826071096,0.636,61.0
2026-04-07,NEM,NEWMONT ,114.65,101.18,121.31,95.31,130.33,92.63,159.4,-1.325287356321841,-1.2334183673469385,2.0322434150772017,-26.94999999999999,-13.012677966101691,-0.9552934920490763,-25.070062440154306,-0.00182572,0.013487547423728818,-0.01462093901045157,0.041596033857909206,0.01144381,0.04292591638513512,0.012652959171535163,0.07319887359873507,0.16087225,0.08014604820945953,0.018561451147748577,0.1417306452711705,0.00776267,-0.00066255,56.7,0.25,-0.164,0.6712142857142852,1.5945688234672972,-0.2521402520387269,16.1,0.39677226508553765,0.04780677241842627,-0.3011616925385539,0.3967752373754065,0.636,61.0
2026-04-07,TDY,TELEDYNE TECHNOLOGIES INC.,635.07,578.45,636.97,569.31,688.78,541.27,784.11,-4.207142857142883,-1.2243530068888513,1.5889125799573545,-63.33999999999992,-31.300033898305085,-7.770970910143241,-54.82909688646693,-0.01963295,0.002391771559322034,-0.02111633458768628,0.025899877706330347,0.03135343,0.012646802060810808,-0.02269264433126817,0.04798624845288978,0.0751006,0.022234250337837838,0.0032749769405283555,0.04119352373514732,0.00397492,-0.00798544,71.6,1.01,-0.429,0.24803061224489775,1.3090384960210355,-0.8129772715312401,28.4,0.22287114730724933,0.20396989900294912,-0.2655600133914495,0.6734998113973478,0.621,59.0
2026-04-07,STLD,"STEEL DYNAMICS, INC.",177.19,169.81,189.47,160.63,200.83,145.03,229.13,1.9348534201954433,1.4275362318840588,1.6150497512437811,-15.300000000000011,-10.301389830508471,-4.006655196211106,-16.596124464805836,0.00219435,0.004388603254237287,-0.018644589160149078,0.02742179566862365,0.02168698,0.011605350540540552,-0.026986019144213585,0.050196720225294686,0.02161764,0.01939027192567565,0.0072703741062715935,0.03151016974507971,0.00188094,0.00722556,24.4,-1.09,-0.317,0.22038095238095243,0.9519876449921479,-0.511225740230243,20.6,0.46707619926347066,0.093486504843064,-0.16448377033392317,0.3514567800200512,0.505,57.0
2026-04-07,TPR,"TAPESTRY, INC.",140.2,134.16,149.47,125.35,157.64,125.44,192.49,1.51580698835275,1.1744107744107748,3.5426829268292717,-33.26000000000002,-18.78294915254239,-8.764836655289736,-28.801061649795045,-0.00675544,0.008225013864406775,-0.03200536332697747,0.04845539105579101,-0.007027,0.026655599628378372,-0.01308963492909166,0.06640083418584841,0.14621579,0.11522866851351346,0.07901941353081043,0.1514379234962165,5.317e-05,-0.00456926,12.9,-1.77,-0.453,0.5440306122448981,1.7655602451686705,-0.6774990206788742,21.6,0.7740723869138082,0.11318022173983845,-0.2774433698046678,0.5038038132843448,0.495,56.0
2026-04-07,XLE,SEL SECTOR:ENERGY SPDR,60.16,57.35,64.13,57.87,68.71,50.77,71.39,1.1730103806228402,3.7336244541484715,1.195953141640044,-4.420000000000002,-1.3302033898305083,0.3337303434341161,-2.9941371230951326,0.01901624,0.003655166508474578,-0.018083108527659056,0.02539344154460821,0.08783564,0.0032401936824324354,-0.025851803102160804,0.03233219046702567,0.02429185,-0.0044881040202702826,-0.019291240427503357,0.010315032386962793,-0.00099873,0.02066132,89.5,1.71,0.992,0.35903741496598646,1.1860709034577221,-0.4679960735257493,74.8,0.5244539940489867,0.16812474755639173,-0.18702113595082798,0.5232706310636115,0.59125,56.0
2026-04-07,CPB,CAMPBELL SOUP COMPANY,20.88,21.05,23.14,18.93,24.07,17.39,27.01,,1.6358974358974372,1.756446991404013,-0.7300000000000004,-0.34376271186440743,0.7614708544100842,-1.4489962781388992,-0.00040877,-0.010474412915254234,-0.03293551888033598,0.011986693049827512,-0.04359887,-0.019341343378378405,-0.04191515102986682,0.003232464273110011,-0.08371753,-0.04587392239864853,-0.06087981153211095,-0.030868033265186105,0.00104514,0.00998054,66.9,0.85,-1.628,-0.5297959183673466,0.2779136054913789,-1.3375054422260721,10.1,-0.09622126319244106,0.1527513719182001,-0.2143965163911612,0.5198992602275614,0.50125,56.0
2026-04-07,GL,GLOBE LIFE INC.,143.74,134.59,145.96,131.29,155.7,124.07,170.9,-1.8434343434343559,-1.040969899665555,1.3807829181494649,-10.75,19.370847457627118,24.927639308500297,13.81405560675394,-0.0004835,-0.0004377374915254249,-0.019883655285292647,0.019008180302241797,0.02360382,0.013464141283783792,-0.023474320718919597,0.050402603286487185,0.05848464,-0.1984910477027027,-0.2329218798335559,-0.16406021557184952,0.00302949,-0.00725528,77.0,1.33,0.173,0.10723129251700665,0.828984959551338,-0.6145223745173246,61.9,0.7402862482569681,0.3171581737780439,-0.06526582781629814,0.6995821753723859,0.583,56.0
2026-04-07,MP,MP MATERIALS CORP,49.49,42.24,50.86,41.59,56.6,35.12,83.17,-2.8521739130434827,-1.111111111111111,2.3437717466945016,-13.89,-9.371254237288127,0.015874060185959493,-18.758382534762212,-0.08695175,0.016883656271186435,-0.054890370671581715,0.08865768321395458,-0.03557554,0.06033801175675665,-0.02884662865702834,0.14952265217054164,0.11501935,0.062141589256756675,-0.009574181356322646,0.133857359869836,0.00748448,-0.03248652,78.0,1.32,-0.984,0.16163945578231284,1.0209159904785456,-0.69763707891392,10.5,0.2144460136779176,-0.07426860185322555,-0.38470037098425747,0.2361631672778064,0.496,56.0
2026-04-07,XLP,SEL SECTOR:C STP SPDR,81.26,78.98,83.38,76.8,88.21,74.15,96.97,-1.0221238938053148,1.5582959641255552,2.20956399437412,-6.059999999999988,-3.3547457627118664,-1.6430586887333383,-5.066432836690394,-0.01293964,-0.00031828722033898306,-0.011776625276183414,0.011140050835505446,0.01170975,0.001285078716216216,-0.009876142329061442,0.012446299761493872,0.03236422,0.014677011182432415,0.008744029006222087,0.02060999335864274,0.00074052,0.00096329,23.6,-1.16,-1.547,-0.005887755102040836,0.9721112665407173,-0.9838867767447991,5.0,0.7512564399860291,0.29573255912592566,-0.19438301415366832,0.7858481324055197,0.5775,55.0
2026-04-07,GILD,"GILEAD SCIENCES, INC.",138.8,133.5,143.38,127.57,156.2,122.59,176.37,-1.1899313501144269,1.5494211932324087,2.317705120296112,-19.599999999999994,-10.743288135593216,-5.799708120151324,-15.686868151035108,-0.01791133,0.004779374271186442,-0.018233520180304257,0.02779226872267714,0.04125619,0.013360087094594589,-0.008528356911143866,0.03524853110033305,0.08780708,0.049097204324324226,0.03590255724306107,0.06229185140558738,0.00092699,0.00958221,24.8,-0.89,-0.961,0.2499013605442176,1.1319317519692866,-0.6321290308808514,7.7,0.6385549047370236,0.11453344350163545,-0.14975805323490238,0.3788249402381733,0.5775,55.0
2026-04-07,PEG,PUBLIC SERVICE ENTERPRISE GROUP INC.,81.61,76.99,84.64,76.48,87.3,71.91,98.67,-1.581560283687937,1.1091617933723201,1.758762886597938,-8.829999999999998,-7.433355932203398,-5.530544748692998,-9.336167115713797,-0.01532324,-0.004170182576271183,-0.01810794566542992,0.009767580512887553,0.00964845,-0.0073563757094594635,-0.02701669383804802,0.012303942419129096,0.05394017,0.047940656554054155,0.038707379554109425,0.057173933553998885,-0.00225959,0.00650962,64.1,0.75,-0.561,-0.10576870748299312,0.6157607078386783,-0.8272981228046646,23.6,0.287685555488546,0.2795182658792213,-0.07224701541107814,0.6312835471695207,0.481,54.0
2026-04-07,VTRS,VIATRIS INC.,13.16,12.82,13.84,11.82,15.12,11.1,17.62,1.9687499999999951,1.4626865671641787,2.1650485436893203,-1.1899999999999995,-0.5086101694915257,0.1634653298141533,-1.1806856687972047,-0.01860834,-0.00035521535593220106,-0.03826103111181422,0.03755060039994982,0.01139309,0.0009657391216216335,-0.052234168412727405,0.05416564665597068,0.01914981,-0.00815680040540539,-0.024299464022629093,0.00798586321181831,0.00063898,-0.00242754,14.5,-1.67,-1.097,0.17826190476190465,1.3651938530820755,-1.008670043558266,15.3,0.7242058083475238,0.32025785574066473,-0.34671522659982396,0.9872309380811535,0.561,54.0
2026-04-07,WELL,WELLTOWER INC.,201.58,188.61,207.86,186.26,218.68,180.09,254.82,-1.6838340486409218,1.1161879895561337,2.477431363424847,-35.629999999999995,-24.45742372881355,-16.47254928578918,-32.44229817183792,-0.01526277,0.005995156983050847,-0.013187729444702184,0.025178043410803878,0.02072234,0.013369452364864871,-0.0017738915865145692,0.028512796316244312,0.12061062,0.09623552250000024,0.08469040606707118,0.1077806389329293,-0.00048848,0.00374118,69.0,0.81,-0.478,0.46041496598639453,1.4339755037707107,-0.5131455717979215,14.1,0.3008321499782949,0.19029866362077436,-0.07193263179715881,0.4525299590387075,0.57,54.0
2026-04-07,WMT,WALMART INC.,122.49,120.1,129.37,116.66,136.99,110.43,149.69,2.4639175257731996,2.4871355060034337,2.255389718076288,-17.36,-11.522237288135592,-7.689109613946787,-15.355364962324398,-0.00546494,0.0025674456949152545,-0.016878251353418732,0.022013142743249243,0.0327327,0.015781126182432426,-0.0038006951954733803,0.03536294756033823,0.07523633,0.06750158118243245,0.060156202253686154,0.07484696011117874,-0.00265885,0.00196421,31.2,-0.92,-0.301,0.24666666666666695,1.1542033681938753,-0.6608700348605413,21.2,0.648213114969308,0.26914354295973747,-0.267640151955104,0.805927237874579,0.561,54.0
2026-04-07,PEP,"PEPSICO, INC.",153.21,148.75,161.25,144.18,172.46,130.78,190.76,1.5833333333333266,2.131782945736434,1.6740971912617018,-11.48999999999998,-4.056067796610167,0.828077815749781,-8.940213408970115,-0.00788978,0.0008433730508474573,-0.018679198703113388,0.0203659448048083,0.03111533,0.00834263354729729,-0.014607353725247144,0.03129262081984172,0.01296639,-0.005533795168918903,-0.021843236546752926,0.010775646208915118,-0.00023144,0.01000144,59.7,0.68,-0.998,-0.0723741496598639,0.885318539126794,-1.030066838446522,19.6,0.5354484887421647,0.0744262711648836,-0.2673052309645148,0.416157773294282,0.555,53.0
2026-04-07,TJX,"THE TJX COMPANIES, INC.",157.58,156.09,166.12,149.98,169.07,143.13,186.43,6.287769784172581,1.5118421052631508,1.9965397923875405,-16.629999999999995,-11.300745762711866,-8.333432887322811,-14.268058638100921,0.00566454,0.003803628949152546,-0.009293394351960105,0.016900652250265196,-0.00041801,0.014860185371621646,-0.0014744406097779977,0.03119481135302129,0.05906857,0.05171106726351358,0.04596727279808744,0.05745486172893972,-0.0008582,0.00080099,95.8,1.93,-0.114,0.2636564625850338,1.0640190346528227,-0.536706109482755,26.8,0.2608818580707166,0.3078463728356092,-0.03194009705746215,0.6476328427286806,0.555,53.0
2026-04-07,XEL,XCEL ENERGY INC.,80.54,76.23,82.78,75.07,86.2,71.68,94.33,-1.456928838951318,1.0347349177330865,1.5564334085778773,-7.489999999999995,-4.1935932203389825,-1.6784081869200023,-6.708778253757963,-0.00924927,0.001755262474576271,-0.014227826020952503,0.017738350970105045,0.00852138,0.0038301580743243246,-0.011315615867377128,0.01897593201602578,0.05333506,0.017025464121621592,-0.001625825313746037,0.035676753556989224,0.0004475,0.00585746,65.3,0.47,-0.436,0.13976190476190464,1.0421133481682525,-0.7625895386444433,26.4,0.6098675638677671,0.18198812603975564,-0.16101634880436652,0.5249926008838778,0.555,53.0
2026-04-07,LH,LABORATORY  OF AMERICA HOLDINGS,269.17,262.37,279.73,253.93,295.55,239.85,318.35,2.7222222222222054,1.7309711286089227,1.6773533424283755,-15.620000000000005,-13.596338983050863,-4.794456947503418,-22.398221018598306,0.00531799,0.000802097864406778,-0.019991027905213354,0.021595223634026908,0.01981031,0.0012213884797297341,-0.021508174739333447,0.023950951698792917,0.02342718,0.011516018445945993,0.0067622525065134005,0.016269784385378586,0.00239874,0.00226817,38.7,-0.69,-0.32,0.06625850340136064,0.9400401795594049,-0.8075231727566836,32.1,0.4820454247399224,0.12962016065288032,-0.20802085282398267,0.46726117412974333,0.582,53.0
2026-04-07,ROST,"ROSS STORES, INC.",216.34,212.36,226.84,206.41,236.66,185.4,256.26,4.125925925925895,2.0463242698892223,1.2902391725921134,-16.460000000000008,-8.906101694915257,-3.4766872813733407,-14.335516108457174,0.01233326,0.0034672048135593234,-0.016922501544605558,0.023856911171724202,0.04186584,0.010964700675675666,-0.016263345919092717,0.03819274727044405,0.04482964,0.018515052466216216,0.011397222508166011,0.02563288242426642,0.00054524,-0.00451969,7.7,-2.2,0.263,0.2901700680272108,1.3083880112259512,-0.7280478751715296,28.8,0.27201351973907184,0.21322869629962946,-0.3019987629128953,0.7284561555121543,0.546,52.0
2026-04-07,SPLV,INVESCO S&P500 LOWVL,73.76,71.13,74.98,68.85,78.73,67.87,83.05,-1.5570469798657822,1.0122199592668,1.5772495755517812,-3.509999999999991,-2.978101694915254,-1.7426495661736803,-4.213553823656827,-0.00816314,-0.0012277906101694923,-0.011255621030596826,0.00880003981025784,0.00270131,-0.004229535067567568,-0.01752775232330318,0.009068682188168045,0.02367055,0.016071106351351394,0.012770067094444946,0.019372145608257844,0.00080095,0.00127847,74.0,0.72,-1.023,0.055098639455782236,0.871083992289458,-0.7608867133778936,8.9,0.49126508101178823,0.07519397477111316,-0.32346467461326595,0.4738526241554923,0.5475,52.0
2026-04-07,TER,"TERADYNE, INC.",320.48,279.47,326.96,265.63,368.43,232.02,446.37,-2.47247023809524,-1.143899895724714,1.4231290978973545,-56.329999999999984,-21.198677966101698,2.12683810422271,-44.52419403642611,0.00449963,0.010013658203389824,-0.04340303217501178,0.06343034858179142,0.05853242,0.025994931148648637,-0.07491583362183389,0.12690569591913117,0.14455046,0.04147349415540539,-0.02096608651783463,0.10391307482864541,0.00321357,-0.01064055,33.3,-0.74,0.383,0.36797619047619046,1.2542084284567039,-0.518256047504323,28.8,0.4992262929361506,-0.028515004467099498,-0.36023660085158876,0.3032065919173898,0.546,52.0
2026-04-07,XLRE,SEL SECTOR:RL EST SPDR,41.72,39.18,42.58,37.72,45.15,37.0,46.97,-2.110091743119257,-1.1661807580174928,1.1122881355932206,-1.3900000000000006,-1.1870508474576265,-0.27825832000707573,-2.0958433749081773,-0.01301563,-0.0021210808474576284,-0.01518889678243162,0.010946735087516361,0.00153331,-0.005079231182432419,-0.02132786402914526,0.011169401664280421,0.00306985,-0.0017927321621621572,-0.007499985694099586,0.003914521369775272,0.00096956,-4.402e-05,84.9,1.45,-0.686,-0.03921768707482998,0.7065820647733105,-0.7850174389229705,15.3,2.2611685507597743,0.6279451253319327,-0.25742319482673504,1.5133134454906005,0.465,52.0
2026-04-07,XOM,EXXON MOBIL ,163.91,156.36,177.56,153.69,190.98,136.4,203.04,1.2784810126582298,2.6487279843444225,1.4223918575063617,-17.830000000000013,-5.8636949152542375,-0.6118029100338429,-11.115586920474632,0.02060067,0.0056058975593220334,-0.014348119290166795,0.025559914408810863,0.07131725,0.013572223479729726,-0.006847729354765492,0.033992176314224944,0.04596281,0.009873299020270279,-0.01058701143725937,0.03033360947779993,-0.00300153,0.01015663,71.8,1.09,0.991,0.3602074829931971,1.1731931075560558,-0.4527781415696615,76.4,0.3029917326800706,0.08763387421950981,-0.15431939835488745,0.32958714679390705,0.54125,52.0
2026-04-07,DE,DEERE & COMPANY,576.0,541.38,588.74,525.99,647.84,496.13,727.38,-1.8825481088254752,1.4365126974605087,1.8953299111055464,-61.77999999999997,-31.25698305084743,-7.882170772877714,-54.63179532881715,-0.00708723,0.002875416983050847,-0.020566642240384767,0.026317476206486463,0.05397279,0.006325060844594589,-0.02547764535118937,0.03812776704037855,0.06968962,0.01885035601351349,-0.002503198023807794,0.040203910050834776,0.00252478,-0.0086383,27.2,-1.0,-0.702,0.11595578231292525,0.9817760673352915,-0.749864502709441,17.1,0.739930769715847,0.11162289781122467,-0.24332317337059442,0.4665689689930438,0.546,52.0
2026-04-07,EQT,EQT ,60.69,56.66,65.74,57.24,71.08,53.42,78.15,-1.2135416666666647,3.0115942028985545,2.4016506189821207,-11.990000000000009,-5.864983050847456,-3.3407081331223747,-8.389257968572537,-0.02804128,-0.0014410676271186464,-0.027216498108766873,0.02433436285452958,0.05721403,0.0030344076013513526,-0.019254419474665444,0.02532323467736815,0.06600827,0.04689029746621613,0.03544867722362663,0.058331917708805636,-0.00348169,0.02669877,90.5,1.84,-0.299,0.17868707482993196,0.9700916697127601,-0.6127175200528961,30.0,0.37754354785309974,0.09773596000422315,-0.20080785432967396,0.3962797743381202,0.548,52.0
2026-04-07,JNJ,JOHNSON & JOHNSON,238.41,237.71,251.21,230.39,262.26,204.98,299.41,3.4323529411764695,2.973815461346629,1.8247083457971887,-24.080000000000013,-6.798610169491522,0.1362684840504409,-13.733488823033486,-0.00138344,0.006990554542372885,-0.008910237795009903,0.022891346879755674,0.03302507,0.01987346956081081,-0.005150898843462957,0.04489783796508458,0.04955834,0.005981100304054061,-0.015135354941318872,0.027097555549426992,-0.0044151,0.00236976,9.3,-2.08,-0.517,0.6979251700680269,1.7595867667725542,-0.3637364266365004,12.9,0.9999396437652266,0.19067795724971096,-0.18862549798367276,0.5699814124830946,0.546,52.0
2026-04-07,LMT,LOCKHEED MARTIN ,627.7,584.16,641.0,577.33,694.07,513.58,817.69,-1.6159860990443125,1.3176493944808418,1.664826498422713,-59.02999999999997,-29.630677966101686,-7.076709322432453,-52.18464660977092,-0.01219083,0.0026677523389830506,-0.022329120767510993,0.02766462544547709,0.04220613,0.012307719560810799,-0.023648469866182905,0.0482639089878045,0.05123654,0.016740533040540528,-0.004776607130765359,0.038257673211846414,0.00412552,-0.01775492,29.6,-0.78,-0.855,0.2960680272108843,1.394525994826989,-0.8023899404052203,13.3,0.4065994325968756,0.09048407175671717,-0.2756874108390367,0.45665555435247107,0.546,52.0
2026-04-07,PNW,PINNACLE WEST CAPITAL ,102.28,97.05,105.61,96.26,110.52,89.89,118.67,-1.175999999999999,1.3687707641196014,1.3228410008071025,-8.480000000000004,-5.022677966101695,-2.9628305505067267,-7.082525381696664,-0.00468985,0.0009273116610169498,-0.011305842559616181,0.01316046588165008,0.02891696,0.0009836916891891845,-0.011474538153875261,0.01344192153225363,0.04555758,0.023500695168918933,0.012249615594621262,0.034751774743216605,-0.00063871,0.00392663,51.0,0.07,0.145,0.1129149659863946,0.9690063793897181,-0.7431764474169289,58.9,0.5501774808252669,0.23944780083681655,-0.06567982402054412,0.5445754256941773,0.533,51.0
2026-04-07,XLU,SEL SECTOR:UTIL SPDR,46.27,44.21,47.59,42.51,50.28,41.36,53.64,-1.3550724637681237,1.0664893617021256,1.5010183299388986,-3.75,-2.5088474576271165,-1.4608525984073788,-3.556842316846854,-0.00838643,0.0010714936949152542,-0.010983542271625003,0.01312652966145551,0.00602763,0.00286667202702702,-0.009804182024176515,0.015537526078230555,0.04290328,0.029324021824324368,0.01658180535764107,0.04206623829100767,-0.00116147,0.00376278,50.8,0.36,-0.317,0.20207142857142876,1.0873643488003824,-0.6832214916575248,31.2,0.3607714373543056,0.36325912670550947,-0.14143244451724796,0.867950697928267,0.533,51.0
2026-04-07,CAT,CATERPILLAR INC.,724.44,675.35,753.65,631.71,809.82,605.83,920.2,-1.1749038176975464,-1.08608573436402,1.6504510580895368,-94.61999999999989,-50.48420338983053,-13.100994692936972,-87.8674120867241,0.00100118,0.008560815898305086,-0.0211014491941159,0.03822308099072608,0.01969672,0.025469067094594622,-0.027281094251528117,0.07821922844071735,0.08665087,0.05426056959459455,0.023137264603890807,0.0853838745852983,0.00098794,-0.00505161,53.0,0.43,0.23,0.5500816326530614,1.6854818733717023,-0.5853186080655796,30.0,0.5252626200489681,0.08056957486058697,-0.22919396474312537,0.3903331144642993,0.533,51.0
2026-04-07,EWH,ISHARES:MSCI HONG KONG,23.25,22.15,23.83,21.44,24.6,19.97,27.64,-1.5312499999999993,-1.3407407407407383,1.3384146341463412,-1.9600000000000009,-0.9948135593220336,-0.20371777931252477,-1.7859093393315426,-0.0081662,0.003516558779661016,-0.014414509300942239,0.02144762686026427,-0.00281047,0.007700835675675674,-0.0074191788238049386,0.022820850175156285,0.05271687,0.019820933614864873,-0.00099958137484326,0.040641448604573006,0.00111461,-0.00469757,82.9,1.34,0.028,0.48074149659863946,1.4617084611329452,-0.5002254679356661,32.7,0.2936667401860038,0.3577514757130951,-0.1892002640268982,0.9047032154530885,0.533,51.0
2026-04-07,LNT,ALLIANT ENERGY ,72.65,68.78,74.89,68.68,77.07,64.16,83.17,-1.4072580645161386,1.1133501259445815,1.2391048292108344,-6.009999999999991,-3.675932203389827,-2.0009959992599535,-5.350868407519701,-0.00847759,0.0022397209491525423,-0.009804772510697925,0.014284214409003008,0.01549396,0.006502409290540541,-0.004930859328235191,0.017935677909316272,0.04361634,0.02436131101351353,0.012665132634769434,0.03605748939225763,-0.00120512,0.00394463,65.5,0.6,0.218,0.23056802721088424,1.036249474392469,-0.5751134199707006,53.8,0.39544547385270246,0.28673269668683193,-0.08700799262724257,0.6604733860009064,0.533,51.0
2026-04-07,TAGS,TEUCRIUM:AGRICULTURAL,24.55,24.26,25.58,23.41,27.03,22.19,27.18,2.174999999999991,2.1754385964912273,1.1144067796610169,-0.8099999999999987,-0.3402033898305088,0.03804709315613086,-0.7184538728171485,0.00191502,-0.0001927252542372871,-0.00850403622251083,0.008118585714036257,0.02674679,-0.003872382094594597,-0.015536484545006142,0.007791720355816949,-0.00612715,-0.008711798378378391,-0.016189879795810255,-0.0012337169609465265,0.00114861,0.00144388,40.5,-0.3,-0.05,-0.19368707482993208,0.5861626814423689,-0.9735368311022331,69.6,0.8521579322514021,2.6526683881290154,1.1488940484715546,4.156442727786477,0.46625,50.0
2026-04-07,LYV,"LIVE NATION ENTERTAINMENT, INC.",158.29,145.69,160.51,140.93,171.41,127.78,194.77,-2.556410256410252,-1.3231707317073156,1.1956735496558515,-8.530000000000001,-15.581966101694919,-8.313965960440873,-22.849966242948966,-0.00483096,-0.0016202691864406775,-0.028583676669028685,0.025343138296147334,0.00920562,0.0028769754054054045,-0.02415202669124401,0.029905977502054818,0.03358874,0.054159255709459314,0.03335032306861225,0.07496818835030639,0.00764837,0.00051225,83.9,1.32,-0.418,0.20104081632653073,1.2840180196423348,-0.8819363869892733,22.4,0.10891292862143898,0.22041933673885217,-0.20650815623128949,0.6473468297089938,0.444,50.0
2026-04-07,PCG,PG&E ,17.62,16.88,18.16,16.26,19.6,14.55,22.0,-1.3773584905660448,1.4558823529411773,1.4267100977198692,-0.8399999999999999,-0.47993220338983095,0.21584465564247163,-1.1757090624221336,-0.01511648,-0.001178720779661015,-0.02783757710634608,0.025480135547024052,0.02933691,-0.010573046283783815,-0.0474723683099645,0.026326275742396866,0.00585764,-0.01206190574324323,-0.023964685552947392,-0.0001591259335390685,-0.00206611,0.00224686,25.0,-1.14,-0.562,0.03619727891156468,1.0939725838608194,-1.0215780260376899,26.8,0.5407101644794658,0.2963130943243833,-0.12343733471639573,0.7160635233651623,0.505,48.0
2026-04-07,ECL,ECOLAB INC.,262.26,251.77,275.52,237.52,290.14,225.91,335.54,1.2423398328690824,1.1269199676637032,2.015955983493811,-24.819999999999993,-17.857254237288114,-8.562176197353383,-27.152332277222847,-0.01609878,0.00014178335593220283,-0.019108008426797184,0.01939157513866159,-0.01255813,0.002111475135135134,-0.010937121379577603,0.01516007164984787,0.02699093,0.030990541351351385,0.021070663085619803,0.04091041961708297,-0.00026683,-0.0031644,51.0,0.43,-1.14,0.11495578231292507,1.1929126514361752,-0.9630010868103251,11.7,0.5764950632657371,0.10746679573631399,-0.16091447476996726,0.37584806624259526,0.43,48.0
2026-04-07,GM,GENERAL MOTORS COMPANY,72.76,70.85,76.6,67.07,77.94,64.77,92.02,1.4016736401673613,-1.0984555984556024,2.4105131414267795,-9.449999999999989,-6.891661016949156,-2.391691143239833,-11.39163089065848,-0.0033372,0.003695460983050848,-0.022149867738538068,0.02954078970463976,-0.0240808,0.013048708108108098,-0.017435540501905364,0.04353295671812156,0.06798849,0.051933436689189295,0.02077990139473202,0.08308697198364656,-0.00048563,-0.00464447,63.3,0.42,-0.364,0.28461564625850316,1.1837292476183443,-0.6144979551013381,21.0,1.013538946738696,0.11092879348667535,-0.3309578566994184,0.5528154436727691,0.43,48.0
2026-04-07,PH,PARKER-HANNIFIN ,912.97,863.41,939.34,796.94,999.29,763.8,1146.27,-1.1599397590361467,-1.3441844300278043,1.5639873969296765,-58.44999999999993,-56.399559322033895,-26.701491252139956,-86.09762739192783,-0.0011016,0.004045861118644064,-0.019916794366782162,0.02800851660407029,-0.01993056,0.004429636047297289,-0.03670798638089835,0.045567258475492936,0.02888918,0.03628238874999989,0.022321402248842194,0.05024337525115758,0.0040322,-0.00760157,61.9,0.72,-0.262,0.3606598639455779,1.2868009864496783,-0.5654812585585226,20.8,0.47559128461812294,0.13294403092255924,-0.23518363305559414,0.5010716949007126,0.415,47.0
2026-04-07,TIP,ISHARES:TIPS BD ETF,110.89,108.68,112.23,105.5,117.32,102.11,120.8,-1.5136986301369886,1.19294990723562,1.128701594533029,-2.3499999999999943,-2.1263389830508457,-1.4579877624434472,-2.794690203658244,-0.00206452,0.0004181941355932208,-0.002865115558350903,0.0037015038295373447,0.01150946,-0.004379128175675674,-0.01936674323603376,0.010608486884682411,0.00725397,0.004716487837837839,0.0014390016869475948,0.007993973988728083,0.00031292,0.00058044,80.0,1.25,-0.652,-0.06492517006802731,0.6498968783707931,-0.7797472185068478,26.2,0.11166022590679558,0.5109132575588856,-0.2529784057458536,1.274804920863625,0.415,47.0
2026-04-07,TLT,ISHARES:20+ TRS BD ETF,86.64,84.74,88.17,80.37,93.05,77.31,97.93,-1.468531468531472,1.0223285486443383,1.210075026795285,-1.8400000000000034,-1.135084745762712,0.2840660649004716,-2.554235556425896,-0.00427334,-0.0005941936949152542,-0.00816337615974984,0.006974988769919331,-0.00088883,-0.0016747985135135146,-0.00809109786843099,0.004741500841403961,-0.00070683,-0.010987455168918945,-0.02147329333563152,-0.0005016170022063681,-0.00031092,0.00059842,76.6,1.06,-0.86,-0.10660544217687073,0.609028791030429,-0.8222396753841704,18.8,0.058942286270148525,0.18511349357439366,-0.0046083376900111495,0.37483532483879844,0.415,47.0
2026-04-07,WBD,"WARNER BROS. DISCOVERY, INC.",27.37,26.85,28.05,25.84,28.83,23.48,36.59,1.5581395348837177,-1.0479452054794547,2.3701799485861184,-4.140000000000001,-1.597694915254238,0.3805868518720046,-3.5759766823804804,0.0050913,0.01722254667796611,-0.032511349074525575,0.0669564424304578,-0.00729155,0.04879278692567561,-0.019429825307244963,0.11701539915859618,0.12074765,0.019044684459459456,-0.04428081512766668,0.08237018404658558,0.00155373,-0.00011384,26.4,-1.26,-0.493,0.4351360544217687,1.41309758719441,-0.5428254783508727,26.8,0.17865349372610284,0.27785650361568326,-0.35939949083034195,0.9151124980617085,0.495,47.0
2026-04-07,XLY,SEL SECTOR:C DSC SPDR,107.77,103.96,111.79,100.89,111.54,93.75,129.33,-1.0540540540540508,-1.8249336870026465,1.5378031383737534,-6.200000000000003,-5.979932203389833,-2.50699298737855,-9.452871419401117,-0.01578814,-0.0033098330847457645,-0.020634731946770093,0.014015065777278565,-0.03260598,-0.005509303749999994,-0.028209873522948035,0.01719126602294805,0.0068416,0.019571127668918904,0.007963520317086647,0.03117873502075116,-0.00039875,-0.00740929,77.2,1.32,-0.912,-0.05269047619047614,0.8772588138383018,-0.9826397662192542,12.9,0.4350649265717621,0.15786862457080253,-0.19906727086719644,0.5148045200088015,0.415,47.0
2026-04-07,ALGN,"ALIGN TECHNOLOGY, INC.",166.87,161.0,182.75,151.58,189.07,133.15,208.28,2.517857142857143,1.4519293655984304,1.2280545670225385,-1.2199999999999989,5.660745762711866,16.31035366260837,-4.98886213718464,0.00354409,-0.007494653932203386,-0.05056658253414917,0.03557727466974239,-0.00820563,-0.020394863175675737,-0.07431203178576382,0.03352230543441234,-0.07785808,-0.11058933851351375,-0.1463001279035728,-0.07487854912345471,3.55e-06,-0.01155177,79.6,1.04,-0.388,-0.04763265306122444,0.9366223992196253,-1.0318877053420743,26.4,0.3783948951745555,0.2620193022459094,-0.304765712740276,0.8288043172320948,0.415,47.0
2026-04-07,BEN,"FRANKLIN RESOURCES, INC.",23.78,22.22,24.18,21.05,25.58,19.37,29.5,-2.8461538461538494,-1.5166666666666693,1.297052154195011,-0.4599999999999973,-0.24776271186440704,0.6345458775215205,-1.1300713012503345,-0.01818097,0.001651635627118644,-0.024117841086589483,0.02742111234082677,-0.01888881,0.001745972229729726,-0.026513309389612116,0.03000525384907157,-0.01692223,-0.02511602966216217,-0.03351306459373147,-0.016718994730592872,0.00218713,-0.00843717,61.9,0.78,-0.895,0.15937414965986393,1.201287873370769,-0.8825395740510411,14.5,0.04866832069793836,0.07452374528128916,-0.3485464504039567,0.497593940966535,0.415,47.0
2026-04-07,CMI,CUMMINS INC.,556.78,516.25,567.79,480.65,595.03,483.55,657.03,-2.0377924415116904,-1.990326797385621,1.36897446401748,-50.14999999999998,-40.31728813559319,-16.019489865296304,-64.61508640589007,-0.00134332,0.004005888983050853,-0.02362672100116111,0.03163849896726281,-0.02457543,0.012820988074324309,-0.03276666072656314,0.05840863687521176,0.06828077,0.05162652918918924,0.028099809494387736,0.07515324888399075,0.00250619,-0.00891182,58.3,0.29,0.093,0.4029863945578228,1.413736212442303,-0.6077634233266572,29.6,0.4664185323406753,0.022536586729093228,-0.29175466591628685,0.33682783937447336,0.415,47.0
2026-04-07,CPER,UNITED STATES COPPER IDX,34.08,32.56,35.46,31.05,37.04,30.37,41.41,-1.1439393939393923,-1.0236486486486476,1.9757412398921843,-4.060000000000002,-3.379593220338984,-1.6121642186123637,-5.147022222065604,-0.01811917,0.004983664610169491,-0.020165139466986906,0.030132468687325886,-0.01468789,0.01373691847972972,-0.018006111997427694,0.04547994895688714,0.0622048,0.05727663962837836,0.038434176666916314,0.0761191025898404,-0.00029188,-0.00551946,61.1,0.8,-0.619,0.3357687074829932,1.0965525278988293,-0.42501511293284283,12.9,0.010190524140209822,0.031240739480242124,-0.3260920115936021,0.3885734905540864,0.415,47.0
2026-04-07,DTE,DTE ENERGY COMPANY,148.27,141.27,151.78,141.06,160.97,130.45,170.75,-1.4337078651685484,1.761442441054088,1.2615039281705926,-9.829999999999984,-7.05277966101695,-3.54569803965359,-10.559861282380309,-0.00557025,0.0027624028813559324,-0.011667236845285936,0.0171920426079978,0.04374831,0.0062799590202702715,-0.010035190407332225,0.02259510844787277,0.03484962,0.01944501101351351,0.0094496949124768,0.029440327114550222,0.00080806,0.00293339,51.0,0.14,-0.151,0.19862244897959178,1.1530270059332526,-0.7557821079740691,48.2,0.24814636592586625,0.2902363926038442,-0.05678251089214731,0.6372552960998357,0.492,47.0
2026-04-07,EIDO,ISHARES:MSCI INDONESIA,15.24,14.92,16.14,13.27,16.69,12.89,18.64,1.947368421052628,-1.3586206896551718,1.4468085106382982,-0.1999999999999993,0.06742372881355921,0.6365985762181343,-0.501751118591016,-0.00460845,-0.00585152040677966,-0.026540108686832084,0.014837067873272762,-0.07373801,-0.017704414932432418,-0.051139510378638314,0.01573068051377348,-0.04761843,-0.041281332972973026,-0.04910333311864763,-0.03345933282729842,0.00200502,-0.00678306,71.4,0.9,-0.978,-0.1156462585034014,0.9426281389845307,-1.1739206559913336,14.1,0.9059671401511689,0.4793457817348138,-0.38978667961164715,1.3484782430812747,0.415,47.0
2026-04-07,EWD,ISHARES:MSCI SWEDEN,49.27,46.74,51.07,44.15,52.81,44.08,56.6,-1.1739130434782605,-1.4463276836158208,1.4123314065510582,-2.729999999999997,-2.1329491525423734,-0.7832501003757997,-3.482648204708947,-0.00944112,0.0007663475593220333,-0.017587244133221967,0.019119939251866034,-0.01685129,0.0010674005067567588,-0.01462922472647347,0.016764025739986987,0.0154281,0.015407641148648626,0.009335025347192306,0.021480256950104946,0.001167,-0.00354881,63.7,0.98,-0.531,0.2905612244897958,1.1473956484172922,-0.5662731994377007,17.9,0.40618818052920713,0.2483210557289321,-0.30595229672640883,0.8025944081842731,0.415,47.0
2026-04-07,EWK,ISHARES:MSCI BELGIUM,24.97,23.53,25.73,22.04,26.86,22.32,28.04,-1.2783505154639128,-1.5502645502645496,1.1584905660377365,-1.2300000000000004,-0.8851864406779659,-0.21570759791745364,-1.5546652834384782,0.00502005,0.0036874269830508496,-0.011539075420772675,0.018913929386874376,-0.01319514,0.008431755608108105,-0.005384273689107591,0.0222477849053238,0.02682477,0.013333850945945979,0.0019069080154530856,0.024760793876438873,0.0024084,0.00233063,73.6,1.16,0.024,0.43302380952380987,1.4727568758733047,-0.6067092568256849,33.7,0.3866327127211173,1.0713750880753115,-0.6313264965727572,2.77407667272338,0.492,47.0
2026-04-07,EWY,ISHARES:MSCI S KOREA,127.19,113.52,129.99,108.88,145.54,103.24,175.15,-2.9800000000000004,1.0021845985800104,2.0025052192066806,-22.129999999999995,-7.0047457627118614,3.044722012807295,-17.054213538231018,-0.02482074,0.010386079322033902,-0.01588605465427108,0.03665821329833888,0.04069171,0.029918898243243265,-0.003042345206193932,0.06288014169268047,0.11537468,0.028489620236486504,-0.019887461348910174,0.07686670182188318,0.00031671,-0.01103191,32.5,-0.35,-0.28,0.7368877551020403,1.6869950551245352,-0.21321954492045458,15.7,0.24701168977975296,0.1446736178290434,-0.1433229188687953,0.43267015452688207,0.495,47.0
2026-04-07,GNRC,GENERAC HOLDINGS INC.,191.1,181.92,204.84,170.64,231.22,156.62,273.49,1.4489571899012117,1.9608993157380248,2.3895011600928084,-31.640000000000015,-16.812474576271185,-3.1142252351288473,-30.51072391741352,-0.01953638,0.0024400718644067803,-0.04537483999113576,0.05025498371994931,0.06389204,0.0008596094932432286,-0.06947932488296417,0.07119854386945064,0.06391697,0.030580788952702703,0.007397596646150056,0.05376398125925535,-0.00026521,-0.00826908,41.7,-0.59,-0.711,0.06784013605442187,1.1629174822503505,-1.0272372101415068,27.6,0.7170150341167962,0.014870433249937622,-0.3356235583318764,0.3653644248317517,0.495,47.0
2026-04-07,GOOGL,ALPHABET INC.,305.46,271.9,310.9,259.85,319.12,243.21,388.27,-2.6104972375690543,-3.338945827232787,1.3302811244979926,-32.660000000000025,-31.07776271186439,-12.146920123644371,-50.00860530008441,-0.00746151,0.0043501448474576225,-0.021697430179424496,0.03039771987433974,-0.03602101,0.02183329486486485,-0.022789169694557514,0.06645575942428722,0.08454677,0.0753094334459459,0.049881078504849866,0.10073778838704193,0.00382765,-0.01286207,92.9,1.89,-0.06,0.33023129251700695,1.4086010174849024,-0.7481384324508884,28.0,0.3726482253767771,0.1981100230118817,-0.21133426060562338,0.6075543066293867,0.415,47.0
2026-04-07,LOW,"LOWE'S COMPANIES, INC.",231.61,222.33,242.4,209.57,251.73,190.19,299.03,-1.038581856100108,-1.0954274353876763,1.6277160791887961,-16.089999999999975,-13.33674576271186,-4.127811569996844,-22.545679955426877,-0.01609865,-0.002643920101694915,-0.024863572647422356,0.019575732444032528,-0.02707081,-0.004187888851351357,-0.0322885743281733,0.023912796625470585,0.00642423,0.013435003513513514,0.0023857177311947444,0.02448428929583228,0.00057335,-0.01692134,51.8,0.45,-0.93,-0.19074829931972792,0.9649557048717715,-1.3464523035112275,21.2,0.2999839223068119,0.13671197443630645,-0.17750065267018666,0.45092460154279956,0.415,47.0
2026-04-07,NDSN,NORDSON ,265.47,253.82,272.82,237.18,290.77,223.6,320.44,-1.5913043478260949,-1.118181818181821,1.3128731788870296,-5.989999999999952,-2.9615593220338994,5.137487796418437,-11.060606440486236,-0.01079312,0.004375620881355934,-0.01757887165260014,0.026330113415312006,-0.00049773,0.003986277027027003,-0.03380182506359717,0.041774379117651174,-0.01302216,-0.02130430851351352,-0.03140595867829439,-0.011202658348732651,7.209e-05,-0.01700057,72.2,0.78,-0.373,0.24308163265306096,1.2265051680479873,-0.7403419027418654,22.8,0.2589502835283881,0.21463487856640107,-0.16120672897684662,0.5904764861096488,0.415,47.0
2026-04-07,PSA,PUBLIC STORAGE.,279.24,254.02,287.95,249.52,303.69,230.84,345.72,-1.6621093749999967,-1.2155419222903892,1.3735537190082647,-17.159999999999968,-10.765186440677965,-0.9030698961815204,-20.62730298517441,-0.01750913,-0.0033740011525423734,-0.02150510496086795,0.014757102655783203,-0.00866933,-0.01314944239864862,-0.034592895960749596,0.008294011163452355,0.00724437,-0.002318254966216216,-0.0094602073681187,0.004823697435686268,0.01539831,-0.00703479,72.0,0.97,-1.286,-0.10467006802721089,0.7952761324819732,-1.0046162685363949,10.1,0.0031617944691058053,0.14464360691926084,-0.11633715868015834,0.40562437251868,0.481,46.0
2026-04-07,SNA,SNAP-ON INC.,366.7,348.56,378.21,340.58,391.1,325.92,435.02,-1.3158730158730123,-1.0704918032786872,1.6753310446297214,-29.400000000000034,-25.83240677966101,-14.658492857002827,-37.006320702319194,-0.00416197,-0.00030828762711864507,-0.01466529161047345,0.014048716356236161,0.00368101,0.0034212223648648664,-0.013421948983711074,0.020264393713440805,0.0432764,0.03488273817567557,0.026061898959086484,0.04370357739226465,0.00063281,-0.00654374,45.2,-0.38,-0.466,0.03281632653061218,0.7353460171123815,-0.6697133640511571,22.0,0.8236767428336136,0.13126694411945972,-0.20094724059471275,0.4634811288336322,0.406,46.0
2026-04-07,SYY,SYSCO ,73.24,61.69,76.07,61.37,83.08,61.52,94.62,-2.9182561307901875,-1.2063008130081294,1.824232081911265,-12.040000000000006,-3.2337966101694895,-0.5802695338263004,-5.887323686512678,-0.0752077,-0.000540828169491524,-0.019732394951650224,0.018650738612667174,-0.01498585,0.005711515945945949,-0.01188371736613198,0.023306749258023875,0.01583295,0.004188612939189189,-0.0034915222503133832,0.01186874812869176,0.00255002,-0.00526756,83.1,1.62,-0.906,0.02211904761904758,0.8313324457182472,-0.787094350480152,12.9,-0.44827333511370293,0.023393726846949618,-0.3073137584387134,0.35410121213261264,0.47725,46.0
2026-04-07,URA,GLBL X URANIUM ETF,47.95,45.0,50.92,42.41,54.05,37.56,68.0,1.1040892193308527,1.1010830324909724,1.9297401347449468,-5.759999999999998,-4.092881355932206,-0.6649936012551616,-7.520769110609249,-0.0216258,0.007212295389830505,-0.03365061875370737,0.048075209533368385,-0.00158422,0.023798035101351363,-0.03118959247628521,0.07878566267898794,0.0401131,0.02822399601351352,0.009668358125154906,0.046779633901872134,0.0012988,-0.0193492,13.9,-1.51,-0.497,0.2904047619047621,1.3681297434979067,-0.7873202196883826,17.5,0.4722197130718637,0.07733437083401609,-0.17043731593969633,0.3251060576077285,0.406,46.0
2026-04-07,AAPL,APPLE INC.,253.5,246.24,263.3,233.24,276.55,215.21,309.68,1.2481481481481507,1.13770977295163,1.4672238182293031,-16.079999999999984,-15.930610169491509,-5.457364129240942,-26.403856209742074,-0.00187284,-0.0019643882372881393,-0.024944840369196183,0.021016063894619907,0.01326855,-0.006490907466216165,-0.044135343780490124,0.03115352884805779,0.02615137,0.01557100912162162,-0.003786657932462526,0.03492867617570576,-0.00150057,0.01300486,59.7,-0.35,-0.465,0.0316020408163264,0.9987092971139586,-0.9355052154813057,25.6,0.8612871426153048,0.1787148696093322,-0.3028311046246425,0.6602608438433069,0.406,46.0
2026-04-07,AME,"AMETEK, INC.",217.75,207.74,224.4,195.26,239.64,184.78,265.81,-1.043870967741936,-1.0274097761534957,1.4576888080072794,-8.580000000000013,-7.50871186440678,-1.2381474618270936,-13.779276266986466,0.00155203,0.002629544610169494,-0.01634854934070775,0.021607638561046742,0.00580101,0.0020324045608108117,-0.027337834453658887,0.03140264357528051,0.01045453,0.004231800743243246,-0.005276924031130976,0.01374052551761747,0.00360898,-0.0034004,7.7,-1.94,-0.522,0.1872585034013606,1.0311512152179385,-0.6566342084152172,16.9,0.44574520692463104,0.15910720878820478,-0.1608759383174947,0.47909035589390425,0.406,46.0
2026-04-07,ENZL,ISHARES:MSCI NEW ZLND,43.05,41.22,43.37,40.0,45.1,39.09,48.34,-3.303571428571405,-1.487804878048776,1.3358585858585896,-0.7700000000000031,-0.49474576271186427,0.5235734405684238,-1.5130649659921525,-0.01277638,-0.001979573084745762,-0.011787751678072984,0.007828605508581459,-0.00665109,-0.006224308479729753,-0.023913896577720334,0.011465279618260826,-0.00597765,-0.016209803412162133,-0.02332841211227335,-0.009091194712050913,0.00172556,-0.00333272,71.2,0.92,-0.756,-0.1072517006802721,0.5870988058006695,-0.8016022071612138,14.9,0.4452768658635644,1.27735461625368,0.33901131301563037,2.2156979194917295,0.481,46.0
2026-04-07,EPU,ISHARES:MSCI PERU,81.73,76.23,85.44,72.09,91.92,69.72,108.39,-1.097222222222226,1.0570539419087135,2.2198168193172343,-13.769999999999996,-7.19071186440678,-1.2694195026818482,-13.112004226131713,-0.007597,0.0093683127457627,-0.013359732499340716,0.03209635799086612,0.02220121,0.029142849527027004,-0.0011416061223867638,0.05942730517644077,0.10947006,0.07367842824324304,0.043196187724205984,0.1041606687622801,0.00359097,-0.00557372,47.0,0.24,-0.246,0.809551020408163,1.8704835562043374,-0.25138151538801135,14.9,,,,,0.486,46.0
2026-04-07,EWU,ISHARES:MSCI UK,46.32,44.2,47.67,41.95,50.04,40.95,52.56,-1.188679245283022,-1.1747311827956985,1.1620111731843585,-1.9500000000000028,-1.2948135593220333,-0.2426354414863443,-2.3469916771577224,0.00042223,0.002069955423728812,-0.011442568537456625,0.01558247938491425,0.00341671,0.006051402331081076,-0.005167774505305071,0.017270579167467222,0.0187574,0.006034357364864859,-0.00214085207287335,0.014209566802603069,0.00072774,-0.00237873,57.7,0.66,-0.038,0.4848027210884352,1.2687753266509216,-0.2991698844740513,28.8,0.18451578258535606,0.22490631469804087,-0.34258144607602203,0.7923940754721038,0.481,46.0
2026-04-07,FAST,FASTENAL COMPANY,45.64,44.31,48.48,43.65,49.88,39.71,55.61,1.893617021276592,2.1306532663316573,1.681281618887015,-4.409999999999997,-3.986,-2.364496456526661,-5.60750354347334,0.00309907,0.0016043835254237273,-0.01596516459741778,0.01917393164826523,0.03640369,0.0050857276013513515,-0.025142015823171722,0.03531347102587443,0.04156197,0.05304506837837841,0.043300865777209416,0.06278927097954741,-0.00108211,0.00241301,18.5,-1.26,-0.471,0.16170408163265304,0.9937127109343151,-0.670304547669009,21.6,0.20212169399602842,0.20915337046053104,-0.2799409494640195,0.6982476903850816,0.406,46.0
2026-04-07,ITW,ILLINOIS TOOL WORKS INC.,259.04,248.95,264.93,230.89,287.35,229.74,316.2,-1.6695804195804302,1.005683836589697,1.9508532423208174,-17.889999999999986,-11.12220338983051,-2.8837645996234436,-19.360642180037576,-0.01430414,-0.0013493893898305091,-0.020439284018241088,0.017740505238580073,-0.00674769,-0.0013744170945946053,-0.021296406574517736,0.018547572385328524,0.02627822,0.008985320878378368,0.0013033249405888852,0.01666731681616785,0.00072957,-0.00170371,63.5,0.63,-1.279,-0.05231632653061223,0.9108720427666915,-1.015504695827916,12.5,0.5368875356428398,0.07310756288586097,-0.26599850605809394,0.41221363182981585,0.481,46.0
2026-04-07,YUM,"YUM! BRANDS, INC.",156.93,148.33,160.59,148.81,165.14,131.97,188.58,-2.2204968944099406,1.0110837438423614,1.268028846153846,-5.739999999999981,-5.4773559322033885,-0.965455063643522,-9.989256800763254,-0.01049285,0.004822902203389828,-0.012899027948894392,0.022544832355674047,0.01567313,0.003475332871621624,-0.012888761592031405,0.01983942733527465,0.00470374,0.0033379982094594598,-0.002477397161011877,0.009153393579930797,-0.00124053,0.002323,22.8,-0.99,-0.373,0.1092891156462585,0.8884680447112545,-0.6698898134187374,33.1,0.5121388526769373,-0.0037664066087570404,-0.264207343538008,0.2566745303204939,0.417,45.0
2026-04-07,CSCO,"CISCO SYSTEMS, INC.",80.68,74.08,82.8,74.32,87.64,67.29,97.08,-1.969594594594603,1.094339622641506,1.2247946228528745,-6.61999999999999,-4.545152542372882,-1.5960738391606202,-7.4942312455851425,0.00205393,0.004112450338983049,-0.016898061215202684,0.025122961893168785,0.03924408,0.014345850371621649,-0.007874892330404766,0.03656659307364806,0.04884855,0.021565612770270255,0.007613359646875805,0.03551786589366471,0.00188482,0.0134197,49.0,-0.36,0.687,0.27497278911564604,1.1079134078528794,-0.5579678296215873,67.3,0.41783533955686347,0.22848079590942383,-0.2693369989059658,0.7262985907248134,0.49125,45.0
2026-04-07,VXN,CBOE NASDAQ MKT VOL NDX,28.43,24.8,32.21,26.9,37.33,19.82,45.24,1.173529411764707,5.816993464052282,1.9523809523809528,-7.789999999999999,-2.5838305084745756,0.5057713038840994,-5.673432320833251,0.01022632,0.022073423016949142,-0.04157799610614907,0.08572484214004736,0.14967098,0.0786862329054055,-9.410586238065011e-05,0.15746657167319164,0.09175561,-0.01981445341216211,-0.0771414513212297,0.03751254449690547,0.01148545,0.00482973,14.5,-1.77,0.066,0.021064625850340152,0.7175478340402243,-0.6754185823395439,49.8,,,,,0.482,44.0
2026-04-07,DUK,DUKE ENERGY ,131.82,126.7,135.95,125.52,143.08,116.08,153.81,-1.1969696969696932,1.7873015873015912,1.3970775095298613,-9.879999999999995,-7.765661016949148,-5.291547112418721,-10.239774921479574,-0.00478206,0.002568799220338984,-0.008945615140707186,0.014083213581385156,0.03539232,0.004607107702702698,-0.009708512999698764,0.018922728405104162,0.03947058,0.03303958351351346,0.02457367841360028,0.041505488613426636,-0.00137688,0.00356874,74.2,1.15,0.058,0.20637074829931976,1.0696206569229392,-0.6568791603242996,46.0,0.4718363534307888,0.23466251054379259,-0.13546987000130842,0.6047948910888936,0.393,44.0
2026-04-07,FDX,FEDEX ,357.0,341.32,379.92,321.65,407.49,306.12,441.2,1.8512780790085153,1.4282885431400276,1.6548742138364778,-26.339999999999975,-11.47162711864406,1.432911846964446,-24.376166084252567,0.01521853,0.0016292664067796602,-0.025267200634635313,0.028525733448194632,0.03558962,0.007046926689189151,-0.04221727467658542,0.05631112805496372,0.03159432,4.046422297297288e-05,-0.02228828717545858,0.022369215621404526,0.00098432,-0.00783393,46.8,-0.22,-0.215,0.32161224489795925,1.325940247347777,-0.6827157575518585,24.8,0.608533483193386,0.2093727845208903,-0.23063275669064826,0.6493783257324288,0.48,44.0
2026-04-07,JBL,JABIL INC.,272.85,252.14,284.18,243.57,299.4,215.19,346.43,-1.3226299694189627,-1.102824858757065,1.2761012833853616,-30.849999999999966,-25.27257627118643,-14.414064446146268,-36.13108809622659,0.00269235,0.005445958677966103,-0.02686038557126288,0.037752302927195086,0.03950465,0.01677354087837838,-0.03320597073830706,0.06675305249506383,0.07194365,0.06467431675675697,0.05273124021921336,0.07661739329430058,-0.001285,0.00753172,77.2,1.18,0.608,0.3269421768707484,1.3701777482523647,-0.716293394510868,60.9,0.04254420551575078,0.10493945838411232,-0.2563040757548026,0.46618299252302725,0.393,44.0
2026-04-07,SOYB,TEUCRIUM:SOYBEAN,24.28,23.56,24.87,23.53,25.73,21.86,26.89,1.432432432432422,1.9333333333333325,1.0785123966942138,-0.5599999999999987,0.08223728813559274,0.48268314250086775,-0.3182085662296823,-0.00032223,0.0013633923389830512,-0.009177489352496349,0.011904274030462451,0.02217968,0.002628486182432436,-0.007213172457582238,0.012470144822447111,-0.00663812,-0.0276311532432432,-0.03701905568875695,-0.01824325079772945,0.0115892,2.088e-05,50.6,0.27,-0.011,0.06347959183673457,1.1160885647002257,-0.9891293810267565,40.3,0.10238193073528645,0.5333743441476879,-0.21794643349114007,1.284695121786516,0.467,43.0
2026-04-07,WDC,WESTERN DIGITAL ,311.96,261.69,324.59,253.67,352.74,219.4,447.1,-1.6997903563941268,-1.4293771456596358,1.4600259291270536,-67.05000000000001,-26.81281355932204,5.948662778793075,-59.574289897437154,0.03012776,0.030202763593220328,-0.02066475334420722,0.08107028053064788,0.06253657,0.060734545506756735,-0.03959815772406593,0.16106724873757938,0.18526839,0.08677355270270296,0.009697189614091578,0.16384991579131433,-1.17e-06,-0.017632,71.8,1.08,0.708,0.9292959183673473,2.1026933823066507,-0.24410154557195618,35.5,0.28048683235492966,0.057022010245232194,-0.29755762694058374,0.4116016474310481,0.467,43.0
2026-04-07,CIEN,CIENA CORPORATION,447.88,383.09,480.38,367.98,534.42,305.59,642.98,-1.0373698182560749,1.083103879849812,1.371143439454635,-120.91999999999996,-38.946271186440704,4.95791067233116,-82.85045304521256,0.06743975,0.020972084067796628,-0.028529684562072593,0.07047385269766585,0.09585811,0.04714065858108114,-0.03282737449528462,0.1271086916574469,0.24540352,0.11937041408783777,0.055423642843736465,0.18331718533193908,-0.00015994,0.02118582,47.6,0.52,1.293,0.668472789115646,1.7585690920948767,-0.42162351386358454,63.7,0.17312431880964452,0.2580410183670792,-0.031491098572904996,0.5475731353070634,0.467,43.0
2026-04-07,CORN,TEUCRIUM:CORN,18.05,17.67,18.69,17.19,19.67,16.02,20.62,1.5000000000000047,1.8837209302325606,1.2660098522167482,-0.6799999999999997,-0.12389830508474578,0.21654666658999353,-0.46434327675948506,-0.00617304,-0.0012123590847457645,-0.01193874384818013,0.009514025678688602,0.01892077,-0.004566282500000008,-0.02028379121287449,0.011151226212874475,-0.00652173,-0.021517888344594605,-0.02962551756432165,-0.01341025912486756,0.00103441,-0.00039961,51.8,0.28,-0.222,-0.13194217687074802,0.6888778160685669,-0.952762169810063,45.4,0.5271120469591206,0.661687711957202,0.14453288410924092,1.1788425398051632,0.467,43.0
2026-04-07,LRCX,LAM RESEARCH ,224.35,198.82,234.28,187.99,248.24,169.75,310.06,-1.7306501547987583,-1.5219757220594374,1.5697802197802202,-37.66999999999999,-19.065694915254237,-1.743824284415755,-36.387565546092716,0.0015674,0.012565318949152547,-0.02663201794525761,0.051762655843562703,-0.00067594,0.03588129885135134,-0.026467974329547374,0.09823057203225005,0.11269975,0.0696293347635136,0.03642793299473364,0.10283073653229356,0.00066876,-0.0365545,55.2,0.38,0.325,0.5720340136054421,1.474490501282109,-0.3304224740712247,39.9,0.41971777455415404,0.0012540909430468615,-0.24433058523756615,0.24683876712365985,0.467,43.0
2026-04-07,MO,"ALTRIA GROUP, INC.",66.25,62.57,68.61,61.99,72.33,57.72,80.81,-1.445783132530124,1.427230046948357,1.7069167643610785,-8.189999999999998,-5.370406779661022,-3.1892484785173947,-7.551565080804649,-0.00848439,0.0020090847796610176,-0.016224336471359634,0.02024250603068167,0.0304686,0.00423232152027028,-0.019062301540882218,0.027526944581422776,0.07080513,0.05045784807432427,0.037097748518493644,0.06381794763015489,0.00038016,0.01097978,71.0,1.02,-0.257,0.24649319727891156,1.1971861464330076,-0.7041997518751846,36.3,0.24126751629288035,0.09161252553137465,-0.28981717723520467,0.473042228297954,0.467,43.0
2026-04-07,SO,THE SOUTHERN COMPANY,96.82,93.49,99.92,91.26,106.07,84.92,114.35,1.056291390728482,1.663669064748205,1.4731092436974802,-7.5,-5.459389830508473,-3.480705382842894,-7.438074278174053,-0.00629171,0.001563469016949153,-0.011390732205282791,0.014517670239181098,0.03002092,-0.0033945096283783845,-0.021912664482385654,0.015123645225628885,0.03912381,0.0276037528040541,0.020053023084148004,0.035154482523960195,-0.00158481,0.00344316,35.9,-0.78,-0.155,0.1132108843537414,1.0404150029599455,-0.8139932342524627,42.7,0.22907965305076927,0.22023798820812202,-0.15514082414866187,0.5956168005649058,0.458,42.0
2026-04-07,AEP,"AMERICAN ELECTRIC POWER COMPANY, INC.",132.92,125.48,136.62,124.55,143.71,116.91,155.31,-1.6951219512195,1.2891278375149382,1.3985009369144301,-13.130000000000024,-7.3961016949152505,-3.60927534569526,-11.182928044135242,-0.01101724,0.004838800474576273,-0.010947953089696967,0.02062555403884951,0.02515204,0.01027695989864865,-0.002700070576827196,0.023253990374124497,0.05644462,0.02981183260135132,0.011341515020151762,0.04828215018255087,-0.00052396,0.00442652,23.8,-0.93,0.104,0.3052210884353741,1.2509993685035092,-0.640557191632761,43.5,0.5658080105941954,0.1268721987656862,-0.2582695647715332,0.5120139623029056,0.458,42.0
2026-04-07,AMAT,"APPLIED MATERIALS, INC.",354.31,320.8,370.34,304.6,401.25,271.31,478.37,-1.43099152964624,-1.0590115040477202,1.494698795180723,-43.23000000000002,-23.16264406779661,-4.5516825971289165,-41.7736055384643,0.00055482,0.006481158745762716,-0.030117756897536915,0.04308007438906235,0.02600422,0.02495258202702702,-0.02890370479389294,0.07880886884794698,0.07167265,0.04389209057432437,0.02750127887788474,0.060282902270763994,0.00113161,-0.02098603,30.4,-0.85,0.285,0.3710272108843537,1.3419848778636685,-0.5999304560949612,35.5,0.4825181424800282,-0.02600310454288298,-0.27162641043130925,0.21962020134554328,0.458,42.0
2026-04-07,ED,"CONSOLIDATED EDISON, INC.",114.46,109.34,118.39,109.12,124.52,98.85,134.42,-1.0611246943765247,1.8838951310861465,1.278667520819987,-8.220000000000013,-5.188881355932209,-2.4728209518673867,-7.9049417599970315,-0.0043857,0.0030692898305084734,-0.011340300313577599,0.017478879974594547,0.03979312,0.002275355033783793,-0.022906698768440828,0.027457408836008418,0.03703813,0.017629586418918913,0.007656530729890277,0.02760264210794755,-0.00149548,0.00431343,17.5,-1.43,0.443,0.1894965986394559,1.0859532744809302,-0.7069600772020184,65.7,0.4279988037236224,0.10521377718781953,-0.21650009226472638,0.4269276466403655,0.46625,42.0
2026-04-07,EXC,EXELON ,49.05,46.73,50.88,45.83,53.05,42.69,57.9,-1.2375690607734764,1.2422360248447208,1.3915094339622645,-4.590000000000003,-2.593898305084747,-1.183394683744679,-4.004401926424816,-0.01082306,0.0033199119322033887,-0.012906588407085959,0.019546412271492737,0.01192411,0.006307763547297306,-0.012153733860112384,0.024769260954706995,0.04398741,0.02282674297297301,0.008000294838749207,0.03765319110719681,-0.0016119,0.00348921,45.6,-0.15,-0.082,0.198047619047619,1.1561227358653459,-0.7600274977701079,45.0,0.23010825099516574,0.14916192257953734,-0.21038634660612557,0.5087101917652003,0.458,42.0
2026-04-07,FE,FIRSTENERGY CORP.,51.0,48.81,52.94,48.05,54.89,45.09,58.33,1.014851485148512,1.3186440677966091,1.2402707275803726,-3.509999999999998,-1.9453898305084742,-0.7231156451269896,-3.167664015889959,-0.00206403,0.003492089220338985,-0.009948771190610765,0.016932949631288736,0.01628713,0.012082185337837824,-0.0007244814472516167,0.024888852122927265,0.02733544,0.007739751047297296,-0.008086723415435973,0.023566225510030563,-0.00130868,0.00374991,55.8,-0.27,-0.051,0.31605442176870735,1.255817443108295,-0.6237085995708803,38.7,0.8336273741813205,0.31949725116055083,-0.19931797664021234,0.838312478961314,0.458,42.0
2026-04-07,GEV,GE VERNOVA INC.,910.75,831.92,954.7,810.03,1005.13,787.9,1194.86,-1.1619447998537746,-1.0671752489934312,2.3126577126577113,-239.56999999999994,-257.04033898305084,-195.10738154606503,-318.97329642003666,0.01903706,0.009437257593220333,-0.028375624263537784,0.04725013944997845,0.05694327,0.022231157128378313,-0.03568708271933456,0.08014939697609119,0.20812319,0.32176680763513427,0.28430306105022435,0.3592305542200442,0.00321518,0.0149816,73.6,0.9,0.629,0.43415986394557804,1.384513140250193,-0.5161934123590369,57.7,0.3207227166454123,0.046387870461450195,-0.3155622725520653,0.40833801347496573,0.371,42.0
2026-04-07,INCY,INCYTE ,93.69,89.25,99.68,86.44,99.28,82.35,117.62,1.690410958904114,-1.2969588550983893,2.1102292768959434,-13.260000000000005,-8.486067796610168,-3.333507492988015,-13.63862810023232,0.00591836,0.0035459072881355944,-0.024343220646825606,0.0314350352230968,-0.0259663,0.010032235777027039,-0.027428241349501684,0.047492712903555764,0.07795648,0.040177068175675706,0.007194599312974594,0.07315953703837683,0.00333868,-0.02179919,61.7,0.45,-0.505,0.1407517006802721,1.1040755095122905,-0.8225721081517463,17.7,0.41502716758202474,0.21815952415466394,-0.2432004557119134,0.6795195040212413,0.43,41.0
2026-04-07,ADBE,ADOBE INC.,240.14,227.2,247.91,212.0,255.53,195.75,290.97,-1.373509933774829,-1.8284600389863521,1.145077720207255,5.339999999999975,-8.56528813559322,15.165707436697247,-32.29628370788369,-0.02388139,-0.013233731830508473,-0.04199791625947836,0.015530452598461413,-0.0722816,-0.028258192432432452,-0.05378343547149411,-0.002732949393370796,-0.08924075,-0.0399898442905405,-0.07804929439103395,-0.0019303941900470564,0.01046429,0.00383825,29.0,-0.87,-1.603,-0.31469727891156457,0.7649189910194407,-1.3943135488425697,10.5,0.24302791521541756,0.32785941205353747,-0.13810470632949906,0.7938235304365739,0.369,40.0
2026-04-07,AZO,"AUTOZONE, INC.",3387.0,3221.39,3496.56,3176.72,3636.68,2952.23,4206.03,-1.117856551267186,1.187369221989726,1.8838236308852951,-249.67999999999984,-321.69891525423736,-174.89444120967838,-468.5033892987964,-0.01583825,-0.0018785144067796607,-0.022037119591411553,0.018280090777852233,0.00629661,0.006512328479729731,-0.01819941451636955,0.031224071475829007,0.02035875,0.042964200912162215,0.03035086547593246,0.055577536348391965,0.00599367,0.00683503,7.5,-2.17,-1.236,0.0854625850340135,1.0449599596557073,-0.8740347895876802,12.5,0.29998572564693404,0.20622571371675769,-0.36383816959105864,0.776289597024574,0.369,40.0
2026-04-07,CCJ,CAMECO ,110.23,102.31,117.1,96.72,124.14,85.96,159.11,1.0993975903614452,1.0296076980014797,2.0140090646889157,-18.83999999999999,-12.494949152542375,-3.76273637178479,-21.22716193329996,-0.00813169,0.011610493355932209,-0.02948572668297702,0.05270671339484143,0.00400145,0.03605996334459461,-0.02446128684806053,0.09658121353724974,0.09814706,0.07260097307432427,0.05258693509445095,0.09261501105419759,0.00330285,-0.02842344,8.3,-2.02,-0.361,0.3908027210884354,1.3858660451883034,-0.6042606030114326,15.7,0.44770994796931207,0.13363529615309755,-0.3694250558793689,0.636695648185564,0.421,40.0
2026-04-07,EWL,ISHARES:MSCI SWITZERLAND,58.93,56.55,61.18,52.43,64.08,52.78,67.94,-1.0129870129870104,-1.2621359223300974,1.465040650406504,-3.1099999999999994,-1.956813559322034,-0.5627488755025696,-3.3508782431414983,-0.00431878,0.001394955254237287,-0.013459074500963319,0.016248985009437892,-0.02315604,-0.0034854455067567514,-0.023642963191925714,0.01667207217841221,0.01684401,0.006703988243243258,0.0003360984590583581,0.013071878027428159,-0.00027412,0.0007492,61.1,0.74,-0.61,0.3328163265306121,1.2587770988176707,-0.5931444457564464,15.7,0.2831348684476249,0.306294081968248,-0.16352362750996108,0.776111791446457,0.415,40.0
2026-04-07,FXA,INVESCO:AU DOLLAR,69.03,66.89,69.46,64.52,73.55,64.24,74.67,-2.680000000000007,1.0022172949002197,1.1774530271398733,-1.5100000000000051,-1.0240338983050867,-0.11540425869594095,-1.9326635379142325,-0.00548205,0.0011546465423728808,-0.005750799543081846,0.008060092627827607,0.01074485,-0.004252511250000001,-0.022290414879419795,0.013785392379419795,0.00734352,-0.0032680809121621683,-0.008408043268603185,0.0018718814442788478,0.00149611,-0.00012118,71.8,0.71,-0.512,0.191030612244898,0.9260860992835042,-0.5440248747937081,17.7,0.6235942581011056,0.42932342445986915,-0.44409469239397326,1.3027415413137116,0.415,40.0
2026-04-07,LUV,SOUTHWEST AIRLINES CO.,37.87,34.6,39.44,31.37,42.5,30.52,52.81,-1.7705882352941136,-1.4038876889848797,2.032653061224491,-3.520000000000003,-2.321830508474576,0.2540051405727004,-4.8976661575218525,-0.02326852,0.0004020627457627118,-0.04560189845877237,0.04640602395029779,-0.05558483,0.008530207263513502,-0.04246564037609306,0.05952605490312006,0.02081174,0.0016177674999999733,-0.021279886032515193,0.024515421032515142,0.00263244,-0.00965276,22.0,-1.35,-0.937,0.19807142857142868,1.3521622731215455,-0.9560194159786881,16.1,0.5683336245204027,0.07933396594935356,-0.36620436573294546,0.5248722976316526,0.355,40.0
2026-04-07,MUB,ISHARES:NATL MUNI BOND,106.57,104.7,107.72,100.59,111.98,99.65,113.68,-1.5081967213114504,-1.1053604436229165,1.0274566473988478,-0.8900000000000006,-0.8385423728813571,0.05411183876264836,-1.7311965845253625,-0.00149788,-0.0008693005762711855,-0.006196151941750758,0.004457550789208387,-0.00302685,-0.005853868310810808,-0.018310911125474432,0.006603174503852814,-0.00341639,-0.0077921519932432366,-0.01162249406585274,-0.003961809920633733,7.906e-05,-0.00139696,69.0,0.93,-0.882,-0.181091836734694,0.7911909219668511,-1.153374595436239,26.6,0.5743767521596341,1.568254590225255,0.7896397372258906,2.346869443224619,0.415,40.0
2026-04-07,SCHP,SCHWAB STR:US TIPS,26.69,26.23,26.97,25.96,27.54,25.09,38.46,-1.5161290322580785,1.164383561643832,7.356249999999993,-10.02,-9.93776271186441,-9.717258316441589,-10.158267107287232,-0.00182566,0.0005188599999999997,-0.0029723504620096436,0.0040100704620096425,0.00750976,-0.0045384483108108125,-0.017850538479373557,0.00877364185775193,0.30581507,0.29975970702702764,0.29432382057933654,0.30519559347471875,0.00030795,0.00018463,80.0,1.3,-0.762,-0.08021768707482999,0.6631773568677931,-0.8236127310174531,24.8,1.2914297894374398,1.6842121910813503,-1.8270556756783072,5.195480057841008,0.4075,39.0
2026-04-07,SJM,THE J. M. SMUCKER COMPANY,94.15,89.9,96.65,85.58,105.51,82.96,119.67,-1.6550387596899276,1.3255542590431726,2.28060768543342,-6.4199999999999875,-1.307491525423729,3.1379983329282446,-5.752981383775703,-0.04030774,-0.0035830525423728838,-0.027368936497682197,0.020202831412936433,-0.00307372,-0.004700217128378365,-0.029421645845117028,0.020021211588360302,-0.00352266,-0.03690370381756748,-0.04829478595641306,-0.025512621678721904,0.00270282,0.00083217,15.7,-1.62,-3.944,-0.07897619047619049,0.8551657490885083,-1.0131181300408894,1.0,1.2652216481590859,0.017937252201020354,-0.35184072032781244,0.3877152247298532,0.4125,39.0
2026-04-07,GNK,GENCO SHIPPING & TRADING LIMITED,23.47,22.24,25.09,21.03,26.17,17.66,28.91,2.329545454545458,1.1065573770491826,-1.0680147058823524,-0.7200000000000024,-0.6831525423728814,0.14425873107411957,-1.5105638158198822,0.04850624,0.005242526135593222,-0.02273398156913993,0.03321903384032637,0.01174815,-0.0016275816891891937,-0.05199498897471444,0.04873982559633605,0.0014692,-0.006001371081081106,-0.023136261023110838,0.011133518860948627,0.00379498,0.00293646,54.2,0.44,0.519,0.3348979591836734,1.2689259256342837,-0.5991300072669369,52.2,-0.36858609190532343,0.3348539330842013,-0.32544858138891086,0.9951564475573135,0.36075,39.0
2026-04-07,SPG,"SIMON PROPERTY GROUP, INC.",190.57,179.91,194.61,169.89,207.74,162.62,226.23,-1.794970986460343,-1.204426324985439,1.2758497316636856,-7.8799999999999955,-13.222508474576273,-6.3023630965152435,-20.142653852637302,-0.00105131,-0.0005859384067796597,-0.01973719505521882,0.018565318241659502,0.0059484,-0.0016327379054054008,-0.021502177329171736,0.01823670151836093,0.02209034,0.03753429179054059,0.024606519493395228,0.05046206408768595,0.00139575,0.0024464,54.2,0.27,-0.235,0.12518367346938783,0.9727386513626498,-0.7223713044238741,31.9,0.13254480570182414,0.1361795909980172,-0.1572837757230924,0.42964295771912686,0.356,38.0
2026-04-07,THD,ISHARES:MSCI THAI,68.2,66.87,70.89,62.12,76.08,58.75,80.6,1.4882352941176453,1.2960526315789456,1.3121693121693108,-2.789999999999992,-0.5190169491525419,1.9079144402978279,-2.945948338602912,0.00936561,0.0003519235593220338,-0.019385053532736812,0.02008890065138088,0.02463453,-0.010032353783783777,-0.04605022707169535,0.0259855195041278,0.0163859,-0.021906459358108095,-0.0392590235242627,-0.00455389519195349,-0.0017294,0.001544,47.0,0.01,0.196,0.09225170068027218,1.0799027966062509,-0.8953993952457066,50.2,0.086682105060913,0.12744703792480755,-0.45073268818727535,0.7056267640368905,0.417,38.0
2026-04-07,WAB,WESTINGHOUSE AIR BRAKE TECHNOLOGIES ,256.05,240.08,265.59,227.8,284.17,220.98,297.25,-1.0389500423370033,-1.004623044096728,1.1747932706016528,-16.909999999999968,-20.95233898305084,-12.485796168440006,-29.418881797661676,0.01499817,0.0015418491186440693,-0.024015750626286338,0.027099448863574474,0.02981174,0.001420187804054071,-0.028707118566661034,0.031547494174769174,0.04499458,0.059185398412162096,0.051393625663958,0.0669771711603662,0.00320975,0.00051253,73.4,0.97,0.413,0.2762857142857142,1.2671680011819135,-0.714596572610485,50.2,0.1726812805694058,0.13724075572083785,-0.19995327304102437,0.47443478448270004,0.356,38.0
2026-04-07,CSX,CSX ,41.42,39.63,42.97,38.33,45.28,34.94,48.47,1.1275167785234883,1.2491909385113253,1.087962962962962,-1.5300000000000011,-1.3076949152542383,-0.05596165089233329,-2.5594281796161433,0.01265769,0.0026045132881355923,-0.01777575650998687,0.02298478308625805,0.03266302,0.0061759605405405475,-0.025484599156609184,0.03783652023769028,0.01461298,0.00378997432432432,-0.004067483410406006,0.011647432059054648,0.00159989,0.00872989,29.8,-0.88,0.242,0.22240476190476177,1.3208833915432583,-0.8760738677337347,42.3,0.49827093605125206,0.16744147148657545,-0.26600321522827963,0.6008861582014305,0.417,38.0
2026-04-07,EIX,EDISON INTERNATIONAL,72.61,70.89,75.63,66.55,83.44,57.17,92.27,1.5351351351351417,1.7871287128712863,1.2733160621761657,-2.989999999999995,-1.384745762711864,1.1250544542418872,-3.894545979665615,-0.00013626,-0.0007124612203389898,-0.02553444732895418,0.0241095248882762,0.05293603,-0.017134389087837845,-0.06513206301885469,0.030863284843178993,0.00848479,-0.02120849020270261,-0.03505296063670971,-0.00736401976869552,-0.00281035,0.00516436,19.8,-1.17,0.405,0.19279591836734694,1.03791979553853,-0.6523279588038362,62.1,0.40989391669840636,0.1511992519146737,-0.1603611772230723,0.4627596810524197,0.417,38.0
2026-04-07,EWW,ISHARES:MSCI MEXICO,75.94,72.86,79.99,68.34,84.12,64.19,89.47,1.7755102040816342,1.076315789473686,1.1514893617021278,-2.710000000000008,-1.4956949152542365,0.8830587117889974,-3.87444854229747,0.01669139,0.004872849457627118,-0.009471889089306813,0.01921758800456105,0.00322829,0.017108193074324325,0.004810251568293667,0.029406134580354983,0.00776234,-0.010397133682432442,-0.024719667048519304,0.003925399683654421,0.00197352,0.00264673,25.6,-0.96,0.275,0.44635034013605474,1.2301448056784576,-0.3374441254063481,41.5,0.19605714697875087,0.19572274126459716,-0.15457131474962182,0.5460167972788161,0.417,38.0
2026-04-07,KEYS,"KEYSIGHT TECHNOLOGIES, INC.",300.61,270.18,305.8,271.02,349.03,240.45,382.27,-2.527065527065535,1.6363636363636331,1.357380319148935,-31.569999999999993,-14.236203389830509,3.6041855267033913,-32.07659230636441,0.00441911,0.006562415694915256,-0.027866112267092204,0.04099094365692271,0.13250127,0.01592084793918919,-0.03631550313709102,0.0681571990154694,0.08763679,0.01144495077702703,-0.0231408255482796,0.046030727102333656,0.00275595,0.00143399,18.7,-1.28,0.504,0.33224489795918366,1.2007593535760828,-0.5362695576577154,49.8,0.3282561348650801,0.12341672521282004,-0.3209058587338109,0.5677393091594509,0.417,38.0
2026-04-07,WEC,"WEC ENERGY GROUP, INC.",116.94,112.5,120.17,111.36,125.75,103.82,134.8,-1.0414364640883953,1.578853046594983,1.3612804878048785,-8.540000000000006,-6.054881355932205,-3.3001644545130877,-8.809598257351322,-0.00183622,0.002549755186440679,-0.009178205753402195,0.014277716126283554,0.02705634,0.004857153547297301,-0.009263229326985426,0.018977536421580028,0.0435454,0.025180540439189193,0.012154243071749577,0.03820683780662881,-0.00079788,0.0007443,71.2,0.64,0.169,0.1930850340136054,1.1252021311891305,-0.7390320631619196,55.4,0.1891450217333539,0.2616674741851004,-0.12248755491587221,0.6458225032860729,0.393,37.0
2026-04-07,EIS,ISHARES:MSCI ISRAEL,118.37,110.02,122.48,106.48,125.26,106.74,139.6,-1.4288617886178858,-1.7256894049346878,1.8254514187446236,-14.379999999999995,-6.9927457627118645,-2.757470640560576,-11.228020884863152,-0.01082941,0.0046214457966101685,-0.011838339425666238,0.021081231018886575,-0.01140436,0.01648219753378381,-0.005743384040744849,0.03870777910831247,0.07243927,0.03789414334459452,0.010362860945973874,0.06542542574321517,0.00230151,-0.00855977,80.2,1.3,-0.512,0.4319897959183672,1.3094675048023903,-0.4454879129656559,12.9,,,,,0.405,37.0
2026-04-07,FCX,FREEPORT-MCMORAN INC.,60.76,55.55,65.07,52.42,69.09,46.67,79.1,1.1768867924528321,-1.0012004801920757,1.3016323633782825,-5.059999999999995,-2.8916271186440667,0.5541295239641131,-6.337383761252246,0.00540297,0.0022125307457627084,-0.03823965390463557,0.042664715396160985,0.02357793,-0.006490397432432462,-0.07142540639198847,0.05844461152712355,0.02467482,-0.003731390540540564,-0.027948015752328983,0.020485234671247854,0.00484007,-0.00831627,60.1,0.67,0.009,0.3611122448979589,1.3219395926229496,-0.5997151028270318,38.7,0.34846903553405917,0.037519168774580725,-0.24918959924127593,0.3242279367904374,0.393,37.0
2026-04-07,TSLA,"TESLA, INC.",346.65,339.7,381.32,320.9,381.73,291.22,520.6,1.9293405114401143,1.3623300970873802,3.1381923146310697,-87.02000000000004,-48.658135593220365,-20.088968083010176,-77.22730310343056,-0.04386364,-0.006109452406779658,-0.05402053050183397,0.04180162568827465,-0.05488338,-0.014733699932432454,-0.07274715985634161,0.04327975999147671,0.095552,0.053645386554054195,0.026705017160169108,0.08058575594793928,-0.00572367,0.00426688,93.1,1.72,-1.198,-0.034074829931972854,0.9283255755419936,-0.9964752354059393,1.8,0.46220257198018433,0.023773967147255305,-0.22839247306770896,0.2759404073622196,0.3725,36.0
2026-04-07,URNM,SPROTT URANIUM MINERS,61.69,57.69,66.86,53.9,72.27,48.6,86.84,1.3750000000000029,1.3581514762516045,1.9213139801375105,-6.769999999999996,-4.0299661016949155,-0.13537605504044725,-7.924556148349383,-0.02234955,0.00491726644067797,-0.0335050268677575,0.04333955974911344,0.01140329,0.018244299087837836,-0.03192159522027957,0.06841019339595523,0.0105217,0.0055906714189189145,-0.0036896425620995517,0.014870985399937382,0.00302556,-0.01590389,12.9,-1.64,-0.525,0.18219047619047624,1.1648697858897474,-0.8004888335087951,18.1,0.3213829598167499,-0.01584657667516703,-0.26594421184975575,0.23425105849942168,0.34,36.0
2026-04-07,GPC,GENUINE PARTS COMPANY,103.84,98.01,109.44,86.71,116.23,85.8,126.14,-1.0164533820840957,-1.3825665859564171,1.2361419068736137,-4.670000000000002,-1.3923050847457603,5.3140468216934815,-8.098656991185003,-0.0158873,-0.005122023694915255,-0.03059112958453173,0.020347082194701223,-0.0737158,-0.006456645844594598,-0.03741225757444771,0.02449896588525851,-0.0296475,-0.03631379030405422,-0.05319389679686885,-0.01943368381123958,0.00410906,-0.00179795,34.7,-0.54,-0.862,-0.05946938775510194,0.9330084525843241,-1.051947228094528,27.6,0.275543869766133,0.12101425876607942,-0.21063494180894143,0.45266345934110025,0.34,36.0
2026-04-07,PM,PHILIP MORRIS INTERNATIONAL INC.,157.49,149.43,165.29,142.84,177.09,134.88,209.27,-1.6416083916083946,1.3378839590443676,2.2901371074745676,-24.859999999999985,-17.450745762711854,-10.442343799253848,-24.45914772616986,-0.0354188,0.003393735186440679,-0.021611884238784212,0.028399354611665567,-0.00022576,0.013898352466216218,-0.022133373822686802,0.049930078755119234,0.06192033,0.06234877935810808,0.05539780240691577,0.06929975630930038,-0.00266591,0.00211655,37.5,-0.42,-1.081,0.24488435374149664,1.1996277051854187,-0.7098589977024254,6.9,0.09774184258236085,0.08083877412746057,-0.24845274153404454,0.4101302897889657,0.3135,35.0
2026-04-07,SW,SMURFIT WESTROCK PUBLIC LIMITED COMPANY,39.23,36.74,42.06,34.39,44.9,32.34,49.85,1.1652542372881358,1.1714876033057864,1.5413642960812792,-2.980000000000004,-2.8750508474576257,-0.2619409282642722,-5.48816076665098,-0.01153753,-0.00884828155932204,-0.04318361299057569,0.025487049871931608,-0.00801457,-0.009757927499999968,-0.05137498937080821,0.031859134370808284,-0.01013539,-0.0010405364864864894,-0.014148984206604208,0.012067911233631228,0.00351172,-0.01597465,58.7,0.59,-0.525,-0.18139115646258483,0.7802812314263516,-1.1430635443515214,34.3,0.15944965202980432,0.028419982496211808,-0.33112592431324406,0.38796588930566767,0.327,35.0
2026-04-07,TECK,TECK RESOURCES LIMITED,52.54,48.51,55.78,43.84,59.84,39.73,67.0,-1.0,-1.191780821917807,1.1288056206088992,-2.8000000000000043,-2.4091525423728806,0.45272216319918135,-5.271027247944943,0.00065011,-0.001584563661016946,-0.041263099402463276,0.03809397208042938,-0.01433071,0.000327124729729726,-0.054672492817338506,0.05532674227679796,0.00489984,-0.009659426959459502,-0.0340493230789786,0.014730469160059599,0.00387943,-0.00654305,64.9,0.7,0.192,0.11992517006802716,1.0170499751442645,-0.7771996350082102,45.4,0.3080978880817762,0.010741494581229487,-0.2935989628731271,0.31508195203558603,0.327,35.0
2026-04-07,DHT,"DHT HOLDINGS, INC.",17.59,17.78,19.31,17.14,21.71,14.92,24.26,58.6666666666645,9.155555555555573,2.4981273408239706,-2.9499999999999993,-0.9278644067796609,-0.05617327815162787,-1.799555535407694,0.01257073,0.008570717966101694,-0.018416804089428106,0.03555824002163149,0.12023151,0.01786431371621622,-0.020241019186462064,0.0559696466188945,0.07580185,0.025881872162162225,-0.0004100798580643737,0.05217382418238882,-0.00629831,-0.00509478,65.1,0.75,-0.521,0.30374149659863947,1.4100306822546593,-0.8025476890573805,19.2,0.17536121351633605,0.2369692407014657,-0.18670133792604404,0.6606398193289754,0.36375,35.0
2026-04-07,EME,"EMCOR GROUP, INC.",750.42,711.29,789.9,672.13,846.43,628.86,963.59,1.4840865690642921,1.2263379741984932,1.7536196117143812,-113.43000000000006,-111.29108474576272,-69.2753926556338,-153.30677683589164,0.00426465,0.0017568513898305056,-0.0305180733270499,0.03403177610671091,0.02734802,0.01638793483108113,-0.03767286999392638,0.07044873965608864,0.09454094,0.11277933652027025,0.10010430173384367,0.12545437130669682,6.274e-05,-0.00181843,55.2,0.49,0.349,0.4125408163265307,1.389237458633059,-0.5641558259799975,41.9,0.33546425423092563,0.05797172100366156,-0.25206230386275896,0.36800574587008206,0.327,35.0
2026-04-07,EWJ,ISHARES:MSCI JAPAN,85.51,81.57,88.51,77.0,92.29,75.11,97.62,-1.0644257703081286,-1.255162241887906,1.1644230769230763,-3.049999999999997,-1.9872881355932215,0.22128454852863833,-4.195860819715081,-0.00278421,0.0020740076610169496,-0.014437698916915293,0.01858571423894919,-0.0059213,0.002098236756756759,-0.02453956196441016,0.028736035477923676,0.0024647,-0.002671827635135125,-0.011140096227407833,0.005796440957137583,-0.00025462,-0.00733687,45.8,0.33,-0.055,0.2843163265306125,1.0197969118657317,-0.4511642588045068,35.5,0.7622758341090892,0.17833325183452267,-0.4416434354649107,0.798309939133956,0.327,35.0
2026-04-07,T,AT&T INC.,28.04,27.61,29.7,26.08,32.1,24.88,34.01,2.428571428571434,2.0714285714285716,1.8892405063291136,-3.289999999999999,-2.624474576271186,-1.6726144325552235,-3.5763347199871487,0.00924318,0.0013993827118644058,-0.020372157179305322,0.023170922603034133,0.03378461,0.011718025472972987,-0.013726238515156163,0.03716228946110214,0.05847519,0.05500866077702693,0.03833933820308667,0.07167798335096719,-0.00194514,0.00155044,23.0,-1.16,0.233,0.11685374149659848,1.1766135872889705,-0.9429061042957736,63.7,0.4564775203073075,0.18302842266145758,-0.24205573546114023,0.6081125807840554,0.318,34.0
2026-04-07,VAL,VALARIS LIMITED,99.7,93.39,106.61,88.23,133.01,71.79,135.8,1.063122923588039,2.9040976460331294,1.2934432103188827,-7.340000000000003,-0.7208813559322024,4.690133415182606,-6.1318961270470105,0.02476155,0.009071106135593227,-0.04695821138197597,0.06510042365316243,0.17394377,0.01494696317567567,-0.06543078981347245,0.0953247161648238,0.02449266,-0.05151469706081099,-0.08769700319243473,-0.015332390929187256,-0.00013313,-0.00114156,43.7,-0.61,0.708,0.24836054421768697,1.1591565539095894,-0.6624354654742155,58.9,0.18444796070755087,0.03316204719911788,-0.26822624602413897,0.3345503404223747,0.392,34.0
2026-04-07,AEE,AMEREN ,111.33,106.28,114.73,105.91,119.34,100.44,127.43,-1.1246819338422376,1.4778597785977865,1.478420569329661,-9.570000000000007,-6.325830508474572,-3.700072975068995,-8.951588041880148,-0.00411497,0.002403977254237288,-0.008874235067759719,0.013682189576234294,0.02412658,0.010685688074324323,-0.006086076311266751,0.027457452459915398,0.0508456,0.030159506554054093,0.016980802698038963,0.043338210410069224,-0.00046457,0.00312154,38.1,-0.75,-0.03,0.21279931972789115,1.0439819328652136,-0.6183832934094313,49.8,0.144707171942289,0.2373691423151813,-0.09051010440080426,0.5652483890311668,0.392,34.0
2026-04-07,CB,CHUBB LTD,327.4,317.79,333.08,309.73,353.37,293.3,381.25,-1.5026642984014185,1.4697226938313575,1.5791788856305007,-17.53000000000003,-17.42047457627118,-10.161391658434734,-24.679557494107623,-0.00720072,0.002446991355932201,-0.01290110862746915,0.017795091339333553,0.02918304,0.007116393513513514,-0.012215096430842981,0.02644788345787001,0.02969629,0.02890256996621619,0.022410766079239697,0.03539437385319268,-0.00078221,0.00104244,29.2,-0.98,0.141,0.19468707482993203,0.9739525669469533,-0.5845784172870891,54.2,0.6074032552427486,0.09667448153812663,-0.18800662464133355,0.3813555877175868,0.318,34.0
2026-04-07,CNP,"CENTERPOINT ENERGY, INC.",43.6,41.57,44.93,41.55,47.04,39.0,50.52,-1.2465753424657529,1.6780487804878004,1.5043478260869565,-3.960000000000001,-2.5782033898305103,-1.5591008972103317,-3.597305882450689,-0.0037788,0.004008101728813557,-0.006790361960159517,0.014806565417786632,0.03567192,0.015356165743243248,0.003180251232640806,0.027532080253845688,0.05550206,0.03725669506756763,0.02609185176660797,0.04842153836852729,0.00010532,0.00340824,20.4,-1.15,-0.006,0.28047959183673477,1.1116857908727344,-0.5507266071992649,43.1,0.4230335945692205,0.36172982261168923,-0.02153008819953478,0.7449897334229132,0.392,34.0
2026-04-07,EVRG,"EVERGY, INC.",82.84,79.63,84.45,78.42,88.91,72.97,97.53,-1.4947368421052716,1.3733031674208125,1.4883485309017215,-6.829999999999998,-4.571728813559322,-2.4186455803328477,-6.724812046785797,-0.00546928,0.0033705926101694917,-0.009203999877450636,0.015945185097789617,0.02547392,0.00734024564189189,-0.00559031015599058,0.02027080143977436,0.05553103,0.03258588564189182,0.015441006501569703,0.049730764782213936,-0.0004154,0.00581615,19.8,-1.2,-0.139,0.350840136054422,1.2895504732848106,-0.5878702011759666,39.1,0.34692703644533385,0.23098642473549386,-0.1516566950210253,0.613629544492013,0.392,34.0
2026-04-07,PLTR,PALANTIR TECHNOLOGIES INC.,150.07,134.4,154.31,123.89,160.27,122.21,215.2,-2.8264299802761346,-2.5666666666666615,2.3377602297200286,-41.45000000000002,-54.49681355932206,-39.09048218956873,-69.90314492907538,-0.01726345,0.00561418837288135,-0.04729103303466225,0.05851940978042495,-0.0557785,0.027547127837837786,-0.025743721027183333,0.0808379767028589,0.20317944,0.2599065980743233,0.23241504000174248,0.2873981561469041,0.0015822,0.00312861,69.8,0.76,-0.318,0.27257823129251707,1.2142222255640853,-0.6690657629790513,23.6,0.44585033523293927,0.06118301366796091,-0.2736093454894853,0.3959753728254071,0.294,33.0
2026-04-07,SWKS,"SKYWORKS SOLUTIONS, INC.",55.06,50.7,57.16,49.26,57.28,41.89,65.18,-1.3892857142857158,-2.6126126126126157,-1.3013833992094856,3.0700000000000003,0.036372881355931905,5.0669416875196855,-4.994195924807821,-0.0038518,-0.010915858644067796,-0.05410695331914925,0.03227523603101365,-0.0456251,-0.03428640027027039,-0.09091072523757747,0.022337924697036687,-0.09970664,-0.07651329986486488,-0.09074652895483844,-0.062280070774891325,0.00277859,0.00552167,68.1,0.74,-0.083,-0.21076870748299323,0.7606002576675864,-1.1821376726335728,50.2,0.8217967061586064,0.2193545265233441,-0.30365523858912347,0.7423642916358116,0.3035,33.0
2026-04-07,EG,"EVEREST GROUP, LTD.",327.38,313.55,341.47,301.58,344.59,286.48,361.94,1.0651667959658675,-1.4991284137129601,-1.1834490740740733,-2.579999999999984,-9.125694915254225,0.2991769838630276,-18.55056681437148,0.00744552,-0.005404684644067794,-0.02350346049461241,0.012694091206476821,-0.02327576,-0.015838949864864848,-0.04152160119422685,0.009843701464497152,-0.02580133,-0.017056299695945906,-0.024119363554770495,-0.009993235837121316,0.00071124,0.00096952,69.2,0.65,-0.097,-0.07302380952380955,0.6870561459284563,-0.8331037649760753,54.8,0.7320468258748771,0.1375172824770876,-0.1705746324509918,0.445609197405167,0.3035,33.0
2026-04-07,REG,REGENCY CENTERS ,77.33,73.56,79.29,72.85,82.02,67.65,89.09,-1.5747663551401887,1.0468749999999987,1.2148760330578527,-3.4200000000000017,-3.632440677966101,-1.7778720933420755,-5.487009262590126,0.00285336,4.2786983050847424e-05,-0.012106148259284332,0.012191722225386026,0.02249544,-0.0055556467905405445,-0.02008203239690391,0.008970738815822821,0.02532757,0.017138217635135067,0.010295106389690546,0.023981328880579588,0.00086296,0.00205493,56.9,0.33,-0.36,0.009591836734693843,0.7523600356630521,-0.7331763621936643,33.9,0.5447751291488958,0.2568045448234586,-0.10872676582638946,0.6223358554733067,0.356,32.0
2026-04-07,STX,SEAGATE TECHNOLOGY HOLDINGS,468.72,379.09,471.76,366.97,528.44,320.07,615.55,-2.6941930618401244,-1.703784326858673,-1.0123952870666766,-60.129999999999995,-40.641966101694905,1.041872544530591,-82.3258047479204,0.03541283,0.02348534650847455,-0.025409445417214904,0.07238013843416401,0.07937995,0.0618822315202703,-0.011758976465849093,0.1355234395063897,0.15959421,0.08231909743243239,0.0299575747880167,0.13468062007684808,0.0050843,-0.00244684,65.7,1.01,1.018,0.70815306122449,1.8873132964984534,-0.47100717404947345,61.3,0.31303320787572053,0.028518316434538518,-0.2667430548565406,0.3237796877256176,0.3405,32.0
2026-04-07,XLI,SEL SECTOR:INDUST SPDR,164.28,156.03,168.32,148.86,176.56,141.8,196.16,-1.4591194968553445,-1.2557003257328978,1.4181494661921712,-7.909999999999997,-6.176813559322034,-2.3177346780266035,-10.035892440617465,-0.00939797,0.000568222440677966,-0.01502299470677081,0.016159439588126743,-0.00221674,0.0007017787837837973,-0.025237381787891762,0.02664093935545936,0.0162749,0.015338673243243223,0.006710522789453548,0.0239668236970329,0.00151097,-0.00674288,79.4,1.28,-0.698,0.274221088435374,1.2408008165221465,-0.6923586396513983,9.7,0.6195786722581049,0.20621706142733426,-0.1236653979438066,0.5360995207984751,0.2835,32.0
2026-04-07,ANET,"ARISTA NETWORKS, INC.",133.64,113.87,130.65,110.59,139.77,98.41,178.27,-15.672727272726931,-3.7601957585644197,1.2668180527959136,-13.120000000000005,-23.008305084745768,-13.171206839867056,-32.84540332962448,-0.02266199,-0.0030394414576271215,-0.045592509329094,0.03951362641383976,-0.01529529,0.0010565203378378374,-0.07067323815271852,0.07278627882839418,0.07981959,0.10777423739864864,0.08811899808729155,0.1274294767100057,0.01218495,0.00373134,54.6,0.17,-0.177,0.07708503401360546,1.0077235664572015,-0.8535534984299905,29.2,0.3467929420757554,-0.020319892221655415,-0.3048550929997484,0.26421530855643754,0.283,32.0
2026-04-07,DPZ,"DOMINO'S PIZZA, INC.",368.15,337.74,381.18,329.75,395.91,307.08,431.1,-1.3142857142857098,-1.3832853025936567,1.030784345832652,0.8100000000000023,-21.535728813559352,-5.059583305262773,-38.01187432185593,-0.02022045,-0.004521091559322033,-0.02226920130443584,0.013227018185791773,-0.03047784,-0.012395411418918919,-0.026092840982220127,0.0013020181443822894,-0.05139445,0.002780647871621624,-0.017033566339735684,0.02259486208297893,0.00449218,0.00666496,77.4,1.24,-1.249,-0.2203265306122449,0.5685990200027533,-1.0092520812272432,12.1,0.1670390683031091,0.2151293354729701,-0.07350300423278575,0.5037616751787259,0.283,32.0
2026-04-07,IVZ,INVESCO LTD.,22.77,22.57,25.31,20.58,25.35,19.12,30.24,2.532608695652181,1.178082191780822,2.046575342465754,-2.879999999999999,-1.5033220338983062,-0.23392940983092703,-2.772714657965685,-0.0077795,0.0010862178305084732,-0.036014158046061354,0.038186593707078303,-0.04763314,0.010271235304054051,-0.04465802131924514,0.06520049192735325,0.02093014,0.01087286320945946,-0.017715195759017307,0.03946092217793623,-0.00701081,-0.01639222,57.9,-0.02,-0.489,0.22642517006802693,1.265876524848398,-0.8130261847123443,21.2,0.5659954820444562,0.07075524952821546,-0.3773512181669284,0.5188617172233593,0.28875,32.0
2026-04-07,LW,"LAMB WESTON HOLDINGS, INC.",40.58,36.53,43.03,34.88,45.8,29.86,51.15,-1.8317757009345796,-1.0919540229885052,-1.0141911069063385,0.8399999999999963,2.111627118644065,5.488105287753552,-1.2648510504654218,-0.01169527,-0.008121447694915252,-0.04695137885228522,0.030708483462454708,-0.00850028,-0.01602436520270269,-0.0558731712411369,0.023824440835731524,-0.11684809,-0.1075546415878377,-0.123801049295373,-0.0913082338803024,0.00707935,0.00403616,90.7,1.87,-0.866,-0.21589795918367344,0.8262067779073223,-1.258002696274669,28.4,-0.17303500523714,0.2062614337919448,-0.31882220294276153,0.7313450705266512,0.28375,32.0
2026-04-07,OKE,"ONEOK, INC.",90.63,83.22,96.24,83.74,101.71,72.19,112.59,-1.4653465346534604,1.608127721335268,1.1908893709327555,-8.77000000000001,-7.821966101694918,-3.317695467682653,-12.326236735707184,0.01033674,-0.005858216983050846,-0.03245248437295343,0.02073605040685174,0.04927457,-0.017860205202702723,-0.052819679948798645,0.017099269543393195,0.03108322,0.03888266381756766,0.02383901751131296,0.05392631012382235,0.00146711,0.01515625,36.1,-0.65,0.7,-0.12945578231292532,0.6850065414797187,-0.9439181061055694,82.7,0.15408072119708227,0.1314849166773551,-0.24455325519884183,0.507523088553552,0.285,31.0
2026-04-07,PLD,"PROLOGIS, INC.",133.22,128.47,136.76,119.37,144.87,113.93,156.37,-1.2808988764044942,-1.1888412017167371,1.200103680663557,-2.1899999999999977,0.14322033898305442,4.354659103216844,-4.068218425250735,-0.00216119,0.001053241966101696,-0.021026019831965823,0.023132503764169213,-0.00665662,-0.006482709121621613,-0.033544408209275976,0.02057898996603275,-0.00640131,-0.03839024689189187,-0.053441478396930614,-0.02333901538685312,-0.00071276,0.0012931,38.5,-0.6,-0.308,0.14774149659863953,0.9519794063876398,-0.6564964131903607,26.0,0.42748472037605567,0.17569128570553114,-0.16353708385853324,0.5149196552695955,0.34,31.0
2026-04-07,BDX,"BECTON, DICKINSON AND COMPANY",154.96,150.49,159.38,142.22,170.06,131.41,192.6,-1.1514360313315966,1.1852433281004697,1.5983014861995741,-3.780000000000001,-2.533491525423726,5.224422472844099,-10.29140552369155,-0.01180319,-0.006142389728813549,-0.03224654550323516,0.019961766045608068,0.00344104,-0.015187714797297282,-0.04586118483088503,0.015485755236290467,-0.01528146,-0.03292894530405405,-0.04982384754265934,-0.016034043065448752,0.00013963,-0.00822712,33.5,-0.44,-1.314,-0.15898979591836732,0.8046585704253704,-1.122638162262105,13.7,0.842717814719119,0.13621927587276003,-0.28675829737048275,0.5591968491160029,0.34,31.0
2026-04-07,GDXJ,VANECK:JR GOLD MINERS,122.91,107.26,131.88,98.48,146.07,100.98,183.66,-1.4015984015984029,-1.0548359240069083,2.7701778385772924,-36.170000000000016,-16.580983050847454,-1.8462785618777797,-31.315687539817127,-0.02519678,0.01240847389830508,-0.020836567083854923,0.04565351488046508,0.00899389,0.04798070851351348,0.020619993185753662,0.07534142384127329,0.17052818,0.10248339216216226,0.050230277395958985,0.15473650692836555,0.00837192,0.00033387,72.2,1.0,-0.59,0.6107925170068033,1.5288506143592868,-0.3072655803456803,9.5,0.24382638035789794,0.042194518600222115,-0.2153184116592773,0.2997074488597215,0.3225,31.0
2026-04-07,HSIC,"HENRY SCHEIN, INC.",73.85,70.28,77.34,68.13,81.34,64.02,88.52,1.1826625386996965,1.3094405594405614,1.4923702950152598,-3.780000000000001,-1.69084745762712,0.9806133826004455,-4.362308297854685,0.00360125,0.00036109328813559215,-0.02221777999326668,0.022939966569537864,0.01836055,0.0005430710810810788,-0.03305231734530043,0.03413845950746259,0.00963633,-0.020608188074324418,-0.03732420138904821,-0.0038921747596006237,0.00235421,-0.00452458,32.3,-1.21,-0.907,-0.03631632653061226,0.8665272842917948,-0.9391599373530193,16.5,0.9289607294746396,0.27556962008239916,-0.14046073886638588,0.6915999790311842,0.34,31.0
2026-04-07,MDT,MEDTRONIC PUBLIC LIMITED COMPANY,86.42,83.6,88.17,78.48,91.88,74.0,108.08,-1.447368421052638,-1.4542124542124555,1.7439613526570044,-3.7099999999999937,-2.684237288135593,0.33389363964807695,-5.702368215919263,-0.00711631,-0.0024470282033898305,-0.021406326204637727,0.016512269797858067,-0.03137339,0.0032643103040540596,-0.018012572155274367,0.024541192763382486,0.01051142,-0.008056657364864873,-0.02292549190418755,0.006812177174457807,0.00083408,-0.00763475,9.7,-2.07,-1.286,-0.04217346938775514,0.9931524477941747,-1.077499386569685,15.3,0.4062936885183397,0.12016369816149478,-0.2037398727094826,0.4440672690324722,0.34,31.0
2026-04-07,SILJ,ETFMG PRIME JR SILVR MNR,30.6,26.39,32.67,24.4,36.69,24.45,47.15,-1.533333333333334,-1.0180623973727432,2.6910569105691042,-8.949999999999996,-3.767627118644068,0.4234101837442541,-7.95866442103239,-0.0321893,0.013639345491525436,-0.025478378528461777,0.05275706951151265,0.01895836,0.044931444020270314,-0.0037446988648335774,0.09360758690537421,0.1647738,0.07979503347972976,0.014929539482537446,0.14466052747692207,0.00969225,-0.00088351,51.4,0.05,-0.631,0.6051224489795916,1.520130577763187,-0.30988567980400405,6.2,0.3178797074983193,0.09117242249575847,-0.24107857494301344,0.42342341993453037,0.3135,30.0
2026-04-07,ATO,ATMOS ENERGY ,188.7,180.4,192.1,178.62,200.74,169.63,217.22,-1.6334106728538256,1.1944444444444484,1.4955427372836927,-16.380000000000024,-13.260542372881359,-8.718111832406894,-17.802972913355823,-0.00229243,0.004186330169491524,-0.007305277212295929,0.015677937551278977,0.02196173,0.009395177500000013,-0.0007247767158381976,0.019515131715838224,0.06609006,0.047760567027026996,0.03399144639998998,0.06152968765406401,-0.00041878,0.00323312,80.4,1.22,0.367,0.34023129251700673,1.2126830187348965,-0.5322204337008831,56.9,0.09424088030584588,0.12901836358794805,-0.09075790299213271,0.3487946301680288,0.327,30.0
2026-04-07,CMRE,COSTAMARE INC.,17.25,16.43,17.95,16.04,18.6,13.54,22.21,1.4920634920634965,1.1157024793388433,1.3369272237196765,-1.0199999999999996,-0.7353898305084746,-0.03713805299968165,-1.4336416080172676,0.01916546,0.003729457322033894,-0.02747270641122234,0.03493162105529013,0.01831621,-0.004618645574324321,-0.06808444154949478,0.05884715040084614,0.03465498,0.010424301283783766,-0.01212136758078707,0.0329699701483546,0.00369752,-0.00135155,49.6,0.21,0.112,0.2976700680272107,1.4416796818746742,-0.846339545820253,35.5,0.4044948184395256,0.24290165938697073,-0.4252632136462746,0.9110665324202161,0.327,30.0
2026-04-07,CMS,CMS ENERGY ,78.59,75.17,80.58,74.02,83.85,68.43,90.06,-1.2649572649572665,1.150984682713344,1.128937007874016,-4.409999999999997,-3.6881355932203372,-1.9712515756317084,-5.405019610808966,-0.00121925,0.0011328195932203378,-0.011342533148499308,0.013608172334939984,0.0167214,0.0021668236824324313,-0.008377602522230453,0.012711249887095316,0.03042566,0.0191842803378378,0.009760113344718574,0.028608447330957028,-0.0002943,0.00325604,62.7,0.75,0.268,0.16474149659863943,1.0295559440444852,-0.7000729508472063,64.1,0.27632232265568923,0.2559667125352201,-0.18384541527431958,0.6957788403447598,0.327,30.0
2026-04-07,D,"DOMINION ENERGY, INC.",62.69,59.53,64.12,58.7,67.89,54.65,72.23,-1.751515151515146,1.303258145363411,1.1865671641791053,-4.0,-2.4926101694915235,-0.8441640962580641,-4.141056242724983,-0.01267609,0.0002128151186440676,-0.01293553202248564,0.013361162259773776,0.02531315,0.004667628851351351,-0.013015120487275662,0.022350378189978364,0.02814586,0.006333649527027012,-0.013419709003996142,0.026087008058050167,0.00013615,0.0032317,68.1,0.55,-0.135,0.10364285714285706,0.8241771334578079,-0.6168914191720938,37.9,0.4447419511843762,0.14498331456264046,-0.37400741729980713,0.6639740464250881,0.327,30.0
2026-04-07,EDV,VANGUARD EXT DUR T;ETF,64.53,62.98,65.92,60.34,68.77,58.2,72.56,-1.5948275862069026,1.011933174224343,1.2685624012638237,-1.3299999999999983,-0.5010508474576273,1.0290698340988418,-2.0311715290140966,-0.00678985,-0.0012858800338983042,-0.013009456781263338,0.01043769671346673,-0.00357303,-0.006487014527027016,-0.017048748013453126,0.004074718959399094,-0.00846872,-0.022550043108108098,-0.037061100966872894,-0.008038985249343303,-0.00064644,0.00019905,79.6,1.25,-0.952,-0.11392517006802726,0.6448521883880634,-0.8727025285241179,16.5,-0.4164092036458992,-0.03823133912405717,-0.29310441579698376,0.2166417375488694,0.27125,30.0
2026-04-07,FXB,INVESCO:GBP STERLING,127.68,125.47,129.19,123.1,131.88,120.68,136.36,-1.2974683544304,-1.0904761904761964,1.2400000000000009,-2.7099999999999795,-2.4461016949152508,-0.9249463237935638,-3.9672570660369377,-0.00052063,0.0010679261355932203,-0.0036240857199554763,0.0057599379911419165,-0.00062172,0.005130576216216219,-0.005223859255508238,0.015485011687940677,0.00608479,0.0028419215878378286,-0.0003378071077481202,0.006021650283423777,0.00072074,-0.00026122,71.8,0.93,-0.552,0.04069047619047615,0.9306796674300786,-0.8492987150491262,31.0,0.18750057254491903,0.31025154136014815,-0.02667686009477066,0.647179942815067,0.327,30.0
2026-04-07,NI,NISOURCE INC.,47.65,44.86,48.77,45.15,51.04,42.33,55.28,-2.039682539682543,1.3560000000000003,1.4342105263157898,-4.990000000000002,-4.047728813559323,-2.7938011361850172,-5.301656490933629,-0.00849827,0.00020711894915254227,-0.015220573978893598,0.015634811877198684,0.03772115,0.0005597547297297295,-0.018261433876839674,0.019380943336299136,0.0704034,0.05606876564189186,0.04485705081715932,0.0672804804666244,-0.0008782,0.00468472,37.5,-0.52,0.184,0.2630170068027211,1.0022584659102072,-0.47622445230476507,52.2,0.27964984636273416,0.2963699155253043,-0.2080867156001745,0.8008265466507831,0.318,29.0
2026-04-07,TUR,ISHARES:MSCI TURKEY,38.82,37.65,39.66,35.21,41.96,33.55,44.91,-1.1224489795918418,-1.14968152866242,1.1555977229601504,-1.1799999999999997,-1.1082033898305095,0.12838307335791233,-2.3447898530189315,-0.00403699,-5.4876779661017484e-05,-0.020545554383155234,0.020435800823833197,2.779e-05,0.00096027777027028,-0.02479982692974837,0.02672038247028893,0.00946797,-0.0030095786824324297,-0.014611539863795587,0.008592382498930726,0.00081285,-0.00913042,2.2,-3.1,-0.013,0.17661564625850334,1.2061737236408163,-0.8529424311238096,44.2,0.5709039685756039,0.6897291239107477,-0.05179716159401104,1.4312554094155066,0.318,29.0
2026-04-07,VZ,VERIZON COMMUNICATIONS INC.,48.62,47.76,51.04,45.27,57.39,44.17,57.25,1.6260162601626058,2.6179104477611994,1.9393258426966316,-4.289999999999999,-2.3049491525423726,-1.0451746151108352,-3.56472368997391,-0.01637448,0.004170058033898304,-0.016887589114845867,0.025227705182642477,0.05511867,0.009885154527027016,-0.019091628421412606,0.03886193747546664,0.01901169,0.02112097354729731,0.011715234628138236,0.030526712466456385,-0.0032102,-0.00226699,24.8,-1.25,-0.94,0.12628571428571425,0.9797710960751905,-0.7271996675037621,10.1,1.1348748057145133,0.08392235400679084,-0.4072131159848865,0.5750578239984682,0.27375,29.0
2026-04-07,ADI,"ANALOG DEVICES, INC.",327.41,305.27,333.22,293.72,358.71,264.6,415.31,-2.198317307692312,-1.07635782747604,1.3994586849227826,-21.5,-16.39047457627118,-1.8537238546443273,-30.927225297898033,0.00643133,0.0034463845084745743,-0.028878281269983114,0.03577105028693226,0.04085598,0.010603781114864867,-0.029873296145712,0.05108085837544173,0.05218867,0.014129109459459444,-0.00480511568090565,0.03306333459982454,0.00222515,-0.00932165,33.1,-0.7,0.229,0.2557993197278913,1.2886748564048656,-0.7770762169490829,45.8,0.41989887950294724,0.10320290223106997,-0.2863191538978521,0.4927249583599921,0.318,29.0
2026-04-07,AWK,"AMERICAN WATER WORKS COMPANY, INC.",135.37,133.38,141.01,128.45,146.2,119.54,159.2,2.6852791878172564,1.5650289017340981,1.5053695514845222,-8.949999999999989,-5.8101016949152555,-2.079482435643391,-9.540720954187119,-0.00541753,0.0013599215932203353,-0.014929933025973978,0.017649776212414647,4.9e-05,-0.00915066189189188,-0.03636447756742774,0.01806315378364398,0.01791331,0.0022789701013513413,-0.006879755907863335,0.011437696110566019,-0.00210399,0.00638496,36.7,-0.45,-0.297,0.007914965986394623,0.7188869653441881,-0.7030570333713988,32.3,0.22194603272606672,-0.03297910040015412,-0.30482405967064996,0.23886585887034173,0.318,29.0
2026-04-07,BF.B,BROWN-FORMAN ,26.55,24.94,29.7,23.62,30.4,20.05,31.29,2.3550724637681175,1.3139931740614328,-1.3713080168776375,0.620000000000001,0.8211186440677966,2.3711688197396024,-0.7289315316040094,0.0597794,-0.005919142271186443,-0.04001776373452523,0.028179479192152343,0.00882808,-0.015914112297297323,-0.050557825720250416,0.018729601125655766,-0.0930887,-0.08634154402027049,-0.10010886219043927,-0.0725742258501017,0.00747758,0.00411223,55.8,0.38,0.425,-0.1488435374149661,0.783533279294315,-1.0812203541242473,72.4,-0.0653538963923116,0.1632207195597986,-0.25440868931655836,0.5808501284361556,0.27,29.0
2026-04-07,BTI,BRITISH AMERICAN TOBACCO P.L.C.,58.8,55.66,59.79,54.59,62.38,51.53,72.22,-3.3928571428571224,-1.1759776536312814,1.845942228335627,-7.019999999999996,-4.713525423728812,-2.1968160037473274,-7.230234843710296,-0.01500832,0.005930469355932211,-0.01300526253167008,0.024866201243534503,0.00915563,0.02066544864864861,0.0021952675866242916,0.03913562971067293,0.08557497,0.05575186033783789,0.031054808011926314,0.08044891266374947,-0.00273842,0.01850558,3.0,-2.64,0.079,0.4668163265306127,1.5978050873370222,-0.6641724342757969,36.7,0.05181177099334211,0.15194314647837048,-0.279882958961243,0.583769251917984,0.318,29.0
2026-04-07,FTI,TECHNIPFMC PLC,73.21,68.0,74.3,68.04,80.74,58.95,87.89,-2.2736842105263055,1.4564796905222475,1.029453015427771,-6.390000000000001,-4.667423728813556,-1.6806702971858662,-7.654177160441245,0.03498112,0.010074933254237283,-0.02558200746337267,0.04573187397184724,0.09319687,0.02703185297297297,-0.013635104389555366,0.0676988103355013,0.09462507,0.06383334222972974,0.043007867961410914,0.08465881649804856,0.00337995,-0.00547383,66.5,0.91,1.461,0.6388401360544221,1.725548943590633,-0.44786867148178866,71.2,0.37276251831868445,0.2215969947505268,-0.16789140862201007,0.6110853981230637,0.30225,29.0
2026-04-07,KLAC,KLA ,1548.85,1407.21,1593.73,1328.09,1727.16,1208.6,1999.0,-1.717983446200147,-1.2380685323313319,1.3229977957384278,-205.10000000000014,-156.01945762711856,-60.40500526919925,-251.63390998503786,0.01018608,0.009319755559322034,-0.019497158808333477,0.03813666992697755,0.03033674,0.031161474222972933,-0.013475783739769556,0.07579873218571542,0.10735747,0.08386298199324319,0.06650398263173704,0.10122198135474933,0.0027696,-0.01221822,50.6,-0.26,0.552,0.4362176870748303,1.2500684378889924,-0.37763306373933175,54.6,0.44009977998772754,0.041386249903395594,-0.21919660601722515,0.30196910582401637,0.318,29.0
2026-04-07,NEE,"NEXTERA ENERGY, INC.",93.67,90.72,95.53,88.4,100.94,81.02,110.39,-1.5642458100558714,1.3795066413662243,1.3217391304347819,-5.6299999999999955,-3.753491525423728,-0.6854495920075574,-6.821533458839898,-6.615e-05,0.003835502305084745,-0.015571728818241362,0.02324273342841085,0.03425187,0.010284848378378349,-0.010664626628807142,0.03123432338556384,0.04437032,0.005974574256756763,-0.02649014833266527,0.0384392968461788,-0.00309563,0.00086817,13.7,-1.53,0.297,0.2633027210884353,1.2028184231730572,-0.6762129809961868,58.5,0.7612240934763048,0.10998366411124667,-0.17555380776442847,0.3955211359869218,0.318,29.0
2026-04-07,SD,"SANDRIDGE ENERGY, INC.",15.85,14.48,16.88,14.2,18.2,13.12,19.95,-2.235294117647053,1.4242424242424236,1.5018315018315014,-1.799999999999999,-0.0498644067796611,0.716025752873787,-0.8157545664331092,-0.02801261,0.003955353627118648,-0.029024339194435787,0.036935046448673084,0.0247361,0.012843870202702713,-0.03194480102958763,0.057632541434993065,0.00727938,-0.05050656229729727,-0.08284695355311009,-0.018166171041484443,-0.00030387,0.02680948,90.3,1.82,-0.791,0.24256802721088436,1.2120850529894898,-0.7269489985677211,16.1,-0.032609257946514814,0.21153189702069197,-0.24998301159853575,0.6730468056399197,0.31125,28.0
2026-04-07,CAG,"CONAGRA BRANDS, INC.",15.49,14.66,16.22,13.67,17.72,12.75,19.57,1.0555555555555542,1.2252747252747243,1.489051094890511,-0.1899999999999995,0.13437288135593226,0.8841063010609778,-0.6153605383491132,-0.01824382,-0.010765177152542375,-0.032346108584904734,0.010815754279819987,-0.00996476,-0.01831396341216215,-0.04063514579742741,0.004007218973103108,-0.07045689,-0.06091263993243236,-0.06760522350654266,-0.054220056358322055,0.00669212,0.0097341,45.4,-0.15,-1.814,-0.5047959183673473,0.3369185552737247,-1.3465103920084194,8.1,0.13367199570001764,0.1108067933681195,-0.2206429099510243,0.4422564966872633,0.2575,28.0
2026-04-07,CHD,"CHURCH & DWIGHT CO., INC.",92.55,89.29,94.24,86.4,103.64,78.73,116.3,-2.0246913580246866,1.8032520325203283,1.7185238784370487,-5.280000000000001,-4.737457627118649,-1.8310372224323856,-7.6438780318049115,-0.02091817,-0.0016361629830508467,-0.01896999240853959,0.015697666442437898,0.03496349,-0.00537065064189187,-0.03256137776008441,0.02182007647630067,0.01166553,0.01398135533783786,0.006834795626280638,0.021127915049395082,0.00060322,0.00131857,11.7,-1.55,-2.462,-0.14464285714285682,0.8280671524687614,-1.117352866754475,0.6,0.9706407737754212,0.1775873229000222,-0.246177570344861,0.6013522161449054,0.2575,28.0
2026-04-07,COR,"CENCORA, INC.",320.89,296.69,325.43,288.02,343.58,283.91,405.06,-2.9822646657571474,-1.448655795504628,2.276095186587347,-34.870000000000005,-29.549457627118645,-18.884201920073092,-40.2147133341642,-0.03720441,0.0025485103050847425,-0.01599563419097266,0.021092654801142145,-0.02338997,0.019946139222972982,-0.001292950888240621,0.041185229334186585,0.05286864,0.05603207067567558,0.04712187980998993,0.06494226154136123,0.00217898,-0.00078688,78.8,1.32,-1.6,0.3320476190476192,1.341020318870308,-0.6769250807750697,3.0,0.16306585059527223,0.15243270685151875,-0.21124624747865692,0.5161116611816944,0.2485,28.0
2026-04-07,CF,"CF INDUSTRIES HOLDINGS, INC.",133.78,122.66,141.2,123.71,166.97,96.14,176.23,-1.1465416178194607,3.2959285004965215,1.1277895855472897,-17.069999999999993,-6.080949152542367,-1.0933271494526133,-11.068571155632121,0.01502525,0.004709693966101694,-0.026580937566455465,0.03600032549865885,0.14249124,0.009139201858108115,-0.03767097988733112,0.055949383603547356,0.06833681,0.018718048141891895,-0.0022811338431457245,0.039717230126929515,0.00329392,0.00571135,46.2,0.47,0.857,0.18200680272108846,1.2340605393714466,-0.8700469339292697,69.2,-0.17939472300582282,0.049728152648926584,-0.21393901337334906,0.31339531867120224,0.2975,27.0
2026-04-07,ROL,"ROLLINS, INC.",53.7,51.66,55.21,47.91,58.49,47.96,66.67,-1.1625000000000039,-1.2087682672233835,2.2595818815331,-4.469999999999999,-3.5475932203389835,-1.487639790455869,-5.607546650222098,-0.0102211,-0.0008048033220339017,-0.01723813424955502,0.015628527605487216,-0.02781252,0.003611441621621624,-0.012225001169567267,0.019447884412810514,0.04638141,0.02057942013513514,0.010879133646285545,0.030279706623984735,0.00131772,0.00265366,33.1,-0.91,-1.36,0.13536054421768692,0.9629959600316796,-0.6922748715963057,5.4,0.5807988516177534,0.21867008468582882,-0.3463188946336617,0.7836590640053194,0.2725,26.0
2026-04-07,RSP,INVESCO S&P500 EWGHT,193.49,186.29,196.72,179.21,205.01,170.48,220.7,-1.6521739130434818,-1.2395833333333355,1.182529335071706,-3.780000000000001,-4.896237288135592,-0.8167613133053528,-8.975713262965831,-0.00774606,-0.0015351046101694916,-0.014886010064557134,0.01181580084421815,-0.00346154,-0.004547004729729734,-0.022513393228169268,0.013419383768709797,-0.002355,0.001632900810810813,-0.007595759861291288,0.010861561482912913,0.00082021,-0.00582812,75.4,1.07,-0.731,0.11680272108843529,0.9310545931273334,-0.6974491509504629,11.3,0.8588766196076123,0.19821903253238624,-0.15194993268891657,0.5483879977536891,0.23,26.0
2026-04-07,XOP,SPDR S&P OIL&GAS EXP,180.34,171.19,192.36,174.79,206.72,141.85,216.0,1.1977900552486176,4.753153153153143,-1.0793606281547956,-7.740000000000009,-0.5972203389830468,5.789272241870642,-6.983712919836736,0.02530885,0.0012022345084745749,-0.027639174162435613,0.030043643179384762,0.10285869,-0.004740567432432449,-0.044251767115896734,0.034770632251031844,-0.0013105,-0.03640650685810799,-0.05589795389767531,-0.016915059818540676,-0.00110101,0.02105485,76.4,0.97,1.259,0.2484081632653062,1.173118997174759,-0.6763026706441466,84.7,0.3576607742923983,0.15004648831420744,-0.16031322825913105,0.4604062048875459,0.2825,26.0
2026-04-07,BG,BUNGE LIMITED,127.03,123.06,134.45,122.48,143.47,101.12,157.66,1.9673024523160751,3.613186813186815,1.1821690467001158,-9.609999999999985,-2.454271186440678,1.9568675509174382,-6.865409923798794,0.00790447,0.006584827694915253,-0.0196406303477126,0.032810285737543105,0.06224597,0.009440131249999999,-0.023405188158651516,0.04228545065865151,0.02249584,-0.02040906405405405,-0.044979506697394624,0.004161378589286523,-0.00016679,-0.00661889,31.2,-0.54,0.809,0.26433673469387753,1.272376859415452,-0.7437033900276969,72.8,0.23077201433094285,0.035500170617471474,-0.24381521995049826,0.3148155611854412,0.30125,26.0
2026-04-07,BKR,BAKER HUGHES COMPANY,61.25,57.78,64.94,55.25,69.84,50.53,77.82,1.0849056603773595,1.4316666666666673,1.54570895522388,-8.810000000000002,-4.692847457627117,-2.035754774962337,-7.349940140291897,0.02830341,0.0035116000338983005,-0.0273339884964873,0.0343571885642839,0.03166962,0.009180236891891907,-0.04345905098729925,0.061819524771083066,0.0811431,0.045109902297297416,0.024539219098387917,0.06568058549620692,0.00629481,-0.01516706,50.4,0.59,0.141,0.24894217687074832,1.1198771850395257,-0.621992831298029,41.9,-0.22694298183257378,0.052869085317574706,-0.2487838454707683,0.3545220161059177,0.28925,26.0
2026-04-07,COMT,ISHARES:GSCI COMM DYN RS,34.56,32.98,35.99,33.16,39.33,28.16,39.22,1.1608391608391586,3.4071428571428406,-1.3733905579399157,-1.8200000000000003,-0.6153559322033896,0.15082759856017913,-1.3815394629669582,0.01880861,0.004258132237288135,-0.013035639578093183,0.021551904052669452,0.09968102,0.001326181182432428,-0.031162883945731825,0.03381524631059668,0.03019296,-0.0053311560810810925,-0.01964112091771548,0.008978808755553298,2.88e-06,0.00408978,68.1,0.88,1.105,0.21545238095238103,1.0960302179868042,-0.6651254560820421,84.3,0.041745747510699927,1.3917385290101378,-0.36161428497888415,3.1450913429991596,0.2825,26.0
2026-04-07,DBC,INVESCO DB CM IDX,29.37,28.08,30.39,27.61,33.68,24.81,32.86,-1.0973451327433656,2.4488636363636336,-1.3065902578796573,-1.4100000000000001,-0.4613220338983049,0.11630324893650917,-1.038947316733119,0.00651004,0.004317442711864408,-0.01090935752359316,0.019544242947321978,0.08616011,0.00830350138513514,-0.021179427103628877,0.03778642987389916,0.01920017,-0.005762959358108069,-0.018952531763589166,0.007426613047373029,-0.00011998,0.0025143,46.8,0.41,0.979,0.2420646258503402,1.071787256777935,-0.5876580050772545,83.9,0.8230719301834557,1.7103841179174901,-0.28731627469383936,3.7080845105288196,0.2825,26.0
2026-04-07,EWP,ISHARES:MSCI SPAIN,55.28,52.78,56.79,49.29,58.28,49.82,62.16,-1.1731843575419008,-1.9966666666666673,1.2600732600732591,-3.5899999999999963,-3.474644067796608,-1.741286724660519,-5.208001410932697,0.00940199,0.006034602406779661,-0.007920933514581677,0.019990138328140998,-0.02628699,0.017459662499999962,0.0009804336807057966,0.03393889131929413,0.05227066,0.045546705472973105,0.034512455050059246,0.056580955895886964,0.00135569,-0.00129097,10.9,-1.81,0.312,0.6935612244897955,1.4517288205708343,-0.06460637159124327,34.9,0.19189433317766058,-0.0013884201252589094,-0.44915059589133544,0.4463737556408176,0.252,26.0
2026-04-07,EWT,ISHARES:MSCI TAIWAN,71.82,68.04,73.02,67.11,76.7,60.94,83.98,-2.3999999999999897,1.0360934182590267,1.1176470588235308,-2.240000000000009,-1.6392203389830515,0.6596114559409758,-3.938052133907079,-0.00855912,0.0011608512881355931,-0.021930037723189775,0.02425174029946096,0.02832909,0.0024471526351351235,-0.03036950128496201,0.03526380655523226,0.00841186,-0.0038807139864864776,-0.016558124064807125,0.008796696091834172,-0.00048403,-0.00327302,40.5,-0.19,0.123,0.37557482993197266,1.297155716538702,-0.5460060566747567,37.1,0.3814700628831902,0.46316278529198474,-0.7582156033755624,1.684541173959532,0.252,26.0
2026-04-07,GREK,GLBL X MSCI GREECE,66.71,62.04,68.58,57.57,71.51,57.97,77.9,-1.3563636363636353,-1.9041666666666608,1.2803203661327252,-5.5800000000000125,-5.372237288135594,-2.670963008722549,-8.073511567548639,0.0081484,0.005914532135593227,-0.013441469241510517,0.025270533512696973,-0.02130506,0.016510771925675665,-0.005441945981900134,0.038463489833251464,0.06537269,0.053114460608108024,0.040322826061653855,0.0659060951545622,0.00423697,-0.00068373,7.3,-2.05,0.235,0.5222278911564622,1.4643219672601535,-0.41986618494722916,41.9,0.25282428030912785,0.04911004807616583,-0.2544380415155916,0.3526581376679232,0.252,26.0
2026-04-07,IEF,ISHARES:7-10 TRS BD ETF,95.25,93.43,96.72,90.24,99.99,88.95,103.22,-1.4452554744525528,-1.056962025316458,1.2650793650793655,-2.5600000000000023,-1.8387118644067815,-1.0298941530744452,-2.6475295757391177,-0.00367077,0.0006375536949152536,-0.0027871994744833374,0.004062306864313844,-0.00412669,0.0036939996959459475,-0.003121221953545074,0.01050922134543697,0.00731279,0.002135644662162158,-0.0029797123889688565,0.007251001713293173,-7.92e-05,-7.813e-05,79.2,1.2,-0.942,-0.08311564625850339,0.5999404907017034,-0.7661717832187103,13.7,-0.10966040320289105,0.24488081495506892,0.013989814350481189,0.47577181555965664,0.27125,26.0
2026-04-07,ON,ON SEMICONDUCTOR ,63.79,57.68,66.22,52.93,70.14,47.06,78.29,-1.7048611111111085,-1.7102362204724404,-1.1537931034482751,-0.509999999999998,0.609762711864406,4.361469753441046,-3.141944329712234,0.00142165,-0.0013409385762711847,-0.042535362718440835,0.03985348556589847,-0.01021553,-0.00998047094594592,-0.07257357030327667,0.052612628411384824,-0.02028385,-0.08263139310810777,-0.11449402903356438,-0.050768757182651156,-7.978e-05,-0.01370527,76.4,0.98,0.454,0.04173469387755102,0.920396221169534,-0.836926833414432,57.7,0.39290981642049094,0.0536413567520831,-0.30451310507442103,0.4117958185785872,0.2745,25.0
2026-04-07,EWA,ISHARES:MSCI AUSTRALIA,28.54,26.94,28.81,26.06,30.46,24.57,32.47,-2.5370370370370363,-1.2916666666666659,-1.010178117048346,-0.17999999999999972,-0.47128813559322075,0.2479071594955365,-1.190483430681978,-0.00416349,-0.00019900101694915248,-0.01513817741409656,0.014740175380198254,0.01240608,-0.0053661768581080875,-0.030081729032144292,0.019349375315928116,-0.00614847,-0.010327733648648644,-0.018526467924002032,-0.002128999373295257,0.00285926,0.00136595,55.4,0.6,-0.178,0.16043537414966003,1.0012935175430338,-0.6804227692437137,28.0,0.4233107982424915,0.203661468187918,-0.34739366285290396,0.7547165992287399,0.2265,25.0
2026-04-07,EWZ,ISHARES:MSCI BRAZIL,38.46,37.13,39.91,35.03,42.35,31.48,44.79,1.2372881355932213,1.134110787172012,-1.1026856240126386,-0.8200000000000003,-0.3227118644067795,0.9097763970605159,-1.5552001258740749,0.01040146,0.005107127322033899,-0.015756396281855024,0.025970650925922822,0.0285797,0.018087602331081077,0.0011379696839477031,0.035037234978214454,0.00022393,-0.02609169060810826,-0.03698485979884156,-0.015198521417374959,0.00010864,-0.00273415,45.0,0.29,0.313,0.4533877551020406,1.3893564686553164,-0.4825809584512351,52.6,0.32542611846369596,0.3681633518777525,-0.2730688248527974,1.0093955286083025,0.2745,25.0
2026-04-07,HON,HONEYWELL INTERNATIONAL INC.,223.84,217.59,232.65,209.66,247.77,193.67,275.6,1.340393343419057,1.6875881523272211,1.7156115346370564,-14.829999999999984,-6.964271186440681,0.6591219236672998,-14.587664296548661,-0.01841894,-7.467718644067912e-05,-0.021400722573383615,0.02125136820050226,0.019756,0.0015625115202702684,-0.025032554752709758,0.02815757779325029,0.01070201,-0.00034851652027026957,-0.009513546978872217,0.008816513938331678,-0.00084419,-0.00739908,41.9,-0.62,-1.059,0.03870748299319736,1.019970503547296,-0.9425555375609013,16.5,0.7543087433088613,0.12926945949604104,-0.2428260535908944,0.5013649725829765,0.27375,25.0
2026-04-07,MCHI,ISHARES:MSCI CHINA,55.61,53.55,57.24,51.66,58.2,49.89,67.37,-1.4444444444444455,-1.5250965250965243,2.055944055944057,-5.549999999999997,-4.69671186440678,-2.3091644431386,-7.084259285674959,-0.01748637,0.0010613864067796615,-0.021653535685135606,0.023776308498694932,-0.02783727,0.0015430521283783763,-0.019662659463458042,0.022748763720214796,0.05519912,0.04649638070945954,0.028672714257180893,0.06432004716173818,-0.00149536,-0.00528261,58.1,0.41,-0.605,0.17676530612244903,1.1139215171371453,-0.7603909048922471,24.6,0.5288620022737445,0.16333138973458677,-0.1115240702720654,0.43818684974123895,0.22375,25.0
2026-04-07,PFE,PFIZER INC.,27.1,27.48,29.46,26.18,29.65,23.68,31.81,10.809523809523764,2.7717391304347743,1.3771929824561389,-1.5499999999999972,0.1999661016949147,1.0957565208429836,-0.6958243174531541,0.00607061,-0.00020899366101694673,-0.019410589827065176,0.01899260250503128,0.01048506,0.0029566014527026966,-0.02876303923647628,0.034676242141881676,-0.00902299,-0.0505519988175675,-0.07407476270427271,-0.027029234930862282,-0.01007756,-0.00107333,90.3,1.91,0.108,-0.015479591836734712,0.7122154774859567,-0.7431746611594262,44.6,0.39892422443875697,0.03685147492460244,-0.35032409808502235,0.42402704793422724,0.26075,24.0
2026-04-07,DD,"DUPONT DE NEMOURS, INC.",45.53,43.4,47.81,40.22,50.53,37.49,57.68,1.0047619047619039,-1.0620000000000005,1.5111940298507462,-3.8999999999999986,-0.8149152542372876,1.3478898128225825,-2.977720321297158,-0.00772618,0.004225399220338983,-0.029664743082700652,0.038115541523378614,-0.01163899,0.00195151040540538,-0.05137187351293861,0.055274894323749366,0.02667693,-0.021409471351351406,-0.05220216756930438,0.00938322486660157,-0.00128431,-0.00690836,49.6,0.21,0.037,0.31194217687074827,1.231747082763547,-0.6078627290220504,31.9,0.7728720221255447,0.05736274059214575,-0.3313085434891446,0.4460340246734361,0.26075,24.0
2026-04-07,GLATF,GLOBAL ATOMIC ,0.54,0.48,0.6,0.44,0.65,0.36,0.81,-1.0000000000000022,1.0999999999999994,1.4999999999999998,-0.020000000000000018,0.039355932203389836,0.10036718429147547,-0.021655319884695795,-0.0843803,-0.0012672646101694952,-0.08373972955034964,0.08120520033001066,-0.04919935,-0.015135527364864898,-0.10817772396488169,0.0779066692351519,-0.15332533,-0.21259847016891925,-0.23899323429876757,-0.18620370603907094,0.0003553,-0.03112228,62.9,0.6,-0.988,0.01235714285714276,0.9852580082368874,-0.9605437225226019,16.5,,,,,0.265,24.0
2026-04-07,HRL,HORMEL FOODS ,21.45,21.14,23.03,20.08,24.05,18.5,26.97,2.1724137931034573,1.8978102189781019,1.8711864406779664,-1.0,0.026338983050847347,0.8338792267810654,-0.7812012606793707,-0.0174794,-0.00617512871186441,-0.027467778133424398,0.015117520709695579,-0.01091461,-0.01873265297297299,-0.04883680209358508,0.0113714961476391,-0.04737934,-0.05187452719594593,-0.06151215446817821,-0.04223689992371365,-0.00142202,0.00437869,28.0,-1.2,-1.858,-0.27625510204081655,0.512819116530639,-1.065329320612272,0.6,0.7058263982904411,0.18688446164999628,-0.4819412720237536,0.8557101953237461,0.2325,24.0
2026-04-07,REGN,"REGENERON PHARMACEUTICALS, INC.",760.27,736.66,795.17,718.28,798.36,603.78,953.37,1.233100233100233,-1.1023890784982928,1.233944661000703,-27.129999999999995,-27.11776271186442,1.5135107517380177,-55.749036175466856,-0.00037361,0.0005266562711864393,-0.026914745249006125,0.027968057791379,-0.00632049,0.0004387708783783546,-0.04336145676530239,0.0442389985220591,-0.00809442,-0.01643346733108103,-0.029031698929320976,-0.003835235732841084,-0.00021881,-0.00462276,4.6,-1.92,-0.4,0.08002380952380961,0.8425307598269025,-0.6824831407792833,23.2,0.7498146092503601,0.07073804709119606,-0.2735864249278297,0.41506251911022185,0.215,23.0
2026-04-07,CHRW,"C.H. ROBINSON WORLDWIDE, INC.",166.1,160.05,172.59,144.1,184.73,148.7,225.97,1.2277580071174377,-1.1808910359635,3.4408045977011485,-31.78,-14.765322033898304,0.5437818495975986,-30.07442591739421,-0.01334549,0.005758070983050846,-0.027902825754866148,0.03941896772096784,-0.03716017,0.01975705719594598,-0.02006346531244001,0.05957757970433197,0.12395086,0.03534345719594593,-0.009361776712085199,0.08004869110397705,0.00125866,-0.0024652,25.2,-0.98,-1.125,0.31503741496598636,1.2579846510629586,-0.6279098211309858,6.9,0.5895218169549479,0.06501329645559116,-0.4481027615967017,0.578129354507884,0.2475,23.0
2026-04-07,CLX,THE CLOROX COMPANY,103.04,96.86,106.08,91.06,116.26,84.41,133.91,-1.5040000000000002,1.103505843071786,1.657004830917873,-2.25,-1.083491525423728,3.9979733604957577,-6.164956411343214,-0.02440589,-0.0094309272881356,-0.03148288820769453,0.012621033631423324,-5.042e-05,-0.01690170841216218,-0.041500469833637074,0.007697053009312709,-0.03353287,-0.03549365513513518,-0.04625841473090919,-0.024728895539361164,0.00220478,-0.01460714,47.0,0.35,-1.076,-0.4283605442176875,0.6704162279983423,-1.5271373164337172,27.6,0.38211546976764454,0.1486957563503796,-0.23902176749731788,0.5364132801980771,0.20875,23.0
2026-04-07,CTRA,COTERRA ENERGY INC.,34.91,32.93,37.55,33.15,39.56,27.41,43.16,1.2352941176470618,2.642045454545461,1.1000000000000005,-3.010000000000005,-1.3392542372881364,-0.12778715016989395,-2.550721324406379,0.02653992,0.0014333778983050798,-0.025449443906899332,0.02831619970350949,0.06881406,0.006372518412162159,-0.027714973059720198,0.040460009884044516,0.03371117,0.006283556858108107,-0.008198192240176781,0.020765305956392997,-0.00198188,0.0161596,57.9,0.27,1.366,0.14181632653061224,1.0167311913925743,-0.7330985383313499,89.5,-0.5264600400203998,0.13804285081724832,-0.25172115678529183,0.5278068584197885,0.25625,23.0
2026-04-07,HD,"THE HOME DEPOT, INC.",318.77,309.55,336.19,291.31,346.09,271.63,407.38,1.3599656357388368,-1.0051244509516832,1.8797199830292752,-18.680000000000007,-18.320169491525434,-4.77509853379005,-31.865240449260817,-0.02050641,-0.004971579762711864,-0.024011136642408185,0.014067977116984454,-0.03649806,-0.010305279087837831,-0.03611934616488594,0.01550878798921028,-0.01676421,0.008123051554054045,-0.0071171326080257166,0.023363235716133808,-0.00092621,-0.02624566,86.3,1.46,-1.334,-0.27334693877551036,0.7950986589334397,-1.3417925364844603,16.5,0.3722626429807394,0.23120287527169467,-0.17064480538575824,0.6330505559291476,0.20875,23.0
2026-04-07,MCD,MCDONALD'S ,304.85,294.27,314.33,290.09,332.77,275.47,369.27,-1.2590959206174228,1.891598915989151,2.192648059904696,-25.41999999999996,-13.459254237288137,-6.0213662068381675,-20.897142267738108,-0.02295484,0.000955929898305084,-0.011787789269590102,0.01369964906620027,0.02208975,0.0038304207770270314,-0.010709375398200171,0.018370216952254236,0.02651288,0.013143712635135156,0.007674478363998341,0.018612946906271972,-0.00029801,0.00335565,48.2,-0.05,-1.689,0.0020442176870748147,0.9366351840935746,-0.9325467487194249,4.2,0.47358273534126094,0.1805182123365549,-0.12762582420679747,0.4886622488799073,0.2475,23.0
2026-04-07,MCK,MCKESSON ,856.62,826.66,886.91,796.85,965.07,764.98,1123.36,-1.073472271282234,1.814455412414256,2.910737669140113,-120.03999999999996,-79.49023728813556,-51.164110224357515,-107.8163643519136,-0.0281233,0.0059522949152542365,-0.013193921026107218,0.025098510856615693,0.02943395,0.02574687851351355,0.004270875081207468,0.047222881945819625,0.07407026,0.06607197638513516,0.05949917066389771,0.07264478210637262,-0.00219102,0.00015666,15.9,-1.64,-1.555,0.30969387755102085,1.1071852823833868,-0.48779752728134496,2.2,0.5617120312704382,0.16924519981885977,-0.276204285379632,0.6146946850173516,0.2475,23.0
2026-04-07,MPWR,"MONOLITHIC POWER SYSTEMS, INC.",1191.22,1031.95,1192.71,975.44,1298.49,878.44,1451.19,-3.8369164619164704,-2.011559615922439,-1.203138823710428,-50.649999999999864,-91.33406779661016,-26.35954350280504,-156.3085920904153,0.01121539,0.006033368847457629,-0.03351250226136337,0.045579239956278626,0.02209732,0.01929716618243245,-0.02619784549038543,0.06479217785525032,0.05655543,0.03814289273648653,0.0117425220875437,0.06454326338542936,0.0038922,0.00119142,66.5,0.89,0.745,0.2823843537414969,1.0520127059826756,-0.48724399849968186,66.9,0.3005589151456789,0.10792426226237196,-0.24779185187818592,0.4636403764029298,0.21275,23.0
2026-04-07,UHS,"UNIVERSAL HEALTH SERVICES, INC.",180.61,169.73,183.04,156.96,199.16,152.47,228.86,-5.0260416666667025,-1.2749326145552575,1.7146410803127212,-11.099999999999994,-18.77549152542373,-9.340817291310525,-28.21016575953693,-0.02235632,-0.0033280999999999983,-0.033073821874109406,0.02641762187410941,-0.03261472,-0.005900710574324323,-0.037954524235831955,0.02615310308718331,0.01656107,0.03562072212837848,0.022597857731785548,0.048643586524971416,0.00053222,0.00636747,18.8,-1.3,-0.968,0.024503401360544304,1.0425151346263692,-0.9935083319052807,21.6,1.0244386153057552,0.11352516391956329,-0.23845150684626237,0.46550183468538897,0.204,22.0
2026-04-07,WEAT,TEUCRIUM:WHEAT,22.85,22.39,23.79,22.0,25.09,19.68,26.41,1.1428571428571364,2.6352941176470526,1.1230283911671914,-0.8399999999999999,-0.5001694915254241,-0.056567615699661844,-0.9437713673511864,-0.00031948,-0.00037472979661016994,-0.014497124845738393,0.013747665252518054,0.04022775,-0.0012172187500000032,-0.01869593865339267,0.016261501153392664,-0.0006215,-0.008653399020270233,-0.015179910997623808,-0.0021268870429166564,-0.00153828,0.00390488,0.2,-3.9,-0.125,-0.22582312925170087,0.5763106735218445,-1.0279569320252462,58.1,0.03867281008774914,0.6254449313716866,-0.1173230068789004,1.3682128696222735,0.252,22.0
2026-04-07,XLB,SEL SECTOR:MATRLS SPDR,50.08,48.38,52.1,45.82,54.97,43.02,58.5,1.2893081761006346,1.1478873239436627,1.1926345609065165,-1.740000000000002,-0.7923389830508475,0.4743811457462138,-2.0590591118479087,0.00133234,-0.00027051145762711586,-0.01705157352804766,0.016510550612793433,0.00828771,-0.0022256679391891966,-0.025660311513508255,0.021208975635129863,0.00092993,-0.010361672331081073,-0.021155985517125282,0.00043264085496313477,0.00042414,-0.00797157,39.5,-0.11,-0.024,0.15091496598639462,1.1046130651859751,-0.8027831332131858,42.7,0.11442356709834489,0.4795015648890888,-0.09004830203421066,1.0490514318123882,0.252,22.0
2026-04-07,EWC,ISHARES:MSCI CANADA,55.72,53.08,56.5,50.94,59.25,49.12,64.46,-2.052631578947364,-1.3541076487252124,1.324242424242423,-3.030000000000001,-2.2838644067796605,-1.0236131164072704,-3.5441156971520504,-0.00496659,0.002783145559322033,-0.008542638504117555,0.014108929622761623,0.0030812,0.007784790777027019,-0.009454892101688987,0.025024473655743024,0.03566885,0.020471917668918958,0.011079931231385813,0.0298639041064521,0.0022848,-0.0007525,63.3,1.08,-0.34,0.5717823129251689,1.4860130812999248,-0.3424484554495869,9.3,0.0838250716745701,0.09787035744213407,-0.2813733488228488,0.47711406370711695,0.2335,22.0
2026-04-07,HII,"HUNTINGTON INGALLS INDUSTRIES, INC.",402.28,359.51,411.69,343.47,440.71,313.02,534.69,-2.0337209302325503,-1.530314858183709,1.4834192247367253,-31.660000000000025,-13.548508474576273,6.777302613969262,-33.87431956312181,-0.01811895,0.007713164067796604,-0.024189642050312023,0.03961597018590523,-0.01680992,0.024989160844594602,-0.011437809393831776,0.06141613108302098,0.03308541,-0.004016104121621606,-0.03223023126658219,0.024198023023338983,0.00467032,-0.01293981,47.0,0.34,-0.69,0.5035544217687072,1.297930512900149,-0.29082166936273457,4.6,0.44697317424825034,0.1307831991010045,-0.33297138812951,0.594537786331519,0.2335,22.0
2026-04-07,TT,TRANE TECHNOLOGIES PLC,431.85,403.72,442.35,390.06,470.13,359.88,533.64,-1.5619314205738353,-1.0916927899686533,1.4143393080450177,-24.439999999999998,-49.713694915254216,-33.18442085596732,-66.24296897454111,-0.00106016,-0.00311619593220339,-0.029018639616003452,0.022786247751596673,0.0189748,-0.0016768016891891967,-0.02709155690529427,0.023737953526915875,0.03465243,0.06979330233108105,0.05491687221415865,0.08466973244800347,0.00260398,0.03035581,64.7,0.8,0.071,-0.008904761904761943,0.9509658197680302,-0.9687753435775541,56.5,0.0644557397765757,0.12230106031228867,-0.28843750319594225,0.5330396238205196,0.195,21.0
2026-04-07,VICI,VICI PROPERTIES INC.,27.83,26.4,28.06,25.51,29.44,23.7,32.99,-3.473684210526284,-1.4409937888198712,1.249394673123488,-0.610000000000003,-0.816237288135593,-0.003303733710024681,-1.6291708425611615,-0.01668607,-0.0028719645762711864,-0.017025280723522593,0.011281351570980218,-0.00470699,-0.013436516148648648,-0.03200956449112127,0.005136532193823977,-0.00347134,-0.008405860641891907,-0.01461360801665695,-0.002198113267126863,0.00187872,0.00071044,69.8,1.15,-0.918,-0.1735238095238095,0.7912434975347664,-1.1382911165823855,26.0,-0.10644857380153061,0.3292474700930388,-0.28895931330911084,0.9474542534951884,0.20025,21.0
2026-04-07,AKAM,"AKAMAI TECHNOLOGIES, INC.",113.89,109.0,123.72,108.63,131.4,91.32,135.66,2.3719211822660076,3.3288973384030394,-1.036747818098301,-6.549999999999997,-3.6261694915254252,2.2099708937827685,-9.462309876833618,0.01998413,8.747138983050755e-05,-0.03403580570148312,0.03421074848114413,0.08855975,-0.005441892533783791,-0.047502214885463294,0.03661842981789571,-0.0019305,-0.0203242808108108,-0.03781085779136917,-0.0028377038302524298,0.00062359,0.00666097,42.1,-0.76,1.005,0.09233333333333335,0.8023831977874973,-0.6177165311208306,89.5,0.7378054098680773,0.20002318797370341,-0.48002845963155083,0.8800748355789577,0.2325,21.0
2026-04-07,HIG,THE HARTFORD FINANCIAL SERVICES GROUP,135.76,131.7,138.54,127.24,144.19,119.81,159.29,-1.1386138613861345,-1.0106761565836286,1.4752351097178695,-7.780000000000001,-12.526237288135592,-8.662906395012232,-16.38956818125895,-0.00111053,0.0010651417288135585,-0.015753663316550787,0.0178839467741779,0.00393191,0.0036005620270270263,-0.006592900190605726,0.013794024244659779,0.03113684,0.06258492814189187,0.04913741748704061,0.07603243879674312,0.00107456,0.00281986,75.4,1.04,-0.359,0.16519387755102058,1.1113924077384971,-0.7810046526364559,35.9,0.33770578451083644,0.1310553519334424,-0.1434880570802902,0.40559876094717495,0.195,21.0
2026-04-07,O,REALTY INCOME ,62.23,59.13,63.2,57.23,67.95,53.25,76.03,-2.391666666666659,1.1440000000000012,1.5367483296213817,-3.759999999999998,-1.3421694915254239,0.36863710855407916,-3.052976091604927,-0.01851226,0.001733693559322035,-0.011391798652818886,0.014859185771462955,0.01585167,-0.0015278891891891957,-0.02136677130503601,0.018310992926657617,0.02707843,-0.0059285598986487,-0.024605920580320236,0.012748800783022835,0.00028752,-0.00290746,17.7,-1.39,-1.071,0.15700680272108847,1.0510755061046408,-0.737061900662464,9.5,0.6476834160596423,0.081780245120373,-0.1816838017782565,0.34524429201900253,0.2325,20.0
2026-04-07,AOS,A. O. SMITH ,64.19,62.14,67.03,57.51,70.87,55.9,82.52,1.1747572815534015,1.000000000000001,2.2110977080820264,-3.8900000000000006,-4.029627118644071,-1.8337972281230366,-6.225457009165106,-0.01043718,-0.0014159777627118645,-0.023747713888413124,0.020915758362989395,-0.02432858,0.001415742027027031,-0.025191172508804916,0.028022656562858978,0.00457401,0.017992848479729727,0.011374168240947512,0.02461152871851194,0.00101292,-0.00926516,71.4,0.97,-1.33,-0.1423027210884354,0.9275686980268103,-1.212174140203681,14.1,0.5338417455286697,0.08327196634504005,-0.24959804531738286,0.416141978007463,0.179,20.0
2026-04-07,CARR,CARRIER GLOBAL ,55.44,53.2,59.0,50.65,61.91,45.68,72.54,1.3855932203389847,1.350730688935282,1.7520491803278702,-3.8599999999999994,-4.8789830508474585,-1.8922604511628398,-7.865705650532077,-0.00405116,-0.004854126542372883,-0.03626535847164516,0.026557105386899392,0.01731321,-0.004964575337837842,-0.037496345016268535,0.027567194340592856,0.00299279,0.023635268918918956,0.003813400525850042,0.04345713731198787,0.00064606,0.00078198,64.7,0.67,-0.563,-0.1511156462585034,0.8446923524029083,-1.1469236449199152,40.3,0.183170253257257,0.14239817998342136,-0.35437359233682375,0.6391699523036665,0.191,20.0
2026-04-07,CHTR,"CHARTER COMMUNICATIONS, INC.",223.8,204.62,228.15,190.83,248.2,172.23,276.6,-3.673596673596675,-1.3512295081967225,1.023851076207097,-4.539999999999992,-13.816915254237284,8.040240168485635,-35.6740706769602,-0.0062092,-0.0105943486779661,-0.053308921649991375,0.03212022429405918,-0.00975854,-0.028732758141891815,-0.06395968234254683,0.006494166058763198,-0.00958946,-0.022923200777027062,-0.05518513986881139,0.009338738314757272,0.00290339,0.00273565,47.4,0.19,0.014,-0.26538435374149655,0.7422018227032527,-1.272970530186246,60.9,0.7366522948557865,0.3334086520182887,-0.23856385150776033,0.9053811555443376,0.191,20.0
2026-04-07,EL,THE ESTEE LAUDER COMPANIES INC.,69.17,61.37,74.18,54.79,77.37,51.18,106.37,-1.675268817204304,-1.7536585365853656,2.0678154530294606,-2.8100000000000023,3.682169491525423,10.387213235143205,-3.0228742520923593,-0.07250724,-0.006240708779661017,-0.050640846887068255,0.038159429327746214,-0.14077163,-0.0037768626689188988,-0.06892462000671078,0.06137089466887298,-0.09829951,-0.12016507432432383,-0.16910577712703703,-0.07122437152161062,0.00024006,-0.011505,83.3,1.22,-1.618,0.10935714285714299,1.113488077271126,-0.8947737915568401,6.9,0.23578643748606654,-0.03032846356158592,-0.3510395456277606,0.29038261850458874,0.1825,20.0
2026-04-07,ES,EVERSOURCE ENERGY,69.49,64.92,72.0,63.58,75.67,59.69,83.56,-1.5820895522388,1.045685279187819,1.4357142857142868,-5.02000000000001,-1.7922711864406784,1.3133541563437943,-4.897896529225151,-0.02112448,0.0012696404745762713,-0.019398955428432417,0.021938236377584963,0.00343594,0.004291641925675679,-0.01090483772305653,0.019488121574407886,0.01522302,-0.018967608479729635,-0.0426686802953673,0.004733463335908031,0.00151566,0.0003512,40.9,-0.28,-0.922,0.2311938775510206,1.0074187445802016,-0.5450309894781604,6.5,0.13697645754632393,-0.011805183358870352,-0.34570590413325203,0.3220955374155113,0.2325,20.0
2026-04-07,LHX,"L3HARRIS TECHNOLOGIES, INC.",354.0,336.38,364.61,327.75,387.28,310.1,438.85,-1.1785137318255234,1.2678095238095228,1.932801822323464,-40.73000000000002,-21.441389830508477,-7.603261008796679,-35.279518652220275,-0.01167145,0.008034672372881345,-0.01136589659741209,0.02743524134317478,0.02147791,0.022443847601351367,-0.0065694754609482015,0.051457170663650936,0.07250509,0.038684100945945946,0.013630339790724273,0.06373786210116762,-0.00044227,-0.02239905,10.1,-1.84,-0.699,0.5136292517006804,1.4662579134551046,-0.43899941005374365,6.9,0.33120314267537254,0.18414057802010544,-0.18956585501599185,0.5578470110562027,0.2325,20.0
2026-04-07,LVS,LAS VEGAS SANDS CORP.,54.02,51.2,56.17,48.59,55.89,42.55,66.78,1.0389610389610373,-2.903743315508025,1.1124673060156924,-0.4899999999999949,-0.9832881355932207,2.0030082934763596,-3.9695845646628007,-0.0010316,0.0009782457966101682,-0.03817050026865611,0.040126991861876446,-0.05272565,-0.0036313098310810795,-0.055177181122991185,0.04791456146082903,-0.02510713,-0.035504904898648604,-0.06151729894943469,-0.009492510847862519,0.00136063,0.01718017,58.5,0.58,-0.013,0.09131972789115625,1.2049293738175313,-1.022289918035219,47.4,0.7636471943416461,0.17633092739078918,-0.28810690248662374,0.6407687572682021,0.191,20.0
2026-04-07,NOC,NORTHROP GRUMMAN ,690.5,655.89,712.44,631.38,769.99,603.06,875.08,-1.1908548707753508,1.344553450608931,2.1109332113449213,-77.58000000000004,-37.43698305084744,-13.046834556257505,-61.82713154543737,-0.02429312,0.004924917118644067,-0.01768788450798608,0.027537718745274217,0.01999509,0.008148333547297295,-0.018842964773002773,0.03513963186759736,0.05423063,0.02270884456081082,0.004398991877536309,0.04101869724408533,0.00060367,-0.01257572,8.5,-1.95,-1.317,0.2413911564625851,1.178285383078865,-0.6955030701536948,6.5,0.6974895850591301,0.05471194025685379,-0.31434202827467594,0.4237659087883835,0.1885,18.0
2026-04-07,PFF,ISHARES:PREF AND INC SEC,30.47,29.55,30.93,28.96,31.38,27.92,33.07,-1.8936170212765873,-1.659340659340657,1.0196078431372566,-0.3000000000000007,-0.16193220338983044,0.2162373885738081,-0.540101795353469,-0.00780305,-0.0023619717627118638,-0.01012101375046652,0.005397070225042794,-0.01274394,-0.007754576520270282,-0.021416132937998204,0.00590697989745764,-0.01251355,-0.015343322770270293,-0.02005785395828167,-0.010628791582258917,0.00063498,-0.00335049,65.7,0.88,-1.031,-0.16479931972789122,0.7780176255772326,-1.107616265033015,17.7,-0.9965311631056358,0.6449353837092872,-0.582103779439206,1.8719745468577802,0.17125,18.0
2026-04-07,PHM,"PULTEGROUP, INC.",115.09,111.62,121.49,104.87,126.66,98.44,148.32,1.5922077922077875,1.1320939334637958,1.9957957957957946,-8.849999999999994,-11.664813559322036,-6.020767944650252,-17.30885917399382,-0.01564912,0.00011167040677966265,-0.025129811343513848,0.025353152157073174,-0.02203361,0.0010642366891892019,-0.03670522695460682,0.03883370033298522,0.0075089,0.045488670202702745,0.023729927981042186,0.0672474124243633,-5.511e-05,-0.02146518,95.0,1.94,-1.026,-0.08134013605442177,0.7928668746498428,-0.9555471467586865,15.3,0.5002158452407905,0.10072077280094135,-0.20764976508903568,0.4090913106909184,0.164,18.0
2026-04-07,POWA,INVESCO BLOOMBERG PRICING POWER,86.14,83.97,88.0,80.8,90.63,79.71,96.77,-1.052356020942413,-1.1893095768374187,1.6531881804043522,-2.8499999999999943,-2.4203728813559358,-0.7823276935307304,-4.058418069181141,-0.00832959,-0.0009355810508474578,-0.012148922122273212,0.010277760020578296,-0.01171704,-0.0031832093243243206,-0.015409657434146172,0.009043238785497532,0.00508846,0.00529781952702703,-0.0017887103347141121,0.012384349388768173,0.00064437,-0.00197236,67.7,0.89,-1.405,0.024557823129251623,0.8457894265606015,-0.7966737803020983,7.1,0.3254543825607632,0.16674874269065382,-0.15536844423211515,0.4888659296134228,0.1675,18.0
2026-04-07,QAT,ISHARES:MSCI QATAR,18.52,18.02,19.0,16.91,19.6,17.23,20.14,-1.023255813953492,-1.4907407407407376,1.2558139534883737,-0.40000000000000213,-0.37244067796610136,-0.007913947649674402,-0.7369674082825284,-0.00062944,-0.001471730033898305,-0.014210928242592645,0.011267468174796035,-0.02579019,-0.0019846157094594707,-0.022147548267256886,0.01817831684833794,-0.00026688,-0.004847611250000001,-0.01274732918852792,0.0030521066885279185,0.00143476,-0.00413813,62.1,0.76,-0.365,0.16305442176870757,1.4413341119427479,-1.1152252684053328,40.3,,,,,0.177,18.0
2026-04-07,SMH,VANECK:SEMICONDUCTOR,399.9,365.05,405.9,351.93,420.4,322.26,486.07,-2.6257777777777744,-2.3399999999999985,1.1098660484286453,-29.04000000000002,-32.33322033898303,-17.033261639928245,-47.633179038037824,-0.00714825,0.002298435389830509,-0.02527282093426907,0.02986969171393009,-0.00898516,0.005567015033783774,-0.042522233716675704,0.053656263784243256,0.05036753,0.05851477949324332,0.0435029526037133,0.07352660638277334,0.00277474,-0.00835694,73.0,0.81,0.1,0.45266326530612244,1.3731020827177822,-0.46777555210553734,29.2,0.42700655924453357,0.12335545672371433,-0.026419242062076145,0.2731301555095048,0.164,18.0
2026-04-07,TRV,"THE TRAVELERS COMPANIES, INC.",295.05,280.68,299.48,277.15,311.35,261.11,348.68,-2.7737843551797274,-1.0981595092024554,1.5801414260459634,-20.930000000000007,-24.509762711864393,-16.800383566028387,-32.2191418577004,-0.01454118,0.0017802090508474585,-0.01391826939698572,0.017478687498680638,0.0088186,0.0024811924662162185,-0.00813166676793455,0.013094051700366987,0.03982253,0.051584783006756556,0.0413948012840849,0.06177476472942821,-0.00049334,0.00337714,71.2,0.9,-0.631,0.18423129251700682,0.9820285292650597,-0.6135659442310459,19.2,0.651078735907606,0.16743797768949775,-0.14678918598149282,0.4816651413604883,0.164,18.0
2026-04-07,XLV,SEL SECTOR:H CARE SPDR,146.57,141.94,150.45,136.76,152.97,128.32,173.11,-1.158690176322417,-1.532812499999999,1.454246575342467,-4.6299999999999955,-4.004101694915248,-0.8406040305228517,-7.167599359307645,-0.0093256,-0.0012771554576271192,-0.01601343900038574,0.013459128085131503,-0.0193405,-0.00277047246621621,-0.02756124048368345,0.02202029555125103,-5.549e-05,-0.002527956148648637,-0.01317413505987451,0.008118222762577237,5.036e-05,-0.00712825,50.4,0.07,-1.233,0.06702380952380955,0.902260227043609,-0.7682126079959898,6.2,0.7101959609941288,0.1146777200838171,-0.24098819319044873,0.47034363335808294,0.1675,18.0
2026-04-07,BLDR,"BUILDERS FIRSTSOURCE, INC.",78.93,74.93,84.16,66.75,87.2,61.25,107.02,-1.0551724137931056,-1.4727932285368819,1.5888009049773744,-0.4099999999999966,-7.682169491525414,2.189483977679876,-17.553822960730706,-0.0364974,-0.014059219491525424,-0.04679043223156218,0.018671993248511334,-0.09803767,-0.021849721114864846,-0.06918910151121994,0.02548965928149025,-0.09269429,-0.017267308783783807,-0.0586977540078272,0.02416313644025959,0.00098815,-0.04742219,95.0,1.69,-1.331,-0.43912585034013607,0.5479194255206544,-1.4261711262009267,14.5,0.6891021103854926,0.05171973144236397,-0.2027527551022737,0.30619221798700164,0.164,18.0
2026-04-07,CANE,TEUCRIUM:SUGAR,9.87,9.87,10.87,9.33,11.43,8.56,11.44,5.058823529411774,2.888888888888894,1.1984732824427495,-0.5800000000000001,0.03264406779660998,0.43981256167250565,-0.37452442607928565,0.01348356,-0.0018206631864406768,-0.017206135830731432,0.013564809457850078,0.02726391,-0.009767455844594595,-0.0269109379522129,0.0073760262630237095,-0.02187796,-0.039491954763513484,-0.06291597128857811,-0.01606793823844886,-0.00333887,-0.00395382,93.1,1.73,0.038,-0.2195612244897958,0.744967743997442,-1.1840901929770336,72.0,0.3202740073036663,0.9269845140672729,0.09501203606705644,1.7589569920674895,0.17,18.0
2026-04-07,DHI,"D.R. HORTON, INC.",137.07,130.56,143.54,123.89,149.28,112.19,175.08,1.27124773960217,-1.079443079443078,1.5277331189710621,-5.460000000000008,-11.07986440677967,-3.7746452785013007,-18.38508353505804,-0.01256186,-0.001185877355932203,-0.02801920236293192,0.025647447651067516,-0.02458018,-0.003696299290540526,-0.04469903177795944,0.03730643319687838,-0.01495761,0.02254490141891892,0.003046866995308435,0.042042935842529404,0.00139108,-0.00609707,77.6,1.11,-0.809,-0.14472789115646256,0.7529563579134998,-1.0424121402264248,21.2,0.635229428523556,0.06366616734246248,-0.21480738826092977,0.34213972294585476,0.164,18.0
2026-04-07,DIA,SPDR DOW JONES INDUS AVG,465.88,446.94,477.08,425.96,488.52,408.97,532.84,-1.4044117647058811,-1.763250883392228,1.1765946230890894,-11.79000000000002,-14.13338983050846,-4.440478294329274,-23.826301366687645,-0.00662329,-0.0008465500677966101,-0.013839204003488937,0.012146103867895717,-0.0246754,-0.005817130033783807,-0.027176929244294348,0.015542669176726736,-0.00030262,0.005604200608108135,-0.004464485399292966,0.015672886615509238,0.00071665,-0.00592262,73.8,1.16,-0.611,0.1338333333333334,1.0081226475148135,-0.7404559808481467,12.9,0.5259281764681438,0.1488389049547023,-0.14127818846300738,0.438955998372412,0.164,18.0
2026-04-07,EWO,ISHARES:MSCI AUSTRIA,36.15,34.53,37.09,32.35,38.76,31.89,41.96,-1.1666666666666645,-1.4559386973180068,1.363849765258217,-2.6799999999999997,-2.2696949152542376,-1.0146055852324256,-3.5247842452760496,0.00829868,0.006012198135593217,-0.012565122799713235,0.02458951907089967,-0.00988022,0.01406523489864865,-0.0002707977290551701,0.02840126752635247,0.05619407,0.04422324442567585,0.031608376500887325,0.056838112350464376,0.00290612,-0.00100914,53.6,0.81,0.242,0.6595102040816327,1.7757783399208946,-0.45675793175762913,42.5,,,,,0.177,18.0
2026-04-07,LEN,LENNAR ,85.62,80.21,89.29,74.7,94.97,69.59,113.59,-1.7623762376237628,-1.1679144385026747,1.7448533998752338,-2.8999999999999915,-7.295389830508479,-0.8865117594395482,-13.70426790157741,-0.04147245,-0.006710516406779662,-0.034982786767211824,0.0215617539536525,-0.0641701,-0.01581048374999999,-0.053586531519672034,0.021965564019672052,-0.0597524,-0.0007620350675675821,-0.02564242659265622,0.024118356457521056,0.0003493,-0.02813644,92.9,1.98,-1.429,-0.29975170068027207,0.6469732934904435,-1.2464766948509878,12.9,0.4996222814930491,0.13376563707918482,-0.13758149606058634,0.405112770218956,0.164,18.0
2026-04-07,MAA,"MID-AMERICA APARTMENT COMMUNITIES, INC.",124.3,118.93,126.42,115.15,128.57,108.04,145.45,-1.6608996539792373,-2.142857142857143,1.300738007380074,-3.0,-6.0853559322033925,-2.130425943389585,-10.040285921017201,-0.01048877,-0.005296593186440676,-0.020820145735802934,0.010226959362921582,-0.03497592,-0.008589914290540542,-0.023895055017138414,0.00671522643605733,-0.00309922,0.0033622404054054118,-0.00386523591146438,0.010589716722275204,0.00253492,-0.00089356,76.8,1.12,-1.313,-0.3136292517006802,0.6346794612075137,-1.261937964608874,19.2,0.7292955542102852,0.23818890832258832,-0.1918896052794617,0.6682674219246383,0.164,18.0
2026-04-07,MKC,"MCCORMICK & COMPANY, INC.",51.02,45.08,50.96,41.52,57.37,41.25,69.37,-70.0000000000015,-1.4960629921259856,1.8781985670419648,-3.4499999999999957,-1.7623050847457615,0.9526805596847678,-4.477290729176291,-0.05919772,-0.006764182745762712,-0.030250801621469703,0.016722436129944278,-0.06221634,-0.013396124864864852,-0.029684287951915276,0.0028920382221855716,-0.02043375,-0.022278166148648578,-0.03664445598294236,-0.007911876314354796,0.0028735,-0.00061065,96.2,2.32,-1.908,-0.2858979591836735,0.616238452670482,-1.188034371037829,7.3,0.17192774792947785,0.005214026710645855,-0.2666096098154134,0.2770376632367051,0.1675,18.0
2026-04-07,UAL,"UNITED AIRLINES HOLDINGS, INC.",89.29,86.31,98.44,75.68,100.53,70.34,130.13,2.5838323353293373,-1.2108540925266909,2.1551451187335084,-13.209999999999994,-12.437627118644075,-4.963269744273599,-19.91198449301455,0.00671654,-0.003423564847457631,-0.045818740044737044,0.038971610349821786,-0.06483827,-0.01539459908783788,-0.08451127626246203,0.05372207808678627,0.05516304,0.05617207314189173,0.026748673129261845,0.08559547315452162,-0.00337635,-0.00846157,28.8,-0.79,-0.379,-0.032078231292517044,0.8957024543681166,-0.9598589169531507,25.2,0.6049865478275307,0.07984102155538442,-0.32437446217445964,0.4840565052852285,0.14875,17.0
2026-04-07,HCA,"HCA HEALTHCARE, INC.",489.58,439.69,481.47,431.75,524.89,415.42,620.98,-23.547738693467206,-1.6377796658170485,1.771844660194176,-52.44,-40.7564406779661,-17.213385954258097,-64.2994954016741,-0.04248097,0.006254413932203393,-0.01604578435768149,0.02855461222208828,0.00491776,0.014542501993243246,-0.006602705691578866,0.03568770967806536,0.06413577,0.04872856533783781,0.02707725123639932,0.07037987943927629,0.00641864,-0.001051,45.4,-0.49,-1.777,0.3438163265306123,1.2922780775313443,-0.6046454244701198,2.2,0.8486433687463208,0.15840165843695828,-0.23363347002309756,0.5504367868970141,0.1585,17.0
2026-04-07,ALB,ALBEMARLE ,173.53,167.12,193.89,162.62,205.91,130.98,239.5,2.2312423124231238,2.967919340054996,1.550411280846063,-24.47999999999999,-1.1939661016949177,11.57525862821444,-13.963190831604274,0.01383732,0.007486147355932193,-0.04245966261163562,0.0574319573235,0.06254547,0.0162463802027027,-0.07559524713948257,0.10808800754488795,0.03549439,-0.09400306364864844,-0.17767460387524311,-0.010331523422053762,-0.00062324,-0.0117285,15.7,-1.57,0.142,0.2753673469387754,1.133192357389457,-0.5824576635119062,37.9,0.4861573399849928,0.028237469123450598,-0.27752206811538943,0.3339970063622906,0.18575,16.0
2026-04-07,APA,APA ,42.96,40.54,47.52,40.57,52.31,28.48,56.51,2.2777777777777724,3.9121338912133887,-1.0686346863468636,-1.8999999999999986,0.1929152542372883,2.1278090294521337,-1.7419785209775571,0.07666946,0.004560644542372876,-0.040577786828672024,0.04969907591341778,0.13920232,0.002354831993243235,-0.0631256693124066,0.06783533329889307,0.01441266,-0.07904249672297285,-0.11519690422096582,-0.04288808922497989,-0.00124328,0.01604758,39.1,-0.73,2.559,0.3476734693877552,1.3130905248441413,-0.6177435860686311,96.2,0.6448634186241196,-0.000574013167915667,-0.24334845236550362,0.2422004260296723,0.18,16.0
2026-04-07,ECH,ISHARES:MSCI CHILE,39.7,38.26,41.36,34.78,43.77,34.89,48.79,1.281481481481478,-1.208845208845209,1.889812889812888,-4.489999999999995,-2.1347796610169487,0.061029706349947865,-4.330589028383845,-0.00529217,0.004628778711864407,-0.0174565855194661,0.026714142943194914,-0.02947394,0.01826511945945947,-0.003288583079585985,0.03981882199850492,0.06648686,0.024473895540540535,-0.002922782746176574,0.05187057382725764,-0.00069616,-0.00557801,10.1,-1.48,-0.04,0.5302210884353744,1.6524154749190474,-0.5919732980482986,39.5,0.3943109519667287,0.2731573282085173,-0.27551845350053134,0.821833109917566,0.18575,16.0
2026-04-07,MU,"MICRON TECHNOLOGY, INC.",377.58,302.15,392.49,296.46,442.01,269.24,587.81,-2.751515151515149,-1.2590408194940244,1.9404652021414068,-94.89000000000004,-36.884135593220336,5.717199897111229,-79.4854710835519,-0.06102773,0.018117509966101685,-0.03716316923901872,0.0733981891712221,0.01673111,0.04284123435810811,-0.038020270404005525,0.12370273912022176,0.12596924,0.0797793425675676,0.027315646320181297,0.1322430388149539,-0.00641094,-0.01769543,65.1,1.03,-0.154,0.6704081632653063,1.7668501735790831,-0.4260338470484706,22.0,0.18396350029994335,0.016288118935002257,-0.2514736212464947,0.2840498591164992,0.1425,16.0
2026-04-07,SDY,SPDR S&P DIVIDEND,145.63,141.73,148.37,136.76,155.15,133.88,166.04,-1.3680297397769554,1.0732807215332587,1.7370212765957445,-6.670000000000016,-4.527254237288133,-1.9014990974871728,-7.153009377089093,-0.01097106,-0.0006593734915254241,-0.013082768304470551,0.011764021321419703,0.00121946,-0.002077898243243255,-0.016397526052090126,0.012241729565603618,0.01666683,0.008069675439189178,0.0027170223368798646,0.013422328541498493,0.00015833,-0.00531665,64.1,0.49,-1.467,0.13544897959183666,1.1161251145560638,-0.8452271553723905,7.3,1.0109568628492158,0.21364051994856434,-0.1391553988784303,0.5664364387755589,0.1675,15.0
2026-04-07,AMCR,AMCOR PLC,39.04,37.34,41.63,34.11,44.92,33.38,51.21,1.5914634146341455,1.192697768762678,2.150176678445231,-3.3800000000000026,-1.4066779661016942,0.4985260996077645,-3.3118820318111526,-0.01787047,-0.00565992342372881,-0.029842825551515115,0.018522978704057495,-0.0096745,-0.007734247770270268,-0.03275668171861877,0.017288186178078233,0.00179858,-0.018101594121621656,-0.028434971012994473,-0.007768217230248838,-0.00055528,-0.0058844,73.6,1.15,-0.775,-0.1838061224489796,0.7342461375255271,-1.1018583824234862,25.2,0.24186790268057412,0.45777692298810346,-0.5760354340457567,1.4915892800219637,0.1575,15.0
2026-04-07,CCI,CROWN CASTLE INC.,84.91,76.39,88.48,73.51,93.38,68.5,98.99,-1.4089147286821706,-1.3459268004722542,-1.1654829545454544,-0.9200000000000017,-2.000847457627119,1.6587683767034407,-5.660463291957679,-0.00822834,-0.002167688644067798,-0.02174147494809636,0.017406097659960765,-0.03614073,-0.002493914222972971,-0.031105736395505224,0.026117907949559285,-0.02767822,-0.027647650000000072,-0.0447523145649906,-0.010542985435009544,0.00298134,0.00604788,84.3,1.49,-0.608,-0.14834353741496598,0.66956964068127,-0.966256715511202,32.5,0.0023017692930891176,0.0957498180597967,-0.24113936637869182,0.43263900249828524,0.1385,15.0
2026-04-07,CVS,CVS HEALTH ,78.22,68.7,74.63,64.97,80.28,59.2,92.33,,-6.432038834951449,-1.3479801559177886,4.280000000000001,-0.7485423728813532,2.276334907600278,-3.773419653362984,-0.00551739,0.0036280256610169512,-0.02099535147921964,0.028251402801253545,-0.03297095,0.010725698243243223,-0.024749328245757908,0.046200724732244354,-0.03540529,-0.03782158942567584,-0.0501938238137536,-0.025449355037598077,0.01463869,0.01324436,95.8,1.82,-0.038,0.28713265306122415,1.2656774140391298,-0.6914121079166814,47.0,0.2410717898476764,0.2354082601059312,-0.32224054135630076,0.7930570615681631,0.1425,15.0
2026-04-07,CVX,CHEVRON ,201.54,190.99,215.87,192.17,226.62,169.04,244.67,1.0480000000000018,2.6766275346851653,1.327076923076923,-21.29000000000002,-6.535186440677963,-0.37961848256960096,-12.690754398786325,0.01105631,0.00464774854237288,-0.019252552951799597,0.028548050036545355,0.05991223,0.009013626824324323,-0.021053786180434783,0.03908103982908343,0.03792653,0.006483531891891898,-0.010130846730832165,0.02309791051461596,-0.0017113,-0.00896605,90.7,1.72,0.777,0.3172823129251699,1.152276877841832,-0.5177122519914921,69.6,0.32749352927802766,0.08214442625285368,-0.17774515284113862,0.34203400534684597,0.17,15.0
2026-04-07,EFNL,ISHARES:MSCI FINLAND,50.39,48.03,51.61,45.84,52.81,45.71,55.49,-1.3333333333333304,-1.8801652892561957,1.08974358974359,-2.3599999999999994,-1.8768135593220323,-0.42637847945669916,-3.3272486391873652,0.00361739,0.002309403118644068,-0.01705686715339305,0.021675673390681188,-0.01248831,-0.0006958713851351336,-0.021096995285050105,0.01970525251477984,0.03455878,0.01363643070945945,-0.004244056838285678,0.031516918257204575,-9.295e-05,-0.00191096,73.2,1.2,0.409,0.5815306122448982,1.519769408239201,-0.3567081837494046,47.4,,,,,0.177,15.0
2026-04-07,FRT,FEDERAL REALTY INVESTMENT TRUST,107.08,102.57,109.57,101.12,113.29,91.3,120.54,-1.3832116788321165,1.0419463087248346,-1.1723625557206532,0.9699999999999989,-1.257661016949151,2.0444116603752436,-4.559733694273545,0.00287585,-0.0026559620338983034,-0.018130851623866413,0.012818927556069807,0.01728106,-0.013359203344594625,-0.038359190375893054,0.011640783686703805,-0.02465877,-0.024203568581081053,-0.0344632172140025,-0.013943919948159609,0.00077754,0.00262611,61.1,0.43,0.039,-0.01955442176870757,0.7283431653262298,-0.767452008863645,53.4,0.45762635424259623,0.11860804637008555,-0.20427446341678218,0.44149055615695326,0.1385,15.0
2026-04-07,KHC,THE KRAFT HEINZ COMPANY,23.18,21.5,23.63,20.87,24.77,18.44,26.42,-1.7317073170731678,-1.4528301886792445,-1.4629629629629617,0.9499999999999993,0.04630508474576246,0.8097565042034884,-0.7171463347119635,0.00457581,-0.007272819864406778,-0.02232201077217272,0.007776371043359165,-0.0041297,-0.01654541172297297,-0.03273816576616452,-0.00035265767978141793,-0.06346342,-0.048059571283783624,-0.055891548374239444,-0.040227594193327804,0.00551788,0.01227319,97.0,2.19,-0.628,-0.3527176870748299,0.3423526277516585,-1.0477880019013184,37.5,0.021464349275407857,0.08845753519610008,-0.2695742979680066,0.4464893683602068,0.1425,15.0
2026-04-07,SLV,ISHARES:SILVER TRUST,65.94,59.52,69.69,54.8,80.02,57.33,100.84,-2.050445103857563,1.2639138240574503,4.053426248548201,-25.36,-11.513525423728817,2.7439723213484033,-25.77102316880604,-0.05833786,0.012685877389830517,-0.028524687781380616,0.053896442561041646,0.02736616,0.04998824527027025,-0.004669420008096149,0.10464591054863664,0.21279227,0.1184057909459458,0.05015948568748903,0.1866520962044026,0.00333577,-0.00677201,25.0,-0.82,-1.034,0.6834319727891156,1.6703346156138905,-0.3034706700356593,3.0,0.35770186695994477,0.13223653916318417,-0.18178873461547918,0.4462618129418475,0.151,14.0
2026-04-07,UNG,UNITED STATES NAT GAS,11.55,10.89,11.86,10.01,13.76,9.22,15.03,-2.576923076923079,1.4350649350649336,1.493562231759656,-0.5199999999999996,-0.3698305084745763,0.9392600148987293,-1.678921031847882,-0.02469695,-0.006035523762711865,-0.047446695974361686,0.03537564844893795,0.02282494,0.004278213614864862,-0.05224243362921963,0.06079886085894936,-0.01847219,-0.05275558608108105,-0.07400608647680965,-0.031505085685352464,0.0038989,0.01659878,6.5,-1.91,-0.532,-0.17867687074829938,0.598492830835905,-0.9558465723325038,40.3,-0.0791952759889718,0.15924576447302352,-0.3200857926832384,0.6385773216292854,0.1545,14.0
2026-04-07,CEG,CONSTELLATION ENERGY,272.58,253.06,290.38,234.48,318.7,217.56,393.08,-1.3195342820181066,1.2104986876640422,2.190112686295893,-45.02000000000004,-61.995288135593235,-37.50109917108695,-86.48947710009952,-0.03820928,-0.0029603754237288076,-0.049924395192798246,0.044003644345340626,-0.04590594,-0.006037652094594593,-0.06359667281701963,0.051521368627830445,0.02882279,0.11637360320945982,0.08406902413664205,0.14867818228227758,-0.00033541,-0.00029523,63.9,0.65,-1.104,0.006231292517006808,1.0400534798015866,-1.0275908947675731,11.7,0.14365239241948724,0.03031427807638889,-0.2602012022325225,0.32082975838530026,0.129,14.0
2026-04-07,EWM,ISHARES:MSCI MALAYSIA,28.01,27.23,29.16,26.02,30.66,25.39,33.01,1.204819277108431,1.3316582914572843,1.9083969465648833,-2.34,-1.2325084745762713,-0.5993564855132439,-1.8656604636392986,-0.01027077,0.0013303303389830515,-0.011608975071281781,0.014269635749247883,0.00628505,0.008771028952702709,-0.010904534284461538,0.028446592189866955,0.03324304,0.022543382871621644,0.013270990329702333,0.031815775413540956,-0.00223283,-0.00094723,74.4,0.93,-0.214,0.25235374149659867,1.048720009492458,-0.5440125264992608,27.2,1.0234797117852321,0.7403606566072941,-0.45808969098294205,1.9388110041975302,0.1425,14.0
2026-04-07,HSY,THE HERSHEY COMPANY,206.98,195.54,212.75,189.53,236.08,177.39,258.11,-2.814814814814801,1.6676217765043004,1.7279486312943568,-15.850000000000023,-4.011999999999997,4.705072996863862,-12.729072996863856,-0.01884449,0.004075196881355935,-0.02063733773944811,0.02878773150215998,0.0420751,0.013028808479729722,-0.01337211125132567,0.039429728210785116,0.0229561,-0.0219908940202703,-0.04580857972342904,0.001826791682888438,-0.00079545,-0.00237232,91.5,1.64,-1.095,0.16871428571428573,1.1225756174984385,-0.7851470460698671,9.7,0.5273042139981761,0.028142625644177847,-0.2362526831618318,0.2925379344501875,0.15125,14.0
2026-04-07,LII,LENNOX INTERNATIONAL INC.,450.65,428.15,481.59,401.72,495.93,386.23,606.79,1.1500000000000024,-1.0806095406360405,2.4237814343371635,-52.879999999999995,-65.80033898305082,-36.193481521843665,-95.40719644425798,-0.02514621,-0.006359846305084745,-0.03013211993789053,0.017412427327721042,-0.03293052,-0.004420712263513518,-0.0330538915139064,0.024212466986879365,0.02237522,0.058785783986486324,0.03440566524377101,0.08316590272920163,0.00077375,-0.01463718,71.4,1.1,-1.14,-0.18638775510204084,0.6023824627950091,-0.9751579729990908,12.1,0.0848915053370447,0.037899264216034595,-0.23890237825500218,0.3147009066870714,0.129,14.0
2026-04-07,MMM,3M COMPANY,144.35,137.86,148.8,128.39,153.12,127.08,183.62,-1.4180138568129257,-1.8198403648802723,2.2738853503184724,-16.830000000000013,-19.735864406779665,-14.255453604058214,-25.216275209501116,-0.01723629,-0.0019795274237288138,-0.02483615950612096,0.020877104658663333,-0.05606222,0.0018741238513513467,-0.02828363118797319,0.03203187889067588,0.06243995,0.07308263027027019,0.0650257193999571,0.08113954114058328,0.00121739,-0.00569712,60.9,0.08,-0.651,-0.010027210884353752,0.7918263793329705,-0.811880801101678,20.4,0.5039013308357756,0.060677492873659485,-0.2863262796769248,0.40768126542424377,0.129,14.0
2026-04-07,PNR,PENTAIR PUBLIC LIMITED COMPANY,87.06,82.91,88.96,75.92,92.7,73.22,106.01,-2.342857142857148,-1.975177304964539,1.3692196531791907,-2.0999999999999943,-8.194847457627118,-4.538853512288538,-11.850841402965697,-0.0140248,-0.006454841932203391,-0.029287386911813967,0.016377703047407186,-0.05374252,-0.01571293962837838,-0.044796070566867296,0.013370191310110538,-0.00988441,0.03125475976351351,0.013119985400815576,0.04938953412621144,0.00064063,0.00522683,58.3,0.22,-0.852,-0.24052721088435366,0.6960335464389845,-1.1770879682076918,14.1,0.5615204242678673,0.11055624646113016,-0.3317365404959255,0.5528490334181858,0.118,13.0
2026-04-07,PSX,PHILLIPS 66,174.7,170.08,189.14,168.11,202.0,141.47,212.68,1.6652421652421692,4.142640364188181,1.1429431236834195,-11.310000000000002,-4.665084745762711,1.852835077257848,-11.183004568783272,0.00609122,0.00558607681355932,-0.025483762972636947,0.03665591659975559,0.06857441,0.011531266959459453,-0.0252431704832691,0.04830570440218801,-0.0113064,-0.008154496283783765,-0.022526836532139473,0.006217843964571942,-0.00448028,-0.01490746,86.5,1.44,0.679,0.3622891156462586,1.1641092345991177,-0.4395310033066006,60.9,-0.2993425092834898,0.032806555739296944,-0.21115182197175314,0.27676493345034703,0.117,13.0
2026-04-07,RVTY,"REVVITY, INC.",87.79,84.38,92.3,76.83,95.82,73.38,108.59,1.3757961783439465,-1.3648816936488202,1.4434420541290758,-3.029999999999987,-2.8066440677966122,2.0510082786007304,-7.664296414193955,0.00752678,-0.006977194542372878,-0.036348212474423755,0.022393823389678002,-0.03581678,-0.008847923006756747,-0.04488275285197152,0.027186906838458022,-0.00811226,-0.03347860530405394,-0.061865286285724644,-0.005091924322383246,0.00108009,-0.01340686,3.4,-2.46,-0.567,-0.18587074829931974,0.6314405957222425,-1.003182092320882,34.3,0.6183907173008503,0.03521528520332978,-0.2547496707979655,0.3251802412046251,0.127,13.0
2026-04-07,TXN,TEXAS INSTRUMENTS INC.,199.74,186.36,202.39,175.84,215.84,160.47,244.61,-2.5241228070175468,-1.484472049689442,1.1426024955436718,-6.409999999999997,-9.74406779661017,0.3983499870738232,-19.886485580294163,-0.00125403,-0.0014138433898305078,-0.03759237292887763,0.03476468614921662,0.00364843,-0.002308574864864862,-0.04293526973729791,0.038318120007568186,0.01404904,-0.0012516367905405458,-0.014783160335772302,0.012279886754691213,0.0030304,-0.00802864,72.0,1.05,0.166,0.0042721088435374805,1.1344016858645327,-1.1258574681774576,51.4,0.7233315332873478,0.04655771491654054,-0.36254065707586475,0.4556560869089458,0.142,13.0
2026-04-07,VNM,VANECK:VIETNAM,17.31,16.62,18.18,15.61,18.35,14.96,20.77,1.268656716417916,-1.6346153846153797,1.4723404255319166,-1.0899999999999999,-0.6842033898305081,0.06793457830946115,-1.4363413579704774,0.00251181,0.004079641966101694,-0.020798632602171664,0.02895791653437505,-0.03664446,0.004960131621621638,-0.029996720789452636,0.03991698403269591,0.02239462,0.007128337263513521,-0.009913184809868355,0.0241698593368954,-0.00133047,-0.00364446,43.5,0.09,0.019,0.4665680272108843,1.532164266499413,-0.5990282120776445,39.5,0.6646749999283774,0.42813178888358305,-0.11549652733585891,0.971760105103025,0.12075,13.0
2026-04-07,ABBV,ABBVIE INC.,206.37,198.18,224.15,189.94,223.9,176.58,266.77,1.2089300758213974,1.0669506999391354,2.027526015441423,-26.689999999999998,-15.017864406779669,-6.923207406366306,-23.112521407193032,-0.02540053,0.0022918910847457663,-0.02299216946078045,0.027575951630271982,-0.03292356,0.007465411047297301,-0.018546631098683042,0.03347745319327764,0.02050662,0.02835629081081091,0.016992222071154896,0.039720359550466926,-0.00353331,-0.00392895,61.9,0.69,-1.305,0.25403741496598625,1.2346963259127195,-0.7266214959807469,7.7,0.42352501442487833,0.07381873826394154,-0.2471378811430776,0.39477535767096067,0.11625,13.0
2026-04-07,APTV,APTIV PLC,58.22,56.19,66.51,51.67,69.0,48.76,78.89,1.2085201793721971,1.645801526717558,2.1849894291754755,-9.400000000000006,0.5829152542372895,4.5650533891400435,-3.399222880665465,-0.05845436,-0.000917404610169489,-0.03348429561890548,0.031649486398566504,-0.07280424,0.007241199324324323,-0.023405162186612885,0.03788756083526153,-0.03799661,-0.05927766567567585,-0.0827597928327447,-0.03579553851860699,-0.00853578,-0.05023314,91.1,1.95,-1.587,0.10407823129251716,1.1223123937319024,-0.914155931146868,5.4,0.12949477132417786,0.15276210244105773,-0.27057273348430033,0.5760969383664158,0.11625,13.0
2026-04-07,AVGO,BROADCOM INC.,333.97,289.81,319.86,276.93,339.98,259.66,431.64,,-9.490848585690534,1.314358767326066,-31.849999999999966,-62.322711864406784,-37.90076025295824,-86.74466347585533,-0.01628652,0.001389212915254236,-0.03488559558012715,0.03766402141063562,-0.03525784,0.009673121418918901,-0.056258374620604214,0.07560461745844202,0.09747317,0.13094413891891896,0.10698971773328464,0.15489856010455327,0.0162953,0.00970802,95.0,1.96,-0.285,0.24007482993197277,1.1176368700824748,-0.6374872102185294,23.6,0.2909142170565937,0.03766545331954299,-0.29494898567870464,0.3702798923177907,0.118,13.0
2026-04-07,DVN,DEVON ENERGY ,49.95,47.04,53.68,47.69,57.1,37.66,59.83,1.1781818181818162,3.1637168141592844,-1.243927125506074,-0.7299999999999969,0.9311864406779651,2.820581733877665,-0.9582088525217349,0.02373032,0.003368347627118643,-0.027701305533314437,0.03443800078755172,0.08363106,0.002891309898648642,-0.03392709735312904,0.03970971715042633,-0.03677468,-0.07836946753378364,-0.10010822922421647,-0.056630705843350816,-0.00157972,0.01737867,67.3,0.52,1.257,0.30543197278911566,1.1286127431431956,-0.5177487975649644,83.9,0.5471202497577781,0.042780761274539184,-0.2222691621522892,0.30783068470136754,0.1425,13.0
2026-04-07,EOG,"EOG RESOURCES, INC.",144.23,135.87,155.8,137.74,165.44,113.69,174.0,1.3059418457648568,3.2681047765793636,-1.025864964729593,-8.700000000000017,-4.226000000000003,0.8705048314112895,-9.322504831411294,0.02839106,-0.0004146292881355915,-0.024253158487708287,0.023423899911437104,0.08502611,-0.007237539121621608,-0.0391240275248091,0.024648949281565878,0.00800418,-0.009905623141891907,-0.02390051309024587,0.00408926680646206,-0.00040739,0.01642032,56.9,0.52,1.1,0.04528571428571432,0.951399830613715,-0.8608284020422865,82.1,0.4222958096303555,0.18364887995613427,-0.10846294879361157,0.4757607087058801,0.1425,13.0
2026-04-07,OEF,ISHARES:S&P 100,322.2,304.42,328.9,288.12,339.17,280.12,368.95,-2.026184538653357,-2.008249852681198,1.1109790874524719,-14.100000000000023,-18.384101694915252,-9.784656107472319,-26.983547282358185,-0.01361806,-0.0012511828135593221,-0.016557015966987627,0.014054650339868982,-0.02913606,-0.0010893573310810762,-0.024270763538247347,0.022092048876085197,0.00814983,0.025165871351351406,0.013234699186403515,0.0370970435162993,0.00144298,-0.00920978,87.1,1.59,-0.692,0.22786734693877564,1.1786748065995216,-0.7229401127219703,10.1,0.46547638867983965,0.1519145117807492,-0.2326913073615046,0.536520330923003,0.114,12.0
2026-04-07,PAYC,"PAYCOM SOFTWARE, INC.",124.22,113.84,127.69,103.31,132.58,91.69,157.92,-2.2816537467700226,-2.5011961722487994,1.035966799877036,3.289999999999992,-2.4283389830508484,7.193064326935021,-12.049742293036717,-0.0141302,-0.013555419966101693,-0.04519239175958215,0.01808155182737877,-0.09258294,-0.04268000283783777,-0.0884807492557443,0.003120743580068752,-0.07037122,-0.04428711111486472,-0.06029638082279097,-0.028277841406938464,0.00537511,0.00577418,23.6,-1.17,-0.969,-0.40213265306122453,0.48020736681249326,-1.2844726729349423,34.7,0.5893421541992365,0.19228866890303517,-0.2290689787953716,0.613646316601442,0.116,12.0
2026-04-07,PODD,INSULET ,202.46,193.77,211.8,185.07,211.63,174.53,273.75,-1.3162729658792645,-1.8964013086150533,2.552452559971356,-28.370000000000005,-17.5635593220339,4.196477705457472,-39.323596349525275,-0.04028802,-0.006761512033898304,-0.03943824603074309,0.02591522196294648,-0.07025988,-0.009319468378378376,-0.037954452077393994,0.019315515320637244,0.03068812,0.004553262905405413,-0.04309869653388519,0.05220522234469602,0.00280475,-0.01221513,35.9,-0.23,-1.727,-0.31416326530612243,0.6372660100928584,-1.2655925407051032,4.2,0.4297378451521998,0.32185928973362754,-0.24361796723259177,0.8873365466998469,0.1075,12.0
2026-04-07,PSKY,PARAMOUNT SKYDANCE ,10.9,8.51,10.02,7.93,12.29,7.41,14.89,,-2.1366906474820166,1.143266475644699,0.7000000000000011,-0.6350508474576272,0.7370332893059034,-2.0071349842211577,0.01842221,1.9937322033890835e-05,-0.042296045937634454,0.042335920581702234,0.02831812,0.003618582635135141,-0.04368007868539814,0.05091724395566842,-0.00627427,-0.03141917608108111,-0.07818000261776473,0.015341650455602505,0.03331422,0.03323046,33.1,-0.94,-0.165,-0.17945918367346933,0.8880284844222952,-1.246946851769234,51.4,0.25345775576459184,0.2602321651367503,-0.4952301774400619,1.0156945077135626,0.116,12.0
2026-04-07,QQQ,INVESCO QQQ TRUST 1,588.59,553.5,600.36,524.96,618.04,497.08,691.75,-2.0878467635402935,-2.160611205432942,1.1273084908753133,-24.279999999999973,-35.79647457627118,-18.070806273473288,-53.52214287906907,-0.01271042,-0.0009320215932203386,-0.017905581277746628,0.01604153809130595,-0.02920502,-0.003124600777027028,-0.030223165825232,0.023973964271177945,0.01317872,0.02965928672297308,0.016431802682103765,0.0428867707638424,0.00131985,-0.00922631,85.1,1.42,-0.56,0.26057482993197273,1.18582457179903,-0.6646749119350843,12.5,0.5350684496154603,0.22317829610665932,-0.16486656587132367,0.6112231580846423,0.114,12.0
2026-04-07,SHY,ISHARES:1-3 TRS BD ETF,82.34,81.48,83.24,78.64,85.48,78.03,87.49,-1.1084337349397633,-1.1783439490445866,1.1948955916473292,-1.4099999999999966,-1.572881355932205,-1.2836985356216257,-1.8620641762427843,-0.00076182,-9.028627118644057e-05,-0.00225341891883462,0.0020728463764617387,-0.00972491,0.005893631993243248,-0.0004623722103818612,0.012249636196868356,0.00450999,0.006026755641891861,0.004281140731700138,0.0077723705520835835,-8.36e-06,-0.00026807,69.2,0.85,-1.253,-0.5894115646258499,-0.07301143270482136,-1.1058116965468785,14.1,0.16769505775261728,1.3189460662022519,-0.5996195842108099,3.2375117166153133,0.114,12.0
2026-04-07,SPHB,INVESCO S&P500 HI BE,117.81,111.13,120.22,107.94,121.41,100.84,134.92,-2.0410958904109604,-2.7416666666666725,1.0082498526812014,-3.75,-4.053864406779664,-0.41541170311701725,-7.6923171104423105,-0.01149263,0.00015288386440678078,-0.02286837052628562,0.023174138255099185,-0.01960752,-0.00020532807432430987,-0.03645293403120409,0.03604227788255547,0.00248915,0.0049831932770270215,-0.006219932508091832,0.016186319062145876,0.00066499,-0.01094736,62.1,0.54,-0.307,0.34468367346938783,1.279622793937497,-0.5902554469987211,17.3,0.5521009908051595,0.1155420525717161,-0.14981990714699508,0.38090401229042725,0.114,12.0
2026-04-07,SPY,SPDR S&P 500 ETF,659.22,626.14,671.91,588.09,701.17,563.96,760.6,-1.8927011852776097,-1.6955899880810514,1.0642452235985724,-16.43999999999994,-26.014610169491515,-10.003332709996602,-42.025887628986425,-0.01048415,-0.001267949050847457,-0.015868235613805536,0.013332337512110623,-0.02299996,-0.002818481249999991,-0.023204485994740717,0.017567523494740736,-0.00147143,0.01427179226351354,0.002270549883801872,0.026273034643225206,0.00123988,-0.00820574,84.3,1.47,-0.6,0.2408469387755103,1.133934370549491,-0.6522404929984705,10.9,0.5193336303839462,0.2340820510490716,-0.13773468944134637,0.6058987915394896,0.114,12.0
2026-04-07,XLK,SEL SECTOR:TECH SPDR,137.43,127.02,139.23,122.33,139.7,112.18,161.47,-2.8746081504702263,-6.651982378854683,-1.0503327787021635,-4.2099999999999795,-7.593288135593217,-3.0033072134460346,-12.1832690577404,-0.01352331,-0.0010894674237288142,-0.021502946454907957,0.01932401160745033,-0.04264349,-0.004648013648648627,-0.03630097165156214,0.027004944354264884,0.00616273,0.021711278310810822,0.008285308981097403,0.03513724764052424,0.00217544,-0.01154497,82.1,1.28,-0.257,0.28594217687074847,1.2458441307963533,-0.6739597770548562,24.4,0.5589670017779176,0.12635992522357054,-0.1936796012281869,0.44639945167532796,0.1115,12.0
2026-04-07,AIG,"AMERICAN INTERNATIONAL GROUP, INC.",76.17,72.58,77.32,69.65,81.28,64.97,89.89,-1.956250000000004,-1.275929549902152,1.2249999999999996,-1.789999999999992,-5.590067796610171,-2.4255115367344513,-8.754624056485891,-0.00744802,-0.000967526847457627,-0.0230732456665762,0.021138191971660943,-0.00224737,-0.002182883108108108,-0.018407286477031194,0.014041520260814977,0.00113987,0.02813387881756766,0.0127278440536607,0.04353991358147462,0.00201132,0.02941573,37.1,-0.52,-0.375,-0.011557823129251757,0.9165885598563043,-0.9397042061148079,41.1,0.4976436116987246,0.07367752809852085,-0.1899855009523565,0.3373405571493982,0.12,12.0
2026-04-07,BA,THE BOEING COMPANY,210.0,189.98,217.6,178.54,225.9,164.23,255.98,-1.4001759014951611,-1.9786163522012576,1.004588158182215,-1.5800000000000125,-1.9891186440677957,8.960393253053253,-12.938630541188845,-0.00625217,0.0011797032203389856,-0.03221824713421633,0.034577653574894306,-0.03341797,-0.0036367356756756833,-0.04433016676244725,0.03705669541109588,-0.0301606,-0.03456452148648652,-0.046229451360941795,-0.022899591612031246,0.00296666,-0.00848867,72.4,1.17,-0.609,0.13913605442176855,1.3380132944743603,-1.0597411856308232,28.0,0.21511422439854644,0.046753042556888155,-0.25275213452696005,0.3462582196407364,0.114,12.0
2026-04-07,CL,COLGATE-PALMOLIVE COMPANY,83.13,81.61,86.91,78.66,93.24,72.59,107.13,2.011560693641633,2.2617449664429534,2.277039848197345,-6.670000000000002,-4.824949152542374,-2.0318754949763194,-7.61802281010843,-0.01898399,-0.000659610101694914,-0.01798880065764117,0.01666958045425134,0.0229541,0.004793005709459448,-0.019552339788335937,0.029138351207254835,0.01065933,0.0189151334797297,0.012747731715933895,0.02508253524352551,-0.00110653,-0.00018837,7.7,-1.63,-1.9,-0.15393197278911563,0.7885829307956348,-1.0964468763738662,3.8,0.451439195503766,0.08220999420280478,-0.28981367784625045,0.45423366625186,0.1075,12.0
2026-04-07,CMBT,CMB.TECH NV,12.6,12.19,13.36,11.71,14.5,9.9,16.54,2.6666666666666683,2.1348314606741607,1.4592592592592595,-0.3200000000000003,0.18528813559322024,0.8010199619605227,-0.4304436907740823,0.01445741,0.0007907150508474595,-0.030806199093891918,0.03238762919558684,0.04120367,0.0006519741891891704,-0.045391013990026985,0.04669496236840533,-0.02984711,-0.080757313445946,-0.10198298667585196,-0.059531640216040044,0.00514803,-0.02265743,44.6,-0.24,-0.432,0.03234693877551019,0.8952548936631355,-0.8305610161121151,24.8,0.2966681830928173,0.3314613743577284,-0.22460714804847026,0.887529896763927,0.13375,12.0
2026-04-07,DVA,DAVITA INC.,149.7,142.68,156.12,128.75,192.33,126.71,181.31,-1.3783783783783714,2.0348448687350857,1.3749456285341461,-9.920000000000016,-10.160338983050844,-2.5564683776276187,-17.764209588474067,-0.01234745,-0.0013930031186440712,-0.037727413210027635,0.034941406972739494,0.10833577,-0.00357621858108105,-0.053978335179949904,0.046825898017787804,0.00895407,0.02483553766891883,0.010230043767546049,0.039441031570291614,0.00092894,0.00123392,52.6,-0.16,-0.299,-0.2152823129251704,0.6187790478118534,-1.0493436736621942,55.4,0.7643211000002121,0.2520793794930295,-0.24983052637973746,0.7539892853657965,0.116,12.0
2026-04-07,GEN,GEN DIGITAL INC.,19.18,17.16,19.84,16.58,19.79,15.66,23.92,-2.3846153846153806,-4.26229508196722,1.3465909090909098,-0.8399999999999999,-1.5287796610169495,-0.5195003318861242,-2.538058990147775,-0.03528017,-0.009428738983050848,-0.033411236530004655,0.014553758563902959,-0.08047064,-0.020186079290540535,-0.053060314805557396,0.012688156224476329,-0.02674932,0.005590443986486418,-0.01220423565947857,0.023385123632451404,0.00375284,-0.00292782,63.1,0.77,-1.662,-0.33656802721088436,0.5846629605979097,-1.2577990150196785,11.3,0.36394534592136263,0.25437396685682667,-0.28904591942266167,0.797793853136315,0.114,12.0
2026-04-07,GIS,"GENERAL MILLS, INC.",36.8,35.19,38.29,33.23,40.02,30.56,46.21,1.1575342465753506,-1.108695652173911,1.5080128205128214,-0.1700000000000017,-0.49444067796610214,1.049589390640544,-2.0384707465727483,-0.02093783,-0.008905988135593216,-0.02665402760127876,0.00884205133009233,-0.03557106,-0.019059183918918903,-0.0351735642492525,-0.0029448035885853083,-0.06543061,-0.03969375790540546,-0.051256605978812694,-0.028130909831998233,0.00712315,0.01938525,45.4,-0.64,-2.358,-0.5017789115646261,0.257561898817273,-1.261119721946525,4.2,0.5442585472137498,0.19746741142168645,-0.220915226522792,0.6158500493661649,0.1215,12.0
2026-04-07,GWW,"W.W. GRAINGER, INC.",1108.15,1047.02,1153.42,1014.98,1231.72,936.75,1320.95,1.0455585604326985,1.3262852849629692,1.2415402567094507,-47.73000000000002,-87.35596610169493,-45.374228733550844,-129.33770346983903,0.01030333,-0.002336746847457629,-0.021777897067368088,0.01710440337245283,0.04671444,0.00046786989864866334,-0.03139905910624156,0.03233479890353889,0.01927072,0.043161233310810995,0.023344927996845052,0.06297753862477694,0.00425983,0.00261562,36.5,-0.78,-0.162,-0.1090374149659864,0.7587226307199496,-0.9767974606519224,43.1,0.5147393227520503,0.04692232150394118,-0.25232769228875784,0.34617233529664015,0.116,12.0
2026-04-07,IR,INGERSOLL RAND INC.,79.55,74.62,81.61,69.36,87.51,66.35,100.1,-2.8035714285714133,-1.2801507537688426,1.5568181818181812,-3.1899999999999977,-5.206440677966096,-1.4199639520877252,-8.992917403844467,-0.02076281,-0.005009326881355936,-0.03151484832038106,0.021496194557669185,-0.01532244,-0.014439213513513549,-0.051321919296155365,0.022443492269128264,-0.01322947,0.013049355000000061,-0.0046275441351222545,0.030726254135122377,1.576e-05,-0.00973787,64.9,0.79,-0.935,-0.06719387755102042,0.8001936990357064,-0.9345814541377473,14.1,0.2571400651422142,0.01239427601826073,-0.2860213109840998,0.3108098630206212,0.114,12.0
2026-04-07,IWD,ISHARES:RUSS 1000 VL ETF,216.68,208.47,219.56,197.96,230.45,193.2,241.6,-1.8548812664907695,-1.3594771241830081,1.0613287904599646,-3.8100000000000023,-5.9310847457627105,-1.655313083346642,-10.20685640817878,-0.0043178,-0.0003754568135593217,-0.01307275869799211,0.012321845070873466,-0.00666651,-0.003434197668918924,-0.021996167495853588,0.01512777215801574,0.00105062,0.005485236452702723,-0.00396993306787104,0.014940405973276484,0.00099516,-0.00775485,69.0,0.94,-0.319,0.24447278911564607,1.0422123586236072,-0.553266780392315,20.4,0.8268504741800682,0.19830103112584166,-0.11797007790197858,0.5145721401536619,0.114,12.0
2026-04-07,IWF,ISHARES:RUSS 1000 GR ETF,431.97,407.81,440.07,386.46,447.34,362.75,512.83,-2.2520325203252116,-2.960962914769044,1.1681594914764517,-17.45999999999998,-28.34091525423727,-15.293287996738808,-41.388542511735736,-0.01607009,-0.0020909584067796607,-0.019576003825284426,0.015394087011725103,-0.0420467,-0.005313482770270274,-0.03269861204005326,0.02207164649951271,0.00917322,0.03128529226351336,0.01873089274190434,0.043839691785122384,0.00134467,-0.01197301,87.9,1.55,-0.741,0.15488435374149645,1.1120835745701818,-0.8023148670871888,12.5,0.42902228463755954,0.19330067700943473,-0.14626457527221906,0.5328659292910886,0.114,12.0
2026-04-07,LQD,ISHARES:IBOXX $IG CORP,109.07,107.22,110.42,101.94,114.47,98.31,121.32,-1.4265734265734142,-1.3203703703703682,1.1384758364312277,-1.9100000000000108,-2.280169491525426,-1.1275261356391444,-3.4328128474117077,-0.00130825,-0.0005259571864406775,-0.006088036510340347,0.005036122137458992,-0.01333619,-0.005410654527027028,-0.01383146566975925,0.0030101566157051925,0.00369145,0.0022556427702702686,-0.0022309154362922692,0.006742200976832806,-8.156e-05,0.00017836,77.0,1.11,-0.709,-0.0743537414965986,0.5950367948418956,-0.7437442778350928,18.8,0.4179878180482959,0.9100277114131349,0.07222724896326072,1.747828173863009,0.114,12.0
2026-04-07,NORW,GLBL X MSCI NORWAY ETF,38.59,36.34,39.96,36.03,41.82,33.16,43.18,-1.4520547945205573,1.2617187499999976,-1.1830065359477149,-2.1499999999999986,-1.3096610169491538,-0.3731710329440824,-2.2461510009542254,0.01366671,0.006086135966101696,-0.010412760108721867,0.02258503204092526,0.05034139,0.012792778108108116,-0.004717012325240256,0.030302568541456486,0.03982965,0.015248307466216223,0.004562000116526117,0.02593461481590633,-0.00018621,0.00378399,73.2,1.1,1.069,0.5882074829931975,1.5441161787479654,-0.3677012127615704,63.7,,,,,0.1245,11.0
2026-04-07,PG,THE PROCTER & GAMBLE COMPANY,141.3,137.38,146.72,134.41,154.52,124.29,179.82,1.125284738040998,1.9187227866473107,2.264550264550263,-10.839999999999975,-5.872101694915258,-1.6113230872703506,-10.132880302560164,-0.02120786,-0.0028922104067796613,-0.016682574327959186,0.010898153514399864,0.01473657,-0.0026138879729729744,-0.013156433774520727,0.007928657828574777,0.01485641,0.0013267015540540537,-0.004834419352947627,0.007487822461055735,-0.0002533,0.00278884,5.0,-1.89,-1.986,-0.1926666666666666,0.7149190466828901,-1.1002523800162234,2.6,0.7936675910210951,0.11126021514512684,-0.2081674186637285,0.4306878489539822,0.1225,11.0
2026-04-07,RIG,TRANSOCEAN LTD,6.68,6.28,7.19,6.21,8.15,4.98,8.67,1.2051282051282077,3.127659574468088,1.1705882352941182,-0.33000000000000007,0.06874576271186436,0.40339166111855285,-0.2659001356948242,0.02171553,0.004883850203389829,-0.05205883566305445,0.061826536069834105,0.11941059,0.009233149797297325,-0.07853693014608251,0.09700322974067715,-0.00708874,-0.10531030250000009,-0.1595170808636793,-0.05110352413632088,-1.498e-05,0.0007199,31.9,-1.12,0.582,0.23906122448979594,1.1322066477507626,-0.6540841987711707,55.0,-0.08784170117896284,0.31987702767134635,-0.591573383008706,1.2313274383513988,0.1295,11.0
2026-04-07,STNG,SCORPIO TANKERS INC.,74.36,72.34,80.53,70.55,87.67,57.08,98.66,3.6632653061224643,3.493438320209972,1.4062499999999998,-5.950000000000003,-2.267084745762712,1.014394871603253,-5.548564363128677,0.03238021,0.006521231661016943,-0.03265854776788661,0.0457010110899205,0.07830757,0.009294692770270263,-0.04661662809176146,0.06520601363230198,0.01183159,-0.006286076216216257,-0.02557091714314473,0.012998764710712214,0.00482805,-0.00970482,68.7,0.91,-0.189,0.10872108843537409,1.3850091189989704,-1.167566942128222,29.6,-0.2596149173215889,0.17503730196091496,-0.18259114253875222,0.5326657464605822,0.105,11.0
2026-04-07,UPS,"UNITED PARCEL SERVICE, INC.",97.57,92.91,101.7,85.71,107.06,79.97,123.67,-1.1792929292929237,-1.2497365648050567,1.4829545454545465,-1.3900000000000006,0.7457288135593216,5.499754253688082,-4.008296626569439,-0.00695923,-0.00556585423728813,-0.03616046561828261,0.025028757143706344,-0.02517544,-0.009308459222972942,-0.051961686599606295,0.03334476815366041,-0.0313827,-0.06564501885135117,-0.09044115187211527,-0.04084888583058707,4.895e-05,-0.01368741,3.8,-2.39,-0.401,-0.08789795918367353,0.9149625960813152,-1.0907585144486622,31.2,0.8853304138875653,0.18034670070371972,-0.3768524800237404,0.7375458814311798,0.127,11.0
2026-04-07,BALL,BALL ,59.26,56.33,62.06,53.09,67.77,49.7,73.88,1.0291970802919728,1.379254457050244,1.5292887029288709,-3.3200000000000003,-1.2201694915254224,1.0140882810478673,-3.454427264098712,-0.0158864,-0.0020707705084745728,-0.027991659274901617,0.023850118257952475,0.02246188,-0.0031026471959459357,-0.035186173318558646,0.028980878926666776,-0.00533219,-0.0168590453716216,-0.02568234629288714,-0.008035744450356062,-0.00158449,-0.00574286,75.8,1.1,-0.72,0.03459863945578225,1.1453708682056576,-1.0761735892940931,30.0,0.2564476405874483,0.1982184358472976,-0.22175194994519432,0.6181888216397895,0.12075,11.0
2026-04-07,CBOE,"CBOE GLOBAL MARKETS, INC.",295.64,274.26,296.07,268.72,318.95,253.81,351.58,-2.413793103448268,-1.154869154869153,1.3373177145589294,-20.28000000000003,-24.586745762711853,-17.82948529964283,-31.344006225780877,0.00450311,0.004466822372881354,-0.00907716436895441,0.01801080911471712,0.02796556,0.014254936182432445,0.006804121954206683,0.021705750410658208,0.06383381,0.06438178266891888,0.056925755016692864,0.07183781032114489,0.0046081,0.005659,85.7,1.64,-0.171,0.3644217687074829,1.125668863224218,-0.3968253258092522,30.0,-0.12962228166958933,0.053950813221924424,-0.14800667572246967,0.25590830216631855,0.11225,11.0
2026-04-07,CINF,CINCINNATI FINANCIAL ,160.18,149.86,164.24,148.61,169.74,143.22,187.08,-2.0300429184549387,-1.2102510460251037,1.586084905660377,-13.019999999999982,-13.868033898305082,-9.423769514043684,-18.31229828256648,-0.01307653,0.0009064549830508486,-0.01657350142702636,0.01838641139312806,0.00857242,0.0003412986148648638,-0.013716683959987043,0.014399281189716772,0.04286452,0.04954378385135132,0.04328794109600983,0.055799626606692805,-0.00065068,0.00180006,36.1,-0.89,-0.372,0.11352380952380951,0.7993850013961122,-0.5723373823484933,28.0,0.4096443101127587,0.09232911062198582,-0.1889596803092157,0.3736179015531873,0.105,11.0
2026-04-07,EMR,EMERSON ELECTRIC CO.,134.64,123.33,136.7,117.39,143.57,108.29,169.42,-2.8871951219512137,-1.9316909294512847,1.3199240986717278,-5.740000000000009,-9.545728813559327,-3.7138262237208908,-15.377631403397764,-0.01094428,-0.003769637559322032,-0.03150859691710642,0.023969321798462357,-0.01084137,-0.0055430350675675635,-0.044882615204678705,0.033796545069543577,0.01624512,0.024932868141891936,0.015387782713722147,0.034477953570061726,0.00500548,-0.0123812,45.8,0.03,-0.489,0.1329285714285713,1.2486802831693873,-0.9828231403122447,24.8,0.15833652708909196,0.023804404662317966,-0.2862699091105653,0.3338787184352013,0.105,11.0
2026-04-07,ETR,ENTERGY ,113.87,108.08,122.64,105.43,125.9,99.29,135.68,1.9569672131147497,1.4253554502369674,1.4958847736625518,-17.72999999999999,-11.724474576271193,-8.55619176621659,-14.892757386325796,0.03223785,0.002436235118644068,-0.013402400425916308,0.018274870663204445,0.02923964,0.010566686182432438,-0.006395018583056125,0.027528390947921,0.10586788,0.0864458150675676,0.07133791529984473,0.10155371483529047,-9.1e-06,0.00544621,85.3,1.3,0.932,0.29231292517006785,1.0797996154761083,-0.4951737651359725,75.6,-0.07458855876818737,0.18879271620088708,-0.10730403826091187,0.48488947066268606,0.1325,11.0
2026-04-07,FXE,INVESCO:EURO,107.01,105.02,108.38,101.49,112.31,99.92,115.65,-1.1918604651162865,-1.0415094339622666,1.2186177715091673,-2.8599999999999994,-2.8919322033898314,-1.3595564317228208,-4.424307975056842,0.00189087,0.0019118028813559314,-0.0039919828308674155,0.007815588593579278,0.00335529,0.006804361959459468,-0.003815912359893466,0.0174246362788124,0.01390554,0.009920282533783761,0.0018758098984167464,0.017964755169150776,0.00079944,0.00124642,73.0,0.67,-0.176,0.10387414965986407,0.9902996831529235,-0.7825513838331953,41.5,-0.06003931375926286,0.19091164886978673,-0.25488510943335263,0.6367084071729261,0.11225,11.0
2026-04-07,JBHT,"J. B. HUNT TRANSPORT SERVICES, INC.",217.71,204.89,223.16,198.02,237.43,175.53,263.77,-1.191677175283738,1.0015236160487557,1.0919867235656702,-3.7099999999999795,-1.5772203389830464,7.171506977728223,-10.325947655694316,0.01642313,0.002611740644067793,-0.02733075322133874,0.032554234509474325,0.03209204,0.004689120810810835,-0.04136058955072994,0.0507388311723516,0.00632701,-0.03437543415540532,-0.051635549816342274,-0.017115318494468356,0.00464188,-0.00028293,2.6,-3.03,-0.024,0.04156122448979614,0.9785893134943247,-0.8954668645147323,39.5,0.537673640495975,0.058130317949171444,-0.3249111246808616,0.4411717605792045,0.127,11.0
2026-04-07,TS,TENARIS SA,58.74,57.32,61.13,57.08,65.48,47.79,71.02,1.8110236220472373,4.0602409638554136,1.121461187214611,-3.460000000000001,-2.495016949152541,-0.5977842930419548,-4.392249605263127,0.03392887,0.004855375491525423,-0.024936972590328458,0.03464772357337931,0.09957176,0.012786333344594598,-0.02664985871076328,0.05222252539995248,0.04885734,0.020953296114864867,0.007780279643082038,0.034126312586647695,0.00144431,-0.00269881,23.4,-1.18,1.48,0.30507482993197277,1.1723341361829815,-0.562184476319036,85.9,0.6568929627054423,0.1269642748069075,-0.3932492552001712,0.6471778048139862,0.12,10.0
2026-04-07,CME,CME GROUP INC.,310.58,287.63,311.06,285.6,331.43,268.74,368.61,-4.0344827586206815,-1.1980815347721792,1.3869502868068848,-18.560000000000002,-19.590237288135594,-11.879710010712614,-27.300764565558573,-0.00483981,0.003799990508474576,-0.008979714408268292,0.016579695425217443,0.02527474,0.012040177195945936,9.037034365595546e-05,0.023989984048235914,0.05191284,0.0380080645608107,0.03081897340995528,0.04519715571166611,0.00215549,0.0073769,32.3,-0.55,-0.403,0.3061428571428573,1.2224514255255101,-0.6101657112397956,22.8,-0.04195780042638875,0.20809624377859856,-0.18664529724331116,0.6028377848005083,0.1065,10.0
2026-04-07,FRO,FRONTLINE PLC,34.98,33.92,38.3,32.14,43.04,26.45,48.76,7.937500000000057,2.838028169014089,1.6154747948417356,-3.6400000000000006,-1.3527457627118638,0.34423262030380086,-3.049724145727528,0.047771,0.011622175559322025,-0.020907807238609716,0.044152158357253765,0.09862534,0.021725808412162154,-0.0189971989528181,0.06244881577714241,0.04370208,0.011628446891891879,-0.0022723166497832254,0.025529210433566984,0.00888949,-0.01322138,55.8,0.39,-0.101,0.3739115646258503,1.349603781840222,-0.6017806525885213,27.6,-0.03854906026694149,0.14794084250586234,-0.238211185188381,0.5340928702001057,0.105,10.0
2026-04-07,PBR,BRAZILIAN PETROLEUM  - PETROBRAS,20.71,19.76,21.99,19.88,24.77,15.54,25.34,1.3908045977011487,4.891566265060229,-1.116630669546437,-1.259999999999998,-0.58528813559322,0.2226384761066118,-1.3932147472930518,0.02376462,0.004890361491525423,-0.030711019057467957,0.0404917420405188,0.14100746,0.006005906722972956,-0.03565812371061774,0.04766993715656365,0.02237711,-0.005752434729729731,-0.022754402810748253,0.011249533351288789,-0.00118197,0.01005786,35.3,-0.39,1.166,0.2581768707482994,1.3910895185663381,-0.8747357770697393,74.8,0.25096670674427335,0.4351023162907419,-0.6092553828060698,1.4794600153875537,0.10875,9.0
2026-04-07,SRE,SEMPRA,98.46,95.28,100.82,92.36,107.66,81.04,117.26,-1.129921259842513,1.5081967213114773,1.0792192881745135,-4.050000000000011,-4.478576271186439,-1.3293118056985538,-7.627840736674324,0.00422207,-0.0012892471186440658,-0.02704656443909255,0.024468070201804415,0.03471264,0.0004722985472972947,-0.03430570157256737,0.03525029866716196,0.02494212,0.007100071520270263,-0.00786232396971039,0.022062467010250914,-0.00245256,0.00458449,57.3,0.41,0.84,0.2671462585034011,1.1110441113528882,-0.5767515943460859,70.8,0.36809106525230373,0.13931411088660434,-0.30460851772198977,0.5832367394951985,0.10025,9.0
2026-04-07,WDAY,"WORKDAY, INC.",127.51,121.86,134.77,107.44,139.28,98.1,158.94,1.2553571428571386,-1.7051826677994915,1.0686841210472622,6.710000000000008,-11.240406779661015,0.5093519313057868,-22.990165490627817,-0.01658712,-0.014732426338983048,-0.04469684917019452,0.015231996492228424,-0.10764549,-0.03263799956081081,-0.06656496808878096,0.0012889689671593332,-0.12793676,-0.026352174054054045,-0.07729241253167687,0.024588064423568777,0.00156358,0.00103214,6.9,-2.19,-1.442,-0.4044863945578229,0.47698623194956696,-1.2859590210652128,15.3,0.6036983957382827,0.05643660458388905,-0.27675750024881696,0.38963070941659506,0.083,9.0
2026-04-07,BIIB,BIOGEN INC.,175.61,164.61,188.51,158.91,198.41,144.95,216.37,-1.0699432892249563,1.365269461077842,1.3294194390084788,-13.659999999999997,3.624610169491519,10.618161847187462,-3.368941508204423,-0.02748099,0.0015521864067796645,-0.025309484669826104,0.028413857483385437,0.00932811,0.008828897668918938,-0.030178976706600726,0.0478367720444386,-0.02766949,-0.08124546087837795,-0.11097667518470143,-0.05151424657205446,-0.00051098,-0.01372786,64.9,0.67,-0.793,0.1529727891156462,0.9831352218877214,-0.6771896436564291,9.3,0.2562795811027998,0.16308476557293689,-0.10585771480665401,0.4320272459525278,0.10125,9.0
2026-04-07,F,FORD MOTOR COMPANY,11.52,10.96,11.92,9.98,12.29,9.77,14.73,-1.2682926829268277,-2.0,1.8342857142857147,-0.5999999999999996,-0.5856610169491526,0.0016760095176167056,-1.172998043415922,-0.01529906,0.0023015675593220358,-0.020645932201592505,0.02524906732023658,-0.06550362,0.01165267439189188,-0.01883907660551283,0.04214442538929659,0.00016826,0.0011617272297297177,-0.021136593172606438,0.023460047632065877,0.00206712,-0.01530406,7.3,-2.1,-0.891,0.11430952380952387,0.8861722342702458,-0.6575531866511981,9.3,1.1189546127697922,0.36449710165241717,-0.5964402987934061,1.3254345020982403,0.0925,9.0
2026-04-07,GD,GENERAL DYNAMICS ,348.43,333.2,358.85,326.54,363.41,313.43,406.19,-1.2513611615245048,-1.4612817089452577,1.6502857142857141,-29.079999999999984,-23.919762711864397,-14.999661532755285,-32.83986389097351,-0.01313631,0.0032943817627118575,-0.012557541635979129,0.019146305161402845,-0.01520966,0.011252650000000022,-0.009407466454304429,0.03191276645430447,0.03537262,0.0388616732432433,0.02764108661324479,0.05008225987324181,0.00023485,-0.01379351,31.3,-0.88,-0.77,0.31681632653061204,1.0371875241743345,-0.40355487111311045,5.0,0.6895977315652011,0.13242950125371933,-0.22484894880778572,0.4897079513152244,0.0925,9.0
2026-04-07,KDP,KEURIG DR PEPPER INC.,25.47,24.57,26.25,23.31,27.79,22.01,31.78,-2.019999999999996,1.0740740740740742,1.82369942196532,-0.9800000000000004,-0.9021016949152545,0.23897801956267695,-2.0431814093931857,-0.02614293,-0.0034511324406779655,-0.029087395676435483,0.02218513079507955,-0.01211851,-0.003819663749999988,-0.03807080080190571,0.030431473301905737,-0.01912231,-0.017065075033783742,-0.023363211785612514,-0.01076693828195497,-0.00200379,-0.00022221,22.4,-1.25,-1.876,-0.13836054421768698,0.7896999563814924,-1.0664210448168663,5.4,0.676284011530554,0.11806185472789742,-0.2987835871735157,0.5349072966293106,0.0925,9.0
2026-04-07,ULTA,"ULTA BEAUTY, INC.",532.23,481.51,562.32,451.59,597.54,434.95,738.66,-1.077077077077077,-1.2347266881028955,2.122018914473683,-66.80999999999995,-27.976305084745764,2.357823013118317,-58.31043318260984,-0.01677216,0.0010636018983050815,-0.03131593495233639,0.03344313874894655,-0.04005537,0.02309160439189188,-0.021899736947436358,0.06808294573122012,0.02342267,0.0011592593243243234,-0.03162047653326624,0.03393899518191488,0.02325114,-0.01397534,57.7,0.66,-1.147,0.22746258503401365,1.2469054916709041,-0.7919803216028768,8.9,-0.287327455932633,0.11854025847913927,-0.3909267110380854,0.628007227996364,0.07875,8.0
2026-04-07,VRTX,VERTEX PHARMACEUTICALS INC.,431.86,423.54,451.35,401.03,472.15,367.17,556.76,1.316275167785233,1.3068439831333087,1.930746637811099,-29.069999999999993,-22.05806779661015,-0.9749965337950748,-43.14113905942523,-0.03065893,-0.0003349599322033896,-0.027315730383768142,0.026645810519361362,-0.01296506,-0.009262286148648633,-0.04289946764667196,0.0243748953493747,-0.00723841,0.0008053384121621535,-0.012736869986924164,0.014347546811248472,-0.00019039,-0.00899032,16.7,-0.93,-0.591,0.19021088435374137,0.9140340080658645,-0.5336122393583819,22.0,-0.11250881851940708,0.1347763594160347,-0.2829571228533696,0.552509841685439,0.0775,8.0
2026-04-07,CNR,"CORE NATURAL RESOURCES, INC.",99.93,97.91,114.25,92.47,123.77,77.57,133.58,3.8318318318318147,3.19571045576407,1.504919499105545,-15.779999999999987,-6.430440677966103,-0.9698850750794117,-11.890996280852793,0.0206405,-0.0007634758644067778,-0.036253493797585495,0.034726542068771946,0.03341904,-0.022744166554054084,-0.09917475725156885,0.05368642414346068,0.02796916,0.00885291429054054,-0.010027313428841809,0.027733142009922888,-0.00652455,-0.00750749,35.1,-0.49,0.652,0.031217687074829945,0.9063529454027602,-0.8439175712531003,72.0,0.13559680909914396,0.02347183406266651,-0.20978763462498495,0.25673130275031797,0.095,8.0
2026-04-07,EXR,EXTRA SPACE STORAGE INC.,132.95,125.03,135.66,120.47,144.61,110.92,165.93,-2.002976190476179,-1.0703259005145767,1.4970494779845682,-4.600000000000023,-2.7382711864406746,2.5195256214577197,-7.996067994339069,-0.02567302,-0.004841042305084748,-0.02766104476140701,0.017978960151237518,-0.0024109,-0.01039833868243248,-0.03778674009860291,0.016990062733737953,-0.00974606,-0.026035177601351375,-0.03848725753456235,-0.013583097668140401,0.00232328,-0.00773746,31.3,-0.86,-1.426,-0.06946258503401367,0.8308033314808488,-0.9697285015488762,8.5,0.2904312519411767,0.11889712025552618,-0.19180377409558808,0.42959801460664043,0.0925,8.0
2026-04-07,FXC,INVESCO:CANADIAN DOLLAR,70.3,69.05,70.96,68.31,72.84,66.12,75.77,-1.7183098591549086,1.276381909547745,1.3086124401913897,-1.5,-1.112677966101694,-0.5736287136008681,-1.6517272186025198,-0.00594641,0.0004991497966101696,-0.0043270710627844496,0.005325370656004788,0.00896919,-0.00035477679054053826,-0.0115493504680611,0.010839796886980023,0.00312913,-9.521594594594508e-05,-0.0016573435732655049,0.0014669116813736146,0.00038522,0.00480499,23.8,-1.28,-2.371,-0.17055102040816325,0.7258578916744148,-1.0669599324907413,1.4,5.5722691172353755,2.394491447218991,0.46914901283642196,4.319833881601561,0.0925,8.0
2026-04-07,HYD,VANECK:HIGH YIELD MUNI,50.74,49.03,51.59,47.76,52.64,47.11,53.71,-1.7391304347826204,-1.5684210526315823,-1.2222222222222237,-0.46999999999999886,-0.6547796610169501,-0.09892412541829543,-1.2106351966156046,-0.00245657,-0.0018959184745762708,-0.00861838555769066,0.004826548608538118,-0.00864054,-0.013948381621621602,-0.03274145294132091,0.004844689698077704,-0.00679305,-0.006922075540540545,-0.011908761120173,-0.0019353899609080901,-0.0001618,-0.00217527,73.4,1.13,-0.272,-0.24360884353741505,0.6340665962080791,-1.1212842832829093,51.8,0.03724650508942284,1.7159756972689175,0.280317929110254,3.1516334654275813,0.0735,8.0
2026-04-07,TAP,MOLSON COORS BEVERAGE COMPANY,45.05,41.24,45.25,39.37,48.41,35.74,53.48,-3.460674157303367,-1.6904761904761907,-1.1043890865954917,0.8799999999999955,-1.810881355932202,0.3597271756644871,-3.981489887528891,0.00726574,-0.007065179288135594,-0.0277256512894927,0.013595292713221515,-0.00435115,-0.017121780236486472,-0.04045989195255912,0.006216331479586175,-0.02746718,-0.011492700878378375,-0.02887082356754444,0.005885421810787689,0.01189061,0.0025831,47.0,-0.36,-0.289,-0.3590442176870747,0.6281458726646443,-1.3462343080387935,47.0,0.22434609614563028,0.14996309892723092,-0.1568430602702487,0.45676925812471053,0.0675,7.0
2026-04-07,FTNT,"FORTINET, INC.",83.72,76.75,85.09,73.83,89.23,66.8,98.91,-3.1304347826086865,-1.7949183303085283,-1.1138907175773538,-1.4500000000000028,-7.539694915254236,-2.382531456469911,-12.69685837403856,-0.01292506,-0.006121119932203387,-0.037650779644740305,0.025408539780333535,-0.00913683,-0.0278222776689189,-0.0722949334353161,0.016650378097478304,-0.0083954,0.020213941959459365,-0.001920973950933956,0.04234885786985269,0.00168167,0.00379263,45.8,-0.54,-0.048,-0.011445578231292514,0.793819075505088,-0.8167102319676731,47.8,0.9223293976972113,0.22979500654407234,-0.32316185483675364,0.7827518679248984,0.0675,7.0
2026-04-07,MOS,THE MOSAIC COMPANY,26.37,23.39,27.47,23.06,29.98,19.64,35.39,-1.581818181818183,1.0906344410876123,1.3402674591381871,-1.6799999999999997,-0.3872542372881359,1.4967995734280444,-2.2713080480043164,-0.04180092,-0.004808633898305082,-0.03975056744277105,0.030133299646160884,0.00471636,-0.006683178885135119,-0.0445058647994499,0.031139507029179666,-0.02864607,-0.049875675810810934,-0.06824138444644604,-0.03150996717517583,0.00721805,-0.01393084,60.9,0.77,-0.104,0.0766190476190474,1.2734484245360953,-1.1202103292980006,45.2,-0.43843474299874374,0.05417981669055402,-0.23130903014598367,0.3396686635270917,0.08325,7.0
2026-04-07,NOV,NOV INC.,19.56,17.76,19.78,17.85,21.39,15.64,23.31,-4.073170731707311,1.0701754385964939,-1.0453333333333328,-0.620000000000001,-0.23162711864406754,0.5666444388689047,-1.02989867615704,0.00363723,0.0024341823050847513,-0.031429285575273275,0.03629765018544277,0.03655892,0.008402837635135104,-0.042428732600219496,0.0592344078704897,0.00085382,-0.04188316820945946,-0.06477907484269288,-0.018987261576226044,0.00660395,-0.014296,78.8,1.09,0.267,0.1840374149659863,0.851900607790034,-0.4838257778580613,49.4,0.17813878046918563,0.022088374466770953,-0.3372799228836094,0.38145667181715137,0.06825,6.0
2026-04-07,OXY,OCCIDENTAL PETROLEUM ,62.94,60.96,69.42,60.53,74.62,47.23,78.12,2.6064814814814836,4.846473029045653,-1.0349143610013172,-2.3200000000000074,0.0911525423728807,2.6379340300626732,-2.4556289453169122,0.03591168,0.001710042508474574,-0.03134945209064721,0.034769537107596366,0.10606713,0.002457008581081084,-0.03478707977572186,0.039701096937884026,-0.02367313,-0.058645467871621546,-0.07977185295039887,-0.03751908279284421,-0.0020007,0.01176102,42.5,-0.31,1.226,0.14538775510204083,0.9804932619061825,-0.6897177517021008,86.3,0.2936981204841387,0.007381946772892577,-0.2064852268909934,0.22124912043677858,0.0675,6.0
2026-04-07,SBUX,STARBUCKS ,95.21,83.29,94.28,82.07,101.16,73.43,114.33,-9.590909090909014,-2.208403361344537,-1.1391213389121329,-0.18000000000000682,-1.2012542372881336,2.924501119622346,-5.327009594198613,-0.03100427,-0.001618227152542375,-0.029212130995852566,0.025975676690767818,0.01110652,-0.005629642567567564,-0.04569506917010874,0.034435784034973604,-0.02316224,-0.037066672972972975,-0.04853865557861355,-0.025594690367332397,0.00550325,-0.00110195,93.1,1.76,-0.438,0.0023027210884354462,0.9025238733972681,-0.8979184312203973,28.6,0.15541647200134756,0.0795254612128356,-0.26097977106321774,0.42003069348888894,0.0615,6.0
2026-04-07,APD,"AIR PRODUCTS AND CHEMICALS, INC.",292.39,282.01,300.9,276.73,317.62,244.17,338.11,-1.0799086757990854,1.6111111111111156,-1.0546806649168847,-11.370000000000005,-6.957898305084755,3.207873579864951,-17.12367019003446,0.00195162,-0.004242702983050847,-0.025908068155122574,0.01742266218902088,0.03276266,-0.014133068277027074,-0.043492943210252585,0.015226806656198438,0.00735349,-0.018207151317567612,-0.03118507111745325,-0.005229231517681976,-0.00032778,-0.01294309,44.2,-0.27,0.922,-0.07901700680272108,0.8471882036447004,-1.0052222172501426,88.7,0.3499045408931978,0.17446298419547512,-0.24744932122557883,0.5963752896165291,0.0675,6.0
2026-04-07,PPG,"PPG INDUSTRIES, INC.",102.24,99.64,111.24,89.98,117.94,83.79,132.05,2.002512562814075,1.2805872756933128,1.6157181571815737,-6.579999999999998,-0.10308474576270987,4.839967580717107,-5.046137072242527,-0.00240911,-0.005689494847457636,-0.033157302103043886,0.021778312408128615,-0.01723837,-0.016043013547297313,-0.04536335147486283,0.013277324380268206,-0.01959261,-0.04548213429054065,-0.06145492662332547,-0.02950934195775583,-0.00391853,-0.00591369,47.8,0.07,-0.585,-0.09482993197278909,0.9810478119106009,-1.170707675856179,32.3,0.4957408589511596,0.010460881571023343,-0.3461683533167436,0.36709011645879025,0.0545,5.0
2026-04-07,PPLT,ABRDN:PHYSICAL PLATINUM,177.92,164.64,185.05,153.03,202.1,150.55,254.33,-1.8368495077355764,-1.0293631100082705,2.791742784070153,-42.59,-23.128508474576282,-0.25882947604908324,-45.998187473103485,-0.03245168,0.011126012440677964,-0.025083347588845506,0.047335372470201434,-0.00283217,0.047870264527027,0.004485198080691387,0.09125533097336261,0.14839611,0.08076293074324319,0.026785728711778173,0.1347401327747082,0.0013561,-0.00336168,8.3,-2.01,-0.859,0.4651632653061225,1.4323502919894437,-0.5020237613771986,7.3,0.4169795137582717,-0.036298870727724586,-0.30657560438421244,0.23397786292876327,0.0485,5.0
2026-04-07,SNDK,SANDISK CORPORATION,710.8,590.97,769.28,573.62,919.33,465.21,1821.52,-1.147393939393939,1.520119550954951,4.522659717415205,-741.01,-258.83826291079816,23.037862523572073,-540.7143883451683,0.00713904,0.04731525250883393,-0.049611162574998015,0.14424166759266588,0.15547055,0.16815019341911758,0.00904201065519497,0.3272583761830402,0.65818652,0.47713069037383193,0.25276323599974715,0.7014981447479167,-0.00488632,-0.04507109,60.1,0.64,0.654,0.7536179775280895,1.8760700948880324,-0.3688341398318534,43.8,0.23440187566403425,-0.0791826809932979,-0.20836582681442298,0.05000046482782719,0.047,5.0
2026-04-07,EC,ECOPETROL SA,14.71,14.21,16.15,13.68,17.35,10.99,18.87,2.3962264150943335,2.5631067961165024,1.118279569892473,-1.4100000000000001,-0.31152542372881353,0.2951483826487429,-0.91819923010637,0.02407545,0.007261313898305083,-0.027004490241984667,0.04152711803859483,0.06611548,0.017334939222972974,-0.025739476794615905,0.06040935524056185,0.03054245,-0.014235566249999937,-0.03353882709562516,0.005067694595625288,-0.00577785,-0.02045567,2.2,-2.57,1.238,0.3613163265306121,1.3342209737068085,-0.6115883206455843,82.3,0.10422510787910877,0.2734602180224666,-0.6657079931413363,1.2126284291862695,0.05375,5.0
2026-04-07,ESS,"ESSEX PROPERTY TRUST, INC.",248.3,234.56,251.37,233.23,261.47,209.29,288.38,-2.261595547309838,-1.144267274107821,1.0274288643937444,-2.829999999999984,-16.352372881355933,-6.456683079062827,-26.24806268364904,-0.00884458,-0.005049474847457624,-0.021490912252804462,0.011391962557889216,0.00760501,-0.009982714087837843,-0.028837884194713018,0.008872456019037333,-0.00931979,0.014775031756756693,-0.0005628458926457067,0.030112909406159093,0.00198427,0.00369117,44.4,-0.58,-0.637,-0.12412244897959185,0.5304913406888021,-0.7787362386479857,28.4,0.6310914037387487,0.08923025959736314,-0.22326867114684223,0.4017291903415685,0.043,5.0
2026-04-07,IFF,INTERNATIONAL FLAVORS & FRAGRANCES INC.,69.98,69.2,75.52,63.2,81.26,58.13,88.33,2.8052631578947276,1.663716814159292,1.5485232067510541,-4.179999999999993,-2.0664406779661015,0.9370484283809009,-5.0699297843131035,-0.00169479,-0.005294885627118643,-0.030333748721505974,0.019743977467268692,0.01305455,-0.01760677057432435,-0.047620747087308936,0.012407205938660237,-0.01554972,-0.022340681418918925,-0.030130554541334,-0.014550808296503851,-0.00575516,-0.00231944,51.8,0.04,-0.471,-0.17220748299319724,0.7366747550740836,-1.0810897210604782,33.1,0.14881162472424858,0.18614071691604372,-0.2311293428977947,0.6034107767298822,0.04575,5.0
2026-04-07,NXPI,NXP SEMICONDUCTORS NV,195.12,186.42,203.62,169.82,211.02,157.26,243.92,1.018939393939391,-1.5911949685534592,1.2889593238246162,-1.8799999999999955,-9.31535593220339,2.069327228614089,-20.70003909302087,-0.0030978,-0.003623954033898307,-0.037365615692674124,0.03011770762487751,-0.05061695,-0.011268940777027,-0.04829331606743838,0.02575543451338438,-0.0361046,-0.013926506114864862,-0.02457339850695884,-0.003279613722770887,0.00144331,-0.01444199,48.2,-0.51,-0.616,-0.10672789115646256,0.8014546096187448,-1.01491039193167,26.2,0.9255369165216469,0.06355123632389796,-0.29552552625745515,0.4226279989052511,0.039,4.0
2026-04-07,ORLY,"O'REILLY AUTOMOTIVE, INC.",91.36,87.59,95.87,85.67,96.94,78.71,109.23,1.3102409638554227,-1.0197132616487454,1.4126482213438731,-7.540000000000006,-8.036474576271193,-5.139787673600049,-10.933161478942337,0.00084184,-0.00036020518644067865,-0.01795657648572965,0.017236166112848294,-0.00669311,0.009129653581081093,-0.01881445568953421,0.0370737628516964,0.02798644,0.04374383472972973,0.03570088928554994,0.05178678017390952,0.00453256,-0.00043028,41.1,-0.46,-0.578,0.07472108843537412,1.0183132248455167,-0.8688710479747683,26.4,0.38673120204541744,0.22311984298226803,-0.00947675369861578,0.45571643966315184,0.039,4.0
2026-04-07,POOL,POOL ,201.48,193.01,208.25,172.51,223.86,164.0,240.8,-1.422680412371129,-1.2944593386952623,1.0490928495197447,4.7099999999999795,-3.6145423728813575,9.323398077831486,-16.5524828235942,-0.0138773,-0.009101196881355926,-0.03487278568258304,0.016670391919871193,-0.05334772,-0.01634928679054055,-0.05216336301730967,0.019464789436228567,-0.06926679,-0.04713232648648639,-0.06149192973731827,-0.032772723235654506,3.673e-05,-0.01700111,28.6,-0.95,-0.935,-0.404656462585034,0.5519239735132644,-1.3612368986833325,28.4,0.9537151302782472,0.14649828422661124,-0.24417380753321336,0.5371703759864358,0.039,4.0
2026-04-07,ROK,"ROCKWELL AUTOMATION, INC.",369.37,346.42,379.53,329.71,392.07,304.48,453.91,-1.4379671150971611,-1.747136563876654,1.3028201571890898,-8.54000000000002,-11.199084745762717,5.755925575962257,-28.154095067487688,0.00338968,0.001968075898305082,-0.027519341481075116,0.03145549327768528,-0.01934631,0.005656886249999998,-0.030129249444593442,0.04144302194459344,0.00058136,-0.009720070472973007,-0.023259455436342488,0.0038193144903964724,0.00250402,-0.00659246,23.4,-1.32,-0.276,0.22030612244897954,1.180664343528568,-0.740052098630609,28.8,1.102642376028887,0.1501838199731028,-0.3656990830982719,0.6660667230444776,0.039,4.0
2026-04-07,SNPS,"SYNOPSYS, INC.",397.9,367.92,412.97,348.42,413.0,308.29,495.16,-1.9014810045073995,-3.2768211920529726,1.0853699363910287,1.419999999999959,-32.96477966101696,9.781670816627155,-75.71123013866108,-0.02488836,-0.008327788135593218,-0.05138987519230839,0.03473429892112195,-0.06893017,-0.03977135969594598,-0.11207389011909438,0.03253117072720243,-0.06572617,-0.00745510290540538,-0.04637550914479169,0.031465303333980926,0.00084791,-0.02222438,21.8,-1.31,-0.972,0.022459183673469364,1.1654290189724712,-1.1205106516255325,16.9,0.6638910616320548,0.03427085997602987,-0.3200891539832272,0.3886308739352869,0.039,4.0
2026-04-07,TTWO,"TAKE-TWO INTERACTIVE SOFTWARE, INC.",198.33,184.71,205.47,169.99,210.89,168.93,245.77,-1.9146514935988628,-2.2563694267515975,1.6136054421768704,-16.799999999999983,-23.447661016949144,-13.37185665073618,-33.523465383162105,-0.02473579,-0.0013079080338983045,-0.0282608134749665,0.02564499740716989,-0.07651431,-0.004811201013513507,-0.03396798076874283,0.024345578741715813,0.0284237,0.05042229834459453,0.03624326038572344,0.06460133630346562,-0.00047683,-0.00167445,42.3,-0.54,-1.075,0.024738095238095392,0.8606445820661819,-0.8111683915899912,15.7,0.9170959642708996,0.22931923359651354,-0.2831446910788833,0.7417831582719103,0.039,4.0
2026-04-07,AMT,AMERICAN TOWER ,174.08,163.76,179.96,159.28,187.84,146.38,208.64,-1.4349112426035548,-1.0755813953488387,1.2476534296028863,-5.759999999999991,-6.165627118644067,0.3233718552821765,-12.654626092570311,-0.01342023,-0.0012779785084745773,-0.019208206488184137,0.016652249471234983,-0.00922131,-0.0035238604054053965,-0.02461744642935016,0.017569725618539367,-0.01267955,-0.013221205405405407,-0.02486363199620053,-0.0015787788146102832,0.00045908,0.00374375,27.0,-1.0,-0.973,-0.12502380952380945,0.6461890883858155,-0.8962367074334343,17.7,0.4368629111112956,0.11045337185480585,-0.13857876647863165,0.3594855101882433,0.039,4.0
2026-04-07,CPAY,"FLEETCOR TECHNOLOGIES, INC.",296.35,270.63,306.18,264.52,318.84,238.77,370.6,-2.0008756567425663,-1.4152956869719924,1.2895102466134072,-12.67999999999995,-22.86718644067798,-4.160165080252714,-41.57420780110324,-0.02505828,-0.006526082745762712,-0.03192048392476397,0.018868318433238548,-0.02985701,-0.02512894864864864,-0.06116633121987192,0.010908433922574637,-0.01796941,0.011262387939189204,-0.01550569277848694,0.03803046865686535,0.00783999,-0.00730598,31.9,-1.03,-1.049,-0.16424489795918365,0.6175639488352859,-0.9460537447536531,13.7,0.28355887259291834,-0.10968281367483666,-0.3714910378804834,0.15212541053081002,0.039,4.0
2026-04-07,EFX,EQUIFAX INC.,181.84,169.6,187.5,152.66,192.45,145.69,219.16,-1.51536312849162,-2.7502356267672052,1.0323651452282154,1.7700000000000102,-9.064305084745763,2.6860962736537637,-20.81470644314529,-0.01837317,-0.011738000915254239,-0.04172843101357351,0.01825242918306503,-0.10760926,-0.030559793851351366,-0.06166691339509099,0.0005473256923882626,-0.06143013,-0.022899075945945896,-0.043766179205945735,-0.0020319726859460534,0.00409214,-0.00132923,41.3,-0.64,-1.146,-0.3033027210884352,0.4469125882969814,-1.0535180304738518,14.9,0.3245651947298107,0.02220170888341225,-0.3084518193106434,0.35285523707746796,0.039,4.0
2026-04-07,EW,EDWARDS LIFESCIENCES ,80.84,77.19,82.27,74.27,89.21,66.85,94.9,-1.6815642458100661,1.2739726027397231,1.0050035739814147,0.9200000000000017,-0.8776949152542354,1.5346004269813163,-3.2899902574897872,-0.01778842,0.00232777006779661,-0.015672627982904155,0.020328168118497372,0.02434754,0.012462624493243242,-0.0067106439948619815,0.03163589298134847,-0.04744292,-0.029744268040540523,-0.04452074255624404,-0.014967793524837006,0.00158934,0.00017034,9.3,-1.72,-0.605,0.004302721088435321,0.7927429146122696,-0.784137472435399,19.2,0.5843810210015365,0.32704037586837975,-0.1991511568201777,0.8532319085569372,0.039,4.0
2026-04-07,IDXX,"IDEXX LABORATORIES, INC.",574.8,541.66,580.58,517.66,591.78,474.18,715.91,-2.704887218045085,-3.3651354534746716,1.4024050884516008,-16.620000000000005,-27.1484406779661,3.790133822454365,-58.087015178386565,-0.01020986,0.004031637288135594,-0.027078924806884334,0.03514219938315552,-0.05029816,0.01595993554054049,-0.01680815112591289,0.04872802220699387,0.00469131,-0.0012745382770270675,-0.02711073856286767,0.024561662008813538,0.00102714,-0.00878824,6.9,-2.04,-0.886,-0.0036768707482991683,0.8879805197650468,-0.8953342612616451,14.5,0.7729357212214658,0.1841944450115421,-0.43474957533000547,0.8031384653530897,0.039,4.0
2026-04-07,IQV,IQVIA HOLDINGS INC,170.62,163.85,179.14,132.54,192.2,132.66,209.91,1.3720136518771286,-1.7645968489342,1.0350368809272914,1.8000000000000114,-4.704881355932204,7.300259630533689,-16.710022342398098,0.00689901,-0.004935217118644066,-0.0442225916401897,0.03435215740290157,-0.11640149,-0.008431272533783783,-0.0847344479096775,0.06787190284210994,-0.05177027,-0.03892019787162152,-0.06429887330063244,-0.013541522442610598,0.00192018,-0.01495485,18.7,-1.45,-0.514,-0.029241496598639477,0.8937943164274912,-0.9522773096247702,24.0,0.5463963106545573,0.0994718250188361,-0.24738559673689148,0.4463292467745637,0.039,4.0
2026-04-07,KIM,KIMCO REALTY .,22.65,21.81,22.87,20.91,24.23,19.66,26.86,-3.8095238095237804,-1.1012658227848078,1.4080267558528439,-1.0600000000000023,-1.1024067796610173,-0.4692025558362495,-1.735611003485785,-0.0121141,-0.0015874337627118638,-0.016692508907895615,0.013517641382471886,0.00158036,-0.014274794256756719,-0.03836210345530421,0.009812514941790773,0.02383517,0.01690920081081077,0.006007316337875532,0.027811085283746005,0.00047901,-0.00073525,55.0,-0.25,-0.553,-0.04686394557823142,0.7721356909505086,-0.8658635821069713,22.4,1.1220675937048008,0.3336229618103156,-0.2102487264067704,0.8774946500274016,0.039,4.0
2026-04-07,MAS,MASCO ,59.1,56.77,62.37,52.39,65.26,49.45,77.22,1.20851063829787,-1.0892857142857137,1.877720207253886,-2.799999999999997,-3.905457627118642,-0.8231161540609011,-6.9877991001763835,-0.01366625,-0.004892706610169494,-0.03206461781818824,0.022279204597849257,-0.03544021,-0.010267499932432428,-0.04622507196984851,0.025690072104983648,-0.01896261,0.006335140878378356,-0.012347462688196833,0.025017744444953544,-4.42e-06,-0.01457878,38.9,-0.5,-1.092,-0.24935714285714308,0.7592065056578143,-1.2579207913721004,16.3,0.4747484877355006,0.07293137476436606,-0.23617957973800674,0.38204232926673887,0.039,4.0
2026-04-07,MLM,"MARTIN MARIETTA MATERIALS, INC.",594.43,569.89,622.36,518.55,654.42,490.33,744.3,1.4239234449760831,-1.2648774795799298,1.4396733909702215,-20.24000000000001,-39.50491525423731,-19.960828811690387,-59.04900169678423,0.00701222,-0.001347436271186444,-0.02206353895765107,0.01936866641527818,-0.03143721,0.0012554393581081142,-0.02705115899353919,0.029562037709755417,-0.00212796,0.026917433277026965,0.014862831712065079,0.03897203484198885,0.00163929,-0.00439075,19.2,-1.39,-0.482,0.061578231292516994,0.9657204656040232,-0.8425640030189891,17.3,0.398698532284687,0.15053945086063292,-0.07626116702325497,0.3773400687445208,0.039,4.0
2026-04-07,MSI,"MOTOROLA SOLUTIONS, INC.",442.45,414.82,442.82,404.63,492.79,373.27,563.2,-10.240343347639561,1.331041776837653,1.7454466608846493,-37.94,-39.772237288135564,-22.92587607468714,-56.61859850158399,-0.02968956,-0.001936266576271185,-0.025087748059912922,0.02121521490737055,0.04079233,-0.0014314060810810983,-0.03215866201954351,0.02929584985738131,0.04966187,0.04961019918918941,0.03904805390966266,0.06017234446871616,-0.00037198,-0.0008335,34.1,-0.51,-0.646,0.017006802721088437,1.1773911394075525,-1.1433775339653758,27.2,0.4314808411555897,0.189181161675593,-0.21982906773189098,0.598191391083077,0.039,4.0
2026-04-07,NCLH,NORWEGIAN CRUISE LINE HOLDINGS LTD.,18.73,17.47,19.84,16.01,20.58,14.17,25.8,-1.0344827586206888,-1.4702702702702712,1.550438596491228,-0.879999999999999,-2.127593220338981,-0.3102912738865675,-3.9448951667913943,-0.02130394,-0.008017609830508475,-0.05294326070768475,0.0369080410466678,-0.05589885,-0.017785058513513544,-0.0919207022088848,0.05635058518185772,-0.03254769,0.012582441047297364,-0.01686655464321704,0.04203143673781177,0.00071074,-0.01089832,39.5,-0.73,-0.596,-0.10498299319727888,0.9745291784432363,-1.1844951648377942,29.2,0.45046363502766495,0.0454485631742811,-0.3104142694125488,0.40131139576111097,0.039,4.0
2026-04-07,RL,RALPH LAUREN ,349.53,332.28,370.02,305.73,380.53,294.94,431.69,1.752679938744268,-1.4129032258064502,1.5050375526653246,-29.880000000000052,-42.742067796610165,-27.71108434918569,-57.77305124403464,0.01659102,0.0006684210169491528,-0.032945004971208364,0.03428184700510667,-0.03605238,0.013714543682432436,-0.02254039937169446,0.049969486736559335,0.05264799,0.0858051418581079,0.06886209183494588,0.10274819188126993,0.001663,-0.00141781,62.3,0.61,0.113,0.2820578231292515,1.2904921992009053,-0.7263765529424024,48.2,0.16369394226744705,0.17109463335789746,-0.24287966360425908,0.585068930320054,0.026,3.0
2026-04-07,STIP,ISHARES:0-5 TIPS BD ETF,103.45,101.77,104.69,100.69,106.35,97.93,109.33,-1.375999999999999,1.0507246376811543,1.0652173913043477,-1.7199999999999989,-1.7569491525423735,-1.3039986805713175,-2.2098996245134295,-0.00132412,0.00016021366101694927,-0.0023517772195525044,0.002672204541586403,0.00257843,-0.004234523581081082,-0.01856924017942661,0.010100193017264447,0.00286715,0.0022206144256756767,0.0005774025390468361,0.003863826312304517,0.00013107,-0.0001139,81.3,1.31,-0.513,-0.27751020408163257,0.5880789863853004,-1.1430993945485657,46.2,4.4734757419216,5.164362181922186,2.2682213076012605,8.060503056243112,0.026,3.0
2026-04-07,TMO,THERMO FISHER SCIENTIFIC INC.,489.5,472.65,517.64,427.45,528.69,396.95,596.92,1.7534976682211902,-1.5833120694054588,1.160669908157752,-12.54000000000002,-15.840508474576264,5.8920035834629445,-37.57302053261547,0.01504145,-0.004508244813559315,-0.03393118407313658,0.024914694446017956,-0.05416264,-0.005268774290540553,-0.05176068445974,0.04122313587865889,-0.01695706,-0.020470473885135117,-0.045771710532214,0.004830762761943767,0.00217962,-0.00827038,49.0,0.09,-0.546,-0.17197619047619053,0.8833408539600243,-1.2272932349124053,32.7,0.5633907118617552,0.0908296678503807,-0.22753206056188485,0.4091913962626463,0.026,3.0
2026-04-07,USO,UNITED STATES OIL FUND,138.08,124.98,146.27,120.19,181.3,87.72,174.16,1.014026402640262,2.415874790385688,-1.3957871396895798,-10.22999999999999,-3.5107796610169486,0.9406317641127715,-7.962191086146669,0.05535189,0.0074289462033898315,-0.027506382818314412,0.042364275225094075,0.19522551,0.01441134739864864,-0.04629806068641573,0.07512075548371301,0.07763954,0.004936311418918935,-0.025584823930829496,0.03545744676866736,0.00022734,0.01540302,49.4,0.44,1.293,0.08735714285714274,0.9514011459317238,-0.7766868602174384,87.5,-0.45558512247685623,0.2001547385557935,-0.09380499258705435,0.49411446969864137,0.03875,3.0
2026-04-07,AFL,AFLAC INC.,110.52,106.78,112.43,102.3,116.87,96.15,131.21,-1.4687499999999905,-1.294488188976376,1.43980514961726,-6.540000000000006,-9.185830508474575,-6.264747648777554,-12.106913368171597,0.00015156,-0.00046840776271186416,-0.013239453602742497,0.012302638077318767,-0.00064439,-0.0014985403040540556,-0.019347570154553132,0.01635048954644502,0.04293642,0.04822267641891917,0.04026304191219599,0.05618231092564235,0.00083008,-0.00211055,52.2,0.23,0.001,-0.03998639455782312,0.667846972061457,-0.7478197611771034,55.4,0.6146647005423598,0.1417108511504694,-0.18136829887691283,0.46479000117785163,0.026,3.0
2026-04-07,DHR,DANAHER ,191.01,183.46,197.13,168.92,198.99,158.58,226.65,1.0248062015503916,-2.768170426065157,1.0989824236817773,0.4399999999999977,-4.749118644067794,2.5209535399414973,-12.019190828077086,0.00175001,-0.004939876644067795,-0.030054096789421926,0.020174343501286336,-0.06252059,-0.004062188310810799,-0.03632379574130876,0.028199419119687163,-0.03087776,-0.025877757939189238,-0.0403451079982699,-0.011410407880108572,0.00183481,-0.00917622,68.1,0.69,-0.514,-0.1769115646258503,0.6790658833655665,-1.0328890126172672,30.0,0.2303046122530754,0.031008295854828248,-0.31489652634399956,0.376913118053656,0.026,3.0
2026-04-07,EPOL,ISHARES:MSCI POLAND,37.26,35.18,38.24,32.94,39.0,32.52,42.31,-1.4319999999999993,-2.4827586206896526,1.0654008438818585,-1.9500000000000028,-2.5141355932203386,-1.3460585721595808,-3.6822126142810965,0.01367122,0.005675440135593216,-0.01176771396218765,0.023118594233374083,-0.02370337,0.012166658716216229,-0.0071453940218226195,0.03147871145425508,0.04483921,0.04299636256756767,0.03581859811559078,0.05017412701954456,0.00211059,-0.00210492,57.3,0.56,0.447,0.3773877551020406,1.13341161796269,-0.3786361077586089,60.9,0.6295277507849053,0.8316800712033765,0.2913188034054288,1.3720413390013242,0.026,3.0
2026-04-07,EQR,EQUITY RESIDENTIAL,60.21,57.64,61.27,55.92,62.9,51.19,69.76,-1.4630872483221455,-1.5947955390334583,1.058758314855876,-0.4799999999999969,-2.668033898305086,-0.8854968585309533,-4.450570938079219,-0.00485772,-0.005803451423728815,-0.020732193616194217,0.009125290768736588,-0.01722783,-0.013141554459459474,-0.029026594731769956,0.002743485812851009,-0.01547338,-0.003953683817567561,-0.0123883284006115,0.0044809607654763784,0.00216904,0.00290302,75.6,1.0,-0.661,-0.219095238095238,0.5152377422701632,-0.9534282184606392,31.9,0.09790301066335605,0.10838329422424677,-0.26237808491718484,0.47914467336567834,0.03,3.0
2026-04-07,EWG,ISHARES:MSCI GERMANY,40.11,38.11,41.24,35.39,42.45,35.46,46.12,-1.4531249999999982,-2.0170940170940135,1.29247311827957,-1.7800000000000011,-2.2059322033898288,-1.1742000909446597,-3.237664315834998,-0.00656517,0.0005680332203389849,-0.016503324209509836,0.017639390650187808,-0.04211254,-0.0014789612837837797,-0.018282747551721545,0.015324824984153987,0.01441098,0.02599912641891896,0.01939808752938937,0.03260016530844855,0.00074143,-0.00297703,60.5,0.72,-0.344,0.22060204081632678,1.2033362679726267,-0.762132186339973,33.1,0.3396782246219132,0.16845115589058923,-0.18836503082809924,0.5252673426092778,0.026,3.0
2026-04-07,EWN,ISHARES:MSCI NETHERLANDS,58.59,55.26,59.9,52.99,61.16,51.43,65.92,-1.789473684210534,-2.1789883268482555,1.0237430167597759,-1.8699999999999974,-2.1667118644067798,-0.6836683509001822,-3.6497553779133773,-0.01110842,0.0012001730169491553,-0.015322298174138608,0.01772264420803692,-0.02262665,0.0014678443918918907,-0.01923260899537701,0.02216829777916079,0.00232988,0.01120748614864864,0.0034384056758225623,0.018976566621474716,0.00084458,-0.00997641,56.0,0.73,-0.173,0.32452040816326516,1.300590999833449,-0.6515501835069186,32.3,0.08749184336224314,0.22583169651167523,-0.3422560638147094,0.7939194568380599,0.026,3.0
2026-04-07,EWQ,ISHARES:MSCI FRANCE,44.02,41.99,45.23,38.7,47.33,39.07,49.0,-1.340579710144933,-1.6072507552870114,1.0060606060606048,-0.6399999999999935,-1.1202372881355944,-0.09652574787999835,-2.1439488283911903,0.0018663,0.0001880185423728804,-0.015019168995070808,0.01539520607981657,-0.02447911,-0.0029659947972972985,-0.017457928578744206,0.011525938984149608,-0.00494023,-0.0025737725675675747,-0.007863355444849875,0.002715810309714726,0.0010763,-0.00100686,56.3,0.69,-0.099,0.23892857142857143,1.0543980576358443,-0.5765409147787013,33.9,0.5465684394446444,0.4924682752933491,-0.1562234210209063,1.1411599716076044,0.026,3.0
2026-04-07,FXY,INVESCO:JAPANESE YEN,57.55,56.69,58.93,54.88,60.88,53.44,62.02,1.3978494623655964,1.2471910112359597,1.087591240875914,-0.7000000000000028,-0.7261694915254239,0.04533088327537127,-1.497669866326219,0.00350191,-0.0005001358983050833,-0.006892175188086818,0.005891903391476651,0.0064286,-0.00315226513513513,-0.013195619078456107,0.0068910888081858464,-0.00757194,-0.008558933547297276,-0.013862512841109315,-0.0032553542534852374,-0.00026238,0.00110587,64.7,0.52,-0.61,-0.2789047619047619,0.5576887031133649,-1.1154982269228886,42.3,0.2095964150914602,0.1681530478411211,-0.1889083775616008,0.525214473243843,0.026,3.0
2026-04-07,HUBB,HUBBELL INC.,499.31,464.58,528.6,411.16,577.24,409.59,600.51,1.0167774612219047,-1.1311433337610672,1.1279536335265266,-32.72999999999996,-34.131525423728796,-15.15535115592553,-53.10769969153206,0.00899935,0.00032527308474575875,-0.02257199029377206,0.02322253646326358,-0.01522922,0.0005650181081081027,-0.03507970107644983,0.03620973729266603,0.01648533,0.027505813513513548,0.01589772704579717,0.039113899981229924,0.00077413,-0.00356669,53.6,0.34,0.193,0.07475510204081627,0.9483644413362795,-0.798854237254647,40.7,0.1576699143644016,0.1310788260026634,-0.17435028490685278,0.4365079369121796,0.026,3.0
2026-04-07,IRM,IRON MOUNTAIN INC.,104.73,96.18,106.05,93.93,116.05,82.21,131.21,-3.8009950248756392,1.0481481481481478,1.175843694493783,-4.799999999999997,-8.096881355932203,-2.4833701010824667,-13.710392610781938,-0.01991294,-0.0036640123050847412,-0.03579624698890645,0.028468222378736963,0.04449531,-0.006667904729729708,-0.04800998284802527,0.03467417338856585,0.0188697,0.0363461464527028,0.018986227575192614,0.05370606533021299,0.00156122,-0.00800763,58.1,0.32,-0.288,0.012506802721088442,1.1375732709682056,-1.1125596655260288,40.7,0.29721237875811357,0.12352126409402417,-0.19938037584569537,0.44642290403374374,0.026,3.0
2026-04-07,IWM,ISHARES:RUSS 2000 ETF,252.91,239.67,257.46,229.12,267.26,216.07,292.92,-1.8687196110210738,-1.6578397212543554,1.0860477741585237,-7.869999999999976,-11.781661016949151,-4.943041967978481,-18.62028006591982,-0.00442045,-0.0008759557288135581,-0.01841465866790131,0.016662747210274192,-0.00837004,-0.007235369527027041,-0.03553411407222198,0.021063375018167897,0.01110243,0.01798458614864873,0.007741073785669949,0.02822809851162751,0.00151386,-0.00823921,58.9,0.7,-0.087,0.1321326530612245,1.0269828756737358,-0.7627175695512868,30.4,0.6700235086599631,0.15071869227793117,-0.09081666503953773,0.39225404959540006,0.026,3.0
2026-04-07,LULU,LULULEMON ATHLETICA INC.,153.67,142.85,165.66,131.95,163.56,117.15,195.88,1.2941787941787992,-2.196157735085942,1.1558050383351597,2.219999999999999,-6.744847457627129,17.01605535797956,-30.505750273233815,-0.00671852,-0.016722802067796614,-0.06001502704511985,0.026569422909526626,-0.09092152,-0.037230461452702715,-0.09361184029462877,0.019150917389223338,-0.08893705,-0.06586308388513523,-0.0986169165449836,-0.033109251225286865,0.00248284,-0.01012109,71.2,0.95,-0.918,-0.428724489795918,0.6443563269152117,-1.5018053065070476,33.3,0.3187569588509096,0.13630728267315298,-0.3003942360641536,0.5730088014104595,0.026,3.0
2026-04-07,MRSH,"MARSH & MCLENNAN COMPANIES, INC.",172.66,167.85,179.98,158.23,187.17,147.45,205.54,1.530434782608696,1.0055440055440044,1.3042443474811576,-6.3300000000000125,-12.32725423728814,-4.8686735339228555,-19.785834940653423,-0.00340498,-0.00709265027118644,-0.02322966205925887,0.00904436151688599,-0.02011087,-0.011231714695945947,-0.024785631456431007,0.0023222020645391125,-0.00973934,0.012283652601351336,-0.0035841684092776972,0.02815147361198037,0.00031131,0.00146802,60.5,0.62,-0.58,-0.19624489795918384,0.6490046832273816,-1.0414944791457492,42.5,0.1870139099080128,0.2532443334480559,-0.16360659216692713,0.6700952590630389,0.026,3.0
2026-04-07,MSCI,MSCI INC.,547.28,516.99,557.34,492.42,588.74,479.62,618.71,-2.026173979984597,-1.3232030873130707,1.0557197753473262,-14.620000000000005,-22.253220338983077,-5.054098185237876,-39.45234249272828,-0.00694879,-0.004380992610169487,-0.023033611063409055,0.014271625843070079,-0.01314639,-0.010370848682432444,-0.029139443713687374,0.008397746348822484,0.00284431,-0.006960178243243245,-0.0155062759585766,0.0015859194720901108,0.0016425,-2.063e-05,36.9,-0.66,-0.525,-0.09534693877551025,0.6091051311434604,-0.799799008694481,22.4,0.6212929206750435,0.07284857559905307,-0.3050942892082262,0.4507914404063323,0.039,3.0
2026-04-07,NUE,NUCOR ,173.26,163.45,179.2,156.66,188.73,135.96,206.14,-1.1251758087201102,-1.073044602456367,-1.1344282238442818,0.28000000000000114,-2.0610169491525414,3.9652646332659303,-8.087298531571014,0.00915646,0.0033586961355932202,-0.023292903454058315,0.03001029572524476,0.02373708,0.0090117439189189,-0.03936440234765649,0.05738789018549429,-0.02406315,-0.0328202892567569,-0.044561196131441404,-0.021079382382072402,0.00415388,-0.00039007,78.6,1.18,0.258,0.2105408163265307,1.1304772271913393,-0.7093955945382777,44.8,0.7722818476217832,0.10669659265378541,-0.18543207959398222,0.398825264901553,0.0235,2.0
2026-04-07,ARE,"ALEXANDRIA REAL ESTATE EQUITIES, INC.",44.13,40.8,45.89,38.02,48.53,33.43,56.17,-4.111111111111133,-1.388636363636364,1.1252336448598128,1.4600000000000009,0.49396610169491545,4.836970586844645,-3.8490383834548143,-0.04259066,-0.01607703850847458,-0.05693962963548878,0.024785552618539614,-0.04388577,-0.04353602415540538,-0.09675951074637054,0.009687462435559784,-0.12407828,-0.07583480189189196,-0.10060503174713009,-0.05106457203665382,0.00114722,-0.02211933,66.5,0.72,-1.345,-0.27636054421768697,0.8435426265453158,-1.3962637149806896,23.2,0.17303393234331632,0.04493406084565405,-0.2807660691778801,0.3706341908691882,0.015,2.0
2026-04-07,DRI,"DARDEN RESTAURANTS, INC.",190.63,187.27,200.94,178.19,209.2,170.24,236.64,2.4010282776349707,1.4927652733118968,2.2564982834722915,-18.129999999999995,-13.622745762711856,-6.3340430432217305,-20.911448482201983,-0.01312634,-0.00010215535593220427,-0.019863129373827892,0.019658818661963486,-0.01033768,0.005644663750000013,-0.020335504965354717,0.03162483246535474,0.02813542,0.02287039925675668,0.019026206351701484,0.02671459216181188,-0.00222519,-0.01639713,82.3,1.18,-0.696,0.00491156462585041,0.8926309528837677,-0.8828078236320669,29.6,0.07328024671859867,0.24612485842862455,-0.22643961713200542,0.7186893339892545,0.0175,2.0
2026-04-07,GRMN,GARMIN LTD,241.27,223.96,247.9,211.84,272.65,199.71,304.75,-1.586021505376347,1.0662589194699272,1.5274302213666984,-21.97999999999999,-29.19542372881355,-17.711050151229834,-40.67979730639727,0.00223637,-0.0002491908813559307,-0.03291207737596086,0.032413695613249,0.0304749,-0.0023787398648648607,-0.04344905872925996,0.03869157899953024,0.06420121,0.06882283702702709,0.058188098810999005,0.07945757524305516,0.00263663,-0.00097524,36.9,-0.7,-0.106,0.1914183673469387,1.1789879899685392,-0.7961512552746618,31.5,0.5369945437048336,0.15959697721469016,-0.41201230517061493,0.7312062595999952,0.017,2.0
2026-04-07,SLB,SCHLUMBERGER N.V.,50.35,47.91,55.07,46.21,57.91,39.45,61.69,1.440433212996389,1.8260869565217377,1.0403669724770641,-3.219999999999999,-0.25142372881355984,1.8407394927572451,-2.3435869503843647,0.03508521,0.0015642606440677976,-0.030529715759340936,0.03365823704747653,0.03712889,0.0031169687499999856,-0.0466995219215197,0.05293345942151967,-0.00769043,-0.04667323155405404,-0.07330677345538324,-0.020039689652724846,0.00139162,-0.02171963,65.1,0.71,0.45,0.1331666666666666,0.8975136672594151,-0.6311803339260817,60.9,-0.5023905234965265,0.006544522082449607,-0.23207747038049742,0.24516651454539662,0.017,1.0
2026-04-07,ADM,ARCHER-DANIELS-MIDLAND COMPANY.,72.15,68.59,77.05,68.84,79.52,60.61,84.69,1.369863013698628,2.2265861027190286,1.0866551126516453,-6.429999999999993,0.060610169491525985,2.895234939299784,-2.7740146003167316,-0.00585456,0.0024791342372881358,-0.018878140010590374,0.023836408485166643,0.03326326,0.010627414054054058,-0.01516238422286914,0.03641721233097726,0.01364439,-0.04796465604729726,-0.08252013709630772,-0.013409174998286796,-0.00123665,-0.00650966,63.3,0.85,0.592,0.2569149659863945,1.0505580561215524,-0.5367281241487633,62.7,-0.0046357830428763735,0.06000819944778583,-0.20652197082731702,0.3265383697228887,0.017,1.0
2026-04-07,HUM,HUMANA INC.,197.15,168.55,186.39,139.22,215.67,136.69,219.38,-6.321148825065302,-3.12796976241901,-2.7197480881691423,26.629999999999995,9.003559322033892,26.32733528106234,-8.320216636994557,0.03972451,-0.013653805559322024,-0.057312314871480544,0.030004703752836495,-0.09080249,-0.024194428581081086,-0.06541941771685805,0.017030560554695876,-0.09355919,-0.11147345486486504,-0.12225023728084602,-0.10069667244888406,0.02847187,0.01169642,86.3,1.33,0.754,-0.17546598639455782,0.8268489538579864,-1.177780926647102,80.8,0.38175888126426427,0.2295864907902035,-0.3407366811459693,0.7999096627263762,0.0105,1.0
2026-04-07,MRNA,"MODERNA, INC.",50.11,45.89,52.39,43.27,62.74,34.11,71.92,-2.1809045226130612,1.8464912280701768,1.3631250000000001,-0.07000000000000028,1.8931864406779666,4.987950399644836,-1.2015775182889024,-0.02998906,0.007710761525423728,-0.04421120703291051,0.05963273008375797,0.10833591,0.009488817398648678,-0.07898398843028846,0.09796162322758582,-0.0790559,-0.16391529057432386,-0.21875191451494025,-0.10907866663370747,0.0012683,-0.01584366,2.6,-2.44,-0.748,0.06771768707482993,0.9565518231162989,-0.821116448966639,16.1,0.7087350829261005,0.05757908664328644,-0.2812075243583342,0.39636569764490703,0.00875,1.0
2026-04-07,Q,"QNITY ELECTRONICS, INC.",118.99,108.45,125.45,103.12,141.64,108.53,200.59,-1.0880829015544031,1.4272211720226846,7.801147227533466,-80.7,-96.68,-88.2524032866044,-105.10759671339561,0.01450155,0.012850378130841129,-0.028631854287373835,0.054332610549056096,0.09138855,0.10547934097826088,0.06893269770432783,0.14202598425219393,0.48125667,0.5473144904347826,0.5158907420465485,0.5787382388230168,0.00220378,-0.00725262,40.3,0.13,0.213,0.33982417582417596,1.1580255989116506,-0.4783772472632986,42.3,0.24806365274801445,-0.0035903986138718534,-0.10640569484125392,0.09922489761351022,-0.0765,-0.0
2026-04-07,SWK,"STANLEY BLACK & DECKER, INC.",67.63,65.78,73.13,59.0,76.59,54.7,90.59,1.779069767441863,1.0382387022016237,1.7757153905645802,-1.9500000000000028,-0.9758983050847447,3.9079566519470115,-5.859753262116501,-0.01336359,-0.006516693491525422,-0.04643350558732826,0.03340011860427742,-0.04030725,-0.01810366956081085,-0.07053047129982894,0.03432313217820725,-0.05750694,-0.05010466104729728,-0.0723492173983623,-0.02786010469623226,-0.00220621,-0.01551418,58.3,0.56,-1.095,-0.07487074829931971,0.9022534313308174,-1.0519949279294567,16.5,0.4963402940867012,0.043348370128280196,-0.22671118413627545,0.3134079243928358,0.0025,0.0
2026-04-07,AVY,AVERY DENNISON ,167.5,164.36,179.07,151.4,187.79,144.02,205.15,2.60246913580246,1.2602484472049689,1.6034923339011935,-6.9199999999999875,-5.057355932203386,0.6782296494716071,-10.792941513878379,-0.00558423,-0.003732974338983051,-0.02475612212123706,0.01729017344327096,-0.01871823,-0.0010976889527027048,-0.03141271313859953,0.029217335233194117,-0.02934839,-0.013521385405405421,-0.02121281841055072,-0.005829952400260121,-0.00253109,-0.0050945,69.4,0.68,-0.76,-0.22333673469387752,0.652253491716013,-1.098926961103768,25.2,0.3445093955142968,0.1936963672005796,-0.30910424363330535,0.6964969780344645,0.0025,0.0
2026-04-07,DLTR,"DOLLAR TREE, INC.",106.42,103.96,113.36,95.56,117.67,83.59,138.35,2.277777777777776,1.0359116022099448,1.398598335523434,-1.019999999999996,2.25369491525424,8.261893699223954,-3.7545038687154735,-0.00605618,0.0049438186440677896,-0.02704692799922983,0.036934565287365405,-0.0359661,0.025321504729729733,-0.014155718622650307,0.06479872808210978,-0.05974931,-0.07324328750000034,-0.09494622438250223,-0.05154035061749844,-0.00141557,-0.00559647,85.7,1.27,-0.738,0.21680952380952387,1.2690908020377696,-0.8354717544187219,22.4,0.12267873812460683,0.25311170039726927,-0.29995807488686,0.8061814756813985,0.0025,0.0
2026-04-07,GLD,SPDR GOLD,431.81,396.53,449.47,379.04,484.12,397.81,555.01,-1.7656249999999998,-1.0087937296883958,3.6235294117647054,-101.72999999999996,-52.53477966101694,-19.409283676503854,-85.66027564553002,-0.03065574,0.00800952437288136,-0.008682909381043996,0.024701958126806714,0.00528084,0.03813659432432426,0.01374402584043305,0.06252916280821547,0.14379443,0.10258545881756764,0.0679916276463376,0.1371792899887977,0.00316078,0.00040288,67.1,1.06,-0.897,0.7189081632653058,1.736037441010492,-0.2982211144798803,3.8,0.14274278514644623,0.07144168763251031,-0.2798123071229142,0.4226956823879348,0.3225,0.0
2026-04-07,HAL,HALLIBURTON COMPANY,38.72,36.67,42.15,36.78,43.04,30.01,46.91,1.2869565217391323,2.226804123711343,-1.0634920634920635,-1.4699999999999989,-0.1079661016949153,1.2771333933204774,-1.4930655967103081,0.03694155,0.004084213389830509,-0.02915521841040777,0.03732364519006879,0.05360462,-0.0001857680743243085,-0.06294147530548404,0.06256993915683541,-0.01462553,-0.05449805506756749,-0.07884646244970812,-0.030149647685426856,-9e-06,-0.0186674,74.0,1.25,1.049,0.1946632653061225,0.8670612146365053,-0.4777346840242604,87.9,-0.4253397864135643,0.023879356148392764,-0.26971369313304044,0.31747240542982597,-0.00125,-0.0
2026-04-07,INDA,ISHARES:MSCI INDIA,47.36,44.83,47.81,42.01,49.41,40.33,54.99,-3.171428571428557,-2.6097560975609797,1.0853485064011381,-0.25,-2.128440677966103,-1.037682215780514,-3.2191991401516926,-0.01620312,-0.0027696671864406784,-0.015252023344443949,0.009712688971562591,-0.04785054,-0.002189121689189187,-0.016995610125360168,0.012617366746981792,-0.01773295,0.014295058682432395,0.0006139890181513698,0.027976128346713418,0.0024058,-0.00271297,84.5,1.55,-0.815,-0.2633979591836735,0.6430591361392932,-1.1698550545066402,22.4,0.7179451141574738,0.18617035548441138,-0.17444651862184277,0.5467872295906655,0.003,0.0
2026-04-07,TRGP,TARGA RESOURCES CORP.,250.98,239.38,257.14,235.36,280.29,211.63,313.49,-1.7541729893778446,1.876440460947508,1.5885641677255407,-30.419999999999987,-28.163627118644087,-18.10157629730379,-38.22567793998438,0.01313495,0.0007023971186440684,-0.027721985841998625,0.02912678007928676,0.07258758,0.0010694646959459337,-0.04195371228426824,0.0440926416761601,0.10054281,0.09933906787162188,0.0858994313364605,0.11277870440678325,0.00044341,0.01045823,67.5,0.33,0.938,0.24532653061224496,1.219938631017417,-0.7292855697929271,76.8,-0.013943065403118293,0.11213375740457643,-0.1388494123244528,0.36311692713360566,-0.0075,-1.0
2026-04-07,GPN,GLOBAL PAYMENTS INC.,62.7,60.54,68.75,56.78,70.98,51.54,81.2,2.164609053497939,1.3986486486486485,1.6577060931899636,-0.8699999999999974,0.24010169491525477,5.458295630445694,-4.978092240615186,-0.02394023,-0.011982195593220332,-0.04487001472393039,0.020905623537489728,-0.04206632,-0.024969971418918914,-0.06593831556234135,0.015998372724503523,-0.10948455,-0.06858405091216217,-0.09932042700349643,-0.03784767482082792,0.00454254,-0.00058494,34.5,-0.52,-1.433,-0.2861224489795917,0.4908089253268494,-1.0630538232860327,4.8,0.3713404368767963,0.140021587871472,-0.28940547141348805,0.5694486471564321,-0.0065,-1.0
2026-04-07,HST,"HOST HOTELS & RESORTS, INC.",19.09,18.57,19.8,18.19,20.62,16.08,22.28,1.5624999999999987,1.700000000000004,1.0598006644518272,-0.05000000000000071,-0.1867796610169486,0.38557268954200635,-0.7591320115759035,0.00773472,0.0009396612542372876,-0.02106420904578355,0.02294353155425813,0.02331028,-0.01125663060810806,-0.04945363608237799,0.026940374866161867,-0.02825509,-0.027150165709459436,-0.03654739517671021,-0.01775293624220866,0.00163513,0.00121965,0.6,-3.13,-0.096,0.06104421768707479,0.9144394492452986,-0.792351013871149,34.3,0.7672659165319147,0.22987606519623008,-0.2926776807088609,0.752429811101321,-0.009,-1.0
2026-04-07,STLA,STELLANTIS NV,7.42,6.99,7.94,5.77,8.21,5.25,8.23,2.0689655172413777,-2.0886075949367067,-2.6790123456790105,1.08,0.10833898305084746,0.8207481516296581,-0.6040701855279632,0.03800646,-0.012492956542372884,-0.05049245762605385,0.025506544541308088,-0.11512152,-0.039524984763513585,-0.0928288287200546,0.013778859193027425,-0.1773425,-0.08833245067567567,-0.12827533586396125,-0.0483895654873901,0.00536373,0.00577007,52.6,-0.15,0.374,-0.23552721088435374,0.5562890778425318,-1.0273434996112392,77.4,0.3628079359608154,-0.0025292405695470296,-0.5512494656335686,0.5461909844944745,-0.02325,-2.0
2026-04-07,XES,SPDR S&P OIL&GAS E&S,118.07,111.12,122.26,111.6,131.22,95.6,137.96,-1.6716049382715992,2.0324574961360136,-1.12971342383107,-3.530000000000001,-1.091898305084745,3.1577406299376576,-5.341537240107147,0.01652047,0.002089939084745758,-0.03144429194225094,0.03562417011174246,0.07260133,0.0020207836486486365,-0.05779224980125096,0.061833817098548224,0.00296715,-0.037750625135135364,-0.06731962154747155,-0.008181628722799174,0.00154554,-0.00647493,64.1,0.48,0.802,0.30070748299319744,1.1814791483119995,-0.5800641823256045,69.2,0.7103860489573202,0.13155852821499656,-0.17067090554388684,0.4337879619738799,-0.0225,-2.0
2026-04-07,FDS,FACTSET RESEARCH SYSTEMS INC.,227.6,207.16,247.12,173.88,262.79,161.57,258.18,1.372121212121213,-1.5265700483091775,-2.159254414650097,18.659999999999997,-9.431423728813554,10.083543194564088,-28.946390652191198,0.03243877,-0.017168475050847447,-0.051264889017123096,0.016927938915428202,-0.06983959,-0.04301746452702704,-0.08298027831946758,-0.003054650734586488,-0.11695125,-0.045122076722972936,-0.0864238414769983,-0.003820311968947575,0.00347437,0.00248954,41.3,-0.07,0.221,-0.5488877551020405,0.5156748404184349,-1.6134503506225157,74.0,0.11598129977281468,0.15153277650651265,-0.18596847520742243,0.4890340282204477,-0.02325,-2.0
2026-04-07,HPQ,HP INC.,18.61,18.09,20.38,17.45,20.47,14.77,22.83,2.9298245614035103,1.6034482758620683,1.098958333333333,-0.08999999999999986,-0.8311864406779664,0.7348859079624351,-2.397258789318368,0.01264754,-0.013694258440677965,-0.04752267074188511,0.020134153860529178,-0.01967583,-0.04012494604729727,-0.0812582642351562,0.001008372140561653,-0.07187127,-0.03475469280405415,-0.05884888054960655,-0.010660505058501756,-0.00124005,0.0135069,71.6,0.86,-0.229,-0.3618299319727892,0.6659914617501352,-1.3896513256957135,51.8,0.6103353363621689,0.13410293713944632,-0.31283012920453535,0.581036003483428,-0.023,-2.0
2026-04-07,ORCL,ORACLE ,143.17,135.82,150.52,122.27,154.65,113.73,202.74,-1.1007407407407375,-1.820557491289195,2.0234375000000018,-15.980000000000018,-32.86315254237289,-11.315687157379966,-54.410617927365806,-0.02887369,-0.0023997420338983063,-0.051982605017835165,0.04718312095003856,-0.08768528,0.0023061183783783757,-0.08462690572089011,0.08923914247764687,0.03568168,0.07909807543918913,0.05438002179452778,0.10381612908385049,-2.038e-05,-0.00343518,50.8,-0.07,-0.413,-0.09565306122448988,1.0210364859423529,-1.2123426083913327,39.1,0.2862384412960657,-0.053543185764770844,-0.42254669472074186,0.31546032319120015,-0.034,-3.0
2026-04-07,RTX,RTX ,197.92,185.09,200.27,181.55,208.6,173.36,243.72,-2.9623655913978455,-1.5327715355805211,1.8648208469055398,-21.72,-14.86105084745762,-6.1747534096721814,-23.547348285243057,-0.0198044,0.005877918915254238,-0.012740336523579652,0.02449617435408813,0.00498523,0.011814537804054035,-0.015890978248185094,0.03952005385629316,0.07605759,0.04909626253378377,0.01976795079018076,0.07842457427738678,0.00030546,-0.00801927,3.8,-2.68,-0.913,0.467176870748299,1.1622643398990378,-0.2279105984024397,3.0,0.7677909180304732,0.08289171488745918,-0.24342502131368277,0.4092084510886011,-0.0325,-3.0
2026-04-07,ASC,ARDMORE SHIPPING ,15.27,14.93,16.4,14.45,17.79,11.51,20.28,6.526315789473712,3.0731707317073154,1.3324468085106387,-0.8399999999999999,-0.33620338983050824,0.3127364777143592,-0.9851432573753757,0.03341108,0.0027540374915254275,-0.029996415552011147,0.035504490535062,0.07119279,-0.0001108827027027258,-0.044965509213096486,0.04474374380769103,-0.00481258,-0.02245172425675687,-0.0390094511277758,-0.00589399738573794,0.00751577,-0.00458567,68.7,0.77,-0.249,0.14317687074829943,1.3422262450682514,-1.0558725035716525,25.0,-0.15201036226779618,0.5550905147588532,-0.259385492024267,1.3695665215419734,-0.035,-3.0
2026-04-07,DXY,US DOLLAR INDEX,99.08,98.76,101.07,96.12,103.67,94.37,103.82,3.035087719298289,1.55067567567568,1.0063694267515926,-1.1400000000000006,-0.9911864406779668,0.3793974816890261,-2.36177036304496,-0.0023098,-0.0016773171525423726,-0.008211739143173077,0.004857104838088332,0.00014147,-0.005172131182432431,-0.014375816324130111,0.00403155395926525,-0.00904133,-0.0064921818581081155,-0.012392225894287554,-0.0005921378219286774,-0.00200967,-0.0009511,80.2,1.15,-0.008,-0.39334013605442136,0.4432327198871729,-1.2299129919960157,60.1,,,,,-0.02925,-3.0
2026-04-07,EWI,ISHARES:MSCI ITALY,54.79,52.0,56.32,48.42,57.99,48.12,61.25,-1.224489795918366,-1.9906249999999974,-1.0325077399380806,-1.9500000000000028,-3.139254237288139,-1.785264371154523,-4.493244103421755,0.00865814,0.0033646759322033884,-0.013432140110127562,0.02016149197453434,-0.02376829,0.007880438141891889,-0.010031574707555705,0.025792450991339484,0.0230698,0.03420092114864859,0.02878821218285549,0.03961363011444169,0.00198648,-0.00187023,53.8,0.71,0.252,0.5091836734693879,1.422268547195118,-0.40390120025634235,48.4,0.6263675427393101,0.2727318642467674,-0.16564542124728782,0.7111091497408226,-0.0265,-3.0
2026-04-07,HPE,HEWLETT PACKARD ENTERPRISE COMPANY,24.63,22.47,27.0,21.86,27.63,18.53,30.55,1.4662921348314624,1.0830324909747293,-1.0304054054054048,-0.9499999999999993,-1.2988813559322039,0.07238938256426786,-2.6701520944286754,0.04837522,-0.002924726237288136,-0.04315548854046967,0.037306036065893396,0.04018171,-0.009398417094594588,-0.07956084541149805,0.06076401122230887,-0.00588363,-0.002444306554054038,-0.017902789986922102,0.013014176878814024,0.00017764,0.01735325,76.8,1.27,0.748,0.08668367346938781,1.1646931708245016,-0.991325823885726,63.5,0.08053808940445317,0.19945674266905677,-0.19864345950954326,0.5975569448476568,-0.0265,-3.0
2026-04-07,NVR,"NVR, INC.",6492.24,6424.53,6915.59,5989.44,7175.17,5484.34,8203.29,6.419555555555565,1.3582537788385045,1.697638654628437,-310.6800000000003,-534.2021355932203,-295.90329062873025,-772.5009805577104,0.00793309,-0.004315784271186438,-0.022045572816949178,0.013414004274576303,-0.01637844,-0.008950691317567582,-0.03213926800764508,0.014237885372509912,-0.00911281,0.022392632871621646,0.01163733641640306,0.03314792932684023,-0.00010779,0.00015302,37.5,-0.46,-0.862,-0.25997619047619025,0.5940885152782811,-1.1140408962306616,20.4,,-0.2600656919919101,-0.36067511876779956,-0.15945626521602066,-0.036,-4.0
2026-04-07,RUT,RUSSELL 2000 INDEX,2544.95,2426.41,2575.91,2372.9,2613.45,2294.58,2795.93,-2.174416017797535,-2.511678832116784,1.0024363941366783,-66.85000000000036,-104.80549152542379,-35.54731548351417,-174.06366756733343,-0.00462255,-0.001242587830508476,-0.019023895925040953,0.016538720264024004,-0.00931311,-0.006883556824324278,-0.03493058968183964,0.021163476033191082,0.01122553,0.018354863175675636,0.008163410927285134,0.02854631542406614,0.0016099,-0.00835118,57.5,0.63,-0.096,0.1363027210884353,1.0248553580173079,-0.7522499158404373,29.6,,,,,-0.036,-4.0
2026-04-07,DJI,DOW JONES INDUSTRIAL AVG INDEX,46584.46,45032.28,47381.16,43559.66,47798.79,43042.82,50616.39,-1.4690416807345092,-2.4909209193546986,1.138435865870049,-900.260000000002,-1222.8168474576264,-236.17067402381008,-2209.4630208914427,-0.00548642,-0.0009406965762711867,-0.014547318157673324,0.012665925005130951,-0.02489453,-0.00557639570945946,-0.027074281558863877,0.015921490139944955,-0.00056689,0.005694457128378384,-0.00450190702454418,0.015890821281300947,0.00115061,-0.00577414,74.4,1.15,-0.594,0.1336972789115647,1.016754422184912,-0.7493598643617827,13.5,,,,,-0.036,-4.0
2026-04-07,EXPD,EXPEDITORS INTERNATIONAL OF WASHINGTON,144.53,141.02,149.59,128.57,155.49,122.28,173.45,1.9896907216494841,-1.4562043795620434,1.2997752808988758,-6.050000000000011,-6.085084745762712,1.2195628226170196,-13.389732314142444,0.01114286,0.0018233783728813576,-0.02826202352542963,0.031908780271192344,-0.05031016,0.0038255201351351437,-0.0314108125434326,0.03906185281370289,0.01843626,0.0014401883108108061,-0.011093749935117473,0.013974126556739085,0.0011699,-0.00733162,34.7,-0.94,-0.128,0.24510204081632644,0.9353782553498783,-0.44517417371722534,35.1,0.7470668280308697,-0.05277735037187632,-0.4003656531048203,0.2948109523610677,-0.049,-4.0
2026-04-07,FFIV,"F5, INC.",309.1,279.01,315.61,278.12,329.26,246.41,376.74,-1.8976631748589905,-1.5367063492063526,1.0789599617163814,-25.69999999999999,-37.72599999999999,-24.818231406318617,-50.63376859368137,0.01306389,0.0010276801694915274,-0.029501251041471745,0.0315566113804548,0.02673487,0.006437059256756758,-0.035625123065199694,0.04849924157871321,0.07833569,0.07476519891891908,0.06396612864611223,0.08556426919172594,0.00406268,-0.02139094,49.2,0.13,0.818,0.10973469387755103,1.1368704896827158,-0.9174011019276138,80.4,0.5874961580845779,0.14580230397610366,-0.28142078129024234,0.5730253892424497,-0.04,-4.0
2026-04-07,NDX,NASDAQ 100 INDEX,24202.37,22850.95,24575.64,22342.69,24514.92,21591.01,26898.29,-2.375566770492438,-5.950023996160629,1.0323815942650578,-904.880000000001,-1355.2731525423721,-637.3687254032061,-2073.177579681538,-0.01260436,-0.001050306067796609,-0.01797497606104083,0.01587436392544761,-0.03005572,-0.003381683344594595,-0.03015587513414758,0.02339250844495839,0.0132768,0.03003503320945954,0.016791276905163195,0.04327878951375588,0.00135085,-0.00986191,84.7,1.42,-0.539,0.25584693877551,1.1755801990241876,-0.6638863214731676,12.5,,,,,-0.036,-4.0
2026-04-07,NFLX,"NETFLIX, INC.",98.82,92.22,103.07,82.4,115.17,80.11,120.65,1.0075757575757616,-1.004281345565748,1.1667557455905944,-5.1000000000000085,-14.979593220338975,-9.219966215460271,-20.73922022521768,0.01405679,-0.0017085924745762697,-0.03150502346943727,0.028087838520284725,-0.0090146,-0.0038722702027026976,-0.03790168423867563,0.030157143833270235,0.0298717,0.08021917824324319,0.0493910121302949,0.11104734435619149,0.00164753,0.01333469,22.6,-1.41,0.027,-0.08718367346938773,0.9892553840936545,-1.16362273103243,55.4,0.762230817824473,0.24140374398278253,-0.2848012573775871,0.7676087453431522,-0.045,-5.0
2026-04-07,A,"AGILENT TECHNOLOGIES, INC.",113.88,110.39,119.47,104.19,119.88,94.52,137.86,1.746794871794878,-1.6149999999999995,1.2386363636363646,-2.180000000000007,-5.171084745762712,0.3306006647946109,-10.672770156320034,0.00812822,-0.006464210813559322,-0.03410046785064241,0.021172046223523765,-0.04358174,-0.006700314560810807,-0.045452952713974565,0.03205232359235295,-0.01924848,-0.013265462229729736,-0.03322635526241598,0.006695430802956507,0.00139122,-0.01241312,9.7,-2.05,-0.432,-0.26492517006802746,0.7851186586186325,-1.3149689987546875,34.7,0.6202437794674043,0.10230923106486296,-0.16178614574958128,0.3664046078793072,-0.049,-5.0
2026-04-07,ACGL,ARCH CAPITAL GROUP LTD.,96.92,93.62,98.64,91.04,103.87,83.89,111.74,-1.2692307692307705,1.1819727891156477,1.13737528779739,-2.039999999999992,-6.027254237288133,-3.061256065300836,-8.993252409275431,0.00760953,-0.0024990936610169443,-0.018298668361738983,0.013300481039705096,0.02395888,-0.002055068074324324,-0.021675948742716424,0.017565812594067774,0.01044264,0.023808896621621712,0.010705020355316727,0.0369127728879267,0.00177016,0.00580594,55.4,0.01,0.222,-0.0030544217687074556,0.7445600760182206,-0.7506689195556354,60.9,0.5254418366099431,0.11763368569090846,-0.16522940551583645,0.4004967768976534,-0.045,-5.0
2026-04-07,ACN,ACCENTURE PUBLIC LIMITED COMPANY,197.3,187.65,207.61,170.08,208.84,154.89,240.8,1.071428571428567,-2.3587521663778177,1.0257014854987025,2.5200000000000102,-11.620711864406777,3.8358257470281405,-27.077249475841697,-0.00206255,-0.013306901593220349,-0.044177481072773986,0.017563677886333284,-0.0946389,-0.027769068682432414,-0.06710613406467501,0.011567996699810183,-0.06555615,-0.020315784425675654,-0.048505797580979115,0.007874228729627803,0.00101679,-0.00925033,20.2,-1.35,-0.662,-0.37709183673469393,0.7327777840564044,-1.4869614575257923,38.3,0.4247493700132623,0.2211557409278288,-0.17377648124590628,0.6160879631015639,-0.049,-5.0
2026-04-07,AON,AON PLC,322.47,314.94,332.64,296.22,345.44,282.02,377.83,1.3076923076923015,-1.142794949934699,1.3686032138442497,-11.979999999999961,-16.717661016949148,-6.266528492616574,-27.168793541281723,0.00118423,-0.0035028288135593214,-0.020713759916013322,0.01370810228889468,-0.0188363,-0.013855191993243246,-0.034510468135412586,0.006800084148926097,0.00451626,0.005154527499999969,-0.003778903921543418,0.014087958921543357,-0.00089905,0.00208082,47.4,0.02,-0.427,-0.07888095238095244,0.6974972383188585,-0.8552591430807632,37.9,0.21194435169743153,0.14995048572938438,-0.21564791762128585,0.5155488890800546,-0.049,-5.0
2026-04-07,CFG,"CITIZENS FINANCIAL GROUP, INC.",61.6,58.27,63.68,54.28,66.56,51.67,72.8,1.0204081632653021,-1.475806451612903,1.1278952668680762,-4.359999999999992,-5.331593220338983,-2.843816331714738,-7.819370108963229,0.02433061,0.0016014193559322025,-0.025278225974248645,0.028481064686113052,-0.00407061,0.0040769808783783805,-0.04066981691194247,0.048823778668699226,0.06445499,0.05589416749999998,0.038421565575695114,0.07336676942430484,0.00333431,-0.00433101,12.3,-1.89,0.727,0.2787006802721089,1.348140097808748,-0.7907387372645301,59.3,0.7174686058269562,0.07724918634807178,-0.223995073483502,0.37849344617964553,-0.049,-5.0
2026-04-07,CRM,"SALESFORCE, INC.",182.96,175.06,191.41,159.63,195.66,148.68,222.73,1.001237623762375,-1.8370078740157507,1.1601516919486576,-0.009999999999990905,-14.770983050847459,0.9511324676590274,-30.493098569353947,-0.02589098,-0.012512443355932202,-0.04207797888884385,0.017053092176979444,-0.08759666,-0.03343144554054056,-0.0661178258767917,-0.0007450652042894218,-0.06909812,-0.005364407297297253,-0.03978233022382405,0.029053515629229545,4.268e-05,-0.00283217,3.0,-2.32,-0.841,-0.4229149659863949,0.5350700476019683,-1.380899979574758,30.4,0.3388218063185049,0.15346155038017165,-0.16395886584724592,0.4708819666075892,-0.049,-5.0
2026-04-07,DOV,DOVER ,207.54,198.84,215.67,183.73,227.59,175.42,252.39,-1.137884872824632,-1.187531172069825,1.3963262764632625,-8.5,-8.646745762711857,-1.3959092930365484,-15.897582232387165,0.00333759,0.0008086440338983045,-0.024599717741260442,0.026217005809057052,-0.01567643,-0.003991968108108116,-0.03961360362187843,0.03162966740566219,0.00427828,0.005974627398648648,-0.004175384513166469,0.016124639310463765,0.00036258,-0.00313213,49.0,-0.13,-0.264,0.06333673469387753,1.1031999011701596,-0.9765264317824045,36.3,0.3865005077605481,0.10237795287867907,-0.2787393731547233,0.48349527891208144,-0.049,-5.0
2026-04-07,EBAY,EBAY INC.,96.01,88.17,99.09,84.03,104.71,80.17,115.21,-1.1976967370441491,-1.3770114942528757,1.212121212121211,-8.97999999999999,-10.94105084745763,-6.066597948020163,-15.815503746895097,0.01494104,0.0033534297627118596,-0.0240096630102396,0.030716522535663322,0.00250056,0.015108564054054014,-0.011681945940345244,0.04189907404845327,0.08026232,0.07355355236486481,0.053467443967527256,0.09363966076220237,0.00336181,-0.00214158,39.7,-0.6,0.359,0.3055476190476192,1.188892612960395,-0.5777973748651567,56.2,0.5772015807381881,0.11313033242599697,-0.32456731708306935,0.5508279819350633,-0.049,-5.0
2026-04-07,FSLR,"FIRST SOLAR, INC.",192.31,184.08,205.54,168.01,213.64,155.05,256.71,1.5073710073710058,-1.1392405063291153,1.728395061728395,-27.49000000000001,-29.987288135593207,-13.1202057319511,-46.85437053923532,-0.0192237,0.0014667954915254286,-0.033424980101551156,0.03635857108460202,-0.03497933,0.01816679993243246,-0.04571419532343948,0.0820477951883044,0.05671076,0.05206488608108118,0.013321751979415507,0.09080802018274686,-0.00198229,0.01759455,25.2,-0.96,-0.166,0.00460544217687088,0.7936546912817309,-0.7844438069279892,31.2,0.7814837386774691,0.04074796025453322,-0.39235696339395737,0.47385288390302377,-0.049,-5.0
2026-04-07,ICL,ICL GROUP LTD,5.34,4.99,5.41,4.72,5.7,4.25,6.46,-3.4444444444444455,-1.722222222222221,1.0275229357798168,-0.21999999999999975,-0.3934576271186442,-0.10458771300492997,-0.6823275412323584,-0.01293243,-0.003917394372881357,-0.030733194981916352,0.022898406236153634,-0.02051378,0.0002897662162162126,-0.026312382931879714,0.02689191536431214,0.01450239,0.01007235692567569,-0.006175447408343408,0.026320161259694788,-0.0015134,0.000613,15.1,-1.46,-0.023,-0.048656462585034026,0.7873983968563995,-0.8847113220264674,50.6,0.839443139825875,0.8516594656859372,-0.2375824825781635,1.940901413950038,-0.049,-5.0
2026-04-07,PFG,"PRINCIPAL FINANCIAL GROUP, INC.",91.06,87.05,94.19,83.38,96.11,76.7,107.04,-1.1451104100946352,-1.520792079207923,1.112813370473538,-2.450000000000003,-3.353830508474576,-0.21462073555626837,-6.493040281392884,0.01253866,-0.0005647353220338977,-0.02156791690847113,0.02043844626440334,-0.00576181,0.0021825247972972945,-0.02084110296106215,0.025206152555656742,0.00480015,-0.0023472973310811112,-0.012651638458655991,0.00795704379649377,0.00146515,-0.00253814,24.6,-1.15,0.031,0.17587074829931962,0.9265859501535256,-0.5748444535548864,42.3,0.515288046569822,0.10681068142568297,-0.17141008240477373,0.38503144525613964,-0.049,-5.0
2026-04-07,PNC,"THE PNC FINANCIAL SERVICES GROUP, INC.",213.92,202.55,217.28,190.54,228.76,181.87,247.22,-1.5948275862068935,-1.5754716981132069,1.0390015600624034,-8.719999999999999,-15.825728813559323,-8.02354339271897,-23.627914234399675,0.00972691,-0.0013335040677966113,-0.02585946601829285,0.02319245788269963,-0.00754394,-0.0022169626013513704,-0.03904226492811166,0.03460833972540892,0.0347852,0.0383523665878378,0.03127285062668429,0.045431882548991304,0.00347323,-0.00258087,12.5,-1.68,0.746,0.09243197278911569,1.3074612693915633,-1.122597323813332,57.7,0.8149295743115073,0.16165417627626774,-0.16377441315864774,0.48708276571118325,-0.049,-5.0
2026-04-07,PPL,PPL ,38.86,37.18,39.54,36.62,41.33,34.53,43.86,-1.6067415730337065,1.1026785714285698,1.1547344110854507,-2.219999999999999,-2.5623050847457636,-1.7007074693681457,-3.4239027001233815,-0.00051546,0.001649390372881355,-0.01121388537838667,0.01451266612414938,0.02360285,0.0047809339527027095,-0.009667928401932088,0.019229796307337507,0.03951056,0.03584550395270271,0.02638348868942047,0.04530751921598495,-0.00033635,0.00281955,12.5,-1.88,0.24,0.12095918367346938,0.9127627530808659,-0.6708443857339271,56.9,0.4154652784017374,0.1346458310414362,-0.18605800216946003,0.4553496642523325,-0.049,-5.0
2026-04-07,RF,REGIONS FINANCIAL ,26.61,25.4,27.41,23.51,28.4,22.21,31.81,1.043956043956043,-1.731843575418994,1.181818181818182,-0.8399999999999999,-1.597593220338983,-0.475860790794711,-2.719325649883255,0.01779032,-0.0009123724067796605,-0.0269474543093616,0.02512270949580228,-0.0213956,-0.007152694256756734,-0.05010379359170356,0.03579840507819009,0.01911204,0.01694960050675673,-0.0013833594200785178,0.03528256043359197,0.00273936,-0.00726419,22.4,-1.36,-0.25,0.08697959183673468,1.18907870576432,-1.0151195220908507,33.1,0.43005086895233835,0.09045387886918436,-0.20269671670113393,0.3836044744395027,-0.049,-5.0
2026-04-07,RSG,"REPUBLIC SERVICES, INC.",220.38,213.68,228.31,206.57,236.14,193.41,258.39,1.2877138413685836,1.1412020275162917,1.4093437152391544,-11.569999999999993,-20.84501694915252,-13.09368500854688,-28.59634888975816,-0.00035788,-0.0019644401355932194,-0.014233701173727877,0.010304820902541437,0.00097101,-0.0017495904054054068,-0.018669760780112125,0.015170579969301313,0.01663214,0.052643624932432534,0.030926282087528387,0.07436096777733668,0.00038911,0.00216991,47.2,0.15,-0.855,-0.030935374149659946,0.7747173423253181,-0.836588090624638,16.5,0.1401667540474989,0.1611230119624837,-0.14693984042823316,0.46918586435320053,-0.047,-5.0
2026-04-07,STE,STERIS PUBLIC LIMITED COMPANY,219.22,212.81,226.85,193.01,235.17,188.6,266.93,1.1566068515497567,-1.643260188087776,1.5581319399085565,-8.219999999999999,-8.832644067796615,-0.7251083236713303,-16.9401798119219,0.00288133,-0.002696690203389829,-0.024720560401963756,0.019327179995184095,-0.054533,0.0031700654391892164,-0.02027331023102217,0.0266134411094006,-0.00184996,-0.0036725154391891906,-0.014681519418774748,0.007336488540396368,4.692e-05,-0.00464038,7.3,-2.28,-0.634,-0.10756462585034016,0.7622234387833444,-0.9773526904840248,35.1,0.34478238022383256,0.18866101912559377,-0.30058118132773315,0.6779032195789207,-0.049,-5.0
2026-04-07,TECH,BIO-TECHNE ,53.83,50.26,55.68,47.12,57.9,42.18,65.89,-1.2476635514018697,-1.6486486486486487,1.0351931330472106,-0.7199999999999989,-1.3181355932203391,1.9927489889186718,-4.62902017535935,0.01430714,-0.008871748372881358,-0.04248578284482974,0.024742286099067028,-0.02960595,-0.012726506689189204,-0.060793409888151156,0.03534039650977275,-0.01514184,-0.045685543986486485,-0.07824806081045076,-0.013123027162522213,0.01119672,-0.01934596,10.3,-1.8,-0.214,-0.2111802721088438,0.7111306618275535,-1.1334912060452411,44.4,0.8539140778379266,0.14031983479525303,-0.1787211428498117,0.4593608124403178,-0.049,-5.0
2026-04-07,TEL,TE CONNECTIVITY LTD,210.98,198.74,220.45,182.13,227.32,170.22,264.83,-1.0629999999999995,-1.7656058751529982,1.3211481844946027,-13.719999999999999,-16.088847457627114,-4.2338841168999455,-27.943810798354285,0.00594004,0.0035709944406779673,-0.02495625294106101,0.03209824182241694,-0.04027034,0.011844156385135135,-0.03471558636346357,0.05840389913373384,0.03070838,0.027110980844594706,0.004483183605717322,0.04973877808347209,-0.00026364,0.00168361,7.7,-1.94,0.191,0.3789761904761901,1.3192787066680634,-0.5613263257156833,43.1,0.5311993622688973,0.12362833276619836,-0.3129923235882657,0.5602489891206623,-0.049,-5.0
2026-04-07,USB,U.S. BANCORP,53.7,50.49,54.53,48.09,56.92,45.36,62.58,-1.9117647058823548,-1.7422360248447208,1.0647482014388479,-1.5399999999999991,-3.1153220338983045,-1.4178077002480025,-4.8128363675486066,0.00465788,-0.0015437467796610143,-0.023868709125097195,0.020781215565775165,-0.00904529,-0.0073866861486486576,-0.04677675791674088,0.03200338561944356,0.02126043,0.023011825337837837,0.014140655399142402,0.03188299527653327,0.00224595,-0.00183397,14.5,-1.68,0.634,0.10557482993197269,1.1804758633219006,-0.9693262034579552,59.7,1.4424032533498368,0.13744111794214808,-0.18211682763957926,0.4569990635238754,-0.049,-5.0
2026-04-07,VST,VISTRA CORP.,153.68,138.7,159.9,131.78,164.96,120.23,219.91,-1.8541076487252124,-1.941489361702128,1.9799701046337812,-27.189999999999998,-53.81752542372886,-38.04100934755087,-69.59404149990685,-0.02828465,-0.007409921186440673,-0.04755299828852811,0.03273315591564676,-0.05087839,-0.021370977499999985,-0.08917092355395478,0.046428968553954814,0.08364241,0.19951315206081155,0.1567285967306499,0.2422977073909732,0.00113706,-0.0039432,55.0,0.59,-0.395,0.03161564625850321,0.855397405952288,-0.7921661134352815,28.8,0.14141959807560722,0.060813612512701266,-0.23875668054626767,0.3603839055716702,-0.047,-5.0
2026-04-07,WYNN,"WYNN RESORTS, LIMITED",100.43,96.82,106.25,89.77,106.45,81.92,123.4,1.9680511182108555,-1.770764119601332,1.2409508373851967,-3.1799999999999926,-5.037932203389833,1.2638424194246438,-11.33970682620431,0.00617128,0.00024198166101695555,-0.033272661484151596,0.03375662480618551,-0.05879898,0.005098137432432429,-0.045245009168853156,0.05544128403371801,-0.0135193,-0.01156475331081084,-0.03797634972883934,0.014846843107217664,-0.00069107,0.00541065,30.4,-1.09,-0.151,0.07560544217687085,1.073956974633931,-0.9227460902801893,43.8,0.4551748981346846,0.09894016929830961,-0.254168409652081,0.4520487482487002,-0.049,-5.0
2026-04-07,ZBH,"ZIMMER BIOMET HOLDINGS, INC.",91.4,86.8,93.22,81.76,97.53,77.2,106.25,-1.6624472573839781,-1.572593800978794,1.0457746478873233,0.29000000000000625,-1.8389830508474592,2.638510134049665,-6.316476235744584,-0.00915385,-0.004966052711864401,-0.029085072668650506,0.019152967244921708,-0.02771589,-0.022828454560810767,-0.03998181970815011,-0.0056750894134714215,-0.02898812,-0.029339739189189296,-0.04509075779350492,-0.013588720584873676,0.00033111,-0.00375262,27.2,-0.82,-0.346,-0.16420408163265288,0.7522617442908633,-1.0806699075561692,50.2,0.33490603016913245,0.10155396386512629,-0.2856650571926456,0.48877298492289817,-0.049,-5.0
2026-04-07,KR,THE KROGER CO.,72.68,69.1,74.6,68.32,80.46,63.08,84.27,-1.757894736842115,1.784403669724762,1.2072916666666644,-5.449999999999989,-6.254000000000003,-4.040426013001067,-8.46757398699894,-0.01152426,0.0016773861694915255,-0.017648082578552486,0.021002854917535535,0.04130546,0.005574810945945948,-0.016809434503515686,0.027959056395407585,0.03137544,0.04826567074324319,0.042911533064432815,0.05361980842205357,0.00015352,0.01412093,3.6,-2.62,-0.163,0.06806802721088435,0.8785124227269482,-0.7423763683051795,47.4,0.012303626699604608,0.02166967499499492,-0.3127002774534815,0.3560396274434714,-0.049,-5.0
2026-04-07,MA,MASTERCARD INC..,498.28,474.39,511.41,456.5,521.9,428.44,578.59,-1.6854020296643224,-1.7688399661303964,1.1499140893470803,-16.670000000000073,-32.70305084745761,-14.553355393196139,-50.85274630171908,-0.00942184,-0.0033986919322033906,-0.022179800407798506,0.015382416543391727,-0.03028521,-0.0039348383108108115,-0.019777061363892873,0.011907384742271251,-0.00339432,0.01753754874999993,0.004459473441111313,0.030615624058888548,0.00102279,-0.00337039,46.2,-0.24,-0.578,-0.05735034013605447,0.8425304159291053,-0.9572310962012142,32.3,0.47089903045932857,0.10028255475857638,-0.1750613673566485,0.3756264768738013,-0.049,-5.0
2026-04-07,MAR,"MARRIOTT INTERNATIONAL, INC.",330.93,319.28,344.89,303.31,368.04,272.29,407.17,1.5862764883955531,1.3435916002896455,1.3001364256480223,-17.139999999999986,-20.07050847457627,-8.241828548726838,-31.8991884004257,0.01422978,0.0011366685423728842,-0.023823570656050504,0.02609690774079627,0.02781928,-0.00561066462837838,-0.03672664765825978,0.025505318401503024,0.02731569,0.028734965000000005,0.019948961552294236,0.03752096844770578,0.00151658,-0.0029916,43.8,-0.42,0.042,0.12378571428571417,1.0990447618713346,-0.8514733332999063,41.1,0.5785653770593344,0.06004031223233849,-0.24170056929345465,0.3617811937581316,-0.049,-5.0
2026-04-07,META,"META PLATFORMS, INC.",575.05,518.32,606.91,484.55,630.53,464.29,742.47,-1.5866707428920794,-1.6312184571016568,1.5115565185987736,-53.879999999999995,-101.39999999999999,-60.62494226450032,-142.17505773549965,-0.03863825,-0.0023893332881355944,-0.03486624208560528,0.03008757550933409,-0.05020441,-0.003287393175675671,-0.041423656297663806,0.03484886994631247,0.0090338,0.08450576077702696,0.04665447996242528,0.12235704159162863,0.00207055,-0.0027222,82.7,1.48,-0.916,-0.005986394557823184,1.0834779068206493,-1.0954506959362955,18.5,0.2503023704866465,0.15060102629927846,-0.33868811778258767,0.6398901703811446,-0.047,-5.0
2026-04-07,MS,MORGAN STANLEY,168.43,159.15,173.93,149.43,177.29,138.95,201.56,-1.148872180451129,-2.1444695259593716,1.1238127544097685,-10.829999999999984,-14.492237288135593,-7.201615102871516,-21.782859473399668,0.0225686,0.0008521388474576281,-0.023543938569732473,0.025248216264647728,-0.02886002,0.0018851048310810832,-0.029249995147408545,0.03302020480957071,0.05339071,0.0472092587162162,0.029711656529072372,0.06470686090336003,0.0027788,-0.00828131,18.1,-1.53,0.604,0.34040136054421793,1.2914073567991413,-0.6106046357107053,56.9,0.8119223109297751,0.15838051525345298,-0.20799435523230025,0.5247553857392062,-0.049,-5.0
2026-04-07,MTB,M&T BANK ,212.11,202.63,217.7,188.71,228.97,179.23,253.3,-1.0056577086280085,-1.3879003558718876,1.2527372262773713,-11.909999999999997,-17.288372881355933,-9.894504623152368,-24.682241139559498,0.02063157,-0.001139157999999998,-0.024177407777028065,0.02189909177702807,-0.00438756,-0.006804086452702727,-0.03912264702484945,0.025514474119444002,0.04728016,0.046579065810810664,0.039783199097779914,0.053374932523841415,0.00362952,-0.00287831,11.7,-1.69,0.212,0.04106122448979592,1.1609972643778481,-1.0788748153982564,44.2,0.6702733264709204,0.1683875665851235,-0.08667470034987534,0.42344983352012233,-0.049,-5.0
2026-04-07,MTD,METTLER-TOLEDO INTERNATIONAL INC.,1270.0,1229.7,1331.57,1115.08,1352.29,1039.49,1503.86,1.5780437044745057,-1.8826102807145477,1.0145329920610815,-8.599999999999909,-42.593254237288164,8.118026836546164,-93.30453531112249,0.02554889,-0.0028656477966101665,-0.027604988742335645,0.021873693149115313,-0.04845679,-0.007676290168918906,-0.04363064952087784,0.028278069183040027,-0.01672699,-0.01762283736486482,-0.04152304555732241,0.0062773708275927695,0.00075912,-0.0105474,43.8,-0.67,0.162,-0.08228571428571434,0.7307687129862152,-0.8953401415576437,52.2,0.28347961950678524,0.1093077840549858,-0.1694985753577728,0.3881141434677444,-0.049,-5.0
2026-04-07,ABNB,"AIRBNB, INC.",124.97,118.26,130.0,114.97,132.92,103.89,148.23,-1.3047808764940207,-1.2578616352201275,1.1034155597722957,-0.8499999999999943,-3.873491525423729,2.9096944957404496,-10.656677546587908,-0.0143329,-0.0025451050169491506,-0.029951364779223635,0.024861154745325336,-0.02054345,-0.005980772972972978,-0.03689845673634139,0.02493691079039543,-0.05399616,-0.026572980304054066,-0.04224795923986263,-0.010898001368245504,0.00120243,-0.0042485,44.0,-0.46,-0.709,0.008353741496598633,0.9584367398664327,-0.9417292568732355,20.0,0.5692465127917552,0.23271238488240548,-0.3163795389815414,0.7818043087463524,-0.06,-6.0
2026-04-07,CTAS,CINTAS ,170.28,158.84,176.0,151.02,188.52,144.98,221.87,-1.628571428571429,-1.0559210526315779,2.039130434782608,-13.509999999999991,-18.35003389830509,-10.184988460241092,-26.515079336369084,-0.04403025,-0.0028955279661016958,-0.01830808497787836,0.012517029045674968,-0.03050917,-0.008254522668918905,-0.028087553198445712,0.011578507860607904,0.00485612,0.04960045763513515,0.027241111991112735,0.07195980327915757,0.00146459,-0.00186352,67.7,1.1,-2.101,-0.12721088435374164,0.8298299062241378,-1.0842516749316211,3.0,0.1193805226704383,0.42439016552769393,-0.05997445060563461,0.9087547816610224,-0.0525,-6.0
2026-04-07,DXCM,"DEXCOM, INC.",63.11,59.13,64.74,55.75,67.3,46.24,80.18,-1.9481865284974014,-1.7565632458233897,1.0118553645524606,4.649999999999999,3.1711525423728797,7.762400208281669,-1.4200951235359098,-0.01673488,-0.006885943932203391,-0.041137513917486296,0.027365626053079517,-0.04474666,-0.018253797601351353,-0.0515422071980488,0.015034611995346094,-0.1297967,-0.10446954956081081,-0.1172576010672607,-0.09168149805436092,0.00344085,-0.0063188,30.2,-0.49,-1.05,-0.12476530612244897,0.7823037329584366,-1.0318343452033345,11.3,1.008561480463631,0.23470215918186926,-0.2854514579144925,0.7548557762782311,-0.06,-6.0
2026-04-07,GE,GENERAL ELECTRIC COMPANY,288.6,267.53,293.93,250.03,312.69,247.44,377.69,-2.8425076452599596,-1.6010792860107954,2.164480077745382,-34.549999999999955,-42.51247457627116,-29.519502523380087,-55.505446629162236,-0.0315549,0.005385067796610167,-0.023837855340430515,0.03460799093365085,-0.02827711,0.020625699121621613,-0.012901083826904622,0.05415248207014785,0.05711728,0.10743483895270274,0.09015117062968098,0.1247185072757245,0.00372107,-0.00807216,87.5,1.65,-0.96,0.4813639455782323,1.6415011536248827,-0.678773262468418,8.5,0.3111331557088268,0.1417415043868892,-0.1748953324640119,0.4583783412377903,-0.0525,-6.0
2026-04-07,INTC,INTEL ,52.91,42.66,53.04,42.18,57.6,34.59,64.67,-2.7027027027027017,-2.2878464818763296,-1.5578231292516995,0.5899999999999963,-1.3173559322033899,1.2358700768199917,-3.8705819412267717,0.01962868,0.015305837288135594,-0.031578337289669786,0.062190011865940975,0.03431793,0.03804412216216215,-0.028257603190115603,0.1043458475144399,0.02017541,-0.038411335506756725,-0.05864819674644637,-0.01817447426706708,0.00696203,-0.02764689,81.5,1.35,0.723,0.24159523809523795,0.9392398292305717,-0.45604935304009575,72.8,0.21029794077307717,-0.1110412305646236,-0.36987155575966885,0.1477890946304216,-0.06725,-6.0
2026-04-07,LYB,LYONDELLBASELL INDUSTRIES NV,80.26,74.98,86.32,73.12,96.67,50.57,101.06,1.0544747081712065,2.298319327731092,-1.4274038461538465,0.730000000000004,1.597152542372881,5.231243024613832,-2.0369379398680696,0.03213371,-0.00349856427118644,-0.04269130071889253,0.035694172176519656,0.11904824,-0.01959618763513509,-0.08241923811650476,0.04322686284623458,-0.05110736,-0.08732104060810819,-0.11795758410051085,-0.05668449711570552,-0.00154305,-0.00647171,47.4,0.58,1.09,-0.03419727891156476,0.8893238293467758,-0.9577183871699053,85.9,0.03547608421055504,0.024238666820746716,-0.2836810375597307,0.3321583712012241,-0.06375,-6.0
2026-04-07,DECK,DECKERS OUTDOOR ,100.26,92.55,106.22,86.52,111.32,74.84,133.29,-1.0271493212669693,-1.2423146473779407,1.2993705743509043,-0.6799999999999926,-11.974915254237283,2.8774470000847643,-26.82727750855933,-0.00402302,-0.013910491288135578,-0.05959186605860885,0.0317708834823377,-0.01996447,-0.022058275878378348,-0.07807286566189706,0.03395631390514037,-0.0453689,0.0111816892567567,-0.02325504331985745,0.04561842183337085,0.00340253,-0.00399643,84.1,1.54,-0.357,-0.3183367346938778,0.9011760780954016,-1.537849547483157,40.3,0.3032091719069352,0.1287996598017237,-0.4647700226016007,0.7223693422050481,-0.073,-7.0
2026-04-07,BTU,PEABODY ENERGY ,31.96,30.26,36.98,29.35,41.04,25.27,49.59,2.1212121212121184,3.478927203065134,2.6352765321375187,-8.089999999999996,-1.2623050847457618,1.177673749041081,-3.702283918532604,-0.01182237,0.011906418000000005,-0.04062989375889528,0.0644427297588953,0.02694881,0.006632188716216133,-0.09744501769709493,0.11070939512952721,0.04694997,-0.028043104695945904,-0.08227460334567292,0.026188393953781114,-0.00695764,-0.01428571,64.5,0.98,-0.214,0.23916326530612236,1.2603561503219987,-0.7820296197097538,29.2,-0.03856594903380772,0.021492972343760297,-0.2884794347972722,0.3314653794847928,-0.08625,-8.0
2026-04-07,DG,DOLLAR GENERAL ,121.21,111.31,122.84,107.29,134.52,94.45,169.53,-2.5358166189111664,-1.045830202854994,1.8056801195814658,-4.760000000000005,0.9792203389830522,9.018820610098082,-7.060379932131977,-0.03396885,0.010424059084745765,-0.025096926974283756,0.04594504514377529,-0.00372107,0.03442482564189197,-0.007359550775359984,0.07620920205914392,-0.0209948,-0.05173890638513508,-0.10816387253557548,0.004686059765305325,0.00742706,-0.0050393,89.9,1.74,-1.54,0.1853775510204085,1.120311103607815,-0.749556001566998,5.0,-0.13204862011404928,0.23480026840658824,-0.2617276740120674,0.7313282108252439,-0.07625,-8.0
2026-04-07,MCHP,MICROCHIP TECHNOLOGY INC.,67.51,61.21,68.93,56.88,71.53,46.34,85.84,-2.2068965517241463,-2.6442786069651776,-1.1549372613202402,4.8600000000000065,1.150745762711865,5.675899661674108,-3.374408136250378,0.00567015,-0.0008256326779661034,-0.05394116008143924,0.052289894725507026,-0.03179255,-0.006881549425675699,-0.06683024139499431,0.05306714254364292,-0.0880975,-0.0741870555405406,-0.08511499841937956,-0.06325911266170164,0.00377804,-0.02479764,77.8,1.07,0.291,-0.01810544217687071,1.103883649243901,-1.1400945335976425,57.3,0.6275014922975639,0.03796545218437301,-0.38159912342735075,0.4575300277960968,-0.0755,-8.0
2026-04-07,MRK,"MERCK & CO., INC.",119.28,117.29,125.92,112.6,129.17,96.57,142.25,2.0657894736842066,1.480538922155685,1.0114487010127693,-1.6799999999999926,-0.954677966101693,3.015340259154532,-4.924696191357918,0.01166923,0.0005943274237288144,-0.026626546934144103,0.027815201781601732,0.02139477,0.005906033209459446,-0.029625616275591383,0.04143768269451028,-0.02541301,-0.037761386486486456,-0.05224577160152414,-0.023277001371448773,-0.00351848,-0.00787871,6.9,-2.07,0.34,0.1745034013605444,1.1339633559314743,-0.7849565532103855,51.0,1.0855066696206008,0.12820383574841296,-0.1849566100248274,0.4413642815216533,-0.07925,-8.0
2026-04-07,QUAL,ISHARES:MSCI USA QF,193.39,184.91,197.49,178.29,202.85,169.8,220.22,-1.6479481641468587,-1.5961945031712454,1.1373463331920322,-4.640000000000015,-8.042610169491535,-3.201415522214754,-12.883804816768317,-0.01083765,-0.0016723607796610145,-0.014969926572839548,0.01162520501351752,-0.01251308,-0.006570140675675659,-0.026131928238988363,0.012991646887637043,-0.00463906,0.013564770743243294,-0.0005299879489855577,0.027659529435472147,0.00111852,-0.00809714,84.3,1.41,-0.782,0.161051020408163,0.9861158957861982,-0.6640138549698722,8.9,0.5295991775579638,0.20011192830016386,-0.11859291113965745,0.5188167677399852,-0.0835,-9.0
2026-04-07,SPX,S&P 500 INDEX,6616.85,6316.53,6708.53,6162.09,6729.72,5990.34,7204.03,-2.2327782943115704,-4.029059980508555,-1.0669811642085918,-121.96000000000004,-233.4471186440678,-73.9530634475494,-392.9411738405862,-0.00997079,-0.0012796039661016948,-0.01605258915687957,0.013493381224676181,-0.02454412,-0.0026689618243243424,-0.022147188093424353,0.01680926444477567,-0.00184133,0.01414032952702702,0.002007958670121013,0.026272700383933027,0.0013536,-0.00959116,84.9,1.45,-0.574,0.24393877551020385,1.149790078577923,-0.6619125275575153,11.7,,,,,-0.0885,-9.0
2026-04-07,TPL,TEXAS PACIFIC LAND ,449.79,396.93,488.23,394.76,592.63,382.22,678.83,-1.8771816418875258,2.595675086316553,3.389669971881013,-171.90000000000003,-82.10606779661016,-44.38117503142063,-119.83096056179969,-0.06451426,-0.002568973525423742,-0.04452271579848386,0.03938476874763638,0.09826928,-0.010340786317567602,-0.07754967919674946,0.05686810656161426,0.15365764,0.12345844000000016,0.09628579844658308,0.15063108155341723,-0.00150944,-0.00249487,51.0,0.17,-1.404,-0.018214285714286037,1.0186971715988096,-1.0551257430273815,9.3,0.17582536274540272,0.041061041890763726,-0.22633126941961654,0.308453353201144,-0.09,-9.0
2026-04-07,UBER,"UBER TECHNOLOGIES, INC.",71.73,66.98,75.04,64.43,74.93,58.85,86.52,-1.3226744186046513,-2.281249999999997,1.1482919254658377,-1.769999999999996,-8.516203389830501,-4.014314690267418,-13.018092089393583,-0.01607036,-0.0023743076610169478,-0.030246921868741422,0.025498306546707525,-0.05287483,-0.0069039574324324315,-0.03276320822433005,0.018955293359465185,-0.03122074,0.04489431652027037,0.0070697887659921035,0.08271884427454865,-0.00032054,-0.0144793,75.2,0.96,-0.313,-0.04613605442176863,0.7924583541623882,-0.8847304630059254,37.5,0.6092182888378315,0.11029980996222259,-0.1846435172907414,0.4052431372151866,-0.085,-9.0
2026-04-07,URI,"UNITED RENTALS, INC.",732.74,695.37,754.91,631.46,770.19,604.42,949.19,-1.5252431681333958,-2.7044058744993285,1.6867986284289274,-49.89999999999998,-90.78508474576272,-47.31160779869828,-134.25856169282716,-0.00915374,-0.004054718644067796,-0.038465846686380784,0.030356409398245188,-0.08662998,-0.008335618243243244,-0.058800946840907115,0.04212971035442062,0.01749485,0.0532246685472972,0.03503595856675536,0.07141337852783905,0.00212191,-0.03332308,7.3,-1.94,-1.126,0.0249727891156462,1.1183335906173524,-1.06838801238606,14.1,0.522491871270129,0.02042083584637567,-0.3089014453303916,0.3497431170231429,-0.086,-9.0
2026-04-07,GGB,GERDAU SA,3.79,3.55,3.99,3.2,4.23,2.97,4.5,1.5624999999999987,-1.3409090909090895,-1.1549295774647885,-0.06000000000000005,-0.07691525423728815,0.11362901527525265,-0.26745952374982895,0.02900832,0.0014690708135593207,-0.027755386453558892,0.030693528080677532,-0.01405654,0.008804284864864866,-0.024244069266732126,0.041852638996461855,-0.00590212,-0.030038905844594833,-0.05346716197492309,-0.006610649714266573,0.00608739,-0.00415946,41.1,-0.06,0.477,0.18380952380952387,1.0603516311746368,-0.692732583555589,60.5,1.9165248096586156,1.9381655988155189,0.06556611005614243,3.8107650875748953,-0.1015,-9.0
2026-04-07,IP,INTERNATIONAL PAPER COMPANY,34.54,32.79,36.84,29.52,38.96,28.98,46.95,1.021052631578947,-1.1357466063348411,2.2320143884892096,-3.969999999999999,-4.382813559322033,-1.9124163311172966,-6.853210787526769,-0.02711282,-0.013132824983050836,-0.04632024827130558,0.020054598305203904,-0.0615181,-0.0161132082432432,-0.041976035662974545,0.009749619176488141,0.01420766,0.019638104391891856,0.009346038983532359,0.02993016980025135,-0.00139647,-0.01567625,56.7,0.48,-0.789,-0.22132653061224497,0.6816501710421135,-1.1243032322666033,26.0,0.1251711988111286,0.005105325474597389,-0.4118319765958519,0.42204262754504673,-0.07725,-9.0
2026-04-07,PAM,PAMPA ENERGIA SA,87.78,84.24,92.63,79.19,96.46,66.35,108.5,1.649635036496352,1.0104772991850977,-1.0342664092664096,-5.959999999999994,-9.719288135593223,-4.777716684820701,-14.660859586365744,0.02000137,-0.0029815985084745756,-0.04302012691889721,0.03705692990194805,-0.00847159,-0.013858961554054033,-0.061886913324073596,0.034168990215965526,0.03155925,0.03721443040540547,0.020511999962681837,0.053916860848129106,0.00873001,0.01444419,16.5,-1.41,0.944,-0.1183027210884353,0.5970697470115308,-0.8336751891884014,90.7,0.40861563869824225,0.07019240386286081,-0.34206670151249013,0.48245150923821173,-0.096,-10.0
2026-04-07,PKG,PACKAGING  OF AMERICA,203.51,195.48,218.72,186.11,226.36,174.79,266.62,1.3272921108742028,1.3132183908046007,2.1974233983286915,-25.74000000000001,-17.170271186440687,-9.018602358028152,-25.32194001485322,-0.02017568,-0.0031236891186440675,-0.02494939166892674,0.018702013431638603,-0.01071172,-0.0035971263175675577,-0.0313171934919095,0.024122940856774387,0.02876469,0.038764129222973086,0.028919308344178225,0.048608950101767946,-0.00087864,-0.01065417,59.7,0.52,-1.193,-0.10793877551020407,0.7197617542028275,-0.9356393052232356,7.3,0.28866581788704226,0.0280675737866219,-0.2541825496286639,0.31031769720190766,-0.09,-10.0
2026-04-07,ROKU,"ROKU, INC.",98.53,87.73,103.61,81.12,104.39,74.63,122.11,-1.3251908396946581,-2.97098976109215,-1.0135708227311284,-5.480000000000004,-6.958101694915253,-0.7189705912760216,-13.197232798554484,0.00760057,0.0008676383728813538,-0.04053574631796687,0.04227102306372958,-0.07747363,0.0015190632094594615,-0.0551283182218572,0.05816644464077613,0.02372177,0.0052249233783783905,-0.01396220364624257,0.02441205040299935,0.00808012,-0.00541618,43.3,-0.53,-0.133,0.1431768707482992,1.0073988250849206,-0.7210450835883223,35.9,0.5907160468641945,0.2533999947498394,-0.24224844665310946,0.7490484361527883,-0.1015,-10.0
2026-04-07,SBAC,SBA COMMUNICATIONS ,205.86,161.59,214.58,164.33,233.73,151.13,228.15,-1.676993166287017,-1.4901327592393268,-2.4553611484970856,5.190000000000026,-4.425864406779665,2.519875528379015,-11.371604341938344,0.02630769,-0.002962853728813559,-0.02193440465852273,0.01600869720089561,-0.00914436,-0.009567329898648646,-0.030314486802441032,0.011179827005143741,-0.0138154,-0.02340598503378375,-0.033754392711962906,-0.013057577355604593,0.01021709,0.00235952,96.2,2.43,0.216,-0.14988095238095245,0.6520384107474001,-0.951800315509305,71.6,-0.5262089339412444,0.1638652324441415,-0.20322839677668045,0.5309588616649634,-0.092,-10.0
2026-04-07,SHW,THE SHERWIN-WILLIAMS COMPANY,313.96,304.38,334.0,284.08,343.12,271.96,385.2,1.6967136150234772,-1.0246913580246904,1.6961904761904765,-19.980000000000018,-22.9722711864407,-10.991266921709224,-34.953275451172175,-0.00804724,-0.0026136366779660994,-0.021382270179700884,0.016154996823768687,-0.0368101,-0.0035520959797297356,-0.01827256145497072,0.011168369495511248,-0.0059544,0.02473026260135135,0.008230793948697902,0.041229731254004795,-0.00137941,-0.01976708,53.4,0.5,-0.832,-0.17742857142857132,0.6897991169446891,-1.0446562598018319,23.6,0.8650964302023896,0.15624855156910442,-0.28649543649405107,0.59899253963226,-0.09225,-10.0
2026-04-07,TGT,TARGET ,119.52,116.76,126.45,113.91,131.47,97.25,138.44,2.6219081272084828,2.1301247771836014,-1.1770613107822407,1.7299999999999898,0.17867796610169423,4.330978035380066,-3.9736221031766776,0.01251378,-0.003645444983050849,-0.030576329745467774,0.023285439779366073,0.03279211,-0.010057505743243269,-0.053415314808112555,0.03330030332162602,-0.06055949,-0.05383695398648648,-0.06407110617488719,-0.043602801798085775,0.00035152,-0.0084978,13.9,-1.63,-0.132,-0.12807482993197317,0.874310332996522,-1.1304599928604684,34.7,0.8293852549595866,0.21743007870944858,-0.19987210185893184,0.6347322592778291,-0.1015,-10.0
2026-04-07,TROW,"T. ROWE PRICE GROUP, INC.",89.22,86.54,93.69,79.27,95.23,73.63,104.33,1.2916666666666652,-1.6555740432612303,-1.0317670416942424,0.539999999999992,-2.0457288135593217,1.8223030904664852,-5.913760717585129,0.00180973,-0.005670358745762713,-0.026992861397723677,0.015652143906198252,-0.05376648,-0.01674675746621617,-0.05619114241152548,0.022697627479093138,-0.05065975,-0.029296935743243217,-0.042690521559901884,-0.015903349926584553,-0.00038934,-0.00808192,12.3,-1.71,-0.352,-0.22761564625850325,0.685171858718648,-1.1404031512356545,36.7,1.0876573563904377,0.025822937074489086,-0.2576297970223142,0.30927567117129234,-0.1015,-10.0
2026-04-07,AMD,"ADVANCED MICRO DEVICES, INC.",221.53,196.42,230.77,184.61,245.06,163.37,277.84,-1.3460490463215247,-1.5690607734806623,-1.0328538447877824,-10.819999999999993,-20.191796610169494,-2.051854010769901,-38.331739209569086,0.03163769,0.006281438033898303,-0.04634704072658663,0.05890991679438323,-0.00185441,0.017804650709459434,-0.05719907854102719,0.09280837995994606,0.04219443,0.042484771081081105,0.009217748432039805,0.0757517937301224,0.00656519,-0.00245793,33.9,-0.97,0.576,0.21992176870748273,1.1888523624888236,-0.7490088250738582,58.1,0.3524021390010139,-0.07340179093014366,-0.3592330310673608,0.21242944920707352,-0.1015,-10.0
2026-04-07,CRWD,"CROWDSTRIKE HOLDINGS, INC.",423.23,360.78,410.23,330.21,441.41,309.93,522.08,-102.47368421052758,-5.116611661166117,-1.1461810824481535,2.8600000000000136,-71.4123389830508,-41.469503770516695,-101.35517419558491,-0.02624769,-0.00210249874576271,-0.035795106072581497,0.03159010858105608,-0.0840722,-0.00435277790540542,-0.054075113976530344,0.045369558165719505,-0.01221922,0.08534827486486486,0.038040840522715516,0.1326557092070142,0.01386061,0.00686742,33.1,-0.86,-0.213,-0.020999999999999946,0.8723238618688638,-0.9143238618688636,43.1,0.11563019683628051,0.0264414071999936,-0.23894365668843842,0.29182647108842563,-0.0975,-10.0
2026-04-07,CTVA,"CORTEVA, INC.",85.33,81.7,87.61,80.49,92.37,70.15,97.99,-1.1764705882352957,1.4545454545454548,-1.1990521327014216,-2.8799999999999955,-3.493491525423727,-1.1704133542134283,-5.8165696966340255,0.01621968,0.0011359830508474598,-0.021545535038819695,0.02381750114051461,0.04597949,0.003606296486486492,-0.0273552156653365,0.03456780863830948,0.02752574,0.013179902466216227,-0.0001861405596857678,0.026545945492118223,7.028e-05,0.00070464,52.6,0.28,1.147,0.33818367346938777,1.2511282214671748,-0.5747608745283992,74.4,0.20310063751156804,0.13698474780938588,-0.20368480687312604,0.4776543024918978,-0.11725,-10.0
2026-04-07,FTV,FORTIVE ,56.87,53.93,57.77,52.52,62.26,47.3,65.62,-1.7539682539682475,1.2390804597701166,-1.0937142857142848,0.39000000000000057,-1.7003728813559331,0.20747116575735758,-3.608216928469224,0.00915807,-0.0008131833220338957,-0.025022639884923596,0.023396273240855806,0.05118996,-0.000318113074324316,-0.039683782278630245,0.039047556129981606,-0.01251753,-0.015010140506756716,-0.03083647061767695,0.0008161896041635145,0.00408543,0.02296627,48.8,-0.25,0.085,-0.07242176870748296,0.7146802596687589,-0.8595237970837248,54.2,0.35129886167941193,0.17974261109932696,-0.2099629923847606,0.5694482145834145,-0.0975,-10.0
2026-04-07,GDDY,GODADDY INC.,83.28,77.53,85.95,69.83,86.68,63.39,102.65,-1.7027027027027084,-3.955882352941171,-1.0268456375838924,3.219999999999999,-19.592440677966106,-6.743970396230125,-32.44091095970209,-0.00186211,-0.020656047932203395,-0.04593188526969241,0.004619789405285624,-0.1184827,-0.048102470810810795,-0.09253341998423423,-0.003671521637387355,-0.08364572,0.0479101244932435,-0.014301124224032576,0.11012137321051957,0.00612023,0.00991838,12.7,-1.48,-0.864,-0.7087823129251705,0.17326157101794604,-1.5908261968682869,41.9,0.4680940632824697,0.2639105114490214,-0.24636626773435039,0.7741872906323932,-0.0975,-10.0
2026-04-07,ICE,"INTERCONTINENTAL EXCHANGE, INC.",166.3,153.96,167.16,143.56,181.01,133.24,192.55,-2.607142857142865,-1.5458871515975554,-1.2594285714285716,2.200000000000017,-10.760474576271195,-4.8392925682046695,-16.68165658433772,0.00707122,-0.0014146369830508503,-0.023846842208885017,0.021017568242783318,-0.01122861,-0.005811333716216205,-0.02823664625206988,0.016613978819637467,-0.00650734,0.02488429523648655,0.005880357731180917,0.04388823274179218,0.00244456,0.00409673,47.4,0.03,-0.0,0.05695918367346959,1.1121364466718817,-0.9982180793249426,49.8,0.1574352437528561,0.16245999301733285,-0.18076740228080448,0.5056873883154702,-0.0975,-10.0
2026-04-07,ISRG,"INTUITIVE SURGICAL, INC.",452.95,437.12,471.02,414.65,471.43,392.99,564.1,-1.0534568781183138,-2.072510822510821,1.8537358238825896,-34.77000000000004,-54.30040677966102,-25.188934781928168,-83.41187877739387,-0.01888446,-0.007922171186440674,-0.03732709660042795,0.021482754227546603,-0.06086153,-0.007621769560810799,-0.048663218442528446,0.033419679320906844,0.01598182,0.04218895331081075,0.02319338776502585,0.061184518856595656,-0.00070427,-0.01180496,62.1,0.5,-1.313,-0.31388775510204087,0.6936468280084069,-1.3214223382124888,15.3,0.9816540464535366,0.16593359912555217,-0.27158209889872165,0.603449297149826,-0.09225,-10.0
2026-04-07,LLY,ELI LILLY AND COMPANY,931.09,869.71,986.55,833.45,983.45,774.87,1190.16,-1.0631892175739543,-1.8647822765469817,1.6583664063500192,-79.19999999999993,-104.03332203389833,-47.29492701007925,-160.7717170577174,-0.01526986,0.0008174170169491524,-0.03172881587927768,0.03336364991317598,-0.03857415,0.001637505304054062,-0.04013846936128251,0.043413479969390635,0.02174752,0.06251583942567561,0.03079354287661349,0.09423813597473774,-0.00154213,-0.01220275,62.1,0.85,-0.84,0.21094897959183664,1.2614950788197818,-0.8395971196361085,12.5,0.4494083304999952,0.10235366872529927,-0.25656222942784235,0.4612695668784409,-0.09225,-10.0
2026-04-07,ALLE,ALLEGION PUBLIC LIMITED COMPANY,139.4,137.28,147.49,124.25,153.64,123.75,178.76,2.018348623853203,-1.0639044943820244,2.515015974440893,-12.579999999999984,-12.430508474576264,-6.911644404414006,-17.949372544738523,-0.01043731,0.001003514203389826,-0.01957165529055438,0.021578683697334032,-0.04670372,0.005999726621621613,-0.0184649432812574,0.030464396524500625,0.02090166,0.03632061749999991,0.022714161090268387,0.04992707390973143,-0.0016122,-0.00884166,23.6,-1.08,-1.711,0.017989795918367416,0.931606837611237,-0.895627245774502,5.4,1.0758834792442133,0.08155097783929055,-0.268330055196577,0.4314320108751581,-0.09875,-11.0
2026-04-07,AVB,"AVALONBAY COMMUNITIES, INC.",167.73,157.44,168.79,150.77,174.76,139.75,194.58,-2.959595959595958,-2.4125177809388303,-1.0420856610800733,1.7800000000000011,-7.896949152542371,-1.0572678002565015,-14.736630504828241,-0.01407014,-0.00688037006779661,-0.02164008866440596,0.007879348528812738,-0.03616641,-0.02043917402027026,-0.03448358908303814,-0.006394758957502378,-0.03365245,-0.0024972512162162153,-0.02085240760229618,0.015857905169863754,0.00369368,-0.00233934,68.7,0.84,-1.073,-0.36869727891156456,0.30244353594878215,-1.0398380937719112,15.7,0.5031721477182252,0.12085521853375226,-0.27067601467832675,0.5123864517458313,-0.0995,-11.0
2026-04-07,CRESY,CRESUD INC.,12.24,12.18,13.34,11.05,14.07,9.56,15.61,4.681818181818166,1.537815126050421,1.257462686567164,-1.0700000000000003,-1.52193220338983,-0.8222495769791753,-2.2216148298004845,0.02140381,-0.001138821050847458,-0.03757921470589708,0.035301572604202164,0.00821332,0.00176865111486487,-0.04953661478923139,0.05307391701896113,0.03142973,0.04921727993243229,0.030850085631360102,0.06758447423350447,-0.00540233,-0.00031955,54.4,0.48,0.86,-0.10572448979591831,0.7091370191636522,-0.9205859987554889,89.1,0.9272352372169561,1.1467603470581031,-0.12098577299344404,2.4145064671096503,-0.106,-11.0
2026-04-07,HOOD,"ROBINHOOD MARKETS, INC.",69.65,62.79,72.22,53.1,72.49,51.54,109.93,-2.4301886792452927,-5.827464788732418,2.2241855328547757,-14.509999999999991,-30.536983050847432,-14.775944718858245,-46.29802138283662,-0.04118864,0.00021576738983049683,-0.06262132969759966,0.06305286447726065,-0.18517832,0.023185707466216215,-0.08203826657376834,0.12840968150620077,0.11613133,0.1978511649324325,0.16309674249050374,0.23260558737436124,0.00162368,-0.00853377,24.4,-1.19,-0.875,0.2284455782312926,1.2929722714832328,-0.8360811150206475,15.3,0.7728090064983684,-0.0026662081489467514,-0.2637744191654608,0.2584420028675673,-0.107,-11.0
2026-04-07,NVDA,NVIDIA ,178.1,164.55,181.31,157.99,184.91,142.23,231.86,-3.0282051282051246,-2.9530102790014654,1.498745469751882,-18.170000000000016,-36.37481355932205,-25.487119144249313,-47.26250797439479,-0.02083658,-4.09849152542383e-05,-0.032662984446398466,0.03258101461588998,-0.0282777,0.004439196148648645,-0.05717234413445613,0.06605073643175341,0.06818546,0.1451477727364871,0.1108710502323316,0.1794244952406426,-0.00041056,-0.00686852,48.6,-0.61,-0.285,0.26178911564625884,1.140654384134077,-0.6170761528415593,24.8,0.3345166183296455,0.14725137462741444,-0.1622849907040645,0.4567877399588934,-0.122,-12.0
2026-04-07,PAYX,"PAYCHEX, INC.",91.61,88.37,94.43,82.41,97.81,77.23,107.39,-1.4233870967741917,-1.4838709677419353,1.0973574408901257,0.15000000000000568,-6.70667796610169,-1.7706301707376353,-11.642725761465744,-0.00581537,-0.010966989830508483,-0.030709281530417132,0.008775301869400167,-0.04642158,-0.02614064733108107,-0.051236280995557895,-0.001045013666604245,-0.04336924,0.001011433716216222,-0.023538263460836675,0.025561130893269116,0.00051778,-0.00215621,5.8,-2.04,-0.939,-0.4075034013605442,0.5407596622839016,-1.35576646500499,27.6,0.46715719925517973,0.18614155999765267,-0.1770683448552606,0.549351464850566,-0.122,-12.0
2026-04-07,PGR,THE PROGRESSIVE ,196.85,186.21,202.45,184.06,205.43,166.82,234.94,-2.292783505154643,-1.4906759906759877,1.2683982683982684,-8.289999999999992,-24.631830508474557,-12.6863950936357,-36.57726592331342,-0.01621023,-0.004984239661016951,-0.024705266981822332,0.01473678765978843,-0.02581951,-0.015672687195945962,-0.035501212354176886,0.004155837962284959,-0.01237821,0.04995902206081087,0.020158723260289425,0.0797593208613323,0.00037578,0.00067293,54.8,-0.18,-0.844,-0.16085714285714278,0.7650116770478994,-1.086725962762185,29.6,0.3925203215986097,0.14748779660089795,-0.38028615780452646,0.6752617510063224,-0.122,-12.0
2026-04-07,RCL,ROYAL CARIBBEAN CRUISES LTD.,267.71,260.17,288.09,237.65,305.13,218.57,374.77,2.1909722222222263,1.2448436460412524,2.1786731786731792,-39.69,-52.20362711864406,-34.452775666517795,-69.95447857077032,-0.00878887,-0.0005834352542372898,-0.04292281676053955,0.04175594625206497,-0.0159581,0.0020257151351351227,-0.05174642730353777,0.055797857573808014,0.06553732,0.10259548679054072,0.07882302766034582,0.1263679459207356,-0.00351746,-0.00878576,79.6,1.14,-0.553,0.10184013605442177,1.3556641482416114,-1.1519838761327676,32.7,0.4168732266405486,0.005573348237801994,-0.36603923414016376,0.3771859306157677,-0.11525,-12.0
2026-04-07,TSN,"TYSON FOODS, INC.",64.19,62.18,67.33,60.34,69.35,55.19,72.44,1.6989247311827944,1.3402597402597414,-1.0909090909090908,-3.0600000000000023,-3.060338983050846,-1.2634637984825547,-4.857214167619137,0.01327576,0.0009729437627118645,-0.015635463157588226,0.01758135068301195,0.0120302,0.0021308871283783814,-0.024402432172087183,0.028664206428843948,0.01440231,0.014152877128378373,0.007079317959568199,0.021226436297188546,-0.00186691,0.00766668,48.0,0.29,0.577,0.008965986394557713,0.8351160270192068,-0.8171840542300914,75.6,0.21852004767072875,0.10606805474779198,-0.25719532368677767,0.4693314331823616,-0.11725,-12.0
2026-04-07,TYL,"TYLER TECHNOLOGIES, INC.",333.7,323.77,345.95,278.71,370.33,268.01,414.52,-1.01612903225806,-1.5012285012285016,1.2303242502664027,2.519999999999982,-44.5966101694915,-20.34721191549665,-68.84600842348635,-0.01822856,-0.01341095183050847,-0.04349189463958141,0.016669990978564468,-0.09861349,-0.034265151925675676,-0.07400202740929876,0.005471723557947408,-0.06309219,0.020197140810810775,-0.0199495426601618,0.06034382428178335,0.00014533,0.00124167,32.5,-0.8,-1.236,-0.37900680272108844,0.41142226377924085,-1.1694358692214177,14.5,0.8953683902178535,0.20484501156851462,-0.20495413954300054,0.6146441626800297,-0.122,-12.0
2026-04-07,V,VISA INC.,302.55,288.53,307.57,277.17,315.46,256.69,363.21,-2.2792321116928607,-1.9659178931061239,1.322721325774094,-11.229999999999961,-25.057016949152544,-14.756278752417765,-35.357755145887324,-0.01433915,-0.004116140711864405,-0.02106280014066201,0.0128305187169332,-0.03434317,-0.005369834729729734,-0.02037520821973937,0.009635538760279902,0.00577563,0.03119665182432436,0.01707115162871164,0.045322152019937084,0.00045735,-0.00394925,45.6,-0.38,-0.807,-0.05357142857142865,0.9312853185175526,-1.03842817566041,21.6,0.7492504627263965,0.10255388728789336,-0.17955319691089852,0.3846609714866852,-0.122,-12.0
2026-04-07,VLTO,VERALTO ,88.82,83.63,91.28,78.15,93.09,74.76,107.62,-1.7940074906367,-2.4988290398126374,1.337126600284497,-3.180000000000007,-12.20857627118644,-6.968166889934967,-17.448985652437912,-0.01199588,-0.006171123864406777,-0.0251538468825112,0.012811599153697648,-0.05923725,-0.012501057297297299,-0.034369088027762,0.009366973433167404,-0.00098698,0.07085253074324314,0.028713650749867474,0.11299141073661881,0.00137188,-0.00063122,38.1,-0.7,-1.103,-0.1834625850340136,0.6781789649804827,-1.04510413504851,16.1,0.463285692499954,0.23100360743305431,-0.20348210954612683,0.6654893244122355,-0.122,-12.0
2026-04-07,WM,"WASTE MANAGEMENT, INC.",233.31,223.49,238.09,215.1,254.24,195.94,277.11,-1.3115501519756865,1.1493684788577703,1.1720631522611722,-7.1200000000000045,-14.194440677966107,-8.041162396052776,-20.347718959879437,-0.00873953,-0.00030188291525423797,-0.016861027092969442,0.016257261262460968,0.01325312,0.0003639586148648649,-0.017651252435999253,0.018379169665728983,0.00147638,0.02499749155405411,0.011448857533959642,0.038546125574148576,0.00177928,0.00033748,37.1,-0.66,-0.94,0.03476870748299321,0.8324143820084109,-0.7628769670424245,15.7,0.2638090897376457,0.09745747634309553,-0.20262829558909085,0.3975432482752819,-0.122,-12.0
2026-04-07,WSM,"WILLIAMS-SONOMA, INC.",179.93,173.43,189.19,160.28,196.0,149.83,226.23,1.2950075642965182,-1.222775357809584,1.538205980066445,-6.639999999999986,-26.65237288135593,-15.994839960659663,-37.3099058020522,0.00785378,-0.003844076813559325,-0.03672975947103026,0.029041605843911605,-0.02959496,-0.004568037229729725,-0.05590532447483213,0.04676925001537268,-0.00431814,0.07771116324324341,0.04850181451648698,0.10692051196999984,9.593e-05,-0.01232698,22.2,-1.19,-0.615,-0.03916666666666672,0.9050496142227811,-0.9833829475561144,26.0,0.9692518993388772,0.26503433896913353,0.02117691341419639,0.5088917645240707,-0.122,-12.0
2026-04-07,AES,THE AES ,14.43,13.76,14.79,12.81,16.16,11.92,16.86,-1.2916666666666639,1.067901234567902,-1.0329218106995885,-0.08999999999999986,-0.03511864406779637,0.8594294135413547,-0.9296667016769475,0.01310611,0.002491019389830508,-0.03738891331012935,0.04237095208979036,0.02011425,0.011548715945945922,-0.025285354070809465,0.048382785962701305,-0.00476385,-0.05709914594594602,-0.10243247756220067,-0.011765814329691378,0.0024432,-0.00355885,12.9,-1.74,0.831,0.029302721088435315,0.7852480485303793,-0.7266426063535086,86.7,3.3525400429322687,0.23511538085697464,-1.1003890523800892,1.5706198140940384,-0.13875,-12.0
2026-04-07,CDNS,"CADENCE DESIGN SYSTEMS, INC.",279.48,264.28,285.2,248.99,290.51,228.22,341.73,-2.3928571428571566,-2.7642792384406243,1.2143971907920401,-2.6200000000000045,-22.65708474576271,-8.261906498220645,-37.05226299330477,-0.01530102,-0.004184448237288136,-0.033302861166532575,0.0249339646919563,-0.0519912,-0.006795880472972972,-0.03825850960556369,0.02466674865961775,-0.02613399,0.013313895101351314,-0.006630946345761045,0.033258736548463674,-5.214e-05,-0.00412959,30.0,-0.97,-0.947,-0.0897380952380952,0.8012264295405894,-0.9807026200167798,10.5,1.3143000412914296,0.0968891624726447,-0.2902278077875703,0.48400613273285975,-0.122,-12.0
2026-04-07,CMCSA,COMCAST ,27.79,26.51,28.98,25.86,30.26,23.13,34.78,-1.8072289156626467,1.279792746113991,1.5000000000000004,-0.9200000000000017,0.04284745762711848,1.2025284015154212,-1.1168334862611842,-0.03271845,-0.007695357152542368,-0.031182235555366797,0.015791521250282062,-0.01059059,-0.018369125472972994,-0.053079264610546524,0.016341013664600536,-0.04274768,-0.049188049189189356,-0.06369977903152407,-0.034676319346854646,-0.00075556,-0.00452831,35.5,-0.41,-1.605,-0.2089999999999999,0.7696449711321183,-1.1876449711321182,8.9,0.5058572916084492,0.2722558164619994,-0.2299649586888987,0.7744765916128975,-0.11375,-12.0
2026-04-07,CPRT,"COPART, INC.",33.11,31.72,34.05,29.09,35.48,27.83,41.22,-1.388888888888891,-1.6962025316455713,1.535984848484848,-0.730000000000004,-4.443661016949151,-1.836645073461733,-7.050676960436569,-0.00912987,-0.014748941864406777,-0.03697987819149909,0.007481994462685538,-0.05579967,-0.02623542611486485,-0.045774808067074166,-0.006696044162655533,-0.0218158,0.03516043385135151,0.00810191793196979,0.06221894977073322,0.00396232,-0.00136187,28.4,-0.95,-1.642,-0.5066768707482994,0.4853973040333407,-1.4987510455299393,11.3,0.46159739814422185,0.30368325997992063,-0.12026866151481136,0.7276351814746527,-0.122,-12.0
2026-04-07,DASH,"DOORDASH, INC.",155.9,141.72,160.33,130.17,160.37,121.52,208.95,-2.179229480737022,-5.756152125279647,1.5430482838859794,-7.1699999999999875,-39.96698305084747,-24.06157738791535,-55.872388713779586,-0.02214942,-0.004798700067796609,-0.04127854430047369,0.031681144164880465,-0.11755664,-0.012217738986486499,-0.06909207082427653,0.044656592851303537,-0.00168695,0.10542677125000002,0.0599118367014972,0.15094170579850286,0.00325872,-0.00097163,29.8,-1.08,-1.146,0.07088435374149656,1.1655128117047577,-1.0237441042217648,17.7,1.0285570047576011,0.28860020968292865,-0.19706024576566938,0.7742606651315267,-0.122,-12.0
2026-04-07,DIS,THE WALT DISNEY COMPANY,95.78,91.6,100.11,87.73,98.34,77.33,116.04,1.1354166666666654,-3.144531249999996,1.0981029810298104,0.519999999999996,-4.6590169491525435,0.3301643446776348,-9.648198242982723,-0.01261094,-0.0038273100338983047,-0.0306245634633273,0.02296994339553069,-0.06434935,-0.00996043506756758,-0.04560079920866764,0.025679929073532483,-0.05733379,-0.000411410709459444,-0.020638279849385797,0.01981545843046691,0.00129022,-0.00982597,53.0,-0.01,-1.172,-0.17013265306122455,0.8857789386501,-1.2260442447725493,12.9,1.1572500782833801,0.2586676583478828,-0.3327769837796764,0.8501123004754421,-0.122,-12.0
2026-04-07,GEOS,GEOSPACE TECHNOLOGIES ,9.83,11.21,13.8,7.79,15.48,6.73,18.46,,2.769607843137255,2.783870967741936,-3.8100000000000005,-3.4523050847457593,-0.350342773769762,-6.554267395721757,-0.02584652,-0.0006826469830508399,-0.11484114323047905,0.11347584926437736,-0.12847032,0.005881926858108099,-0.1342279193097354,0.1459917730259516,-0.00239175,0.07523143993243277,0.023047300248420284,0.12741557961644526,-0.04146088,-0.04313058,98.6,3.63,-0.257,-0.007717687074829844,1.0534062832683873,-1.068841657418047,30.4,-0.1585603537125121,0.04234674077690694,-0.5426495922747121,0.6273430738285259,-0.108,-12.0
2026-04-07,IBM,INTERNATIONAL BUSINESS MACHINES ,245.07,231.72,254.42,209.43,267.36,202.46,307.56,-1.242328042328038,-1.5989232839838472,1.4665571462098106,-17.129999999999995,-35.60257627118646,-22.412418447707672,-48.79273409466524,-0.00705856,-0.000834374203389829,-0.03150400978509261,0.029835261378312952,-0.05752263,0.0030117941891891877,-0.029462648176490757,0.035486236554869134,0.03152461,0.07378319817567572,0.04989388871771939,0.09767250763363206,-0.00050707,0.00032766,25.8,-1.16,-0.447,0.12704761904761908,1.1379811843686076,-0.8838859462733695,28.0,0.8702035903699816,0.1364936572320392,-0.34889156344816197,0.6218788779122404,-0.122,-12.0
2026-04-07,MCO,MOODY'S ,438.0,422.79,451.22,371.44,485.62,368.07,524.86,1.1258581235697922,-1.3977320453590927,1.2420992420992423,-7.420000000000016,-28.515423728813545,-9.210273775995365,-47.82057368163173,0.00112775,-0.005985671389830509,-0.030702580928463723,0.018731238148802704,-0.06360017,-0.012603237837837835,-0.035731912055728066,0.010525436380052397,-0.01295059,0.012163739527026977,-0.007305989334385553,0.03163346838843951,5.046e-05,-0.005158,30.4,-1.04,-0.77,8.503401360542828e-05,0.890247547216545,-0.8900774791893342,17.1,0.4135181784119457,0.03840018097195875,-0.23172496488376998,0.30852532682768746,-0.122,-12.0
2026-04-07,TSCO,TRACTOR SUPPLY COMPANY,43.64,42.36,45.88,40.06,48.06,38.76,55.36,1.1204819277108404,1.2346368715083809,2.4016393442622936,-3.6400000000000006,-4.097661016949153,-2.2341661234672903,-5.961155910431016,-0.02805424,-0.0036651888135593217,-0.02226636478789105,0.014935987160772409,-0.03220042,-0.00226021125,-0.030623699053299754,0.02610327655329975,-0.0022514,0.025995305168918882,0.010011678701185075,0.041978931636652686,1.493e-05,-0.001587,96.2,2.37,-1.696,-0.2050918367346938,0.6603515689629619,-1.0705352424323495,5.2,0.2650871767813927,0.18241231111350673,-0.16029687048410488,0.5251214927111183,-0.1185,-13.0
2026-04-07,CPT,CAMDEN PROPERTY TRUST,100.83,95.26,102.41,92.67,105.13,87.29,116.41,-1.7071428571428593,-1.8976744186046517,1.1506646971935013,-0.8500000000000085,-3.596406779661018,-0.40311513393747544,-6.789698425384561,-0.00392336,-0.00421808745762712,-0.021318161807134806,0.012881986891880567,-0.02748456,-0.0062839207432432344,-0.016467811111368573,0.003899969624882104,-0.00936724,-0.0049010257432432446,-0.01309542153044608,0.0032933700439595915,0.00294051,-0.00233889,61.7,0.18,-0.868,-0.2122585034013606,0.7011449403389509,-1.125661947141672,26.0,-0.009940545300249126,0.20580436794396012,-0.13563129661799284,0.547240032505913,-0.12975,-13.0
2026-04-07,EIRL,ISHARES:MSCI IRELAND,69.29,66.72,70.87,63.64,73.24,61.48,77.86,-1.2247191011236083,-1.4303797468354487,1.0973111395646584,-1.039999999999992,-2.429728813559321,-0.9943107224528316,-3.865146904665811,-0.00206846,0.0007734679322033894,-0.012768129347505023,0.0143150652119118,-0.0082676,0.003358436418918921,-0.010930379904943693,0.017647252742781536,-0.00795385,0.007814773885135141,0.0006941348704370374,0.014935412899833245,0.00290036,-0.00341147,56.0,0.59,-0.262,0.270942176870748,1.142670635266766,-0.60078628152527,30.8,,,,,-0.124,-13.0
2026-04-07,EPHE,ISHARES:MSCI PHILIPPINES,24.89,23.92,25.32,22.48,26.64,21.32,29.44,-1.9285714285714424,-1.3771428571428572,1.2745098039215688,-0.5,-0.6504745762711863,0.01697598384677146,-1.3179251363891442,-0.00519866,-0.0008510665423728812,-0.015418675588806911,0.013716542504061147,-0.01532001,-0.0028238004054053976,-0.014737801284699825,0.009090200473889028,-0.00176392,-0.0013320075337837824,-0.005240629136780662,0.0025766140692130967,0.00303596,-0.00718727,38.1,-0.19,-0.269,-0.009163265306122388,0.8463996277873361,-0.864726158399581,46.2,,,,,-0.124,-13.0
2026-04-07,FICO,FAIR ISAAC ,1082.08,980.64,1123.28,883.71,1160.34,800.11,1615.22,-1.809881422924895,-2.534755941732685,1.8907685214739165,-87.82000000000016,-298.6158983050847,-156.4437607473175,-440.788035862852,-0.02740668,-0.017342214813559333,-0.06026985906757216,0.025585429440453493,-0.11261058,-0.02179371385135135,-0.08235615317534395,0.03876872547264125,-0.00366944,0.07786883253378352,0.040606869869775776,0.11513079519779126,0.00455736,0.00320664,51.8,0.23,-1.367,-0.2661020408163265,0.6759554723710678,-1.2081595540037209,16.1,-0.07944521376934066,-0.013696491081817426,-0.30516224590352237,0.27776926373988753,-0.12575,-13.0
2026-04-07,NRG,"NRG ENERGY, INC.",153.06,139.62,156.38,132.26,168.72,121.81,212.71,-2.3253012048192843,-1.3282247765006396,1.9088000000000003,-18.090000000000003,-31.01640677966103,-20.39685639792838,-41.63595716139368,-0.00925702,0.00348256861016949,-0.0362669764323484,0.04323211365268738,0.00701531,0.015210166689189241,-0.032860605917538116,0.06328093929591659,0.0783169,0.12820466006756753,0.1062446716309121,0.15016464850422295,0.00018437,0.01531174,37.3,0.17,-0.124,0.09261224489795929,0.8114444790621215,-0.6262199892662029,43.8,0.05530311585615477,-0.022305365787308074,-0.41004327130903767,0.3654325397344215,-0.135,-14.0
2026-04-07,OTIS,OTIS WORLDWIDE ,77.83,73.33,78.74,68.69,84.51,65.91,99.02,-2.971014492753629,-1.368263473053891,1.777684563758389,-3.239999999999995,-4.554949152542372,-1.3900551046885679,-7.719843200396177,-0.02871556,-0.005857053491525424,-0.026363653336800054,0.014649546353749208,-0.02957734,-0.009121302195945953,-0.02416687210351619,0.005924267711624284,-0.00168312,0.006738900912162176,-0.0013721567143426582,0.01484995853866701,0.00271552,-0.00802091,50.4,0.48,-1.426,-0.0440102040816327,0.7693667177451229,-0.8573871259083883,6.2,0.08659764667383696,0.11496017561324008,-0.3106671418542495,0.5405874930807296,-0.1335,-14.0
2026-04-07,TRMB,TRIMBLE INC.,64.21,61.56,66.81,57.32,69.34,52.98,80.09,1.0040000000000049,-1.3430799220272867,1.4140694568121117,-2.9200000000000017,-4.955830508474576,-1.8386271070256393,-8.073033909923513,-0.02008307,-0.005096947762711866,-0.03133939683501106,0.02114550130958733,-0.03933391,-0.011933908817567562,-0.04743299406681486,0.023565176431679734,-0.01365723,0.018034246452702643,0.0035987907746300105,0.032469702130775276,-0.00024044,-0.00439043,55.0,0.33,-1.16,0.03233673469387758,1.1409979105931236,-1.0763244412053683,9.7,0.549241058936857,0.23538902081783739,-0.18913836455192304,0.6599164061875978,-0.1335,-14.0
2026-04-07,XLC,SEL SECTOR:COMM SVC SPDR,111.82,106.02,114.72,100.65,118.22,97.23,132.25,-1.6442307692307654,-1.7453124999999965,1.400274160383826,-6.640000000000001,-7.640033898305082,-4.761236376957841,-10.518831419652322,-0.01232578,-0.00025982033898305,-0.015855049853434357,0.01533540917546826,-0.02796527,-0.0037043041891891932,-0.024944385161840835,0.017535776783462447,0.02551851,0.04142019000000005,0.02992227433202787,0.05291810566797223,0.00156285,-0.004321,84.1,1.61,-1.056,0.2769523809523813,1.3603000987180893,-0.8063953368133268,8.9,0.40860963108841064,0.41413639142204545,-0.054153964109793895,0.8824267469538848,-0.1335,-14.0
2026-04-07,AMZN,"AMAZON.COM, INC.",213.77,199.94,218.44,185.86,229.09,172.98,255.17,-2.1239242685025816,-1.821801566579635,1.0149546457465055,-5.719999999999999,-21.881593220339,-11.931826677563421,-31.831359763114577,-0.00223301,-0.003906320644067798,-0.029508452132982,0.021695810844846408,-0.02655502,-0.004212766655405418,-0.04473495979113308,0.036309426480322246,0.00581907,0.044374163243243184,0.025228403656525573,0.0635199228299608,0.00233708,-0.00859363,55.4,0.33,-0.02,-0.07709183673469383,0.8190646100996515,-0.973248283569039,43.5,0.8604680974553895,0.172374716762781,-0.20690632447219204,0.551655757997754,-0.135,-14.0
2026-04-07,BRO,"BROWN & BROWN, INC.",66.37,62.21,67.17,59.3,69.35,55.15,79.53,-3.412280701754391,-2.3724832214765206,1.1729055258467014,-0.8399999999999892,-8.908711864406786,-3.9563814466786473,-13.861042282134925,-0.01740975,-0.010454089322033906,-0.0321937239230109,0.011285545278943088,-0.04029869,-0.023287177804054076,-0.04646944841099,-0.00010490719711815297,-0.01833196,0.03603278594594593,0.006778646337407327,0.06528692555448454,0.00139646,-0.00253546,56.9,0.63,-0.86,-0.24915306122448982,0.765250104165413,-1.2635562266143927,31.5,0.2296897208737121,0.13146219400509887,-0.24225187335565448,0.5051762613658523,-0.135,-14.0
2026-04-07,C,CITIGROUP INC.,117.13,110.0,120.99,102.82,123.96,94.21,140.41,-1.0376984126984095,-2.0951683748169847,1.0157068062827226,-7.050000000000011,-10.479627118644068,-5.334422211747162,-15.624832025540973,0.02202071,0.0027408249152542394,-0.025578225678757237,0.031059875509265717,-0.02211864,0.011749489966216225,-0.02909577586675656,0.052594755799189014,0.05416167,0.056599220608108104,0.036461477461692524,0.07673696375452368,0.00206522,-0.0086605,37.1,-0.77,0.958,0.4488741496598637,1.5313102032197046,-0.6335619038999772,65.7,0.447763431332711,0.07874123636389675,-0.2562480136812732,0.4137304864090667,-0.13975,-14.0
2026-04-07,COP,CONOCOPHILLIPS,131.77,126.29,139.8,126.44,146.56,103.5,156.36,1.5553235908141918,2.774859287054401,-1.1496543310288738,-3.469999999999999,-1.471762711864405,3.0243086205875187,-5.967834044316328,0.03403889,0.004011742677966104,-0.022230765068337148,0.030254250424269352,0.07234714,0.002339582229729729,-0.03621042944152527,0.040889593900984726,0.0005804,-0.027517765709459442,-0.041803824738237336,-0.013231706680681549,-0.00128208,-0.00672738,26.8,-1.21,1.633,0.19072789115646263,0.9837917951000223,-0.6023360127870971,96.2,0.6978920735148124,0.005004299047143219,-0.2203124470688044,0.23032104516309085,-0.16625,-14.0
2026-04-07,WY,WEYERHAEUSER COMPANY,24.02,23.57,25.41,22.23,26.06,19.34,28.45,2.0833333333333406,1.1396648044692739,-1.0564334085778782,-0.14000000000000057,-0.11925423728813521,0.8229360679039586,-1.061444542480229,0.00703648,-0.0067300324745762745,-0.026561777684484762,0.013101712735332213,-0.01326918,-0.015466454560810836,-0.03876218866640519,0.007829279544783518,-0.0416162,-0.042423494391891976,-0.05406012278159567,-0.03078686600218828,-0.00183677,-0.01160251,64.3,0.97,-0.26,-0.2726326530612246,0.5673396533377242,-1.1126049594601735,52.6,0.2405899500147739,0.09475791582856868,-0.2665499813506915,0.4560658130078289,-0.138,-15.0
2026-04-07,ZTS,ZOETIS INC.,116.8,113.55,121.06,107.46,122.88,98.7,135.59,1.5102739726027377,-1.5361842105263168,1.0381215469613267,2.700000000000003,-1.3590847457627124,5.501750632282039,-8.219920123807464,0.00063481,-0.009299300949152541,-0.032030957622002657,0.013432355723697574,-0.03254873,-0.019517156621621623,-0.04074729369243634,0.0017129804491930953,-0.06145716,-0.04759901530405407,-0.06838099823297797,-0.026817032375130175,0.00226555,-0.00735903,51.8,0.02,-0.602,-0.3229523809523808,0.44760480261760444,-1.093509564522366,43.5,0.37132829743310714,0.23208448190761166,-0.25022580378662806,0.7143947676018514,-0.148,-15.0
2026-04-07,BAX,BAXTER INTERNATIONAL INC.,16.62,15.6,17.42,14.18,18.09,12.67,20.89,-1.1298701298701317,-1.6598639455782334,1.0810126582278476,0.870000000000001,0.1289830508474577,1.6486689462877573,-1.390702844592842,-0.02151531,-0.014459645593220343,-0.05125685206427107,0.02233756087783039,-0.06331989,-0.03376781273648649,-0.0750065248415798,0.007470899368606815,-0.11781091,-0.08566967662162153,-0.10849467141286258,-0.06284468183038049,0.00312376,-0.01835905,40.3,-0.44,-0.624,-0.2479795918367347,0.5973833346024278,-1.0933425182758971,36.3,0.5153230616882412,0.064393520806807,-0.4132911715815175,0.5420782131951315,-0.148,-15.0
2026-04-07,SOLV,SOLVENTUM ,62.49,60.99,66.1,57.74,66.77,55.63,77.0,1.615819209039541,-1.1098130841121512,2.1151603498542273,-3.1499999999999986,-6.864169491525425,-2.7930941636892515,-10.9352448193616,-0.02317399,-0.0020648481016949153,-0.027423677815410216,0.023293981612020388,-0.05126912,0.0023336291554054106,-0.02503449814732541,0.029701756458136233,-0.02329549,0.03366711780405407,0.01447898585852439,0.05285524974958375,-0.00315531,-0.01724234,37.5,-0.89,-1.321,-0.13197959183673463,0.7391393149450745,-1.0030984986185436,10.1,0.4405208048939695,0.14463369707106336,-0.25383226689647964,0.5430996610386064,-0.15225,-16.0
2026-04-07,EWS,ISHARES:MSCI SINGAPORE,28.38,27.7,29.11,26.62,29.61,25.49,31.69,1.1967213114754116,-1.4308943089430872,1.145328719723184,-1.1900000000000013,-1.2375593220338978,-0.5074870054409995,-1.9676316386267962,0.00705299,0.002315605830508474,-0.012594360070724933,0.01722557173174188,-0.00704262,0.007880851621621601,-0.008214733247510262,0.023976436490753462,0.02674915,0.018086003952702632,0.00960700555200073,0.026565002353404532,-0.00099148,-0.00970069,55.6,0.65,0.359,0.40485374149659825,1.4286838500416772,-0.6189763670484807,58.1,0.011507000538022893,0.7560972391027914,-0.4791133783414572,1.99130785654704,-0.18025,-16.0
2026-04-07,SCHW,THE CHARLES SCHWAB ,93.34,89.09,97.01,83.94,101.19,79.74,109.84,-1.3545454545454554,-1.1974522292993646,1.2132352941176463,-4.640000000000001,-7.4992203389830445,-4.203693211204387,-10.794747466761702,-0.00178197,0.0022556606101694922,-0.017035205998462546,0.02154652721880153,-0.0147298,-0.0008706411486486387,-0.026328353406425052,0.02458707110912778,0.01219644,0.038131373412162106,0.018830294085092212,0.057432452739232004,-0.00284751,-0.00487236,35.9,-0.62,-0.275,0.2912721088435373,1.2665732809006693,-0.6840290632135946,28.0,0.884702773371074,0.316688879656767,-0.12638885144849665,0.7597666107620307,-0.16725,-17.0
2026-04-07,UDR,"UDR, INC.",34.71,32.62,35.37,31.95,37.1,29.64,40.79,-1.7037037037037095,-1.154811715481172,1.1992110453648912,-0.6400000000000006,-1.1891864406779666,-0.014691029054591409,-2.363681852301342,-0.01108058,-0.004256234779661016,-0.021780984363590605,0.013268514804268576,-0.00226339,-0.011518173277027035,-0.030928633131377017,0.00789228657732295,-0.01394621,-0.008940100675675666,-0.014627331042440708,-0.003252870308910625,0.00345918,-0.00225383,53.0,-0.07,-1.411,-0.24015986394557823,0.6022935649257429,-1.0826132928168994,10.9,1.7116136318222535,0.3163613683177899,-0.20002217488436375,0.8327449115199435,-0.16725,-17.0
2026-04-07,DDOG,"DATADOG, INC.",116.54,108.58,124.32,97.27,127.73,88.97,154.33,-1.2543103448275879,-1.7220732797140317,1.3706927820094303,-9.83999999999999,-12.093118644067804,-2.2148569110082814,-21.971380377127325,-0.03011456,-0.0028064046101694893,-0.044782877639782795,0.039170068419443815,-0.08671413,-0.005813479155405368,-0.07719391764002731,0.06556695932921658,-0.00921981,0.02332577510135135,0.003886959288339941,0.04276459091436276,-0.0033362,-0.00235428,20.8,-1.24,-0.733,-0.11774149659863938,1.0615108007192384,-1.2969937939165173,23.6,0.655592153124892,0.020013437410913132,-0.34319065031451845,0.38321752513634466,-0.16725,-17.0
2026-04-07,EPAM,"EPAM SYSTEMS, INC.",134.22,130.6,141.39,109.04,150.12,100.53,171.22,1.5032967032967004,-1.5836477987421373,1.0982487384980708,4.52000000000001,-0.02766101694914906,13.323766469994759,-13.379088503893058,-0.00878333,-0.01383020105084746,-0.06130448470613622,0.0336440826044413,-0.1168778,-0.02754587124999996,-0.0815928086415197,0.026501066141519775,-0.09326368,-0.07113971003378362,-0.08756523091217547,-0.05471418915539178,-0.00092358,-0.00756081,25.6,-1.03,-1.202,-0.11835714285714265,1.1380113840594703,-1.3747256697737555,12.5,1.3216146143143606,0.17356920652682198,-0.2374042245123192,0.5845426375659631,-0.16725,-17.0
2026-04-07,GEHC,GE HEALTHCARE TECHNOLOGIES INC.,69.73,68.08,73.2,62.56,74.84,57.46,88.9,1.9306358381502784,-1.4031311154598831,1.5623471882640585,-0.8399999999999892,-3.571661016949153,0.5086776403400934,-7.651999674238399,-0.00622694,-0.0037951785084745734,-0.037484487780265356,0.02989413076331621,-0.04901125,-0.009003439966216196,-0.06072853651551259,0.04272165658308019,-0.04290565,-0.01555368077702705,-0.03834758084351919,0.007240219289465093,-0.00159057,-0.01470768,36.5,-0.69,-0.897,-0.09033673469387767,0.7689610690821381,-0.9496345384698935,16.1,0.2151142004419424,0.056875430464931695,-0.29822431720446013,0.41197517813432355,-0.16725,-17.0
2026-04-07,AMGN,AMGEN INC.,340.0,331.21,361.76,323.49,376.07,301.49,436.6,1.471440064360419,2.1847365233192013,2.5084393663983393,-41.69999999999999,-21.10054237288134,-9.368612815753808,-32.83247193000887,-0.02437233,0.004159793457627115,-0.019832222079043622,0.028151808994297853,0.01334619,0.006570186013513511,-0.024171219055605632,0.037311591082632656,0.03413037,0.028853668479729644,0.02111813833940731,0.03658919862005198,-0.00227501,-0.00523573,13.1,-1.86,-1.937,0.12150340136054424,0.9785484587314023,-0.7355416560103137,0.2,1.1208532713714385,0.0016746923027795028,-0.29605640531621663,0.29940578992177563,-0.165,-18.0
2026-04-07,BK,THE BANK OF NEW YORK MELLON ,124.62,116.38,126.49,112.21,131.18,107.13,144.61,-1.6763157894736929,-1.8917682926829278,1.142938822184105,-9.780000000000001,-12.170576271186444,-8.05233841985788,-16.288814122515006,0.01790305,0.003343407559322032,-0.01541442255689053,0.022101237675534596,0.00491081,0.010542786790540533,-0.014652910003055927,0.03573848358413699,0.0849741,0.07725010851351358,0.06723880233983193,0.08726141468719523,0.00239671,-0.01610438,33.9,-0.68,1.463,0.5334115646258504,1.5090974320789532,-0.44227430282725233,83.5,1.0998026649539732,0.2962082945076869,-0.09812510581981942,0.6905416948351932,-0.181,-18.0
2026-04-07,BLK,"BLACKROCK, INC.",958.46,922.58,997.19,862.02,1024.26,800.97,1195.2,1.142944224321851,-1.4656534954407314,1.5032065527970029,-44.370000000000005,-76.5061016949152,-43.149551500478495,-109.86265188935191,0.00354673,-0.0030797571525423726,-0.023744163576734575,0.01758464927164983,-0.03401057,-0.010768524256756751,-0.04036848848786838,0.018831439974354873,0.00926556,0.026424830777027074,0.016035108091725495,0.036814553462328654,0.00107428,-0.00714844,0.6,-3.65,-0.029,-0.010316326530612345,0.8951328870841582,-0.9157655401453828,45.4,0.601986644967992,0.04001933016507657,-0.2487611760618647,0.3287998363920179,-0.174,-18.0
2026-04-07,CCL,CARNIVAL CORP,25.2,24.32,27.16,21.19,28.42,19.87,35.2,2.176470588235301,-1.2453416149068308,1.8761726078799261,-2.5700000000000003,-3.212813559322036,-1.3527316681160628,-5.072895450528009,0.00088938,-0.0023539044406779663,-0.04518000246881547,0.04047219358745954,-0.06005923,-0.001409519695945955,-0.06407735847517709,0.06125831908328519,0.02705524,0.04626615804054045,0.0219346531424415,0.0705976629386394,-0.00115209,-0.0039091,61.7,0.58,-0.295,-0.0015680272108843177,1.0681548550556206,-1.071290909477389,35.9,0.348684257862258,0.05362786050689601,-0.2240170192345819,0.3312727402483739,-0.18025,-18.0
2026-04-07,EDEN,ISHARES:MSCI DENMARK,105.69,101.32,109.71,94.64,112.29,90.52,116.91,1.1443037974683525,-1.6742424242424216,-1.3520499108734405,-0.23000000000000398,-2.73091525423729,0.22757089849741208,-5.689401406971992,0.01212244,-0.0023280744745762705,-0.020839369133392845,0.016183220184240305,-0.02673486,-0.009396066081081076,-0.030250048082877803,0.011457915920715654,-0.01977257,-0.008356467668918921,-0.01498536184366159,-0.0017275734941762533,0.00102195,-0.00490264,17.7,-1.47,0.135,0.027238095238095273,1.0049494741157288,-0.9504732836395382,54.6,,,,,-0.1765,-18.0
2026-04-07,GS,"THE GOLDMAN SACHS GROUP, INC.",864.15,822.85,899.51,761.52,920.21,708.96,1062.36,1.3949000689179891,-1.8307170888333908,1.2772085830272568,-67.15999999999997,-85.32837288135593,-47.514464927291655,-123.14228083542021,0.02444526,0.003132821355932204,-0.024705967574565016,0.030971610286429425,-0.02705114,0.010751113682432438,-0.022082268578516473,0.043584495943381346,0.06490284,0.06500306395270278,0.05065392312115549,0.07935220478425006,0.00301717,-0.00924007,8.5,-1.79,0.408,0.3811734693877549,1.4496184370798477,-0.687271498304338,46.6,0.5024469023754157,0.11452173247299705,-0.15187415293587922,0.3809176178818733,-0.174,-18.0
2026-04-07,IBKR,"INTERACTIVE BROKERS GROUP, INC.",68.11,63.97,71.26,59.96,73.26,55.97,89.78,-1.0755287009063443,-1.5825242718446582,1.78500823723229,-8.930000000000007,-10.046813559322032,-6.505999437966268,-13.587627680677798,-0.00174988,0.001849352169491526,-0.03487988263398808,0.038578586972971125,-0.02495828,0.012096778648648627,-0.03571702276783832,0.05991058006513557,0.08771571,0.09965951726351355,0.08432417284265628,0.11499486168437081,-0.00138158,-0.01594399,57.7,0.59,0.054,0.24797619047619018,1.2453369308956976,-0.7493845499433174,45.2,0.46116320485487616,0.09875317515464581,-0.12950703625565912,0.3270133865649507,-0.18025,-18.0
2026-04-07,IEX,IDEX ,191.83,183.33,195.86,171.33,208.99,158.92,231.38,-1.6190476190476313,-1.1946386946386949,1.2017623822546324,-0.8099999999999739,-3.5531525423728794,3.6433958480122706,-10.74970093275803,-0.00045363,-0.003265647593220339,-0.02812761663971649,0.021596321453275814,0.00304009,-0.0067403243581080794,-0.03967830203861293,0.026197653322396774,-0.01937591,-0.028461380641891878,-0.03829198283673488,-0.018630778447048878,0.00150521,-0.00235198,67.1,0.63,-0.455,-0.059547619047618884,0.881913395776991,-1.0010086338722288,31.2,0.3325825191873384,0.04263936647442869,-0.2660241284116604,0.35130286136051775,-0.18025,-18.0
2026-04-07,MDY,SPDR S&P MIDCAP 400 ETF,625.89,598.77,638.04,574.83,664.27,539.23,715.96,-1.547501759324416,-1.3303804064616975,1.0393491807062092,-6.830000000000041,-19.020271186440684,-3.237597704449964,-34.80294466843141,-0.00210876,-0.0019021603389830488,-0.016944399544368948,0.01314007886640285,-0.00015116,-0.00841627675675674,-0.032770388557278,0.015937835043764524,-0.00795204,0.003912315844594596,-0.007112270647157213,0.014936902336346404,0.0014122,-0.00506053,60.7,0.7,-0.14,0.07735034013605445,0.9156633603416933,-0.7609626800695843,32.7,0.4833245841557883,0.14680802573174653,-0.09268395347343558,0.3863000049369286,-0.18025,-18.0
2026-04-07,PANW,"PALO ALTO NETWORKS, INC.",169.87,147.43,170.02,137.39,176.91,130.94,189.57,-5.2156862745098245,-4.613636363636371,-1.976142131979697,4.060000000000002,-18.136949152542368,-7.181342869546523,-29.092555435538213,-0.0131401,-0.00494147654237288,-0.03368092662078832,0.023797973536042565,-0.06750468,-0.01121629148648649,-0.0515232011160022,0.029090618143029216,-0.03838347,0.03764209902027017,-0.000269561665192819,0.07555375970573316,0.00742023,0.00039821,75.0,1.27,0.201,0.034057823129251916,1.0417296709840325,-0.9736140247255287,58.9,0.10215091818510191,0.1467558545779285,-0.23221945113548415,0.5257311602913411,-0.1875,-19.0
2026-04-07,PCAR,PACCAR INC,118.2,111.81,121.51,108.21,126.23,99.12,141.45,-1.3482849604221663,-1.2440846824408478,1.2185534591194962,-4.61999999999999,-8.86335593220339,-4.826379063700557,-12.900332800706224,0.00109699,0.0003014506101694941,-0.01980050122482097,0.020403402445159955,0.00540049,0.001287175439189201,-0.023744873325082603,0.026319224203461004,0.01551131,0.038464852027027055,0.027221775358129873,0.04970792869592423,0.00265141,-0.00748042,8.1,-1.79,-0.383,0.05001700680272107,0.8451838038991931,-0.7451497902937511,25.6,0.7640205504200732,0.0761806249051612,-0.17682188125946868,0.3291831310697911,-0.181,-19.0
2026-04-07,ETN,EATON  PUBLIC LIMITED COMPANY,368.85,342.8,375.22,328.87,400.41,292.57,442.21,-2.567597765363134,-1.2667934093789612,-1.03980370774264,-9.310000000000002,-32.01637288135591,-16.579184346506484,-47.453561416205346,-0.0040077,-0.002933412135593222,-0.030503642321940326,0.024636818050753885,0.02136592,-0.006270183885135133,-0.048964424104527386,0.036424056334257125,0.0007661,0.040698118986486495,0.025125349199479147,0.05627088877349384,-0.00052369,0.00031333,49.8,0.25,0.374,0.11735034013605436,1.0646765269094598,-0.8299758466373511,57.3,0.4066802632635016,0.03191680991954594,-0.2600214424001556,0.3238550622392475,-0.1875,-19.0
2026-04-07,HYG,ISHARES:IBOXX $HY CORP,79.72,78.2,80.7,74.36,82.81,73.52,85.64,-1.4134615384615288,-1.7346278317152082,-1.0472972972972974,-0.5999999999999943,-1.3571186440677974,-0.6837363526719661,-2.0305009354636288,0.00089996,-0.001663885525423729,-0.006964871056128739,0.0036371000052812805,-0.02253027,-0.005741848783783787,-0.013734354454204994,0.00225065688663742,-0.00277557,0.00011515408783783952,-0.0037462872119135384,0.003976595387589217,0.00039846,-0.00334094,73.8,1.02,-0.394,-0.21353401360544214,0.44428262827435006,-0.8713506554852343,37.1,0.0420172086579671,0.799899764391789,-0.22261381202607688,1.8224133408096548,-0.1875,-19.0
2026-04-07,JNK,SPDR BBG HIGH YIELD BD,95.92,94.28,96.97,89.23,99.71,88.11,102.93,-1.3771929824561462,-1.7651715039577867,-1.1141226818830237,-0.03999999999999204,-1.409322033898304,-0.5369906038600502,-2.2816534639365575,0.0021899,-0.0012949901016949155,-0.006689423568175087,0.004099443364785255,-0.02405288,-0.007225954290540544,-0.015318853588003903,0.0008669450069228148,-0.00750344,-0.003652014189189195,-0.008175647735247166,0.0008716193568687755,0.00047766,-0.00307968,69.6,1.06,-0.385,-0.23643537414965976,0.4699416299483363,-0.9428123782476558,37.9,0.5397959803712737,1.4217080394746113,0.06062963501970464,2.782786443929518,-0.1875,-19.0
2026-04-07,MGM,MGM RESORTS INTERNATIONAL,37.89,35.24,38.03,34.45,40.77,28.79,43.55,-4.051724137931049,-1.1944444444444426,-1.6077738515901072,1.3299999999999983,-0.711864406779662,1.0052212774126164,-2.4289500909719406,-0.0018579,-0.0010906404745762706,-0.030732220118462196,0.028550939169309654,0.03071411,-0.001622313885135132,-0.03476299669459843,0.03151836892432817,-0.04654358,-0.03645028969594608,-0.04679633382356404,-0.026104245568328126,0.00215789,0.01677837,18.5,-1.37,0.535,0.004047619047619035,0.8273702666318018,-0.8192750285365636,71.6,0.3959201634435823,0.050654695505379065,-0.341029351453146,0.4423387424639041,-0.18825,-19.0
2026-04-07,MTUM,ISHARES:MSCI USA MOM FCT,249.28,232.12,251.87,222.52,255.06,210.79,275.8,-2.5818505338078253,-4.629757785467126,-1.4513574660633481,-0.5,-11.672033898305079,-4.747355910344751,-18.596711886265407,-0.00703858,-0.0015953013220338986,-0.017960147535434186,0.014769544891366388,-0.03729956,-0.004317797972972974,-0.02380356138539365,0.015167965439447699,-0.01432405,0.01588480118243237,0.002143520983864791,0.029626081380999945,0.00217218,-0.01621543,73.8,1.08,0.066,0.19739115646258532,1.0466774057118275,-0.6518950927866568,43.7,0.1986698052190783,0.14368777348001727,-0.18996301314720426,0.4773385601072388,-0.1875,-19.0
2026-04-07,STT,STATE STREET ,131.21,123.84,133.94,118.2,137.09,109.39,150.79,-1.474178403755872,-2.212585034013608,-1.1144024514811044,-5.22999999999999,-8.818677966101703,-4.39927348117575,-13.238082451027655,0.01927369,-0.001026680677966102,-0.023588432413780218,0.021535071057848014,-0.00955515,0.005404506385135136,-0.020817145848411073,0.031626158618681344,0.04060759,0.03058529128378381,0.01928007132457478,0.04189051124299284,0.00382702,-0.00076887,5.0,-2.38,1.071,0.3063503401360546,1.2988362233498782,-0.6861355430777689,78.4,0.3785724302218596,0.15892636732279342,-0.26656370168389704,0.5844164363294839,-0.19225,-20.0
2026-04-07,UNH,UNITEDHEALTH GROUP INC.,307.73,256.54,289.52,234.36,325.81,202.69,363.72,-44.76767676767635,-4.0580752212389415,-1.876049294516878,36.03000000000003,-8.598644067796608,28.747903016339222,-45.945191151932434,0.00982355,-0.015083438949152542,-0.06415558487534233,0.03398870697703725,-0.03338513,-0.039633324932432344,-0.10023737674591843,0.02097072688105374,-0.08205251,-0.0647332364527029,-0.09405804696008864,-0.035408425945317165,0.02013121,0.01088871,99.0,3.67,0.597,-0.16239455782312923,0.8869496063340974,-1.2117387219803557,74.8,-0.09654996608881206,0.0797401857669917,-0.391068090426408,0.5505484619603914,-0.192,-20.0
2026-04-07,VRSN,"VERISIGN, INC.",274.75,247.55,273.83,226.93,307.83,211.29,310.15,-2.200934579439256,-1.445586457073761,-1.7926553672316399,0.3299999999999841,-19.11491525423728,-7.49875378020668,-30.731076728267883,0.04070111,-0.00014016833898305555,-0.02588006365393906,0.025599726975972948,0.01999786,0.004503523817567573,-0.03533570699220651,0.044342754627341656,0.03511059,0.025276412905405346,0.015017125179332971,0.03553570063147772,0.00116166,0.01653613,67.5,0.88,1.42,0.24118027210884338,1.3593403549252623,-0.8769798107075755,93.5,0.1052944576133481,0.20657931614910405,-0.19205930613929353,0.6052179384375016,-0.182,-20.0
2026-04-07,WST,"WEST PHARMACEUTICAL SERVICES, INC.",259.35,244.62,263.13,223.29,275.57,189.64,303.47,-1.9322033898305258,-2.2231812577065413,-1.5800090661831376,14.120000000000033,-6.488779661016945,15.411670429151673,-28.389229751185564,0.02085555,-0.008429536440677964,-0.05716813297776818,0.04030906009641226,-0.03745622,-0.013014868344594605,-0.09970502058935904,0.07367528390016984,-0.04931875,-0.05658356439189192,-0.07828672655340284,-0.034880402230381,-0.00019673,-0.00371142,47.8,-0.71,0.471,-0.04119387755102048,0.6144482456248201,-0.696836000726861,75.2,0.8749057260748636,0.1523607086659458,-0.45774002591125657,0.7624614432431482,-0.19225,-20.0
2026-04-07,APP,APPLOVIN CORP,410.44,346.53,416.0,312.04,431.29,298.89,719.59,-4.562695924764891,-4.719424460431648,2.771402958314657,-139.95999999999998,-243.82206779661024,-157.08326160946643,-330.56087398375405,-0.05053154,-0.0038499424406779636,-0.07484158957511156,0.06714170469375563,-0.14280917,0.0013910364864864804,-0.08253783525533558,0.08531990822830852,0.22578944,0.32728817351351425,0.2887590463244034,0.3658173007026251,0.00685474,0.00978098,41.5,-0.82,-1.216,0.20312585034013617,1.2959782854193145,-0.8897265847390422,6.0,0.4385713903942372,0.030318055297009674,-0.22766751373951202,0.28830362433353135,-0.1895,-20.0
2026-04-07,BBY,"BEST BUY CO., INC.",64.02,61.06,67.26,58.53,68.03,50.9,75.29,1.0303030303030314,-1.369077306733164,-1.1641526175687653,0.9899999999999949,-1.4485423728813556,2.847035907869163,-5.7441206536318745,-0.00128462,-0.007532374169491523,-0.037777820253876326,0.022713071914893277,-0.03069288,-0.027850794256756763,-0.06921165566781545,0.013510067154301923,-0.06674974,-0.04571658165540532,-0.06148580348478004,-0.0299473598260306,0.00130571,-0.00940634,10.5,-2.01,-0.394,-0.15362585034013596,0.6199806957821158,-0.9272323964623878,39.9,0.5119271386143593,0.12504997117737432,-0.25829951519740935,0.508399457552158,-0.2005,-20.0
2026-04-07,FANG,"DIAMONDBACK ENERGY, INC.",195.5,187.25,209.05,187.34,220.73,154.06,229.07,1.5385556915544691,3.0919117647058822,-1.234435507893953,-2.2700000000000102,-3.277661016949151,4.482262120272244,-11.037584154170547,0.02477817,-0.00045137705084746,-0.029042517854761554,0.02813976375306663,0.07456064,-0.009337039493243233,-0.05280639894106684,0.03413231995458037,-0.03539037,-0.03293050283783777,-0.045671838457675126,-0.02018916721800042,-0.0008583,0.01873964,58.1,-0.01,0.79,0.11512925170068034,0.9105057484824782,-0.6802472450811176,74.8,0.6189081610093352,0.1810239902764876,-0.2923522576320913,0.6544002381850664,-0.19225,-20.0
2026-04-07,INVH,INVITATION HOMES INC.,25.62,24.36,25.87,23.8,26.25,21.51,28.88,-2.229166666666665,-2.8888888888888937,-1.260736196319019,0.7200000000000024,-0.7451864406779668,0.029671818789207882,-1.5200447001451414,-0.00110612,-0.007181142372881352,-0.021401736609540235,0.007039451863777531,-0.02502068,-0.021485458749999995,-0.03745921456409064,-0.005511702935909347,-0.03835001,-0.02024878216216211,-0.029486801639695935,-0.011010762684628285,0.00213131,0.01298128,38.1,-0.83,-0.285,-0.35208163265306114,0.35710341624913045,-1.0612666815552527,63.9,-0.11366608553201496,0.24647133585081682,-0.17106296433307355,0.6640056360347072,-0.195,-20.0
2026-04-07,MOH,"MOLINA HEALTHCARE, INC.",141.53,126.55,146.28,108.88,163.3,94.86,178.27,-1.4959816303099873,-1.499770326136885,-1.2702776265650515,14.310000000000002,-3.2029830508474464,17.38530844828995,-23.791274549984845,-0.00867843,-0.015861221830508473,-0.07224473482272042,0.040522291161703486,-0.09043631,-0.03289076327702703,-0.08944258013678666,0.023661053582732593,-0.15693281,-0.08642819837837858,-0.14745926503602774,-0.025397131720729396,0.00956196,-0.00735217,45.0,-0.69,-0.283,-0.06578231292517006,1.019645725931358,-1.151210351781698,50.6,0.7112583618711388,0.06057379961706098,-0.4451455062355969,0.5662931054697189,-0.2005,-20.0
2026-04-07,MTCH,"MATCH GROUP, INC.",31.92,29.37,32.9,28.75,33.29,26.09,36.29,-1.4755244755244779,-2.3138686131386916,-1.334096109839818,-0.03999999999999915,-0.7415593220338986,0.4695565443790094,-1.9526751884468068,0.00712578,-0.003454925661016949,-0.026708140440909814,0.019798289118875913,-0.01837335,-0.005925652162162155,-0.042080717516868586,0.030229413192544276,-0.01910351,-0.027139831081080992,-0.039244311137626664,-0.01503535102453532,0.00305799,0.00029828,31.2,-0.88,0.275,-0.12324149659863946,0.6188423966508222,-0.8653253898481011,67.7,0.6522635081824173,0.2689037058656931,-0.24752939112861594,0.7853368028600022,-0.19225,-20.0
2026-04-07,NWSA,NEWS CORP.,24.43,23.73,26.15,20.93,28.48,20.78,28.5,1.9230769230769202,1.1571428571428573,1.1150684931506853,-0.6499999999999986,-1.9567796610169492,-0.827567605532425,-3.085991716501473,0.01544688,-0.0036503773559322067,-0.022349928128436697,0.015049173416572283,-0.01666974,-0.013423205743243226,-0.03259753785090225,0.005751126364415797,-0.02329745,0.019113458175675727,-0.0048651551569382535,0.04309207150828971,-0.00029176,0.00144169,30.8,-1.0,-0.132,-0.02979931972789116,0.846920943720395,-0.9065195831761773,42.7,0.7325778503376041,0.5549357505777831,-0.22368392552436356,1.3335554266799297,-0.21,-21.0
2026-04-07,OMC,OMNICOM GROUP INC.,75.65,71.98,77.92,64.95,83.96,65.35,90.83,-1.4757709251101385,-1.2876052948255137,1.473786407766988,-1.9899999999999949,-3.58193220338983,-0.27830906420943524,-6.885555342570225,-0.014306,-0.0020521531525423743,-0.02692943815291107,0.022825131847826318,-0.04459715,-0.018013562128378367,-0.04864452313781671,0.01261739888105998,-0.02128295,-0.008766225337837816,-0.01795237754022991,0.0004199268645542799,-0.00014173,0.00364004,31.2,-0.89,-1.66,-0.19735374149659848,0.5518836255100529,-0.9465911085032498,4.6,0.44312253232728116,0.008827313925942675,-0.30812319377140734,0.32577782162329266,-0.2085,-21.0
2026-04-07,PTC,PTC INC.,143.92,133.26,145.8,126.31,152.58,116.19,180.68,-4.041666666666653,-2.0334872979214706,1.325640100973676,-2.030000000000001,-10.840610169491525,-1.8356698228354187,-19.845550516147632,-0.03673652,-0.005787088542372882,-0.04082019013033368,0.02924601304558792,-0.04615525,-0.00834887182432433,-0.06245606873520118,0.04575832508655252,-0.03429814,0.01420363418918918,-0.009463947288311384,0.037871215666689745,0.002337,-0.00154878,54.2,-0.28,-1.704,-0.29877551020408155,0.6074271643209341,-1.2049781847290972,2.6,0.6185190947257106,0.09894994273956564,-0.3580307791542787,0.55593066463341,-0.2085,-21.0
2026-04-07,RJF,"RAYMOND JAMES FINANCIAL, INC.",142.38,135.97,147.5,130.24,149.26,122.46,175.47,-1.464444444444445,-1.7645348837209294,1.661144578313253,-9.490000000000009,-14.973322033898302,-9.353319206168003,-20.593324861628602,-0.00953709,-0.004716718813559326,-0.025181713199702645,0.015748275572583993,-0.03433055,-0.009467347668918895,-0.045334850925242816,0.02640015558740503,0.018935,0.04612396817567566,0.03721643827459145,0.055031498076759874,0.00101426,-0.00545723,24.0,-1.15,-1.122,-0.08417006802721094,0.8865561853690593,-1.0548963214234812,8.9,0.6962708891216414,0.09764575931732893,-0.1623524445819432,0.3576439632166011,-0.2085,-21.0
2026-04-07,RMD,RESMED INC.,226.05,214.48,228.88,200.84,242.21,191.5,281.98,-2.4013921113689136,-1.5600247524752484,1.6188133140376262,-9.289999999999992,-18.25633898305084,-7.05960940615951,-29.453068559942167,-0.01064395,-0.0022906043728813546,-0.02392721407148707,0.019346005325724357,-0.02910313,-0.0024193849999999974,-0.02435093115259184,0.01951216115259185,0.01095243,0.02630395270270269,0.0021365265552878293,0.05047137885011755,0.00528937,-0.00512521,42.7,-0.68,-1.861,-0.11246598639455783,0.8883472889718842,-1.113279261761,6.9,0.8036228650202268,0.3817646955285577,-0.29317450633886516,1.0567038973959806,-0.2085,-21.0
2026-04-07,SYF,SYNCHRONY FINANCIAL,68.85,66.26,71.39,60.48,72.09,54.55,85.32,1.4795918367347014,-2.5833333333333255,1.1517482517482518,-2.960000000000008,-7.836983050847459,-4.299284802795547,-11.374681298899372,0.0239198,-0.003662748949152543,-0.03573383280370684,0.028408334905401754,-0.06239527,-0.00928982993243241,-0.06202847207422287,0.043448812209358055,0.03332253,0.05616498635135132,0.04244195057804592,0.06988802212465672,0.00182053,-0.00775765,16.1,-1.66,0.371,0.086030612244898,1.2475902215728691,-1.0755289970830733,53.4,1.0256975293661599,0.11184579041296551,-0.2148842363265217,0.4385758171524527,-0.21,-21.0
2026-04-07,SYK,STRYKER ,332.07,315.04,336.07,297.29,353.17,285.27,409.84,-2.682226211849195,-1.648341232227485,1.661752136752136,-14.340000000000032,-18.696677966101685,-7.394120982448364,-29.999234949755007,-0.01731981,-0.004087048440677965,-0.023100615611283758,0.014926518729927826,-0.02785332,-0.009998486317567577,-0.023331386044244597,0.0033344134091094404,0.00437445,0.00890054533783779,-0.0054666577899428245,0.023267748465618403,0.00166041,-0.00685144,40.9,-0.33,-1.416,-0.1679149659863945,0.6948515360946368,-1.0306814680674259,6.9,0.22108459429035543,0.20785181355325769,-0.1024000696755761,0.5181036967820914,-0.2085,-21.0
2026-04-07,VMC,VULCAN MATERIALS COMPANY,277.85,266.34,293.03,239.93,310.05,231.65,335.33,1.9559675550405566,-1.1776397515527959,1.244155844155843,-6.649999999999977,-16.863050847457636,-6.89990422298848,-26.82619747192679,0.02115046,-0.00233056393220339,-0.023912216833609348,0.019251088969202565,-0.02305594,-0.0004248349999999908,-0.024990630060827253,0.02414096006082727,-0.00373159,0.019578055675675672,0.006658566889489008,0.032497544461862336,0.00030872,-0.01371191,16.5,-1.27,0.141,-0.014302721088435392,0.9136035426726415,-0.9422089848495124,45.8,0.7310486006037176,0.12346569880504955,-0.14238326597742645,0.38931466358752553,-0.21,-21.0
2026-04-07,WFC,WELLS FARGO & COMPANY,81.75,77.84,84.36,71.79,87.04,65.81,99.24,1.1775362318840559,-1.8827977315689948,1.0972396486825595,-3.0799999999999983,-8.707728813559319,-5.634610242899049,-11.780847384219589,0.02622551,-0.0014994553220338993,-0.026642083774814855,0.023643173130747056,-0.02992363,0.00242573479729729,-0.026060899374448387,0.030912368969042966,0.0292118,0.05536367611486491,0.04642833974516943,0.0642990124845604,0.00428938,-0.0052849,11.7,-1.68,0.452,0.09684013605442186,1.0663787819888635,-0.8726985098800198,61.1,0.7063178521539164,0.12826082961240107,-0.16275553293983655,0.41927719216463866,-0.21,-21.0
2026-04-07,WRB,W. R. BERKLEY ,66.68,63.59,67.32,60.46,71.3,59.19,79.39,-5.846153846153903,-1.3463203463203504,1.6969292389853108,-4.3999999999999915,-8.251932203389822,-5.348035455583764,-11.15582895119588,-0.01307919,0.001105614067796607,-0.01683602560760999,0.019047253743203204,-0.01282397,0.01565050574324323,-0.02955212190338234,0.060853133389868794,0.04122041,0.06903971625000016,0.04812257153428265,0.08995686096571767,7.375e-05,0.0009845,25.8,-1.11,-0.48,0.10763265306122438,0.944605710408568,-0.7293404042861192,31.5,0.32942738943767824,0.7222391576034808,-0.9871699810136267,2.4316482962205885,-0.21,-21.0
2026-04-07,XLF,SEL SECTOR:FINL S SPDR,49.88,47.95,50.73,45.43,51.56,42.53,57.72,-1.647058823529418,-2.648809523809526,1.066666666666666,-0.8200000000000003,-2.7568135593220324,-1.4416701994717174,-4.071956919172347,-0.00067854,-0.0022665731864406785,-0.016536384199174418,0.01200323782629306,-0.03892455,-0.005111765540540536,-0.019677829877608615,0.009454298796527542,0.00161608,0.021128689527027046,0.009346594245143206,0.03291078480891089,0.00066201,-0.01473662,35.9,-0.69,-0.266,0.0037789115646258194,0.8467988175422841,-0.8392409944130325,43.5,0.8330087446993095,0.1541544360059565,-0.1633928144845089,0.47170168649642186,-0.21,-21.0
2026-04-07,ABT,ABBOTT LABORATORIES,101.83,97.42,105.38,89.75,109.33,89.84,122.66,-1.2551319648093857,-1.6106666666666665,1.7372810675562975,-5.670000000000002,-7.324237288135589,-3.450569510389754,-11.197905065881425,-0.02376871,-0.005054021220338982,-0.026769913234424965,0.016661870793747,-0.06899449,-0.012099133851351355,-0.04083549709230947,0.01663722938960676,-0.00814879,0.014386835608108101,0.0014022697261443003,0.027371401490071903,0.00051049,-0.00667365,17.3,-1.46,-1.8,-0.12551360544217685,0.7122551267385608,-0.9632823376229145,1.0,0.7812773266973507,0.128611212680235,-0.24721344563766923,0.5044358709981392,-0.2085,-21.0
2026-04-07,ADSK,"AUTODESK, INC.",234.96,225.23,243.44,207.14,254.49,196.68,290.83,-1.2943396226415138,-1.4244751664106512,1.4595088819226743,-9.349999999999994,-19.082779661016946,-8.227146382398097,-29.938412939635796,-0.02586199,-0.004754025118644065,-0.03177927315834576,0.022271222921057626,-0.05561736,-0.010153420168918924,-0.04300592626075816,0.02269908592292031,-0.02062943,0.013086022770270265,-0.009596737119616667,0.0357687826601572,0.00017773,0.00469016,15.3,-1.58,-1.428,-0.18251020408163257,0.8065499515019892,-1.1715703596652542,4.2,0.7528920795594469,0.18541310316871984,-0.17124852614631741,0.5420747324837571,-0.2085,-21.0
2026-04-07,AIZ,"ASSURANT, INC.",218.8,210.63,224.32,199.06,232.45,189.36,257.45,-1.4438202247191094,-1.4461538461538492,1.3128396739130428,-6.359999999999985,-15.8493559322034,-7.1677061983813495,-24.53100566602545,0.00381958,-0.00011550999999999913,-0.02441738425275987,0.02418636425275987,-0.01899504,9.19131418918985e-05,-0.022947874591628833,0.023131700875412633,0.0085815,0.03238436324324322,0.017506017180478742,0.04726270930600769,-0.00079082,0.00158594,31.5,-0.92,-0.12,0.012785714285714343,0.7754147969644698,-0.7498433683930412,50.2,0.6114880219098786,0.012442933812179402,-0.26874291818830365,0.2936287858126625,-0.21,-21.0
2026-04-07,ALL,THE ALLSTATE ,210.53,201.03,210.97,197.77,221.22,184.13,238.37,-6.905511811023574,-1.1936389148737132,1.0545454545454545,-5.139999999999986,-18.953796610169476,-11.70625338396967,-26.201339836369282,-0.0012086,0.0015253431186440676,-0.016338876906320278,0.019389563143608415,0.01806191,0.001417913682432432,-0.010442586659388818,0.013278414024253681,0.01749774,0.05351072287162159,0.03416189546614565,0.07285955027709753,0.00134876,-0.00072987,43.8,0.01,0.191,0.06526190476190473,0.8407557776399855,-0.7102319681161761,60.9,0.31091684698091715,0.0003540428848599435,-0.21319748549371642,0.2139055712634363,-0.21,-21.0
2026-04-07,AMP,"AMERIPRISE FINANCIAL, INC.",432.06,414.81,456.74,386.32,474.43,360.55,539.09,1.005285920230659,-1.079537408543781,1.4967137463291853,-20.680000000000007,-34.89623728813559,-12.91612302845365,-56.87635154781752,-0.00572208,-0.006841904542372881,-0.028542362144558898,0.014858553059813134,-0.0238318,-0.018173972128378423,-0.045386084233235605,0.009038139976478763,-0.01325769,0.017343626486486498,-0.001974292214031885,0.03666154518700488,-0.00043515,-0.00530601,23.4,-1.25,-1.318,-0.16066326530612246,0.6518463926323084,-0.9731729232445534,3.4,1.1662672530869584,0.023719273841938972,-0.2967570608168641,0.344195608500742,-0.2085,-21.0
2026-04-07,AXP,AMERICAN EXPRESS COMPANY,307.03,291.46,310.85,271.05,317.59,251.78,366.49,-2.9664570230607676,-3.4071969696969653,1.0761990950226257,-9.020000000000039,-30.5046779661017,-17.439063002820006,-43.57029292938339,0.00207687,-0.0028860431525423746,-0.026209341587176544,0.020437255282091792,-0.05303213,-0.005842648682432436,-0.03589096745727638,0.02420567009241151,0.02044192,0.044226027972972926,0.030291108926572954,0.0581609470193729,0.00226526,-0.00294421,16.5,-1.51,0.041,-0.012289115646258605,0.977111951889477,-1.0016901831819942,48.6,1.213784623882805,0.06362270373052507,-0.2502637768827041,0.3775091843437543,-0.21,-21.0
2026-04-07,COST,COSTCO WHOLESALE ,1013.21,977.46,1035.33,952.8,1078.68,872.46,1166.94,-1.2223538704581407,1.083760966727362,1.092220248667851,-35.809999999999945,-90.64016949152541,-47.051316508303344,-134.22902247474747,0.00518803,-0.0009544685423728807,-0.018591651651507154,0.016682714566761396,0.01463435,-0.0016620555067567643,-0.019831079022985133,0.016506968009471604,0.02210217,0.055698988952702914,0.03341203207771182,0.07798594582769401,0.00019173,-0.0203872,10.7,-1.85,0.127,-0.015880952380952332,0.9928218181588403,-1.024583722920745,62.5,0.863495377051047,0.18784312398333763,-0.11317795209516229,0.48886420006183756,-0.21,-21.0
2026-04-07,CRH,CRH PUBLIC LIMITED COMPANY,105.87,100.75,111.78,91.34,114.58,90.1,129.33,1.2845188284518827,-1.6681974741676246,1.4876347495244129,-5.920000000000002,-11.88813559322034,-7.431214553800869,-16.34505663263981,0.01565968,-0.0015274265762711856,-0.027891518776904694,0.024836665624362323,-0.04637176,0.0011777657094594544,-0.029605167081572945,0.03196069850049185,0.01833794,0.05868963114864875,0.04114767882656914,0.07623158347072836,0.00106719,-0.00376316,43.3,-0.17,-0.089,0.035877551020408134,0.9723868447863717,-0.9006317427455555,41.5,0.18316777223713654,-0.01342272777105645,-0.1918000446279804,0.16495458908586746,-0.21,-21.0
2026-04-07,CTSH,COGNIZANT TECHNOLOGY SOLUTIONS ,61.49,59.4,63.72,52.89,67.34,49.21,76.1,1.1774193548387089,-1.47008547008547,1.189739413680781,-0.25,-3.783050847457628,-0.4042321440142098,-7.161869550901046,-0.00070582,-0.007153091118644068,-0.04053204476083494,0.026225862523546806,-0.0656061,-0.008958431013513518,-0.04341554795563534,0.0254986859286083,-0.0286485,-0.0016132033445946218,-0.02236222823562557,0.019135821546436328,0.00054647,7.64e-06,29.4,-1.11,-0.724,-0.07534693877551012,1.1762310176176036,-1.3269248951686239,33.5,0.676353796337452,0.2099706745137569,-0.18491059727128806,0.6048519462988018,-0.21,-21.0
2026-04-07,CVNA,CARVANA CO.,320.22,281.37,332.94,250.64,337.8,239.54,441.47,-2.4792857142857168,-3.95790671217293,1.5028507684680212,-61.91999999999996,-130.27762711864412,-99.29285540698307,-161.26239883030516,-0.00937134,-0.0028910777966101695,-0.05887057930338166,0.053088423710161314,-0.09013181,0.005903033918918931,-0.05156671661070076,0.06337278444853862,0.13115749,0.25813292476351307,0.17602890592047465,0.3402369436065515,0.00110139,-0.00610292,33.9,-0.9,-0.16,0.19541836734693907,1.2086414939261085,-0.8178047592322303,32.7,0.6371866757789364,0.19287919118418742,-0.009051428099200037,0.3948098104675749,-0.21,-21.0
2026-04-07,DLR,"DIGITAL REALTY TRUST, INC.",182.42,174.82,186.98,171.66,197.01,153.79,211.79,-1.468487394957973,1.355947955390336,1.025847013622075,-4.980000000000018,-11.726915254237293,-5.622391367761879,-17.831439140712707,5.933e-05,-0.0024380256610169507,-0.02365249512193635,0.01877644379990245,0.04578565,-0.004348795472972991,-0.032836136379486236,0.024138545433540257,0.0094646,0.02668040260135133,0.010023509135736495,0.043337296066966166,-0.00037181,0.00202433,31.9,-0.78,0.204,0.042476190476190535,0.9902294189196651,-0.905277037967284,54.6,0.6886894303476436,0.28551692521618816,-0.03749695194407099,0.6085308023764473,-0.21,-21.0
2026-04-07,EA,ELECTRONIC ARTS INC.,203.95,201.07,207.67,185.44,215.1,175.98,238.47,1.4482758620689742,-1.6600896860986532,1.2341794780121562,-7.430000000000007,-9.278576271186441,-2.713415957919846,-15.843736584453037,0.00883717,0.004766439932203394,-0.014586199969329479,0.02411907983373627,-0.03724901,-0.0015724256081081109,-0.04030996168561915,0.037165110469402934,0.02737839,0.01620319395270267,0.004519304959087797,0.027887082946317546,0.00025707,0.02910009,1.0,-3.22,1.571,0.26866326530612267,1.068503641154381,-0.5311771105421357,95.0,1.1612091268625262,0.5780658448974653,-0.6793355029501972,1.8354671927451278,-0.2085,-21.0
2026-04-07,ERIE,ERIE INDEMNITY COMPANY,248.54,238.2,261.99,227.62,267.4,203.24,298.21,1.4376299376299382,-1.1092258748674446,1.096467991169978,1.4299999999999784,-32.310372881355946,-11.129098721604496,-53.4916470411074,0.00479974,-0.010247406881355933,-0.03251205792419072,0.012017244161478851,-0.02315043,-0.020523337162162158,-0.03920088353587515,-0.001845790788449167,-0.05125144,0.026366096486486485,-0.014748116020287565,0.06748030899326053,0.00022932,0.00159847,32.3,-0.8,-0.351,-0.35274149659863946,0.26143099630271177,-0.9669139894999907,53.4,0.32656596936817395,0.07170967184993923,-0.18235214857584794,0.32577149227572644,-0.21,-21.0
2026-04-07,FITB,FIFTH THIRD BANCORP,47.79,45.02,49.31,41.79,51.0,39.24,56.73,-1.0631578947368407,-1.8691588785046724,1.0456140350877194,-1.3999999999999986,-3.5259661016949178,-1.5266418113671538,-5.525290392022682,0.0255538,-0.001103946983050846,-0.027206845496450124,0.02499895153034843,-0.02084197,-0.002596023648648653,-0.04394007951168958,0.038748032214392276,0.02240853,0.03373771476351352,0.0218809196887119,0.04559450983831514,0.00335491,-0.00364445,22.0,-1.44,0.178,0.06669047619047619,1.141740675563411,-1.0083597231824588,45.8,0.2862876108376151,0.13347548135167037,-0.20100518281412233,0.46795614551746306,-0.21,-21.0
2026-04-07,HBAN,HUNTINGTON BANCSHARES INC.,15.88,15.15,16.44,14.38,16.83,13.26,19.05,1.1052631578947376,-1.5789473684210569,1.209923664122137,-0.42999999999999794,-1.1992881355932223,-0.4781284721116136,-1.920447799074831,0.01163202,-0.003581468915254235,-0.02888645413301422,0.02172351630250575,-0.01335614,-0.007736171418918891,-0.04368684872648725,0.028214505888649467,0.00612732,0.022756929155405357,0.01158667678098778,0.033927181529822936,0.00232061,-0.01263801,38.5,-0.8,-0.261,-0.049673469387755104,1.0468430699312876,-1.146190008706798,37.9,0.6330405045443279,0.11623528220092885,-0.21083291015119118,0.44330347455304886,-0.21,-21.0
2026-04-07,J,JACOBS SOLUTIONS INC.,127.19,123.58,131.76,117.61,137.27,109.45,156.3,1.3541666666666703,1.052192066805847,1.6409244644870362,-5.8700000000000045,-10.166033898305079,-4.966305536855744,-15.365762259754414,-0.00396076,-0.004688173288135592,-0.02399639195655879,0.014620045380287605,-0.00784405,-0.014963602162162176,-0.04666825631899564,0.016741051994671286,0.00629659,0.024235651722973026,0.0162040171681335,0.03226728627781255,8.044e-05,-0.00665605,29.6,-0.98,-1.008,-0.01922448979591829,0.8829508092737501,-0.9213997888655867,9.3,1.1022194923069835,0.1120671651917272,-0.2556957263297303,0.47983005671318474,-0.2085,-21.0
2026-04-07,JKHY,"JACK HENRY & ASSOCIATES, INC.",158.32,148.69,161.9,141.05,170.84,134.98,185.6,-1.9892933618843598,-1.3793929712460038,1.1688089117395029,-4.0800000000000125,-5.862610169491522,0.15852327245664366,-11.883743611439687,-0.02339937,-0.0025597030508474573,-0.02330944523262839,0.018190039130933474,-0.0357895,0.0005902010472973041,-0.027634127526905534,0.02881452962150014,-0.02148606,-0.005596938243243237,-0.016247846722098842,0.0050539702356123695,0.00332721,-0.00159514,18.7,-1.54,-1.436,-0.05986394557823132,0.9116209151727427,-1.0313488063292053,9.3,0.5615741183335652,0.10749087569303194,-0.17486913134118987,0.38985088272725377,-0.2085,-21.0
2026-04-07,JPM,JPMORGAN CHASE & CO.,297.4,285.71,303.52,269.17,314.06,255.03,349.23,-1.3917378917378815,-1.6944777911164417,1.2232711824404077,-15.620000000000005,-31.481457627118616,-21.726917000616375,-41.235998253620856,0.00886364,-0.00022644271186440608,-0.01930704903573702,0.01885416361200821,-0.01494443,0.002887273952702707,-0.01981914139833138,0.025593689303736795,0.04284206,0.06189224192567599,0.05288128805823267,0.07090319579311931,0.00038207,-0.00599756,37.9,-0.4,0.386,0.20519047619047617,1.2173608124153437,-0.8069798600343914,57.7,0.8877849727943301,0.1868402543582919,-0.1739867298540624,0.5476672385706463,-0.21,-21.0
2026-04-07,KVUE,KENVUE INC.,16.73,16.76,17.56,15.88,18.57,13.98,21.22,6.833333333333279,2.164705882352942,1.6327272727272721,-0.509999999999998,-0.7497288135593222,0.2912312651139405,-1.790688892232585,-0.01368612,-0.005549512508474575,-0.03537121907107112,0.024272194054121968,0.00483789,-0.019862876858108093,-0.06312013555230706,0.023394381836090862,-0.03440293,-0.014911555472972992,-0.04498250312237832,0.015159392176432336,-0.00433716,-0.00021241,31.5,-0.7,-1.592,-0.09429931972789114,0.8444237903196988,-1.033022429775481,5.2,0.5363618605406957,0.4487486771361991,-0.5532983814774137,1.4507957357498118,-0.2085,-21.0
2026-04-07,LDOS,"LEIDOS HOLDINGS, INC.",158.87,147.37,162.03,140.05,164.54,134.77,204.45,-2.523002421307513,-3.3192239858906585,1.8912863070539416,-16.099999999999994,-22.07579661016948,-13.820771303386053,-30.330821916952907,-0.02656307,0.0009071921355932225,-0.02131212413468338,0.023126508405869824,-0.07399459,0.009236879797297294,-0.018738463073009193,0.03721222266760378,0.05055422,0.08030146760135129,0.06085862121185287,0.09974431399084971,0.00481351,-0.02506412,29.2,-0.93,-1.857,0.1571020408163266,1.1183372226924204,-0.8041331410597672,1.4,0.6691506490785031,0.22736004575285554,-0.1649688605888682,0.6196889520945793,-0.2085,-21.0
2026-04-07,NDAQ,"NASDAQ, INC.",86.4,82.29,89.01,73.48,96.18,73.64,101.42,-1.0712074303405632,-1.3210633946830266,1.1771159874608144,-3.1400000000000006,-7.064474576271183,-3.4076162849059104,-10.721332867636455,0.00102828,-0.0005686703389830519,-0.025191836879783044,0.024054496201816943,-0.04200396,0.0007413877364864845,-0.021759996846149727,0.0232427723191227,0.01322522,0.035005091047297196,0.02261499780209148,0.04739518429250291,0.00122113,-0.00066183,26.4,-0.96,-0.316,0.2478775510204078,1.3645364962548694,-0.8687813942140538,32.7,0.2822207798161178,0.16283782964366536,-0.26363922610940194,0.5893148853967327,-0.21,-21.0
2026-04-07,VLO,VALERO ENERGY ,251.49,232.86,261.81,234.21,280.77,191.17,303.21,-1.714011516314778,1.6944444444444426,-1.166279969064193,-11.70999999999998,-7.9217966101694905,-0.6302581472817854,-15.213335073057195,0.02178625,0.008309022271186437,-0.024414137823720556,0.041032182366093434,0.07621584,0.01678241652027025,-0.03206009606796352,0.06562492910850401,0.01965861,0.009668508749999992,0.00033833664996177,0.018998680850038214,0.00073487,-0.02320976,66.1,0.77,1.249,0.45222108843537395,1.464717156989241,-0.5602749801184932,77.2,-0.30626131987090865,0.010944510259389044,-0.2208998041221072,0.2427888246408853,-0.26625,-23.0
2026-04-07,XYZ,"BLOCK, INC.",59.97,55.99,62.74,50.89,67.44,44.98,75.96,-1.170818505338077,-1.215528781793842,1.0667111407605065,0.6499999999999986,-4.500067796610172,0.3444683636050545,-9.344603956825399,-0.00990982,-0.010936293898305088,-0.05617713137039225,0.03430454357378207,-0.0378814,-0.027668032162162137,-0.08805292668871723,0.032716862364392946,-0.06469979,-0.018241826621621583,-0.04390620873874135,0.007422555495498185,0.00422005,-0.01153173,11.7,-1.6,-0.721,-0.1228945578231292,0.803523517127298,-1.0493126327735565,19.0,0.6983397663354691,0.18019570159361015,-0.1746580779835925,0.5350494811708129,-0.221,-23.0
2026-04-07,BKNG,BOOKING HOLDINGS INC.,173.41,157.84,176.37,144.78,186.03,137.54,208.59,-2.6723484848484813,-2.268621236133121,-1.019613416714042,0.12000000000000455,-17.058781016949155,-8.782673930734314,-25.334888103163998,-0.0020254,-0.0037974057966101695,-0.027864664177925127,0.020269852584704786,-0.0551883,-0.01055886695945947,-0.035179103601710573,0.01406136968279163,-0.01980293,0.031697621317567426,0.004406182077185343,0.05898906055794951,0.00242699,0.00185544,8.5,-1.9,-0.274,-0.06576530612244905,0.859312933915411,-0.990843546160309,42.7,1.0381124101604606,0.15456125897715373,-0.16511843591537334,0.4742409538696808,-0.2225,-23.0
2026-04-07,CDW,CDW ,123.69,118.0,127.06,112.02,135.99,98.49,138.32,1.0430622009569428,1.0539845758354764,-1.7224880382775127,7.700000000000003,-6.501491525423724,0.6189492867466786,-13.621932337594126,0.01796663,-0.009312105355932201,-0.03487770604296767,0.01625349533110327,0.02247501,-0.021533848986486467,-0.053361863489571934,0.010294165516599004,-0.07717947,-0.019084253108108115,-0.04704470047990978,0.00887619426369355,0.00206615,0.01216159,41.5,-0.64,0.275,-0.4156360544217686,0.48519052856774164,-1.316462637411279,80.4,1.0939014808618195,0.11823637814307097,-0.20843106064636502,0.44490381693250697,-0.2295,-23.0
2026-04-07,DBA,INVESCO DB MS AGRI,27.01,26.88,27.66,26.16,28.66,24.33,30.16,4.9999999999999405,1.9411764705882304,1.1753731343283562,-0.889999999999997,-1.6230508474576262,-1.0870983472864304,-2.159003347628822,0.00770565,-0.00028807613559322096,-0.008963381084313804,0.008387228813127362,0.01641956,-0.0047069035472973005,-0.01737594160952248,0.00796213451492788,0.01616552,0.03553139081081074,0.028997390447674094,0.042065391173947385,0.00127846,-0.0021075,67.7,0.78,0.541,-0.03856462585034005,0.8630111926808021,-0.9401404443814821,74.4,0.24950577189985146,1.8278673124273583,-0.35795285207053174,4.013687476925249,-0.22575,-23.0
2026-04-07,EQIX,"EQUINIX, INC.",1007.29,964.65,1026.8,942.6,1132.47,831.8,1174.13,-1.5503300330032967,1.9350749729479082,-1.0518460800767193,-27.62000000000012,-30.299525423728827,3.3044451129270023,-63.90349596038466,0.00606396,-0.002541195050847456,-0.028961329685071556,0.023878939583376647,0.08299489,-0.006747373108108074,-0.04594707836623811,0.03245233215002197,0.02161637,-0.007263067364864838,-0.021372538812772506,0.00684640408304283,-0.00087611,0.00023987,34.1,-0.86,1.398,0.09277210884353744,1.0275781969126625,-0.8420339792255875,92.3,1.2681580568129185,0.2611712160344657,-0.18692794787203415,0.7092703799409655,-0.261,-23.0
2026-04-07,FISV,"FISERV, INC.",55.32,52.44,58.4,49.37,59.44,37.78,74.63,1.2134831460674158,-1.444174757281555,1.1009122006841503,4.380000000000003,-12.42542372881356,3.1563792942353075,-28.007226751862426,-0.00993892,-0.02931874962711865,-0.08909260316265437,0.030455103908417065,-0.05881707,-0.07145353162162167,-0.1440217369363845,0.001114673693141166,-0.14205364,-0.0255393764864865,-0.10591893695993682,0.054840183986963824,0.00104037,-0.00749969,27.2,-0.92,-1.233,-0.4250850340136055,0.45044833414055213,-1.3006184021677631,24.8,1.3460841126820755,0.19550166913733982,-0.5309492837962921,0.9219526220709717,-0.221,-23.0
2026-04-07,SM,SM ENERGY COMPANY,31.35,28.9,34.4,28.58,37.27,20.03,39.23,1.1369294605809137,2.137184115523464,-1.4365482233502547,0.9100000000000001,-0.47450847457627116,1.8999430580329444,-2.848960007185487,0.05066364,-0.009353808237288128,-0.05588376231892986,0.037176145844353595,0.10797235,-0.04411987405405398,-0.11776792708823192,0.029528178980123963,-0.07804321,-0.07332296374999996,-0.11103737929013086,-0.03560854820986906,-0.00207799,0.0210059,33.9,-0.59,1.17,-0.14811904761904757,0.850845403970891,-1.1470834992089862,88.7,0.2938308229574982,0.1529794704772847,0.03699511705286963,0.26896382390169976,-0.2335,-24.0
2026-04-07,TXT,TEXTRON INC.,87.68,83.91,90.85,78.49,94.72,75.52,108.32,-1.0467289719626232,-1.3053977272727304,1.697368421052629,-3.819999999999993,-3.1717627118644063,-0.06999084420343538,-6.273534579525377,-0.01476266,-0.00012344447457627027,-0.023739468646254338,0.023492579697101796,-0.03482917,-0.011369765168918928,-0.0526278984290038,0.029888368091165945,-0.00632825,-0.0033143481081081044,-0.012785834223102697,0.006157138006886489,-0.00060018,-0.00536855,7.3,-2.02,-1.239,0.2198163265306123,1.2487506273975106,-0.809117974336286,6.5,0.7136320102211631,0.15466729505689994,-0.2143159682495732,0.523650558363373,-0.23875,-24.0
2026-04-07,DOC,"HEALTHDOC PROPERTIES, INC.",16.88,15.61,17.08,15.42,17.7,14.43,19.13,-4.099999999999985,-1.780487804878047,-1.0888888888888886,-0.26000000000000156,-0.4433559322033897,0.1630962733687072,-1.0498081377754866,-0.01117112,-0.0041630112203389835,-0.023608441103989672,0.015282418663311703,-0.00433853,-0.010911508243243247,-0.03354723335603184,0.011724216869545346,-0.01144795,-0.019120056756756775,-0.03353504213751014,-0.004705071376003411,0.00127952,-0.0161561,63.7,0.54,-0.489,-0.1342993197278912,0.7323366535053487,-1.000935292961131,42.7,0.41800072368343844,0.1876309239905572,-0.23871744250943167,0.6139792904905461,-0.23275,-24.0
2026-04-07,WTW,WILLIS TOWERS WATSON,285.24,281.29,298.2,257.2,310.93,257.46,337.26,2.679120879120872,-1.091475282210978,1.8725701943844466,-18.659999999999968,-26.508169491525425,-16.47731711702953,-36.53902186602132,-0.0013302,-0.005649351932203386,-0.021058506137896508,0.009759802273489736,-0.03954645,-0.01031283851351352,-0.028739403267678244,0.008113726240651204,0.0214513,0.03723537094594598,0.024418953849329524,0.05005178804256243,-0.00096861,-0.00169133,35.1,-0.61,-0.595,-0.06752380952380951,0.618154329015024,-0.7532019480626431,31.9,0.5212132903398898,0.1952604044169051,-0.1589351256340907,0.5494559344679009,-0.25525,-26.0
2026-04-07,APO,"APOLLO GLOBAL MANAGEMENT, INC.",105.36,103.44,115.26,93.2,113.45,84.42,133.58,2.586956521739131,-1.503090234857848,1.347659980897804,-5.599999999999994,-13.168915254237287,-4.5213205171042095,-21.816509991370367,0.00878475,-0.011092802983050848,-0.04435455758812778,0.022168951622026083,-0.08262583,-0.03110735418918912,-0.08224519971859034,0.020030491340212106,-0.02780107,0.028792827871621636,-0.0008697778040362945,0.05845543354727957,-0.00107383,-0.00855705,14.1,-1.5,-0.277,-0.2421462585034014,0.7011686225853921,-1.185461139592195,47.8,0.47202752644673485,0.08540993939249861,-0.14282442131965717,0.3136443001046544,-0.25525,-26.0
2026-04-07,FOXA,FOX ,59.65,56.72,60.67,50.02,65.87,49.46,73.63,-2.7555555555555564,-1.548231511254017,1.3719332679097154,-5.339999999999996,-7.251762711864409,-4.206015323391889,-10.297510100336929,0.00217434,0.003575107220338983,-0.02514568249115371,0.03229589693183168,-0.05411803,0.013753681891891934,-0.019314651755645895,0.04682201553942976,0.06739029,0.0720625750675674,0.055945089323803064,0.08818006081133173,-0.00104144,-0.0027117,20.8,-1.27,0.077,0.22753061224489768,1.3411803896456491,-0.8861191651558538,42.3,1.1537401698757854,0.13358531274752325,-0.23436950198368714,0.5015401274787337,-0.25525,-26.0
2026-04-07,LIN,LINDE PUBLIC LIMITED COMPANY,494.59,483.6,510.9,466.75,545.33,429.47,567.19,1.2881213142375811,1.8225574712643717,1.114864864864867,-16.310000000000002,-21.01311864406779,-8.504860483405816,-33.52137680472977,-0.0012979,-9.574576271186465e-05,-0.014835988039142723,0.014644496513718993,0.03226699,-0.005856141756756739,-0.02588080444589973,0.014168520932386252,0.00162236,0.013266526351351365,-0.0005938232304438379,0.02712687593314657,-0.00305009,-0.00450278,43.5,-0.52,0.356,0.1430476190476191,1.153635646656898,-0.8675404085616598,58.9,0.49385961234607745,0.43448398166758273,-0.29523790874297684,1.1642058720781423,-0.25525,-26.0
2026-04-07,NTRS,NORTHERN TRUST ,145.63,136.04,148.44,131.55,151.94,121.95,171.23,-1.698113207547165,-2.2313787638668745,1.0810810810810811,-7.819999999999993,-10.226644067796611,-5.015453930698349,-15.437834204894873,0.01539544,0.0020092160000000003,-0.02336998297900139,0.027388414979001394,-0.00363621,0.006958660675675677,-0.029580546612984076,0.04349786796433543,0.05230702,0.035124999256756786,0.016709162763242302,0.05354083575027127,0.00372091,-0.00691522,6.0,-2.25,0.76,0.2564149659863948,1.2222738781143667,-0.7094439461415771,70.8,0.5568425086555489,0.06376449913442847,-0.2547772905975717,0.3823062888664286,-0.26475,-27.0
2026-04-07,PRU,"PRUDENTIAL FINANCIAL, INC.",97.4,95.01,101.79,87.62,102.32,80.34,113.04,2.2628865979381305,-1.9878048780487858,-1.0907928388746804,1.0200000000000102,-4.170677966101691,-0.41783855834238093,-7.923517373861,0.0195895,-0.007336807423728808,-0.026992537712853606,0.012318922865395989,-0.04392111,-0.013818911554054129,-0.039429640388439685,0.011791817280331428,-0.03144086,-0.0067682704391891745,-0.01857304735794335,0.005036506479565002,0.00084795,-0.01138486,17.9,-1.49,0.196,-0.1789115646258502,0.6472714297981208,-1.0050945590498213,64.5,0.5011394612800824,0.07011516717173151,-0.21521611964750925,0.35544645399097224,-0.2625,-27.0
2026-04-07,PYPL,"PAYPAL HOLDINGS, INC.",44.87,43.11,46.91,35.97,51.54,35.27,54.28,1.206250000000004,-1.3343328335832079,-1.0201912858660989,1.259999999999998,-3.745627118644071,-0.3266082540367137,-7.164645983251428,-0.00189634,-0.013606444983050844,-0.04845669503715756,0.021243805071055874,-0.08979546,-0.032352182027027034,-0.08209295711860681,0.01738859306455274,-0.0698514,-0.015454061756756739,-0.039122134567807755,0.008214011054294278,-9.951e-05,0.00433457,31.0,-1.16,-0.337,-0.3521326530612245,0.5329466454175433,-1.2372119515399922,50.2,0.805495695931228,0.09428965983668831,-0.37851112883602095,0.5670904485093976,-0.2625,-27.0
2026-04-07,ROP,"ROPER TECHNOLOGIES, INC.",358.83,341.83,367.57,304.72,385.93,283.97,408.21,-1.3349999999999966,-1.9966789667896647,-1.5159983799108943,22.0,-9.004271186440688,8.879992448849071,-26.888534821730445,0.00033161,-0.010295091627118644,-0.03638859274635004,0.015798409492112753,-0.06916864,-0.024476802972972993,-0.05439034763751656,0.005436741691570577,-0.08351623,-0.028771614189189224,-0.0599682285445645,0.002425000166186058,-0.00035067,0.00459235,40.9,-0.74,-0.268,-0.3926190476190477,0.4605147845600816,-1.245752879798177,62.5,0.7025142840108718,0.22322812266281075,-0.18474889744521886,0.6312051427708404,-0.2625,-27.0
2026-04-07,SPGI,S&P GLOBAL INC.,430.06,409.01,443.47,345.41,490.67,345.98,513.93,-1.10277613703485,-1.396634218775779,-1.0025038750447124,0.4800000000000182,-29.69084745762713,-7.990807731642647,-51.39088718361161,0.00248297,-0.006008223491525422,-0.03390273801016947,0.021886291027118625,-0.0712715,-0.012623184493243242,-0.03858271491391282,0.013336345927426335,-0.02462805,0.01105641016891889,-0.009744211851518267,0.031857032189356045,0.00172667,-0.00190339,40.7,-0.44,-0.496,-0.03608503401360543,0.9128698444422779,-0.9850399124694887,30.8,0.3750360946974858,0.06338242040276815,-0.24924319996658595,0.37600804077212224,-0.2625,-27.0
2026-04-07,WAT,WATERS ,307.38,290.61,315.11,258.58,322.21,243.58,369.31,-1.5227995758218456,-3.290627107215109,-1.0301953818827705,-0.660000000000025,-23.377525423728805,-6.28975937261642,-40.465291474841194,0.01458895,-0.007738857661016952,-0.04011801263834177,0.024640297316307867,-0.08404172,-0.026477531250000002,-0.07515651626037809,0.022201453760378086,-0.01089237,0.004594454966216211,-0.011196774964453189,0.02038568489688561,0.00420533,-0.00972059,32.3,-0.91,0.031,-0.1216190476190476,0.7447961815064125,-0.9880342767445077,55.0,0.4636525976469297,0.035336232119066474,-0.2778773846666883,0.3485498489048213,-0.2625,-27.0
2026-04-07,XYL,XYLEM INC.,124.27,115.83,125.92,109.56,129.38,104.72,141.3,-1.9970930232558124,-2.878669275929549,-1.1479741632413376,0.39000000000000057,-7.652203389830502,-3.0365481796012617,-12.267858600059743,0.0007135,-0.0011542398644067786,-0.024710150460801918,0.022401670731988357,-0.03777686,-0.003097283749999996,-0.02666834560821368,0.02047377810821369,-0.01518037,0.01519523358108103,9.400632207269728e-05,0.030296460840089363,0.00201385,-0.00078577,50.6,-0.39,0.048,0.0017040816326528846,0.9591292322106978,-0.955721068945392,49.8,0.3793924515211291,0.1978597358493096,-0.19590326549018794,0.5916227371888072,-0.2625,-27.0
2026-04-07,MET,"METLIFE, INC.",71.2,68.49,73.3,64.23,74.61,58.4,83.49,1.0818181818181785,-2.043988269794723,-1.0414971521562255,0.4099999999999966,-3.0530169491525414,-0.5139562365202432,-5.59207766178484,0.00919131,-0.005512598135593216,-0.025552166289488837,0.014526970018302403,-0.03488598,-0.012901287939189172,-0.035450645541581616,0.009648069663203272,-0.02348107,-0.005085599966216223,-0.016662162532573653,0.006490962600141209,0.00126161,-0.00776101,24.0,-1.2,0.048,-0.16860544217687073,0.5577113594686196,-0.894922243822361,60.9,0.5858457177332961,0.08579572681689568,-0.2554780738508916,0.42706952748468296,-0.2625,-27.0
2026-04-07,CI,THE CIGNA GROUP,274.25,258.97,277.86,249.14,292.06,223.73,315.96,-1.5179487179487126,-1.409882088714206,-1.2112203308559106,12.300000000000011,-9.683355932203387,2.665209130490142,-22.031920994896915,0.0069555,-0.003581889694915254,-0.02677756582284011,0.0196137864330096,0.00287597,-0.01826625817567567,-0.047812285977034255,0.011279769625682914,-0.05539421,-0.02205826932432432,-0.04136712459406671,-0.002749414054581928,0.00339426,-0.00518615,51.8,0.65,0.182,-0.01473809523809526,0.7827718067692545,-0.8122479972454449,64.1,0.377203099195182,0.1257799917265361,-0.2667457460001795,0.5183057294532516,-0.2865,-29.0
2026-04-07,TDG,TRANSDIGM GROUP INC.,1169.57,1097.06,1201.06,1041.52,1239.83,985.28,1460.63,-1.7410594245764965,-1.8225163677768286,1.579358619566988,-67.17000000000007,-148.09166101694916,-90.1220897798897,-206.06123225400862,-0.01855108,-0.006320360711864408,-0.027773551604522932,0.015132830180794116,-0.0477185,-0.008741455608108111,-0.028388621165392553,0.01090570994917633,0.01469353,0.05620067513513528,0.04003545444344106,0.07236589582682951,0.00029517,-0.01027928,91.9,1.63,-1.346,0.03152380952380945,1.0173555962490402,-0.9543079772014214,6.2,0.5982749822356186,0.17793366411541447,-0.24891637805294461,0.6047837062837735,-0.2945,-30.0
2026-04-07,TNX,10 Y TSY YLD NDX,4.34,4.24,4.45,4.14,4.6,3.86,4.66,1.4444444444444455,1.2999999999999978,-1.4999999999999987,0.009999999999999787,-0.08488135593220326,0.04442567792503872,-0.21418838978944527,0.01075236,-0.0014314942372881372,-0.01213386767881124,0.009270879204234965,0.00942532,-0.007922692466216215,-0.02349133958373583,0.0076459546513034,-0.02030942,-0.0047915648648648515,-0.02081307391094992,0.011229944181220218,0.00018874,-0.00044595,67.1,0.69,0.772,-0.16755102040816328,0.5478810830493616,-0.8829831238656881,89.1,,,,,-0.3085,-31.0
2026-04-07,TYX,30 Y TSY YLD NDX,4.92,4.84,4.99,4.68,5.14,4.53,5.21,-1.0,-1.090909090909093,-1.3448275862068952,-0.040000000000000036,-0.14013559322033875,-0.027161052468604438,-0.25311013397207305,0.00461963,0.0006109710169491531,-0.00859067978213075,0.009812621816029054,-0.00305779,-0.0014305240878378397,-0.011152644067182645,0.008291595891506964,-0.00564845,0.008891048885135092,-0.004771961996986224,0.02255405976725641,0.00018712,-0.0015367,74.8,0.97,0.797,-0.07557823129251694,0.653714108160308,-0.8048705707453419,86.3,,,,,-0.3085,-31.0
2026-04-07,AJG,ARTHUR J. GALLAGHER & CO.,217.57,211.79,225.96,184.7,233.89,178.96,259.91,1.7804878048780572,-2.014093137254903,1.0966070966070978,-3.1100000000000136,-24.65603389830509,-10.727679265113037,-38.58438853149714,0.00835259,-0.008554934338983052,-0.031008503589571856,0.013898634911605754,-0.08062944,-0.02457722375000001,-0.054487826874491274,0.00533337937449126,-0.01714145,0.029250256689189146,0.0028076462875395378,0.05569286709083875,0.00012848,-0.00150277,43.5,-0.28,-0.044,-0.17036734693877534,0.8377561257906424,-1.1784908196681931,68.5,0.17808694037456885,0.05760397012322008,-0.19002410594143662,0.3052320461878768,-0.30075,-31.0
2026-04-07,COO,"THE COOPER COMPANIES, INC.",69.66,68.44,72.57,62.9,76.53,58.97,87.62,1.9015151515151651,1.0162721893491133,1.6800748362956044,-0.6599999999999966,-1.6282711864406754,1.803601737043304,-5.0601441099246545,-0.00820894,-0.008313293898305093,-0.03806455654682592,0.021437968750215728,-0.0239829,-0.019541299628378358,-0.06473714685275027,0.025654547595993556,-0.04206249,-0.03502462966216202,-0.047092639926602016,-0.022956619397722026,0.00082421,-0.00423412,25.0,-0.79,-1.269,-0.1743911564625852,0.6931394569717518,-1.0419217698969223,8.5,0.31514172206769,0.15117885046057772,-0.32696044782915895,0.6293181487503143,-0.3075,-31.0
2026-04-07,FVX,5 YR TSY YLD NDX,3.98,3.86,4.11,3.77,4.23,3.41,4.32,1.4999999999999978,1.1904761904761927,-1.6764705882352922,0.06000000000000005,-0.0051186440677964545,0.12063041561759695,-0.13086770375318985,0.01667353,-0.0025068397966101683,-0.015906151182274734,0.010892471589054398,0.01241088,-0.017271080033783814,-0.03939190890812687,0.004849748840559245,-0.03627369,-0.02792584371621621,-0.04302447903420751,-0.012827208398224913,0.00048814,0.00049539,61.3,0.38,0.83,-0.18568367346938766,0.5295388188986797,-0.900906165837455,89.5,,,,,-0.3085,-31.0
2026-04-07,ODFL,"OLD DOMINION FREIGHT LINE, INC.",198.93,192.7,208.87,184.72,227.93,158.96,252.02,3.358974358974338,2.040816326530611,1.328246184638479,-6.560000000000002,-8.486406779661019,1.3586885480053503,-18.33150210732739,0.03599367,6.269525423730643e-06,-0.029991483846403797,0.03000402289725126,0.0688973,0.002209498310810803,-0.050199160359572295,0.054618156981193905,0.01533817,-0.002299576148648642,-0.01783898946334176,0.013239837166044478,0.00322216,-0.00400475,0.2,-3.22,0.054,-0.02025510204081642,0.8037917625501116,-0.8443019666317444,53.8,0.41493446695090785,0.025461116874727616,-0.36220974937488554,0.4131319831243408,-0.38025,-33.0
2026-04-07,UUP,INVESCO DB USD IDX BL,27.75,27.42,28.2,26.79,29.06,25.81,29.54,1.2352941176470644,1.3645833333333308,-1.0837988826815654,-0.2699999999999996,-0.3060677966101694,0.12088007513051952,-0.7330156683508584,0.00036613,-0.0010807268813559315,-0.006802423180610896,0.004640969417899033,0.00693842,-0.0015698966891891828,-0.009541227544942398,0.006401434166564033,-0.00658276,-0.009230570540540507,-0.015080911385677975,-0.003380229695403039,-0.00055979,-0.00105001,76.6,0.92,0.352,-0.2196768707482993,0.6214013303021882,-1.0607550717987868,68.1,0.18054467804617547,1.2313603280314906,-1.1629810742338795,3.6257017302968606,-0.3235,-33.0
2026-04-07,ADP,"AUTOMATIC DATA PROCESSING, INC.",203.61,192.39,210.42,179.63,214.89,167.95,245.96,-1.8371710526315863,-2.1258865248227017,1.1876051598429602,-4.909999999999997,-15.415999999999999,-6.430224718202327,-24.40177528179767,-0.01670745,-0.00837023193220339,-0.028014564266746055,0.011274100402339275,-0.06680633,-0.01577963557432432,-0.03429204457113313,0.0027327734224844857,-0.02993828,0.008390801486486485,-0.01076070165261873,0.0275423046255917,-0.0005266,-0.00822797,13.5,-1.63,-1.508,-0.328530612244898,0.737953700420826,-1.395014924910622,14.5,0.6066379715730954,0.1962428832328535,-0.12702654339349545,0.5195123098592025,-0.32825,-33.0
2026-04-07,APH,AMPHENOL ,128.38,117.9,132.61,109.34,139.99,104.47,171.57,-2.327669902912616,-1.6399655469422885,1.806357172731075,-18.189999999999998,-15.431457627118638,-7.097401629904855,-23.76551362433242,-0.02562177,0.007466398610169497,-0.020306370044563822,0.03523916726490282,-0.02416704,0.018328456655405424,-0.014456704406316433,0.05111361771712728,0.08135369,0.07947641986486449,0.061856999770070226,0.09709583995965876,-0.0043493,-0.00137874,33.7,-0.77,-0.474,0.536605442176871,1.4978973917912897,-0.42468650743754777,7.9,0.610877979964831,0.1686121911643613,-0.3155010255244458,0.6527254078531683,-0.32,-33.0
2026-04-07,COIN,"COINBASE GLOBAL, INC.",175.18,153.39,183.91,129.57,196.97,119.11,253.17,-2.573349633251833,-2.0931620009178538,1.3909398965578736,-6.829999999999984,-66.79267796610172,-25.782333768088975,-107.80302216411447,-0.05146936,-0.01026226050847458,-0.07506695510851079,0.054542434091561634,-0.127052,-0.028624184189189234,-0.1254172025680686,0.06816883418969012,-0.04750272,0.11495540942567553,0.03968543153115649,0.19022538732019456,-0.00310461,-0.01143066,17.5,-1.66,-0.754,-0.19223469387755102,0.7939821145347562,-1.1784515022898583,28.6,0.5204630631724418,-0.07686298261038733,-0.36565061826131584,0.2119246530405412,-0.32825,-33.0
2026-04-07,INTU,INTUIT INC.,410.24,400.71,440.68,336.9,478.06,312.47,544.63,1.9025830258302547,-1.0813919197876738,1.3745525212232792,-0.4800000000000182,-46.21606779661014,-10.715375801886537,-81.71675979133374,-0.02099407,-0.008716759627118646,-0.0473915315195114,0.029958012265274107,-0.09104838,-0.030199372297297293,-0.0734219693894993,0.013023224794904711,-0.08901602,0.005390684391891851,-0.039869455883119014,0.05065082466690272,-0.00317818,-0.00097007,4.6,-2.3,-1.4,-0.21155442176870756,0.8823543143545258,-1.305463157891941,17.7,0.5126840332413762,0.15571876486454586,-0.27836154423730586,0.5897990739663975,-0.32825,-33.0
2026-04-07,NQ=F,NASDAQ 100 FUTURES,25027.75,23344.62,24817.19,22544.89,25191.89,21969.17,27235.47,-7.9846004793228085,-15.126477397343788,-1.3854021343286287,-185.6800000000003,-1335.0375593220317,-590.1493472687545,-2079.925771375309,-0.00217233,-0.0028905684067796595,-0.020156983271493893,0.014375846457934575,-0.02550826,-0.004261406114864866,-0.031090583107827297,0.022567770878097564,0.00891307,0.02601951858108111,0.01145667216283912,0.0405823649993231,0.0055133,-0.00698364,94.0,2.02,0.021,0.25334693877551023,1.1720972485890124,-0.6654033710379921,37.9,,,,,-0.3375,-34.0
2026-04-07,SMCI,"SUPER MICRO COMPUTER, INC.",22.67,16.96,25.96,16.87,26.52,13.99,34.23,-1.7697160883280776,-1.5064935064935074,1.3317972350230407,-1.509999999999998,-6.346203389830508,0.20368172828665276,-12.89608850794767,-0.14799851,-0.008333835525423718,-0.07930472244866744,0.06263705139782001,-0.10626119,-0.003525805608108096,-0.0774074888153417,0.0703558775991255,-0.20486573,0.020609175878378422,-0.07959801801052911,0.12081636976728595,-0.0032912,-0.00087984,74.4,0.91,-0.9,-0.07680612244897961,0.8762180633941601,-1.0298303082921192,22.8,-0.24973546139412928,0.05026459843046378,-0.3284135377522839,0.4289427346132114,-0.336,-34.0
2026-04-07,TFC,TRUIST FINANCIAL ,47.83,45.16,48.82,41.83,51.48,39.27,56.47,-1.1726190476190472,-1.6438356164383567,1.009345794392524,-0.6600000000000037,-3.0126101694915244,-1.0689469174565451,-4.956273421526504,0.02262203,-0.0028736136271186458,-0.02805532070882798,0.02230809345459069,-0.01219566,-0.003893082601351334,-0.04014672101268737,0.0323605558099847,0.01406959,0.02171389719594588,0.007496519511673912,0.03593127488021785,0.00463972,0.0003483,6.9,-2.21,0.311,0.07307823129251698,1.1991066155646999,-1.052950152979666,53.8,0.8536741299841475,0.13749963035487034,-0.20416013389915572,0.4791593946088964,-0.335,-34.0
2026-04-07,BXP,"BOSTON PROPERTIES, INC.",51.7,49.7,53.2,45.09,54.39,41.83,63.15,-1.6400000000000035,-2.4572490706319723,1.160081053698074,-0.22999999999999687,-3.5523389830508494,-1.1597132045405196,-5.944964761561179,-0.01391847,-0.010363895254237289,-0.033211356538441865,0.012483566029967287,-0.08620828,-0.020353095675675687,-0.05236186593647435,0.011655674585122979,-0.03765408,-0.0026794690540540627,-0.02156832218230614,0.016209384074198013,0.0002247,-0.0009811,8.9,-1.91,-0.257,-0.2723979591836734,0.5433048794478053,-1.088100797815152,58.5,0.5516939277346207,0.0591162735944083,-0.20888413398504813,0.3271166811738647,-0.335,-34.0
2026-04-07,ES=F,E-MINI S&P 500 FUTURES,6807.5,6426.84,6760.52,6221.67,6903.46,6085.35,7259.64,-7.823851203501129,-6.104939558149225,-1.5971822886716485,53.1899999999996,-227.75433898305064,-63.29380380172017,-392.2148741643811,-0.00191786,-0.0031730579661016956,-0.01811109729035209,0.011764981358148697,-0.01709425,-0.003622121554054042,-0.022197976342284688,0.014953733234176605,-0.00750821,0.0109564706756757,-0.0022788336085049626,0.024191774959856364,0.00508277,-0.00670841,92.7,1.97,0.017,0.2334081632653059,1.1348268460691835,-0.6680105195385718,34.3,,,,,-0.3375,-34.0
2026-04-07,EXPE,"EXPEDIA GROUP, INC.",224.3,214.72,238.56,191.11,255.55,180.54,289.2,1.3468972533062018,-1.06208,1.4830895795246788,-20.25999999999999,-21.07518644067798,-6.55181433585833,-35.59855854549763,-0.00490809,0.0043843898644067795,-0.03430408365805715,0.043072863386870705,-0.05355395,-0.0009464522635135342,-0.05112322857327082,0.04923032404624376,0.01677506,0.03826540554054072,0.023949478411595546,0.05258133266948589,-0.00033841,-0.00787518,4.6,-2.45,-0.882,0.19271088435374167,1.066523589164857,-0.6811018204573738,9.3,1.3496427654406764,0.0854685268179212,-0.39695971061547314,0.5678967642513155,-0.3335,-34.0
2026-04-07,HOLX,"HOLOGIC, INC.",76.01,74.11,77.51,35.74,79.75,33.53,81.91,,-10.767379679144401,-7.200000000000011,10.719999999999999,-0.021254237288133797,2.5746365735531493,-2.617145048129417,0.00210725,0.0021460144406779675,-0.018325060747096673,0.02261708962845261,-0.00534327,0.0031571596959459373,-0.028605690897219652,0.03492001028911153,-0.03595768,-0.0376576794594594,-0.04902708177665309,-0.026288277142265712,0.00014302,-0.00056378,97.0,2.43,0.298,0.03949319727891156,0.7955426735261807,-0.7165562789683576,58.5,,1.0739320151261356,-0.6166646525815536,2.7645286828338245,-0.3375,-34.0
2026-04-07,KKR,KKR & CO. INC.,90.75,88.42,96.5,76.76,94.97,69.17,114.33,2.2599118942731296,-3.3151658767772507,1.092678405931418,-1.3199999999999932,-16.47322033898303,-7.554586699871008,-25.39185397809505,0.02243497,-0.014543975016949146,-0.052882961191019394,0.023795011157121106,-0.12328434,-0.03299420381756751,-0.09132077293925825,0.025332365304123215,-0.02389494,0.05074819766891891,0.01905112636314016,0.08244526897469766,0.00044387,-0.01117217,8.9,-1.91,-0.061,-0.2426632653061225,0.7697409351308069,-1.2550674657430518,57.3,0.9913749725895205,0.006370773579323439,-0.23337351190416183,0.24611505906280873,-0.335,-34.0
2026-04-07,BSX,BOSTON SCIENTIFIC ,61.86,57.3,65.61,52.28,68.53,51.6,83.22,-1.459876543209878,-1.4362818590704642,2.0818713450292403,-7.799999999999997,-11.441423728813561,-7.347798021022305,-15.535049436604817,-0.04822497,-0.010626448237288134,-0.03613360611213155,0.014880709637555289,-0.09502845,-0.0163548033108108,-0.045633096417627625,0.012923489796006028,-0.00204376,0.05609859547297318,0.02770913095168449,0.08448805999426187,-0.00203269,-0.01811522,82.3,1.38,-1.43,-0.21566666666666676,0.7794952738370263,-1.2108286071703598,9.7,0.17111965144423613,0.2410680084068985,-0.21724087843611037,0.6993768952499073,-0.32475,-35.0
2026-04-07,DAL,"DELTA AIR LINES, INC.",65.62,63.92,72.14,58.22,73.23,49.76,82.7,3.8475609756097393,1.0283783783783775,1.0769230769230764,-3.539999999999992,-4.510305084745764,-0.48317934256419903,-8.537430826927329,0.03934839,-0.0019911798983050853,-0.04317487660143533,0.03919251680482516,-0.0216078,-0.012965191250000068,-0.07410111095250416,0.048170728452504016,0.00646931,0.015974507939189198,-0.006693342042476881,0.038642357920855276,-0.00351626,-0.00217308,15.1,-1.6,0.616,-0.0021224489795918255,0.9854559517476925,-0.9897008497068761,70.0,0.5527719105688462,0.07178149060568421,-0.33631686033620894,0.4798798415475774,-0.346,-35.0
2026-04-07,NKE,"NIKE, INC.",42.69,40.82,49.08,36.22,52.9,35.65,60.13,-1.0699481865284963,1.5780525502318397,2.4772727272727284,-5.660000000000004,-0.3441694915254234,2.756961184175545,-3.445300167226392,-0.08153337,-0.0072872478305084755,-0.041480551826296536,0.026906056165279583,-0.08420374,-0.013750410878378402,-0.06143323785073238,0.03393241609397558,-0.09392307,-0.06064465415540545,-0.07682802604782485,-0.044461282262986054,-0.00745806,-0.0111141,92.5,1.99,-1.723,-0.327887755102041,0.6802032351840379,-1.3359787453881198,7.7,-0.28548423196160444,0.10887876399529586,-0.3774381294793441,0.5951956574699357,-0.33375,-36.0
2026-04-07,BAC,BANK OF AMERICA ,50.28,47.48,51.16,44.44,53.51,40.77,58.89,-1.5611510791366912,-1.808049535603718,-1.1045296167247385,-0.5499999999999972,-3.5128474576271187,-1.6650598412352522,-5.360635074018985,0.01442734,-0.0013896813559322017,-0.024525912638801273,0.02174654992693687,-0.01640489,-0.0003992522297297277,-0.03075313981391526,0.029954635354455805,0.00865606,0.027809430405405455,0.018028749749379347,0.037590111061431564,0.00294347,-0.00573387,18.8,-1.48,0.698,0.14959183673469392,1.1557207596993242,-0.8565370862299363,66.1,0.6487996445901059,0.1763276435794224,-0.17248658157236527,0.52514186873121,-0.35325,-36.0
2026-04-07,KEY,KEYCORP,20.62,19.67,21.19,18.57,21.8,17.02,24.16,1.073529411764707,-1.7372881355932213,-1.0169491525423735,-0.4800000000000004,-1.454949152542374,-0.6132433726794092,-2.2966549324053385,0.02191681,-0.0009477562033898319,-0.027585116217183805,0.025689603810404145,-0.01283119,-0.003147182398648628,-0.04633864779532964,0.040044282998032386,0.02033532,0.03295075341216227,0.013688395573183531,0.052213111251141,0.00325477,-0.00343126,13.7,-1.68,0.731,0.17826870748299314,1.2722235171081797,-0.9156861021421934,67.3,1.0427339352256704,0.13914200990900596,-0.17402183374943628,0.45230585356744823,-0.35325,-36.0
2026-04-07,CMG,"CHIPOTLE MEXICAN GRILL, INC.",33.06,30.73,33.93,28.62,34.87,25.27,40.27,-1.5348837209302366,-2.4530386740331562,-1.0804438280166437,1.6600000000000037,-2.6328474576271153,0.39788448071613836,-5.663579395970369,-0.00857252,-0.01277945491525423,-0.04822268024592799,0.022663770415419532,-0.05804242,-0.02916610327702704,-0.06455365169645932,0.0062214451424052394,-0.0864366,-0.0059045387162162035,-0.04028336839195503,0.02847429095952262,0.00406368,-0.01751863,38.3,-0.13,-0.625,-0.2765408163265303,0.7401635312643771,-1.2932451639174378,36.1,0.6518834854250022,0.14099738826278504,-0.349101008964006,0.6310957854895761,-0.3615,-37.0
2026-04-07,TMUS,"T-MOBILE US, INC.",200.54,192.7,212.61,182.06,227.47,174.27,256.29,-1.2198581560283668,1.4572510822510834,2.122192615150364,-25.980000000000018,-26.708711864406773,-16.646338679249325,-36.77108504956422,-0.02343698,-0.001990494474576273,-0.024296140509771403,0.020315151560618857,8.1e-05,-0.0064493839527027,-0.033865973107623924,0.020967205202218526,0.03932161,0.06624097081081094,0.04677625810684077,0.08570568351478111,-0.00121465,-0.0017633,34.9,-0.48,-1.308,-0.17683673469387742,0.8372771998468004,-1.1909506692345553,14.9,0.5202684603114665,0.10260468045651734,-0.2175678019701932,0.42277716288322786,-0.3585,-38.0
2026-04-07,BR,"BROADRIDGE FINANCIAL SOLUTIONS, INC.",159.9,149.64,166.24,136.7,175.76,133.55,203.29,-1.8420138888888942,-1.4627994955863832,1.6466793168880454,-7.3700000000000045,-17.06162711864406,-7.9248131524782135,-26.198441084809907,-0.04360345,-0.00737601240677966,-0.02876412662120087,0.01401210180764155,-0.07180788,-0.013769898614864854,-0.04112449874893708,0.013584701519207371,-0.03827289,0.02540293722972976,-0.006768329608160564,0.05757420406762008,0.00131418,-0.00167573,22.0,-1.15,-2.131,-0.37385374149659856,0.5993946574808838,-1.3471021404740808,4.2,0.42250521735756896,0.23141838428401731,-0.15289164023301147,0.6157284088010461,-0.3695,-38.0
2026-04-07,CRL,CHARLES RIVER LABORATORIES,169.54,160.88,185.24,134.8,192.6,123.48,206.97,2.2570579494799436,-1.5065047701647865,-1.2305637189420247,5.579999999999984,2.1002372881355877,14.263667462924776,-10.0631928866536,0.02485556,-0.0028945872542372915,-0.049832587661886155,0.044043413153411565,-0.08537359,-0.017077804628378376,-0.0846798608547667,0.05052425159800994,-0.09837307,-0.0772895087837837,-0.10159392006212173,-0.052985097505445666,0.00549851,-0.00971439,71.0,1.08,-0.277,0.08691836734693878,1.1235325198468913,-0.9496957851530138,35.1,-0.042868826369501734,0.07798631638555523,-0.31500221422664065,0.47097484699775116,-0.36925,-38.0
2026-04-07,CSGP,"COSTAR GROUP, INC.",39.48,37.68,41.14,32.89,43.42,30.89,51.31,-1.1604938271604877,-1.6725888324873066,1.3771827706635635,0.5499999999999972,-4.047491525423727,-0.43180012565005077,-7.663182925197402,-0.03540127,-0.014126441864406784,-0.046550164435245824,0.018297280706432252,-0.12584145,-0.030060066858108078,-0.07705358232259074,0.01693344860637459,-0.09751641,-0.015185396283783787,-0.04798173471674004,0.01761094214917247,0.00012994,0.00069339,29.2,-1.05,-2.038,-0.2654693877551021,0.6930644065870011,-1.2240031820972053,3.0,0.7579941153639538,0.13004160422033315,-0.2940898630096276,0.5541730714502938,-0.3695,-38.0
2026-04-07,MSFT,MICROSOFT ,372.29,348.78,380.47,327.3,393.97,297.58,470.17,-2.638694638694649,-2.075184501845018,1.3101325123812066,-12.189999999999998,-36.00098305084748,-18.76423976511188,-53.23772633658308,-0.02903153,-0.002646412372881358,-0.02509512663698289,0.019802301891220172,-0.04679233,-0.0072179719594594564,-0.032276821772348696,0.017840877853429787,-0.01306736,0.034139220979729684,0.012917551222902817,0.05536089073655655,0.00146698,-0.00475089,38.7,-0.68,-1.601,-0.05124489795918362,1.0041151418094414,-1.1066049377278084,3.8,1.041522744104408,0.23735536739427715,-0.26136609577763653,0.7360768305661909,-0.3695,-38.0
2026-04-07,HLT,HILTON WORLDWIDE HOLDINGS INC.,302.16,296.4,315.33,283.06,329.41,257.96,364.49,2.496389891696739,1.4267015706806265,1.4101809954751112,-18.659999999999968,-23.775220338983026,-14.685996742848014,-32.86444393511804,0.0108698,0.0016339813898305056,-0.021960924229505976,0.025228887009166985,0.01772051,0.006071340608108109,-0.01820517616834033,0.030347857384556545,0.03253324,0.05006712358108119,0.03918881331286802,0.06094543384929436,-0.0009458,-0.00055849,63.5,0.64,-0.1,0.1922619047619047,1.1934114911433393,-0.8088876816195298,33.9,0.35836502132381964,0.12560280582312042,-0.15975929569395966,0.4109649073402005,-0.3865,-39.0
2026-04-07,CNC,CENTENE ,36.31,31.56,36.05,28.26,39.19,21.83,51.66,-3.203252032520337,-2.7951388888888937,1.0600828729281762,4.820000000000004,0.497932203389831,4.6580695795572655,-3.662205172777604,0.00287141,-0.013269980000000002,-0.07071110372227216,0.044171143722272155,-0.08285151,-0.015133122804054091,-0.10189691804485096,0.07163067243674279,-0.15118421,-0.10669692952702724,-0.170685607611592,-0.042708251442462486,0.01123139,-0.0232286,56.0,0.58,-0.902,-0.07547619047619035,0.8823565546784932,-1.0333089356308738,23.6,-0.05846904339062087,0.08546218883683399,-0.37306517523181826,0.5439895529054862,-0.38975,-40.0
2026-04-07,DELL,DELL TECHNOLOGIES INC.,177.69,157.68,187.58,153.66,205.05,121.65,229.97,-1.2735923869944477,1.1385767790262178,-1.0719204284621269,-6.430000000000007,-18.535593220338974,-9.850618065543784,-27.220568375134164,0.0373727,0.003406963457627119,-0.040321039990309226,0.04713496690556347,0.08548308,-0.007387596351351325,-0.07339516694851089,0.05861997424580825,0.01354766,0.07497321317567576,0.04512033507389887,0.10482609127745265,-0.00163966,0.02087408,14.5,-1.57,1.305,0.15583673469387757,1.115798484079853,-0.8041250146920979,86.3,0.24119816361379787,0.07315009489304158,-0.27459048309186485,0.420890672877948,-0.3945,-40.0
2026-04-07,DOW,DOW INC.,41.41,39.71,44.35,38.38,49.09,27.03,50.96,1.516483516483525,2.534653465346542,-1.5057591623036637,1.4899999999999949,0.853050847457627,2.7328594697884787,-1.0267577748732248,0.03847139,-0.00447701671186439,-0.04607931330088098,0.0371252798771522,0.11103234,-0.017448055337837734,-0.08100748505428791,0.046111374378612444,-0.06361248,-0.10236031388513486,-0.13310642530733469,-0.07161420246293504,-0.0017453,-0.00745582,44.2,0.03,1.308,0.0013401360544217835,0.8415462662692003,-0.8388659941603568,90.7,0.18528359720941512,-0.026011070207340205,-0.3176416734094016,0.26561953299472113,-0.46725,-41.0
2026-04-07,VRSK,"VERISK ANALYTICS, INC.",181.0,174.94,191.77,149.63,213.46,151.25,231.38,1.1607594936708836,1.0347465731590693,1.6934453781512604,-7.650000000000006,-16.556338983050853,-3.269243324436726,-29.84343464166498,-0.03458463,-0.01109532742372882,-0.03844465451784865,0.016253999670391005,-0.07099347,-0.037239296351351356,-0.06606667729246318,-0.008411915410239525,-0.04935066,0.00519993425675675,-0.031660924542353475,0.04206079305586698,-0.00185608,-0.00573068,18.1,-1.38,-1.702,-0.3147312925170071,0.6128677105468237,-1.242330295580838,9.3,0.36918517747870205,0.14332376427505636,-0.26266912720422797,0.5493166557543407,-0.41475,-42.0
2026-04-07,ARES,ARES MANAGEMENT CORP,102.24,100.44,112.18,84.2,108.98,77.31,138.39,2.4760479041916277,-2.676557863501479,1.450060168471721,-4.540000000000006,-15.095661016949151,-4.767073872440648,-25.424248161457655,0.00879059,-0.01519073576271186,-0.05410057562726321,0.023719104101839496,-0.16430608,-0.03220468253378376,-0.0871706651568625,0.02276130008929498,-0.04922224,0.02356190256756764,-0.010820448649280098,0.05794425378441538,-0.00153588,-0.01513751,12.3,-1.73,-0.503,-0.23494897959183675,0.8224690785131228,-1.2923670376967962,35.1,0.4158033440978879,-0.05062652482147182,-0.2273578998717758,0.12610485022883217,-0.41625,-42.0
2026-04-07,CBRE,"CBRE GROUP, INC.",138.02,130.42,140.76,110.74,152.05,111.97,172.42,-2.406250000000006,-1.9444048467569504,1.320537428023031,-7.019999999999982,-18.31915254237288,-10.628923542629861,-26.009381542115896,0.00387314,-0.0037842589830508473,-0.033137089024726125,0.02556857105862443,-0.09251502,-0.004768348716216221,-0.05001111673102379,0.040474419298591344,0.03755616,0.06013609000000008,0.04379548056596775,0.0764766994340324,-0.00056823,-0.00161373,33.3,-0.72,0.073,0.08405442176870748,0.9534456628874369,-0.785336819350022,42.3,0.8029340122675974,0.10230377186410736,-0.21507668083474848,0.41968422456296317,-0.41625,-42.0
2026-04-07,COF,CAPITAL ONE FINANCIAL ,181.15,176.05,191.41,162.77,187.93,153.1,227.49,2.050301810865191,-2.710914454277285,1.6520499108734397,-12.98999999999998,-25.070644067796614,-15.63448601298075,-34.50680212261248,0.00775525,-0.003239804644067797,-0.0325264863822315,0.026046877094095904,-0.08047444,-0.0022188218581081086,-0.035386121998582445,0.03094847828236623,0.02668062,0.0580153590878379,0.0435227366499263,0.0725079815257495,-0.00097797,-0.01189505,25.8,-1.34,-0.392,0.09335714285714297,1.189117697372939,-1.002403411658653,32.3,1.0906349503849335,0.05040764017026517,-0.30328894911553433,0.40410422945606467,-0.41625,-42.0
2026-04-07,MDLZ,"MONDELEZ INTERNATIONAL, INC.",57.51,55.71,60.03,54.07,62.8,48.01,67.29,1.5838509316770217,1.5377906976744193,1.0294736842105272,-0.5,-0.8111864406779661,0.894428421170504,-2.516801302526436,0.01315859,-0.001843316169491524,-0.018465171139854946,0.014778538800871899,0.01069123,0.0005101158783783862,-0.01890770300770121,0.01992793476445798,-0.02864439,-0.027745917601351394,-0.03513196749849454,-0.02035986770420825,-0.00067702,0.00807246,24.6,-1.16,-0.194,-0.0659319727891157,0.8082038064489941,-0.9400677520272255,51.0,-0.03761204751260383,0.11204918470802486,-0.1984059950335985,0.42250436444964823,-0.4105,-42.0
2026-04-07,AXON,"AXON ENTERPRISE, INC.",372.87,382.21,431.66,307.38,480.13,319.27,640.46,6.164571428571429,1.6378072988242476,4.992350746268655,-111.15999999999997,-142.6377288135592,-80.07947512943011,-205.19598249768828,-0.0849676,-0.007333217762711862,-0.05930239638343913,0.044635960858015404,-0.10952636,-0.014410701858108114,-0.07157996307862685,0.04275855936241062,0.02655042,0.11738855310810793,0.07579780558301216,0.1589793006332037,-0.01514999,-0.02820256,20.6,-0.9,-2.592,-0.05861224489795929,1.0756306605622212,-1.19285515035814,1.8,0.6921784219577012,0.06867375053175828,-0.40176296201875233,0.539110463082269,-0.42225,-43.0
2026-04-07,FIS,FIDELITY NATIONAL INFORMATION SERVICES,46.21,43.25,47.88,39.89,49.83,37.19,54.94,-2.468750000000001,-1.7458563535911615,-1.0332187857961062,0.39000000000000057,-3.790610169491524,0.07134330775809605,-7.652563646741144,-0.03161565,-0.012377130067796617,-0.041122232428492514,0.016367972292899276,-0.07702214,-0.02570498800675676,-0.051655994954686674,0.0002460189411731539,-0.07653704,-0.011225034493243248,-0.03761712053593076,0.015167051549444263,-0.00020825,-0.00773277,46.2,-0.59,-1.592,-0.349078231292517,0.5485581553341495,-1.2467146179191837,9.7,0.8120698480993249,0.1742328604420347,-0.2866440089489315,0.6351097298330008,-0.422,-43.0
2026-04-07,TDW,TIDEWATER INC.,86.25,80.28,91.3,78.9,101.13,60.79,107.19,1.1425619834710738,2.024489795918368,-1.2158548233046802,1.25,-1.4583728813559331,2.218569808918337,-5.135315571630203,0.03790219,0.006053938745762713,-0.04203138537489387,0.05413926286641929,0.10818976,0.015503714391891885,-0.055457510564555876,0.08646493934833964,-0.02998447,-0.03646987773648635,-0.0512830618081125,-0.0216566936648602,0.00482386,-0.0028669,5.0,-2.35,0.552,0.16314965986394567,1.089782854014463,-0.7634835342865716,58.9,0.6922508723251919,0.10636638614475805,-0.23288804246038067,0.4456208147498968,-0.43275,-44.0
2026-04-07,BTC=F,BITCOIN FUTURES,72185.0,65028.16,70038.22,57417.53,74173.9,55951.87,84782.32,,-7.424943436070212,-1.2886177377410424,2207.320000000007,-18933.776406779645,-10463.760190509278,-27403.792623050012,-0.0204956,-0.011827181898305084,-0.05194827725614095,0.028293913459530785,-0.11079636,-0.02788458236486488,-0.08826634441598699,0.03249717968625723,-0.02542339,0.10667986111486523,0.049543095106414706,0.16381662712331574,0.0028061,-0.00198883,10.7,-1.77,0.411,-0.10823469387755104,0.7743760564193549,-0.990845444174457,72.2,,,,,-0.42825,-44.0
2026-04-07,SBLK,STAR BULK CARRIERS CORP.,23.72,22.55,24.93,21.22,27.18,18.69,30.72,2.166666666666673,1.3840000000000003,1.3916500994035792,-0.5199999999999996,-0.568271186440678,0.3418140646775947,-1.4783564375589506,0.02617184,0.004374851050847456,-0.02624199099479223,0.03499169309648714,0.04323606,0.001654216216216193,-0.045103235318641244,0.048411667751073625,-2.457e-05,-0.014382057871621603,-0.02764509227583789,-0.001119023467405316,0.00616063,-0.00099478,12.5,-1.7,-0.029,0.3940408163265308,1.3110092625852579,-0.5229276299321961,33.5,-0.009078802946280384,0.29063026918795865,-0.3613016584645692,0.9425621968404865,-0.51775,-45.0
2026-04-07,HLX,"HELIX ENERGY SOLUTIONS GROUP, INC.",9.86,9.22,10.44,9.3,11.52,7.47,11.87,-1.259999999999998,2.9642857142857215,-1.1890547263681592,-0.21000000000000085,-0.2773898305084748,0.2130684106199493,-0.7678480716368989,0.02586112,0.0016969090508474644,-0.041361088518985976,0.0447549066206809,0.11670165,-0.005577050337837833,-0.06870389576005118,0.057549795084375514,-0.02002982,-0.03621283898648644,-0.0649281176145376,-0.007497560358435289,0.0015654,-0.00940858,24.2,-1.04,0.785,0.0931904761904762,0.8161848547611701,-0.6298039023802178,83.1,0.46624821398488825,0.0983422735773496,-0.3498739685569055,0.5465585157116047,-0.43975,-45.0
2026-04-07,IT,"GARTNER, INC.",148.67,146.57,163.9,117.33,174.42,109.39,187.79,3.0527522935779925,-1.2170873786407763,-1.0040899795501017,7.539999999999992,-16.2164745762712,12.397923833841332,-44.83087298638373,-0.02641489,-0.025794677423728804,-0.07385793298867133,0.022268578141213725,-0.15815319,-0.06860303395270272,-0.12911241344372285,-0.008093654461682594,-0.17039473,-0.05101560729729732,-0.12118704246924833,0.01915582787465369,-0.00522028,-0.00129479,56.7,0.5,-0.893,-0.5716224489795926,0.5431754513930313,-1.6864203493522165,37.9,0.5594051267601639,0.1487421958582243,-0.2294242729530665,0.5269086646695151,-0.439,-45.0
2026-04-07,MPC,MARATHON PETROLEUM ,245.42,232.21,256.65,229.64,282.27,183.96,298.76,-1.265426052889322,2.3352344740177435,-1.1522309711286085,-8.25,-9.781694915254244,-1.472253200717283,-18.091136629791205,0.02034662,0.005096544576271188,-0.0270019058010668,0.03719499495360917,0.09072531,0.0074966616554053974,-0.031187042599232932,0.04618036591004373,0.00293412,0.016099946959459474,0.006087261091349846,0.0261126328275691,-0.00046671,-0.00301019,15.3,-1.42,1.247,0.4173401360544217,1.5735831989228575,-0.7389029268140139,72.8,-0.37191575719411374,0.08468315817711992,-0.23900471021155179,0.4083710265657916,-0.45475,-46.0
2026-04-07,NTAP,"NETAPP, INC.",97.61,97.56,107.82,91.76,109.84,80.78,123.34,5.160000000000001,2.0905982905982934,1.5288175876411174,-7.469999999999999,-9.606983050847456,-3.1736539608673793,-16.04031214082753,-0.00115142,-0.00603262566101695,-0.03736593999375222,0.02530068867171832,-0.00907675,-0.011688768986486483,-0.04791802513532374,0.02454048716235077,-0.01660171,0.029982989256756843,0.0125692671017122,0.04739671141180149,-0.01169558,-0.00071903,50.0,-0.1,-0.371,-0.028122448979591905,0.952662619291121,-1.0089075172503048,30.8,0.14131581567788132,0.13878175099438012,-0.23632374214567814,0.5138872441344384,-0.4615,-47.0
2026-04-07,NOW,"SERVICENOW, INC.",100.55,95.08,106.29,84.7,112.7,77.21,135.84,-1.291262135922327,-1.3045267489711923,1.5119965724078834,-1.8700000000000045,-14.66450847457627,-2.534776702198698,-26.79424024695384,-0.04904287,-0.01304696986440678,-0.04862010621620464,0.02252616648739108,-0.0875863,-0.03249765847972972,-0.07336444930668902,0.00836913234722958,-0.08711655,0.0047315830405404635,-0.04677043077063658,0.056233596851717506,-0.00041487,0.00081556,3.4,-2.32,-1.767,-0.4945850340136056,0.454012111216696,-1.4431821792439072,9.7,0.8526750796836542,0.14829223686042559,-0.32444942628127116,0.6210339000021223,-0.4945,-50.0
2026-04-07,BRK.B,"BERKSHIRE HATHAWAY INC.,",478.08,466.04,484.38,449.44,501.01,415.25,572.16,-2.023178807947008,-1.249018752725686,1.4973738659875857,-24.610000000000014,-42.666881355932205,-28.251095114382064,-57.08266759748234,-0.01230602,-0.0009410017966101692,-0.015032653981688529,0.013150650388468191,-0.00804403,-0.005697147905405402,-0.02259969562013195,0.011205399809321143,0.02755205,0.051669492601351355,0.03991074109722527,0.06342824410547744,-0.00066014,-0.00032578,6.9,-2.28,-1.398,-0.06005782312925164,0.7518355230183775,-0.8719511692768809,5.0,1.135797339494113,0.32096135863417824,-0.003946697273900568,0.645869414542257,-0.4945,-50.0
2026-04-07,ELV,"ELEVANCE HEALTH, INC.",311.83,286.5,310.35,258.24,328.06,227.8,362.86,-2.5049504950494934,-3.301910043130001,-1.6466784244562007,29.109999999999957,-1.5261694915254203,17.573998792408002,-20.62633777545884,0.0177637,-0.00940598525423729,-0.04231139767955597,0.02349942717108139,-0.06601598,-0.022354493783783798,-0.06035294237663003,0.015643954809062437,-0.08504309,-0.056508013074324376,-0.07403018670404854,-0.038985839444600205,0.00898585,-0.00320424,16.9,-1.72,1.363,-0.0497176870748299,0.8960663035316221,-0.995501677681282,93.8,0.45246313829871787,0.08834235553548177,-0.30656059368516614,0.48324530475612965,-0.521,-53.0
2026-04-07,BX,BLACKSTONE INC,112.73,107.5,121.97,97.13,117.94,86.89,139.47,1.5539568345323735,-2.99424184261037,1.0348297213622288,-4.1499999999999915,-15.015050847457628,-6.629428722905802,-23.400672972009453,0.02346038,-0.010610258813559323,-0.04384490391172765,0.022624386284609006,-0.0980054,-0.025106650202702724,-0.07586487428156954,0.025651573876164097,-0.01757731,0.03517848908783787,0.011288105907674283,0.059068872268001456,-0.00056633,-0.00740915,7.3,-1.93,0.146,-0.2733741496598638,0.8398586006949686,-1.3866069000146963,58.1,0.5240896437973157,0.03310505285750904,-0.19845904291258482,0.2646691486276029,-0.54125,-55.0
2026-04-07,STZ,"CONSTELLATION BRANDS, INC.",153.83,147.0,156.24,141.88,163.53,122.86,174.27,-1.9177215189873447,-1.231958762886601,-1.5151663405088072,9.450000000000017,0.812542372881357,7.680573904535613,-6.0554891587728985,0.00410598,-0.00505635410169492,-0.02996189032308892,0.019849182119699084,0.01184839,-0.014357060743243211,-0.050990870602768676,0.022276749116282257,-0.07321853,-0.05570478391891887,-0.07450488625682786,-0.03690468158100989,-0.00359134,-0.00956656,26.0,-1.12,0.605,-0.2168027210884353,0.8179366165151851,-1.2515420586920558,76.0,1.3006116581907285,0.25589257504116264,-0.1386967046329911,0.6504818547153164,-0.5595,-57.0
2026-04-07,QCOM,QUALCOMM INC.,124.07,119.8,131.97,110.58,130.59,103.0,160.84,1.2771535580524358,-2.0690184049079714,1.7451352634076898,-7.939999999999998,-15.804237288135592,-8.071788167754319,-23.536686408516864,-0.01869324,-0.005155164983050852,-0.03459236418269275,0.024282034216591045,-0.09287802,-0.012479857601351358,-0.06785363911941983,0.04289392391671712,-0.01778473,0.036327995608108156,0.01653383338785599,0.05612215782836032,-0.00197215,-0.01426848,21.0,-1.37,-1.913,-0.150265306122449,0.7245484435454023,-1.0250790557903002,3.0,1.5139517307240071,0.14025353167284782,-0.2508019040381316,0.5313089673838272,-0.57575,-59.0
2026-04-07,TTD,"THE TRADE DESK, INC.",20.7,19.86,23.47,17.07,24.7,13.85,34.76,1.9922480620155054,1.1019283746556476,2.052554744525547,-0.08000000000000185,-4.717796610169487,6.076679658630005,-15.512272878968979,-0.06673096,-0.030688002542372864,-0.10280905614037532,0.0414330510556296,-0.12260126,-0.06702857219594593,-0.14109069334558655,0.0070335489536946655,-0.18088954,-0.0660977614527027,-0.11621609749318297,-0.01597942541222243,-0.00466425,-0.01471815,3.4,-2.66,-2.172,-0.515568027210884,0.674529037892103,-1.705665092313871,6.2,0.9623416051753635,0.4527179259477208,-0.10117769114761094,1.0066135430430525,-0.606,-62.0
2026-04-07,KMB,KIMBERLY-CLARK ,93.05,92.97,98.66,86.24,103.06,80.75,116.22,5.071428571428621,1.469897209985316,1.8837398373983745,-3.760000000000005,-4.954542372881363,-0.3118174248657777,-9.597267320896949,-0.0170724,-0.004840259966101694,-0.02516438748349136,0.015483867551287972,-0.03181182,-0.013340390405405422,-0.038383932861819035,0.011703152051008192,-0.03908381,-0.0067704277702702745,-0.021968200483513254,0.008427344942972707,-0.00491091,-0.00112612,43.5,-0.31,-1.583,-0.2888843537414968,0.7574604919324103,-1.3352291994154037,8.5,0.483620388044234,0.17366421606883792,-0.1754690683761846,0.5227975005138604,-0.621,-63.0
2026-04-07,ZBRA,ZEBRA TECHNOLOGIES ,212.51,195.33,218.66,182.48,231.98,162.8,259.91,-2.190476190476184,-1.5423728813559323,-1.0487341772151886,7.389999999999986,-13.2795593220339,6.148699537733986,-32.707818181801784,0.00148922,-0.012612386203389832,-0.05176763970225827,0.026542867295478608,-0.00954708,-0.03101525405405409,-0.09017187936645298,0.0281413712583448,-0.06098411,-0.030397920236486475,-0.04619753638793508,-0.014598304085037872,-0.00057749,-0.00209363,38.1,-0.86,-0.091,-0.327860544217687,0.6637455017761742,-1.319466590211548,61.3,0.8397612089839346,0.09184702877051143,-0.32103001498298883,0.5047240725240116,-0.675,-69.0
