Date,Ticker,Ticker_name,Category,Close,lt_pt_sm,change_pct,Ivol,rvol,prem_disc,model_score,Spread_Quad,rating,day_rr_ratio,week_rr_ratio,month_rr_ratio,day_pr_low,day_pr_high,week_pr_low,week_pr_high,month_pr_low,month_pr_high,day_dn,day_up,week_dn,week_up,month_dn,month_up
2026-04-30,A,"AGILENT TECHNOLOGIES, INC.",Health Care,115.55,119.75,0.0363,0.3682,0.33018976,0.11511635006488397,3.0,2,Neutral,-1.55515370705244,-1.1015992474129805,1.1387614678899083,106.95,121.08,103.84,126.18,98.11,135.41,-0.07442665512765034,0.04785807009952392,-0.10134141064474245,0.09199480744266553,-0.15093033318909566,0.17187364777152747
2026-04-30,AAPL,APPLE INC.,Information Technology,271.35,276.39,0.0186,0.3187,0.23541895,0.3537567812616613,-12.0,2,Neutral,1.2671480144404297,1.5410132689987899,-1.4049412473636647,263.04,281.88,254.77,296.9,224.72,304.54,-0.030624654505251536,0.03880597014925358,-0.06110189791781839,0.0941588354523677,-0.17184448129721774,0.12231435415515013
2026-04-30,ABBV,ABBVIE INC.,Health Care,211.32,221.85,0.0498,0.2984,0.27828012,0.0723008168891115,12.0,2,Neutral,-22.64210526315748,-3.4341825902335392,1.3500647668393784,189.81,212.27,178.97,220.74,180.44,253.01,-0.10178875638841567,0.004495551769827744,-0.1530853681620291,0.04457694491766051,-0.14612909331819035,0.19728374029907259
2026-04-30,ABNB,"AIRBNB, INC.",Consumer Discretionary,140.36,133.18,-0.0512,0.4404,0.28223288,0.5604135138329736,-50.0,1,Sell,1.5016722408026693,1.4202266782911903,-2.188196721311477,134.38,149.34,128.89,156.65,106.99,155.61,-0.042604730692505144,0.06397834140780834,-0.0817184383015106,0.11605870618409786,-0.23774579652322614,0.10864918780279287
2026-04-30,ABT,ABBOTT LABORATORIES,Health Care,90.79,101.5,0.118,0.2526,0.29774227,-0.15161525436075973,-0.0,4,Neutral,-1.0464037122969878,1.2989864864864857,6.710144927536228,86.28,95.1,84.87,98.48,86.65,118.57,-0.049675074347395154,0.04747218856702262,-0.06520541909901978,0.08470095825531443,-0.04559973565370634,0.30598083489371053
2026-04-30,ACGL,ARCH CAPITAL GROUP LTD.,Financials,94.46,100.33,0.0621,0.2575,0.26024668,-0.010554140402482703,-13.0,4,Neutral,-1.0223214285714273,2.3772321428571495,1.5623742454728375,89.88,98.94,89.98,105.11,84.52,109.99,-0.04848613169595595,0.0474274825322889,-0.04742748253228868,0.1127461359305526,-0.10522972686851573,0.16440821511751014
2026-04-30,ACN,ACCENTURE PUBLIC LIMITED COMPANY,Information Technology,178.71,188.92,0.0571,0.5041,0.41834091,0.2049980959308999,14.0,2,Neutral,-1.7078891257995754,-1.638783269961978,2.0426356589147274,162.69,188.09,152.85,194.49,152.91,231.41,-0.08964243746852452,0.052487269878574105,-0.14470370992110126,0.08829947960382745,-0.144367970454927,0.29489116445638186
2026-04-30,ADBE,ADOBE INC.,Information Technology,246.1,233.88,-0.0497,0.4894,0.4565191,0.07202524494593976,-22.0,2,Neutral,-1.6660377358490572,-1.4816103379721648,-1.1593560429304717,228.44,256.7,216.29,266.22,196.41,288.96,-0.07175944737911422,0.043071921982933636,-0.12112962210483547,0.08175538399024807,-0.2019097927671678,0.17415684681023968
2026-04-30,ADI,"ANALOG DEVICES, INC.",Information Technology,402.26,389.88,-0.0308,0.457,0.37948011,0.2042791913389086,-17.0,2,Neutral,-1.0168107588856878,1.224331320103537,-2.925288710817817,381.09,423.08,355.9,459.02,278.14,444.69,-0.05262765375627709,0.05175756973101975,-0.1152488440312236,0.14110276935315458,-0.3085566548998161,0.10547904340476322
2026-04-30,ADM,ARCHER-DANIELS-MIDLAND COMPANY.,Consumer Staples,74.54,75.56,0.0137,0.3892,0.28102641,0.3849232177146624,33.0,1,Buy,-1.984000000000003,-3.7871485943775207,-1.7425742574257437,69.58,77.04,65.11,77.03,60.46,82.62,-0.06654145425275027,0.03353903944191039,-0.126509256774886,0.033404883284142706,-0.1888918701368394,0.10839817547625441
2026-04-30,ADP,"AUTOMATIC DATA PROCESSING, INC.",Industrials,211.94,204.88,-0.0333,0.3422,0.37360654,-0.08406314300600837,-41.0,4,Sell,-2.225235849056607,-4.137323943661967,-1.487500000000001,193.07,220.42,176.69,220.46,171.48,239.14,-0.08903463244314436,0.040011323959611156,-0.16632065678965746,0.0402000566197982,-0.19090308577899406,0.12833820892705483
2026-04-30,ADSK,"AUTODESK, INC.",Information Technology,237.0,248.03,0.0465,0.4869,0.43231047,0.1262739021796071,20.0,2,Neutral,-1.1327014218009464,-1.150700492237787,1.179368029739777,220.27,251.77,206.61,263.41,193.96,287.76,-0.070590717299578,0.062320675105485224,-0.12822784810126575,0.11143459915611831,-0.18160337552742611,0.21417721518987332
2026-04-30,AEE,AMEREN ,Utilities,113.65,121.42,0.0684,0.2484,0.18317595,0.3560732181271613,30.0,2,Buy,-4.989010989011015,-1.2303120356612205,1.1046277665995952,109.11,114.56,105.37,120.38,103.71,124.63,-0.03994720633523985,0.008007039155301321,-0.07285525736911569,0.05921689397272312,-0.0874615046194458,0.09661240651121861
2026-04-30,AEP,"AMERICAN ELECTRIC POWER COMPANY, INC.",Utilities,137.11,146.15,0.0659,0.267,0.16657121,0.6029180552869853,16.0,2,Neutral,-2.282926829268315,-1.0871905274488716,-1.0891238670694892,132.43,139.16,127.01,146.4,122.69,150.35,-0.0341331777405004,0.014951498796586637,-0.07366348187586613,0.06775581649770257,-0.10517103055940491,0.09656480198380857
2026-04-30,AES,THE AES ,Utilities,14.45,14.58,0.009,0.6596,0.04949672,12.326135549992,6.0,1,Neutral,1.9090909090909267,1.433070866141733,-1.1076923076923082,14.34,14.66,13.18,16.27,12.29,16.4,-0.00761245674740485,0.01453287197231834,-0.0878892733564014,0.12595155709342554,-0.14948096885813156,0.134948096885813
2026-04-30,AFL,AFLAC INC.,Financials,113.67,120.88,0.0634,0.2322,0.16819041,0.38057811976318967,-53.0,2,Sell,1.4240362811791396,1.4110344827586212,1.1380231522707032,109.26,119.95,106.42,123.9,102.44,126.45,-0.03879651623119551,0.05524764669657789,-0.06378112078824671,0.08999736078120879,-0.09879475675200144,0.11243072050673009
2026-04-30,AIG,"AMERICAN INTERNATIONAL GROUP, INC.",Financials,74.8,78.97,0.0557,0.2728,0.17534981,0.5557473372796924,-26.0,1,Sell,-2.277227722772279,1.6195426195426201,1.6793997271487047,70.2,76.82,69.99,82.59,67.47,87.11,-0.06149732620320847,0.02700534759358275,-0.06430481283422462,0.10414438502673806,-0.09799465240641714,0.16457219251336896
2026-04-30,AIZ,"ASSURANT, INC.",Financials,236.27,232.07,-0.0178,0.291,0.15750687,0.8475384597509936,-43.0,1,Sell,-1.2361331220285274,-1.569085173501578,-1.8309671694764873,228.47,242.58,211.4,252.12,195.0,258.81,-0.03301307825792532,0.02670673382147548,-0.10526093029161554,0.06708426799847622,-0.17467304355186863,0.09539933127354305
2026-04-30,AJG,ARTHUR J. GALLAGHER & CO.,Financials,206.4,223.83,0.0844,0.4046,0.24080041,0.6802296972833228,-26.0,1,Sell,1.7596281540504646,1.1974842767295601,1.7225394692643596,198.87,219.65,182.55,234.96,176.63,257.68,-0.03648255813953494,0.06419573643410859,-0.11555232558139528,0.13837209302325593,-0.14423449612403105,0.24844961240310082
2026-04-30,AKAM,"AKAMAI TECHNOLOGIES, INC.",Information Technology,102.98,117.58,0.1418,0.6484,0.76996126,-0.15787970942849772,36.0,4,Buy,-8.368181818181812,-1.9910358565737076,1.4771744353676113,84.57,105.18,82.99,113.02,82.17,133.72,-0.17877257719945627,0.021363371528452246,-0.1941153622062537,0.09749465915711775,-0.2020780734123131,0.2985045639930084
2026-04-30,ALB,ALBEMARLE ,Materials,196.7,207.36,0.0542,0.7494,0.8047423,-0.0687702137690539,-15.0,4,Neutral,-1.056915949702183,1.1936188811188815,-1.1212400811957925,180.73,211.81,173.82,224.01,135.94,250.89,-0.08118962887646164,0.07681748856126092,-0.11631926792069136,0.13884087442806314,-0.30889679715302487,0.27549567869852565
2026-04-30,ALGN,"ALIGN TECHNOLOGY, INC.",Health Care,176.01,177.27,0.0072,0.5064,0.38675064,0.3093708131937416,5.0,1,Neutral,1.7771966527196659,2.84962406015038,1.0157908361377173,166.45,193.0,162.71,213.91,137.38,215.25,-0.05431509573319704,0.09652860632918592,-0.07556388841543082,0.21532867450713034,-0.21947616612692455,0.22294187830236933
2026-04-30,ALL,THE ALLSTATE ,Financials,217.26,220.44,0.0146,0.2486,0.21549644,0.153615345107325,-54.0,2,Sell,-2.2608695652173796,1.4551214361140445,-1.6340310600945298,207.9,221.4,207.79,231.04,193.06,232.07,-0.04308202154101071,0.01905550952775492,-0.04358832734971918,0.06342630949093264,-0.11138727791586112,0.06816717297247532
2026-04-30,ALLE,ALLEGION PUBLIC LIMITED COMPANY,Industrials,137.48,152.2,0.1071,0.2648,0.35525561,-0.25462120077428196,-2.0,4,Neutral,1.5883361921097847,1.5447909754479106,3.4180407371484045,131.65,146.74,122.41,160.76,127.17,172.72,-0.04240616816991549,0.06735525167297074,-0.109615944137329,0.16933372126854818,-0.07499272621472208,0.25632819319173716
2026-04-30,AMAT,"APPLIED MATERIALS, INC.",Information Technology,394.49,425.84,0.0795,0.5825,0.46324989,0.257420697930441,-11.0,1,Neutral,-1.0862605602489994,1.5436848203939737,-1.1571526040482145,370.06,416.98,351.34,461.1,292.73,482.43,-0.06192805901290277,0.05701031711830473,-0.10938173337727197,0.16885092144287572,-0.25795330680118633,0.22292073309843086
2026-04-30,AMCR,AMCOR PLC,Materials,38.04,41.81,0.0991,0.4056,0.41602323,-0.025054442272370192,-24.0,3,Neutral,1.0529411764705903,1.6250000000000009,2.7516198704103663,36.34,39.83,33.88,44.8,33.41,50.78,-0.044689800210304886,0.04705573080967396,-0.10935856992639315,0.17770767613038907,-0.12171398527865407,0.33491062039957953
2026-04-30,AMD,"ADVANCED MICRO DEVICES, INC.",Information Technology,354.49,303.27,-0.1445,0.6457,0.61678813,0.046874880682285625,-39.0,2,Sell,1.1197816313423257,-1.2775305895439373,-18.476377952755964,323.35,389.36,262.61,426.41,166.77,364.65,-0.08784450901294816,0.09836666760698476,-0.2591892578069903,0.20288301503568507,-0.5295494936387486,0.028660893114051067
2026-04-30,AME,"AMETEK, INC.",Industrials,235.5,233.71,-0.0076,0.3182,0.29440862,0.0808107452832052,-70.0,2,Sell,-1.7936046511627923,1.0018315018315023,-1.4406548431105055,223.16,242.38,208.2,262.85,193.26,264.82,-0.052399150743099754,0.02921443736730356,-0.11592356687898098,0.11613588110403406,-0.1793630573248408,0.12450106157112528
2026-04-30,AMGN,AMGEN INC.,Health Care,346.25,374.69,0.0821,0.3255,0.21313114,0.527228728753574,-2.0,2,Neutral,-2.7305194805194684,1.019644180874721,2.21198022681012,329.43,352.41,319.27,373.76,311.86,422.32,-0.04857761732851984,0.01779061371841162,-0.07792057761732862,0.0794512635379061,-0.09932129963898917,0.21969675090252716
2026-04-30,AMP,"AMERIPRISE FINANCIAL, INC.",Financials,474.79,463.48,-0.0238,0.309,0.26813631,0.15239894216490124,-54.0,2,Sell,1.880066170388743,-1.5070198675496722,-1.6980189184365517,462.7,497.52,417.9,512.54,379.65,530.82,-0.02546388929842669,0.04787379683649595,-0.11982139472187714,0.07950883548516163,-0.2003833273657829,0.11801006760883759
2026-04-30,AMT,AMERICAN TOWER ,Real Estate,182.71,181.39,-0.0072,0.2896,0.26002444,0.11374146214871184,-35.0,2,Sell,-4.977578475336343,-1.8001833180568305,-1.4088647670737235,171.61,184.94,163.07,193.62,151.56,204.82,-0.06075201138416064,0.01220513381861954,-0.10749274807071318,0.059712112090197556,-0.17048875266816266,0.12101143889223342
2026-04-30,AMZN,"AMAZON.COM, INC.",Consumer Discretionary,265.06,247.29,-0.067,0.3361,0.27483535,0.2229140101518965,-53.0,1,Sell,1.8717391304347817,1.0163934426229506,-5.467148488830498,255.86,282.28,228.46,302.26,181.85,280.28,-0.034709122462838526,0.06496642269674768,-0.1380819437108579,0.14034558213234738,-0.31392892175356524,0.05742096129178287
2026-04-30,ANET,"ARISTA NETWORKS, INC.",Information Technology,172.71,170.4,-0.0134,0.6577,0.45155038,0.4565373635606287,-77.0,1,Sell,1.3681541582150063,1.276781992496873,-2.341903171953257,162.85,186.2,148.72,203.34,102.57,202.66,-0.057089919518267696,0.07810781078107798,-0.13890336402061265,0.1773493138787563,-0.4061142956400904,0.1734120780499102
2026-04-30,AON,AON PLC,Financials,311.65,339.04,0.0879,0.3961,0.30098067,0.31603135842577523,22.0,1,Neutral,2.608187134502939,2.0415189873417745,2.304450571090984,303.1,333.95,291.9,351.97,286.26,370.16,-0.02743462217230852,0.07155462858976414,-0.0633723728541633,0.12937590245467678,-0.08146959730466863,0.18774266003529627
2026-04-30,AOS,A. O. SMITH ,Industrials,61.84,68.1,0.1012,0.2916,0.30680661,-0.04956415378403989,13.0,3,Neutral,2.0046082949308714,1.3825503355704687,3.021069692058346,59.67,66.19,55.88,70.08,55.67,80.48,-0.03509055627425617,0.07034282018111249,-0.09637774902975427,0.1332470892626132,-0.09977360931435963,0.3014230271668823
2026-04-30,APA,APA ,Energy,40.73,44.21,0.0854,0.5354,0.56792639,-0.057272193320687226,40.0,4,Buy,-4.56976744186043,-1.0599001663893497,-1.0029133284777854,36.8,41.59,34.36,46.74,26.96,54.46,-0.09648907439233978,0.02111465750061403,-0.15639577706849983,0.14755708323103378,-0.3380800392830836,0.3370979621900321
2026-04-30,APD,"AIR PRODUCTS AND CHEMICALS, INC.",Materials,300.05,307.94,0.0263,0.2907,0.15218891,0.9101260400642859,25.0,1,Neutral,1.7627627627627576,1.969230769230768,-1.4458321231484168,293.39,311.79,288.35,323.09,250.27,334.48,-0.02219630061656397,0.0391268121979671,-0.038993501083152804,0.07678720213297763,-0.1659056823862689,0.11474754207632065
2026-04-30,APH,AMPHENOL ,Information Technology,147.27,156.72,0.0642,0.4931,0.32491943,0.517606995678898,-41.0,1,Sell,1.8483146067415714,1.215541690300621,-1.2437457741717386,140.15,160.43,129.64,168.7,110.48,176.85,-0.04834657431927758,0.0893596795002376,-0.11971209343382916,0.1455150404019825,-0.24981326814694105,0.2008555713994702
2026-04-30,APO,"APOLLO GLOBAL MANAGEMENT, INC.",Financials,128.72,120.29,-0.0655,0.473,0.4202776,0.12544660957424325,-35.0,2,Sell,-1.5131578947368431,-1.5521428571428575,-3.361652377240838,117.22,136.32,106.99,142.72,85.59,141.55,-0.08934120571783721,0.05904288377874445,-0.16881603480422624,0.1087632069608453,-0.33506836544437535,0.09967371037911765
2026-04-30,APP,APPLOVIN CORP,Information Technology,446.35,591.92,0.3261,0.8786,0.59848482,0.4680405762004123,-13.0,1,Neutral,1.4605986560781912,1.0136618998978542,2.225116148106434,413.61,494.17,368.03,525.74,304.29,762.45,-0.07335050968970536,0.10713565587543417,-0.17546768231208698,0.17786490422314327,-0.3182704155931444,0.7081886412008513
2026-04-30,APTV,APTIV PLC,Consumer Discretionary,60.26,64.83,0.0758,0.47,0.47404455,-0.008532004006796434,13.0,3,Neutral,-2.5279999999999974,-2.244444444444443,1.5423076923076924,57.1,61.51,52.18,63.86,49.86,76.3,-0.05243942914039157,0.020743445071357502,-0.13408562894125453,0.0597411218055095,-0.17258546299369393,0.2661798871556589
2026-04-30,ARE,"ALEXANDRIA REAL ESTATE EQUITIES, INC.",Real Estate,40.51,43.62,0.0768,0.467,0.58645194,-0.20368581268569075,-34.0,4,Sell,2.0680272108843574,3.9734513274336334,2.1704095112285335,37.57,46.59,38.25,49.49,32.94,56.94,-0.07257467292026654,0.15008639842014326,-0.055788694149592644,0.2216736608244878,-0.18686744013823753,0.40557886941495935
2026-04-30,ARES,ARES MANAGEMENT CORP,Financials,117.4,112.43,-0.0423,0.5431,0.53612975,0.013001050585236262,-28.0,2,Sell,-2.128930817610064,-2.2425695110258883,-1.458015267175573,103.86,123.76,94.01,127.83,77.29,144.91,-0.11533219761499158,0.05417376490630321,-0.19923339011925045,0.08884156729131165,-0.34165247018739353,0.23432708688245296
2026-04-30,ASC,ARDMORE SHIPPING ,MR Discretion,17.72,16.95,-0.0435,0.5336,0.33952397,0.5716121604021063,-20.0,1,Neutral,-1.2025316455696153,-1.4588235294117615,-1.8954248366013053,16.77,18.51,15.24,19.42,11.92,20.78,-0.05361173814898412,0.04458239277652387,-0.1399548532731376,0.09593679458239301,-0.327313769751693,0.1726862302483072
2026-04-30,ATO,ATMOS ENERGY ,Utilities,189.98,205.88,0.0837,0.2265,0.19855834,0.14072267123103477,30.0,2,Buy,-4.8423913043478155,-1.247093023255809,1.39653929343908,181.07,191.82,177.11,200.3,176.11,209.35,-0.04689967364985781,0.009685230024213176,-0.06774397304979463,0.05432150752710818,-0.07300768501947563,0.10195810085272128
2026-04-30,AVB,"AVALONBAY COMMUNITIES, INC.",Real Estate,183.0,172.52,-0.0573,0.2112,0.23567294,-0.10384280859737227,-27.0,4,Sell,1.1287386215864772,-1.9883720930232538,-3.119546247818497,175.31,191.68,160.77,194.18,147.25,194.46,-0.04202185792349722,0.0474316939890711,-0.12147540983606553,0.061092896174863354,-0.19535519125683065,0.06262295081967229
2026-04-30,AVGO,BROADCOM INC.,Information Technology,417.43,418.19,0.0018,0.5142,0.40729225,0.26248412534242904,-43.0,1,Sell,1.2898948331047084,1.2381266490765173,-2.1388579387186626,395.56,445.64,356.79,492.51,263.86,489.23,-0.05239201782334768,0.06758019308626584,-0.14526986560620936,0.17986249191481196,-0.3678940181587331,0.17200488704692996
2026-04-30,AVY,AVERY DENNISON ,Materials,163.93,171.03,0.0433,0.2856,0.26977139,0.058674161111005985,-8.0,1,Neutral,1.654292343387469,1.4570337364735821,1.9923484402589744,159.62,171.06,148.22,186.82,146.94,197.78,-0.02629170987616669,0.043494174342707304,-0.09583358750686277,0.13963277008479213,-0.10364179832855491,0.2064905752455315
2026-04-30,AWK,"AMERICAN WATER WORKS COMPANY, INC.",Utilities,128.42,142.06,0.1062,0.2713,0.23526021,0.15319118349847605,61.0,2,Buy,3.689393939393962,2.1262553802008686,2.9098265895953803,125.78,138.16,121.45,143.24,119.77,153.59,-0.020557545553651968,0.07584488397445899,-0.054275035041270736,0.11540258526709257,-0.06735710948450391,0.19599750817629658
2026-04-30,AXON,"AXON ENTERPRISE, INC.",Industrials,401.76,458.6,0.1415,0.8432,0.65433134,0.2886437626539482,-3.0,1,Neutral,1.0834902699309468,-1.6724477024852487,2.5521848647464678,369.9,436.28,308.22,457.69,310.45,634.8,-0.07930107526881724,0.0859219434488252,-0.23282556750298677,0.1392124651533253,-0.22727499004380725,0.580047789725209
2026-04-30,AXP,AMERICAN EXPRESS COMPANY,Financials,323.05,332.59,0.0295,0.3102,0.27435912,0.13063491383118575,-28.0,2,Sell,-1.743993371996688,-1.152054794520548,-1.3658478416408306,302.0,335.12,289.41,352.25,265.78,364.98,-0.06516019192075528,0.03736263736263723,-0.10413248723107871,0.09038848475468186,-0.17727905896919993,0.1297941495124595
2026-04-30,AZO,"AUTOZONE, INC.",Consumer Discretionary,3704.03,3677.32,-0.0072,0.3824,0.28977327,0.3196524303294088,-49.0,2,Sell,-13.557773744706811,-2.9309998325238746,-1.3712548849326975,3479.92,3720.56,3354.01,3823.45,3072.43,4164.63,-0.06050436956504135,0.00446270683552763,-0.09449707480770941,0.03224055960669858,-0.1705169774542864,0.12435104467296432
2026-04-30,BA,THE BOEING COMPANY,Industrials,229.03,218.64,-0.0454,0.3132,0.34811208,-0.10028976874344608,-73.0,3,Sell,1.3462500000000013,-1.2465501379944794,-1.8084786530366799,221.03,239.8,201.93,250.77,168.88,262.29,-0.03492992184429988,0.0470244072828887,-0.11832511024756576,0.09492206261188496,-0.26262934986682973,0.14522115006767677
2026-04-30,BAC,BANK OF AMERICA ,Financials,53.46,53.0,-0.0086,0.2362,0.18212823,0.2968884614977041,-40.0,1,Sell,-1.55555555555556,1.079295154185022,-1.915044247787611,50.94,55.08,48.92,58.36,42.64,59.11,-0.047138047138047146,0.030303030303030276,-0.08492330714552931,0.09165731387953602,-0.20239431350542458,0.10568649457538348
2026-04-30,BALL,BALL ,Materials,61.08,63.61,0.0414,0.3601,0.26905703,0.3383779639580502,4.0,1,Neutral,1.0077519379844972,1.720812182741118,1.3163265306122447,58.5,63.68,55.17,71.25,52.26,72.69,-0.04223968565815317,0.04256712508185978,-0.0967583497053045,0.16650294695481338,-0.1444007858546169,0.19007858546168954
2026-04-30,BAX,BAXTER INTERNATIONAL INC.,Health Care,17.58,16.37,-0.0688,0.546,0.3725112,0.4657277418772914,-62.0,1,Sell,1.3360655737704952,1.1485507246376827,-1.2465373961218822,16.36,19.21,14.82,20.75,13.08,21.19,-0.06939704209328779,0.0927189988623438,-0.15699658703071662,0.18031854379977252,-0.2559726962457337,0.20534698521046657
2026-04-30,BBY,"BEST BUY CO., INC.",Consumer Discretionary,60.49,62.06,0.026,0.4183,0.32361772,0.2925744610029388,47.0,2,Buy,-2.282608695652177,1.6279999999999988,1.4040948275862062,55.24,62.79,55.49,68.63,51.21,73.52,-0.0867912051578773,0.03802281368821281,-0.08265829062654984,0.13456769714002292,-0.15341378740287648,0.21540750537278885
2026-04-30,BDX,"BECTON, DICKINSON AND COMPANY",Health Care,149.04,156.23,0.0482,0.3698,0.20266984,0.8246424825716547,31.0,2,Buy,-1.7010989010988926,1.5416997617156467,2.1256090958310785,141.3,153.59,136.45,168.45,130.57,188.3,-0.05193236714975835,0.030528717122920046,-0.08447396672034357,0.13023349436392917,-0.12392646269457863,0.2634192163177671
2026-04-30,BEN,"FRANKLIN RESOURCES, INC.",Financials,29.97,26.8,-0.1058,0.322,0.33679356,-0.043924711624533375,-23.0,4,Neutral,-1.2745098039215672,-2.1485943775100376,-5.088541666666662,28.02,31.5,24.62,32.46,20.2,31.89,-0.06506506506506504,0.05105105105105112,-0.17851184517851182,0.0830830830830831,-0.32599265932599264,0.06406406406406417
2026-04-30,BF.B,BROWN-FORMAN ,Consumer Staples,25.77,27.14,0.0532,0.4489,0.62456664,-0.2812616440737211,2.0,4,Neutral,1.5562913907284799,3.123404255319152,1.2583479789103689,24.26,28.12,23.42,33.11,20.08,32.93,-0.058595265812960706,0.09119130772215756,-0.09119130772215744,0.28482731858750476,-0.22079937912301129,0.27784245246410566
2026-04-30,BG,BUNGE LIMITED,Consumer Staples,127.07,133.26,0.0487,0.3396,0.26523128,0.2803919658344973,24.0,1,Neutral,-1.2260397830018057,-1.333754740834387,-1.0349179638199404,120.29,132.6,116.52,134.98,102.47,150.84,-0.05335641772251509,0.04351932005980963,-0.08302510427323517,0.06224915400960107,-0.1935940820020461,0.1870622491540097
2026-04-30,BIIB,BIOGEN INC.,Health Care,189.28,188.3,-0.0052,0.3751,0.39364017,-0.04709928359191595,18.0,4,Neutral,-1.0736253494874204,1.1349036402569583,-1.4596317280453253,177.76,200.01,170.6,210.48,148.06,217.52,-0.06086221470836861,0.05668850380388846,-0.09868977176669491,0.11200338123415032,-0.21777261200338127,0.1491969568892646
2026-04-30,BK,THE BANK OF NEW YORK MELLON ,Financials,134.37,141.8,0.0553,0.2813,0.18428716,0.5264221338046557,-34.0,1,Sell,1.4121338912133887,1.5361380798273996,-1.8323651452282181,129.59,141.12,125.1,148.61,112.29,146.42,-0.03557341668527203,0.050234427327528364,-0.06898861352980579,0.10597603631763053,-0.164322393391382,0.08967775545136547
2026-04-30,BKNG,BOOKING HOLDINGS INC.,Consumer Discretionary,168.36,182.62,0.0847,0.4049,0.43427891,-0.06764986584312838,-43.0,4,Sell,2.228855721393028,2.1189817376867706,1.623422159887797,160.32,186.28,150.29,206.65,139.84,214.66,-0.04775481111903079,0.10643858398669503,-0.1073295319553339,0.2274293181278213,-0.1693989071038252,0.27500593965312414
2026-04-30,BKR,BAKER HUGHES COMPANY,Energy,69.67,73.34,0.0527,0.392,0.35066788,0.11786685452913459,-38.0,1,Sell,1.316176470588237,-1.60289855072464,-1.6799224054316195,65.59,75.04,58.61,76.57,52.35,79.98,-0.05856179130185157,0.077077651786996,-0.15874838524472512,0.09903832352519015,-0.24860054542844845,0.1479833500789436
2026-04-30,BLDR,"BUILDERS FIRSTSOURCE, INC.",Industrials,79.09,81.91,0.0357,0.6137,0.49166526,0.24820696097177986,-7.0,2,Neutral,,2.842578710644676,1.927450980392156,79.85,93.22,72.42,98.05,63.79,108.58,0.009609305854090255,0.17865722594512579,-0.08433430269313447,0.2397268934125678,-0.193450499431028,0.3728663547856872
2026-04-30,BLK,"BLACKROCK, INC.",Financials,1065.6,1048.69,-0.0159,0.305,0.27150171,0.12338150651058499,-43.0,1,Sell,-1.1780481061653252,-1.5273677335075073,-1.8828441295546523,1022.99,1101.77,948.68,1142.15,842.37,1184.16,-0.03998686186186173,0.03394331831831843,-0.10972222222222217,0.0718374624624627,-0.2094876126126125,0.11126126126126135
2026-04-30,BMY,BRISTOL-MYERS SQUIBB COMPANY,Health Care,60.59,63.36,0.0457,0.259,0.31206108,-0.17003427662302517,7.0,4,Neutral,-22.833333333333407,-1.3467336683417137,1.1527347781217747,56.48,60.77,55.23,64.57,50.9,71.76,-0.06783297573857083,0.0029707872586235418,-0.08846344281234542,0.06568740716289789,-0.1599273807559004,0.18435385377124947
2026-04-30,BR,"BROADRIDGE FINANCIAL SOLUTIONS, INC.",Industrials,153.98,163.16,0.0596,0.3711,0.31642657,0.17278394162664656,4.0,2,Neutral,1.797564687975649,1.0320937340804903,2.1769868356899087,147.41,165.79,134.35,174.24,133.47,198.63,-0.04266787894531754,0.07669827250292238,-0.1274840888427068,0.1315755292895182,-0.13319911676841145,0.28997272373035465
2026-04-30,BRK.B,"BERKSHIRE HATHAWAY INC.,",Financials,473.6,499.52,0.0547,0.2053,0.10396215,0.9747571592161186,-15.0,1,Neutral,-1.0667293233082742,-1.0487408610885478,1.8504859919954255,462.25,484.24,447.78,498.22,438.62,538.33,-0.02396537162162171,0.02246621621621614,-0.05451858108108121,0.051984797297297325,-0.0738597972972973,0.13667652027027022
2026-04-30,BRO,"BROWN & BROWN, INC.",Financials,60.15,67.17,0.1167,0.3668,0.33176134,0.10561405376527588,-18.0,2,Neutral,3.0810810810810763,3.766666666666668,2.9704049844236753,58.3,65.85,57.15,71.45,53.73,79.22,-0.03075644222776397,0.09476309226932655,-0.04987531172069826,0.18786367414796357,-0.1067331670822943,0.317040731504572
2026-04-30,BSX,BOSTON SCIENTIFIC ,Health Care,57.61,66.26,0.1501,0.3404,0.48704578,-0.30109239423037404,-42.0,4,Sell,1.2493150684931518,1.4392405063291147,3.385459533607683,53.96,62.17,49.71,68.98,50.32,82.29,-0.06335705606665509,0.07915292483943759,-0.1371289706648151,0.19736156917201875,-0.12654053115778507,0.4283978475959036
2026-04-30,BTC=F,BITCOIN FUTURES,Futures,76665.0,73072.28,-0.0469,0.0,0.29209094,,-51.0,,,2.19395093572467,-1.5030793309075543,-1.6842270882967558,75420.51,79395.35,65284.51,84236.45,55951.87,88963.3,-0.01623283114850327,0.03561403508771943,-0.14844440096523837,0.09876019043892259,-0.2701771342855279,0.16041609600208706
2026-04-30,BTI,BRITISH AMERICAN TOBACCO P.L.C.,MR Discretion,58.8,64.91,0.1039,0.2789,0.27291454,0.02193162738782628,30.0,2,Buy,-2.4695652173912888,-2.4641148325358806,1.8683760683760713,55.96,59.95,53.65,60.89,52.95,69.73,-0.048299319727891143,0.019557823129251695,-0.0875850340136054,0.03554421768707483,-0.09948979591836726,0.1858843537414967
2026-04-30,BTU,PEABODY ENERGY ,MR Discretion,26.66,35.62,0.3361,0.6738,0.50949233,0.32249292153230225,24.0,1,Neutral,-1.2176870748299324,-1.2342857142857144,5.822102425876009,24.87,28.13,22.34,30.16,22.95,48.26,-0.06714178544636151,0.05513878469617395,-0.16204051012753184,0.13128282070517638,-0.1391597899474869,0.8102025506376593
2026-04-30,BX,BLACKSTONE INC,Financials,125.58,124.98,-0.0048,0.4362,0.42707189,0.021373708300024052,-28.0,2,Sell,-2.0305958132045108,-1.4606569900687563,-1.8087868197703434,112.97,131.79,106.46,138.67,89.35,145.61,-0.10041407867494823,0.0494505494505495,-0.15225354355789145,0.10423634336677812,-0.2885013537187451,0.1594999203694858
2026-04-30,BXP,"BOSTON PROPERTIES, INC.",Real Estate,58.46,54.71,-0.0641,0.3787,0.24364195,0.5543300322460889,-9.0,1,Neutral,1.8680203045685289,-1.3634812286689442,-2.234195402298851,56.49,62.14,50.47,64.32,42.91,65.42,-0.03369825521724257,0.0629490249743414,-0.1366746493328772,0.10023947998631533,-0.2659938419432091,0.11905576462538492
2026-04-30,C,CITIGROUP INC.,Financials,127.98,132.98,0.0391,0.3198,0.26570751,0.2035790783632725,-36.0,1,Sell,2.105113636363625,2.1572327044025137,-1.625266524520256,124.46,135.39,120.03,145.13,97.49,146.74,-0.02750429754649175,0.057899671823722354,-0.062119081106422946,0.1340053133302077,-0.23824035005469613,0.14658540396937014
2026-04-30,CAG,"CONAGRA BRANDS, INC.",Consumer Staples,14.35,14.9,0.0383,0.2872,0.27629581,0.039465636485765065,18.0,1,Neutral,-3.0,-1.3333333333333337,2.539325842696631,13.33,14.69,12.43,15.79,12.57,18.87,-0.07108013937282232,0.02369337979094066,-0.13379790940766545,0.10034843205574906,-0.12404181184668983,0.31498257839721266
2026-04-30,CAH,"CARDINAL HEALTH, INC.",Health Care,192.88,234.29,0.2147,0.3121,0.26880304,0.16107317833905443,-13.0,2,Neutral,1.852071005917163,1.7755227552275537,5.749146757679181,184.43,208.53,176.62,221.75,181.16,260.26,-0.043809622563251716,0.08113853172957275,-0.08430111986727495,0.14967855661551233,-0.060763168809622514,0.34933637494815417
2026-04-30,CALM,"CAL-MAINE FOODS, INC.",MR Discretion,77.26,88.12,0.1406,0.3436,0.38387735,-0.10492244462977562,-21.0,4,Neutral,-1.8041237113402082,-1.3354943273906008,2.5423892100192655,73.76,79.2,69.02,83.43,66.88,103.65,-0.04530157908361376,0.025110018120631628,-0.10665286047113653,0.0798602122702563,-0.134351540253689,0.3415739062904479
2026-04-30,CANE,TEUCRIUM:SUGAR,Commodities,9.81,10.02,0.0214,0.3217,0.28504266,0.12860299577614098,42.0,2,Buy,-1.9642857142857213,-1.4895833333333344,-1.000000000000001,9.26,10.09,8.38,10.77,8.19,11.43,-0.05606523955147813,0.028542303771661448,-0.14576962283384298,0.09785932721712531,-0.1651376146788992,0.16513761467889898
2026-04-30,CARR,CARRIER GLOBAL ,Industrials,67.17,63.82,-0.0499,0.4147,0.55359171,-0.2508919615143803,-36.0,4,Sell,-3.9200000000000017,-1.6495327102803738,-2.4905913978494634,59.33,69.17,56.58,73.59,48.64,74.61,-0.11671877326187285,0.029775197260681896,-0.1576596694953104,0.09557838320678869,-0.27586720262021736,0.11076373380973648
2026-04-30,CASY,"CASEY'S GENERAL STORES, INC.",Consumer Staples,822.15,871.68,0.0602,0.3545,0.27035874,0.3112207876098254,-20.0,1,Neutral,-2.6799826313504167,-1.4788612342311633,-2.5883846397968906,760.43,845.18,735.4,880.81,659.03,885.17,-0.07507145897950496,0.02801191996594299,-0.1055160250562549,0.07134951042997018,-0.19840661679742144,0.07665267895152961
2026-04-30,CAT,CATERPILLAR INC.,Industrials,890.11,883.65,-0.0073,0.3915,0.45348707,-0.13668982888530867,-17.0,4,Neutral,-72.94871794872051,-1.8789625360230546,-3.0072783677365487,804.76,891.28,746.67,966.45,638.07,973.92,-0.09588702519913272,0.0013144442821673152,-0.16114862208041714,0.08576468076979249,-0.28315601442518334,0.09415690195593807
2026-04-30,CB,CHUBB LTD,Financials,327.0,345.86,0.0577,0.2221,0.1757943,0.26340842678061804,13.0,2,Neutral,-1.0601684717208182,1.8224573780129345,1.7657284768211912,318.19,335.31,309.99,358.0,302.84,369.66,-0.02694189602446484,0.02541284403669719,-0.05201834862385313,0.09480122324159024,-0.0738837920489297,0.13045871559633038
2026-04-30,CBOE,"CBOE GLOBAL MARKETS, INC.",Financials,300.09,321.17,0.0702,0.2917,0.24645173,0.1835989140753851,-8.0,1,Neutral,3.123893805309748,1.6956779159265878,1.1748057713651519,295.57,314.21,283.2,328.73,264.05,342.43,-0.015062148022259914,0.04705255090139637,-0.05628311506548034,0.09543803525608996,-0.12009730414209063,0.14109100603152402
2026-04-30,CBRE,"CBRE GROUP, INC.",Real Estate,142.73,153.45,0.0751,0.3392,0.27918497,0.21496511792880546,-28.0,2,Sell,2.483173076923082,1.184653262207633,1.28342644320298,138.57,153.06,118.36,171.6,115.88,177.19,-0.02914593988649894,0.07237441322777283,-0.1707419603447068,0.20227002031808317,-0.18811742450781188,0.2414348770405661
2026-04-30,CCI,CROWN CASTLE INC.,Real Estate,88.78,86.49,-0.0258,0.3093,0.33704755,-0.08232532768744338,-60.0,4,Sell,-34.999999999999666,-2.090604026845641,-2.0519911504424795,82.83,88.95,76.32,94.74,70.23,97.82,-0.06701959900878585,0.0019148456859652274,-0.14034692498310442,0.06713223699031312,-0.20894345573327322,0.10182473530074332
2026-04-30,CCJ,CAMECO ,MR Discretion,123.04,134.74,0.0951,0.6267,0.55619513,0.12676283231749985,-16.0,2,Neutral,-2.411637931034485,-1.3228593872741554,1.2159428911362278,111.85,127.68,106.2,135.77,89.42,163.92,-0.0909460338101431,0.03771131339401812,-0.13686605981794542,0.10346228868660612,-0.27324447334200264,0.3322496749024706
2026-04-30,CCL,CARNIVAL CORP,Consumer Discretionary,26.51,29.39,0.1086,0.5403,0.62613821,-0.13709147378180297,-53.0,3,Sell,-1.2926829268292714,1.1689373297002716,1.5959595959595956,24.92,27.74,22.84,30.8,20.57,35.99,-0.05997736703130896,0.04639758581667275,-0.13843832516031696,0.1618257261410787,-0.22406639004149376,0.35760090531874766
2026-04-30,CDNS,"CADENCE DESIGN SYSTEMS, INC.",Information Technology,329.59,312.01,-0.0533,0.4501,0.52641456,-0.1449704582639203,-57.0,4,Sell,1.3361220472440967,-1.2145822522055,-2.9518072289156616,309.27,356.74,282.78,368.13,234.04,361.96,-0.061652355957401594,0.08237507205922512,-0.14202494007706545,0.11693315937983573,-0.2899056403410297,0.09821293121757346
2026-04-30,CDW,CDW ,Information Technology,136.91,124.9,-0.0877,0.5294,0.31668056,0.6717161293386622,-30.0,2,Sell,-1.148965517241377,1.5986185725249433,-4.346059113300489,128.58,144.16,123.88,157.74,101.62,145.03,-0.060842889489445495,0.05295449565407928,-0.09517201081002125,0.1521437440654445,-0.2577605726389598,0.05930903513256891
2026-04-30,CEG,CONSTELLATION ENERGY,Utilities,313.0,319.75,0.0216,0.5894,0.45955113,0.2825558714217504,-31.0,1,Sell,-1.0872256612267874,-1.8058902275769741,1.0135194548252362,293.68,330.77,259.04,342.88,222.02,405.21,-0.06172523961661336,0.05677316293929713,-0.1723961661341853,0.09546325878594253,-0.29067092651757187,0.29460063897763566
2026-04-30,CF,"CF INDUSTRIES HOLDINGS, INC.",Materials,124.2,147.8,0.19,0.5927,0.57100605,0.03799250463283177,34.0,1,Buy,1.159527326440179,1.7370266479663385,1.5258377701221413,117.43,132.05,109.94,148.97,92.27,172.92,-0.054508856682769724,0.06320450885668283,-0.11481481481481481,0.19943639291465365,-0.25708534621578105,0.392270531400966
2026-04-30,CFG,"CITIZENS FINANCIAL GROUP, INC.",Financials,65.05,68.22,0.0487,0.2764,0.20189199,0.3690488661783957,-41.0,1,Sell,-1.0052083333333324,1.070739549839228,-1.35201793721973,63.12,66.97,58.83,71.71,52.99,73.97,-0.02966948501152955,0.029515757109915386,-0.09561875480399695,0.1023827824750192,-0.18539584934665632,0.1371252882398155
2026-04-30,CHD,"CHURCH & DWIGHT CO., INC.",Consumer Staples,97.06,98.75,0.0174,0.2819,0.21314702,0.32256130064591093,-48.0,2,Sell,-1.0551948051948057,-1.4102990033222615,1.104029304029303,93.81,100.14,88.57,103.08,83.41,112.13,-0.0334844426128168,0.03173294869153098,-0.0874716670100969,0.06202349062435597,-0.14063465897383065,0.15526478466927673
2026-04-30,CHRW,"C.H. ROBINSON WORLDWIDE, INC.",Industrials,181.81,208.16,0.1449,0.3865,0.39067164,-0.010678123449145094,-11.0,4,Neutral,5.1498771498771605,-1.2424242424242424,1.548251295336788,177.74,202.77,157.62,201.28,150.93,229.62,-0.022386007370331584,0.11528518783345265,-0.1330509872944282,0.10708981904185677,-0.1698476431439414,0.26296683350750794
2026-04-30,CHTR,"CHARTER COMMUNICATIONS, INC.",Communication Services,165.17,240.54,0.4563,0.5017,1.02766802,-0.5118073247039447,0.0,4,Neutral,-1.0373158756137475,4.143925233644865,9.250377073906492,133.48,195.72,143.77,253.85,151.91,287.83,-0.191862929103348,0.184960949324938,-0.1295634800508566,0.5369013743415876,-0.08028092268571774,0.7426288066840225
2026-04-30,CI,THE CIGNA GROUP,Health Care,290.58,269.75,-0.0717,0.3137,0.24056229,0.3040281583618112,-26.0,1,Sell,-1.7072625698324013,-1.4702648675662155,-2.967758985200842,275.3,299.53,261.16,310.59,234.43,309.5,-0.05258448620001366,0.03080046802945824,-0.10124578429348186,0.06886227544910173,-0.1932342212127468,0.06511115699635228
2026-04-30,CIEN,CIENA CORPORATION,Information Technology,527.58,620.14,0.1754,0.9227,0.72475066,0.27312750567208854,-18.0,1,Neutral,-15.755506607929648,1.1284589694656486,-1.3690205011389525,456.05,532.12,443.74,622.19,311.22,685.62,-0.13558133363660496,0.008605329997346312,-0.1589142878805111,0.17932825353500892,-0.41009894234049815,0.29955646537018077
2026-04-30,CINF,CINCINNATI FINANCIAL ,Financials,163.6,175.66,0.0737,0.2326,0.16949212,0.37233518584816805,-12.0,1,Neutral,1.300155520995335,1.9631901840490784,1.3648648648648676,157.17,171.96,155.45,179.6,148.8,183.8,-0.03930317848410758,0.05110024449877759,-0.049816625916870416,0.097799511002445,-0.09046454767726153,0.12347188264058695
2026-04-30,CL,COLGATE-PALMOLIVE COMPANY,Consumer Staples,85.36,88.32,0.0347,0.2598,0.24084803,0.07868849913366516,-18.0,2,Neutral,-1.2032520325203258,-1.2388059701492529,1.742919389978215,82.4,87.82,77.06,92.06,76.18,101.36,-0.03467666354264287,0.02881911902530443,-0.09723523898781627,0.07849109653233377,-0.1075445173383317,0.1874414245548266
2026-04-30,CLX,THE CLOROX COMPANY,Consumer Staples,96.44,102.08,0.0585,0.3949,0.3208873,0.2306501379144641,8.0,2,Neutral,-2.601092896174861,1.1097560975609755,2.832610581092801,91.68,98.27,86.6,107.36,84.91,129.1,-0.04935711323102443,0.018975528826213228,-0.10203235172127756,0.11323102447117384,-0.11955620074657825,0.33865615927001236
2026-04-30,CMBT,CMB.TECH NV,MR Discretion,13.77,13.07,-0.0508,0.5316,0.3283007,0.619247232796031,-29.0,1,Sell,-4.199999999999977,-1.7628865979381423,-1.2292993630573243,12.93,13.97,12.06,14.74,9.91,16.91,-0.061002178649237515,0.014524328249818419,-0.1241830065359476,0.07044299201161941,-0.280319535221496,0.22803195352214956
2026-04-30,CMCSA,COMCAST ,Communication Services,27.04,29.17,0.0788,0.2577,0.58188009,-0.5571252489494871,38.0,4,Buy,1.610778443113775,3.512820512820518,2.5631067961165055,25.37,29.73,25.48,32.52,23.95,34.96,-0.06176035502958577,0.09948224852071008,-0.0576923076923076,0.20266272189349133,-0.11427514792899407,0.2928994082840237
2026-04-30,CME,CME GROUP INC.,Financials,287.82,322.57,0.1207,0.2535,0.21322639,0.18887723044037852,63.0,1,Buy,-5.917322834645611,-1.1651287032540054,3.645469893078227,272.79,290.36,263.83,308.41,270.05,352.6,-0.0522201375859912,0.008824960044472308,-0.0833507053019249,0.0715377666597179,-0.06173997637412265,0.22507122507122523
2026-04-30,CMG,"CHIPOTLE MEXICAN GRILL, INC.",Consumer Discretionary,33.99,32.47,-0.0447,0.3998,0.27516872,0.45292677161851835,-46.0,1,Sell,-1.5838509316770197,-1.0073710073710076,-1.1330472103004303,31.44,35.6,29.89,38.06,26.07,40.98,-0.07502206531332745,0.04736687260959105,-0.12062371285672258,0.11974110032362462,-0.23300970873786409,0.2056487202118269
2026-04-30,CMI,CUMMINS INC.,Industrials,671.01,663.57,-0.0111,0.4289,0.35303318,0.2148999705919994,-43.0,1,Sell,-1.7577054794520515,-1.6116768499660574,-2.534236267870579,629.95,694.37,576.05,729.93,468.93,750.75,-0.061191338430127584,0.03481319205376976,-0.14151801016378296,0.08780793132740183,-0.3011579559171994,0.1188357848616266
2026-04-30,CMRE,COSTAMARE INC.,MR Discretion,16.62,18.28,0.0999,0.4054,0.31990308,0.267258821015415,7.0,1,Neutral,-1.2500000000000047,-1.0647482014388487,1.6968641114982563,15.67,17.38,15.14,18.01,13.75,21.49,-0.057160048134777486,0.04572803850782181,-0.08904933814681104,0.08363417569193743,-0.17268351383874858,0.29302045728038495
2026-04-30,CMS,CMS ENERGY ,Utilities,76.74,82.63,0.0768,0.2012,0.19077984,0.05461876894330131,5.0,2,Neutral,-5.499999999999917,-1.030947775628626,1.62996389891697,73.44,77.34,71.41,81.91,71.2,85.77,-0.04300234558248628,0.00781860828772496,-0.06945530362262187,0.06737034141256193,-0.0721918165233254,0.11767005473025804
2026-04-30,CNC,CENTENE ,Health Care,53.69,38.61,-0.2809,0.4246,0.5773241,-0.2645378912815176,-27.0,4,Sell,-1.6904761904761878,-5.534482758620682,-3.1857429718875494,45.88,58.31,34.43,57.17,21.96,63.65,-0.14546470478673856,0.0860495436766624,-0.3587260197429689,0.06481653939281062,-0.5909852859005401,0.18550940584838882
2026-04-30,CNP,"CENTERPOINT ENERGY, INC.",Utilities,43.65,47.11,0.0793,0.1988,0.1878113,0.058509259027545335,30.0,2,Buy,-7.318181818181853,-1.1038461538461524,1.5059523809523818,42.04,43.87,40.78,46.25,40.29,48.71,-0.03688430698739975,0.0050400916380297645,-0.06575028636884306,0.0595647193585338,-0.07697594501718208,0.11592210767468503
2026-04-30,CNR,"CORE NATURAL RESOURCES, INC.",MR Discretion,89.74,107.61,0.1991,0.5751,0.48096584,0.19571901405721448,39.0,1,Buy,-1.4444444444444424,-1.149166666666666,2.3478766724840026,84.28,93.52,75.95,101.74,72.55,130.1,-0.060842433697347875,0.04212168486739465,-0.15366614664586575,0.13371963449966562,-0.19155337642077108,0.44974370403387565
2026-04-30,COF,CAPITAL ONE FINANCIAL ,Financials,191.3,204.88,0.071,0.3654,0.32504642,0.12414712950845597,-35.0,2,Sell,1.3909415971394479,1.6053872053872011,1.269101978691019,182.91,202.97,176.45,215.14,158.45,232.99,-0.0438578149503398,0.06100365917407213,-0.07762676424464199,0.12462101411395698,-0.17171981181390494,0.21792995295347617
2026-04-30,COHR,COHERENT CORP.,Information Technology,319.71,373.48,0.1682,0.9522,0.64898163,0.46722180718736217,-36.0,1,Sell,-1.126797769298503,2.5105278338621324,1.0141666666666673,281.32,353.78,285.04,406.75,199.71,441.41,-0.12007757029808264,0.10656532482562331,-0.10844202558568694,0.2722467235932564,-0.3753401520127615,0.38065747083294244
2026-04-30,COIN,"COINBASE GLOBAL, INC.",Financials,187.77,195.32,0.0402,0.785,0.59145241,0.3272411891939031,-31.0,1,Sell,1.7723279648609067,1.4264194669756654,1.2744107744107744,174.11,211.98,153.25,237.01,122.43,271.04,-0.07274857538477919,0.1289343345582361,-0.1838419342813017,0.26223571390530953,-0.3479789103690686,0.4434680726420621
2026-04-30,COMT,ISHARES:GSCI COMM DYN RS,Commodities,36.15,37.01,0.0238,0.2083,0.34627064,-0.3984474109615531,-13.0,3,Neutral,-1.4732142857142785,-1.1264044943820213,-2.182989690721648,34.5,37.27,32.14,39.71,27.68,40.03,-0.0456431535269709,0.030982019363762214,-0.1109266943291839,0.09847856154910106,-0.23430152143845084,0.10733056708160449
2026-04-30,COO,"THE COOPER COMPANIES, INC.",Health Care,62.9,66.99,0.065,0.4464,0.25126171,0.7766336144094537,-26.0,2,Sell,-1.8202764976958552,1.3260273972602745,3.3727544910179654,58.95,65.07,55.6,72.58,56.22,85.43,-0.06279809220985688,0.0344992050874402,-0.11605723370429244,0.15389507154213034,-0.10620031796502383,0.3581875993640702
2026-04-30,COP,CONOCOPHILLIPS,Energy,125.78,132.06,0.0499,0.3264,0.38662364,-0.15576812633598913,16.0,4,Neutral,-1.5762376237623743,-1.1455938697318,1.0182952182952187,117.82,130.83,110.83,138.83,101.73,150.27,-0.06328510096994755,0.0401494673238989,-0.11885832405787888,0.10375258387661002,-0.1912068691365877,0.19470504054698679
2026-04-30,COR,"CENCORA, INC.",Health Care,308.01,346.94,0.1264,0.3415,0.20763856,0.6446848793403308,17.0,1,Neutral,-1.2197265624999998,-1.1045865184155639,3.919773478055687,295.52,318.25,276.22,336.79,286.82,391.07,-0.040550631473004195,0.03324567384175836,-0.10321093470991194,0.09343852472322345,-0.0687964676471543,0.26966656926723154
2026-04-30,CORN,TEUCRIUM:CORN,Commodities,18.69,18.59,-0.0054,0.2535,0.12907562,0.9639649997420117,-6.0,1,Neutral,1.3157894736842017,-1.0700000000000003,-1.2870370370370374,18.31,19.19,17.62,19.69,15.91,20.85,-0.02033172819689688,0.026752273943285276,-0.057249866238630265,0.05350454788657033,-0.14874264312466567,0.115569823434992
2026-04-30,COST,COSTCO WHOLESALE ,Consumer Staples,1014.53,1052.51,0.0374,0.2497,0.19398649,0.2872030418200773,-23.0,2,Neutral,-2.223758099352044,-1.5739863085834636,-1.059409849008192,963.05,1037.68,954.75,1052.51,907.18,1115.86,-0.0507427084462756,0.022818447951268084,-0.05892383665342571,0.03743605413344109,-0.10581254373946558,0.09987876159403863
2026-04-30,CPAY,"FLEETCOR TECHNOLOGIES, INC.",Financials,306.47,323.0,0.0539,0.4845,0.30728285,0.5767232046956086,-7.0,2,Neutral,1.5742120343839483,2.051538746755652,1.2340116279069755,289.02,333.94,279.5,361.8,251.43,374.39,-0.056938688941821525,0.08963356935425959,-0.08800208829575495,0.18053969393415326,-0.17959343492022062,0.22162038698730702
2026-04-30,CPB,CAMPBELL SOUP COMPANY,Consumer Staples,20.79,20.84,0.0024,0.308,0.26491379,0.162642382640783,-15.0,1,Neutral,-1.904761904761896,-1.7041420118343176,1.5726744186046522,19.59,21.42,17.91,22.48,17.35,26.2,-0.05772005772005773,0.030303030303030498,-0.1385281385281385,0.08128908128908141,-0.1654641654641653,0.26022126022126013
2026-04-30,CPER,UNITED STATES COPPER IDX,Commodities,36.53,39.19,0.0728,0.2567,0.2338315,0.09779905615795981,-35.0,1,Sell,1.0454545454545419,-1.0742049469964667,1.046822742474916,35.21,37.91,33.49,39.36,30.55,42.79,-0.03613468382151652,0.03777716944976728,-0.08321927183137146,0.07747057213249375,-0.1637010676156584,0.17136600054749507
2026-04-30,CPRT,"COPART, INC.",Industrials,33.11,33.5,0.0118,0.4138,0.14336268,1.8863857734802392,-31.0,1,Sell,1.2333333333333347,-1.4347826086956512,1.661835748792271,32.21,34.22,29.48,35.64,28.97,39.99,-0.027182120205376026,0.033524614919963724,-0.10963455149501655,0.07641196013289031,-0.12503775294472974,0.20779220779220786
2026-04-30,CPT,CAMDEN PROPERTY TRUST,Real Estate,105.02,103.25,-0.0169,0.2611,0.25311903,0.03153050167741234,-20.0,2,Neutral,1.0172413793103465,-1.699115044247785,-1.4736328124999976,100.96,109.15,95.42,110.67,89.93,115.26,-0.03865930298990672,0.0393258426966292,-0.09141115977908965,0.05379927632831838,-0.14368691677775647,0.09750523709769587
2026-04-30,CRESY,CRESUD INC.,MR Discretion,11.25,12.77,0.1351,0.4887,0.2621675,0.8640754479483537,9.0,1,Neutral,-1.742857142857143,-1.2307692307692304,1.984615384615385,10.64,11.6,9.81,12.42,9.3,15.12,-0.05422222222222217,0.03111111111111109,-0.128,0.10400000000000009,-0.17333333333333323,0.34399999999999986
2026-04-30,CRH,CRH PUBLIC LIMITED COMPANY,Materials,118.42,117.09,-0.0112,0.3273,0.35697006,-0.08311638236551266,-63.0,3,Sell,-1.9614243323442109,-1.2633962264150953,-1.6931119311193108,111.81,121.79,101.68,131.67,90.89,134.68,-0.05581827394021277,0.028458030738051088,-0.1413612565445026,0.11188988346563078,-0.2324776220233069,0.13730788718121945
2026-04-30,CRL,CHARLES RIVER LABORATORIES,Health Care,166.97,168.66,0.0101,0.5899,0.43592986,0.3531993426648956,-8.0,1,Neutral,-1.1150259067357497,1.0714767363452462,1.0342350969595402,156.21,176.62,137.31,198.75,125.2,210.17,-0.06444271426004666,0.05779481343954007,-0.17763670120380903,0.19033359286099305,-0.25016470024555304,0.2587291130143139
2026-04-30,CRM,"SALESFORCE, INC.",Information Technology,176.53,179.8,0.0185,0.5155,0.47237773,0.09128768623364181,38.0,2,Buy,1.8157589803012741,-1.0728805156172547,1.3358443188951659,167.9,192.2,154.89,196.7,144.67,219.09,-0.0488868747521668,0.08876678185011033,-0.12258539624992926,0.11425819973942097,-0.1804792386563191,0.24109216563756863
2026-04-30,CRWD,"CROWDSTRIKE HOLDINGS, INC.",Information Technology,445.75,440.36,-0.0121,0.5444,0.52138234,0.04414737177327477,-36.0,1,Sell,1.8728593668915416,-1.2003387742531566,-1.485312899106002,426.48,481.84,367.8,510.69,306.19,539.71,-0.04323051037577108,0.080964666292765,-0.17487380818844644,0.14568704430734725,-0.3130902972518228,0.21079080201906897
2026-04-30,CSCO,"CISCO SYSTEMS, INC.",Information Technology,91.5,91.74,0.0026,0.3612,0.24254661,0.4891983029571101,-54.0,1,Sell,-2.2022058823529402,-1.0672478206724771,-3.347826086956519,85.51,94.22,82.93,99.53,71.48,97.48,-0.06546448087431689,0.029726775956284035,-0.09366120218579232,0.08775956284152997,-0.2187978142076502,0.06535519125683065
2026-04-30,CSGP,"COSTAR GROUP, INC.",Real Estate,34.61,37.3,0.0777,0.6353,0.40316488,0.5757820968929634,-9.0,2,Neutral,1.1463414634146334,1.046594982078854,2.8451492537313436,31.74,37.9,29.03,40.45,29.25,49.86,-0.08292401040161801,0.09505923143600103,-0.1612250794568043,0.16873735914475585,-0.15486853510546084,0.4406240970817683
2026-04-30,CSX,CSX ,Industrials,45.43,45.18,-0.0055,0.2379,0.28162964,-0.15527357134710684,-45.0,4,Sell,1.8461538461538467,1.4803149606299206,-2.2066508313539184,44.26,47.59,41.62,51.07,36.14,49.64,-0.02575390710983938,0.047545674664318804,-0.08386528725511777,0.1241470394012767,-0.20449042482940782,0.09267004182258431
2026-04-30,CTAS,CINTAS ,Industrials,174.71,182.77,0.0461,0.2451,0.17117482,0.431869477064442,-31.0,1,Sell,-1.3899521531100556,-1.1592039800995046,1.6954600241060653,168.9,178.89,156.07,190.79,149.82,216.91,-0.033255108465457095,0.02392536202850426,-0.10669108808883299,0.09203823478907891,-0.1424646557151853,0.2415431286131302
2026-04-30,CTRA,COTERRA ENERGY INC.,Energy,35.91,36.89,0.0273,0.4013,0.36030371,0.11378259191391615,19.0,2,Neutral,-2.2302158273381245,-2.309012875536473,-1.5576592082616167,32.81,37.3,30.53,38.24,26.86,41.72,-0.08632692843219147,0.038707880813144024,-0.14981899192425496,0.0648844333054861,-0.2520189362294625,0.16179337231968827
2026-04-30,CTSH,COGNIZANT TECHNOLOGY SOLUTIONS ,Information Technology,52.9,59.43,0.1234,0.3949,0.34931855,0.13048677203085823,20.0,2,Neutral,1.4210526315789482,1.481717011128776,3.8634615384615407,50.05,56.95,46.61,62.22,47.7,72.99,-0.0538752362948961,0.0765595463137998,-0.1189035916824196,0.1761814744801513,-0.09829867674858217,0.37977315689981084
2026-04-30,CTVA,"CORTEVA, INC.",Materials,81.01,87.06,0.0747,0.3638,0.16790467,1.1667056669716214,46.0,1,Buy,-10.675675675675961,1.0264026402640258,1.3168724279835389,77.06,81.38,74.95,87.23,71.29,93.81,-0.048759412418220016,0.004567337365757096,-0.07480557955807932,0.07678064436489329,-0.11998518701394889,0.1580051845451178
2026-04-30,CVNA,CARVANA CO.,Consumer Discretionary,395.8,433.07,0.0942,0.6847,0.49880879,0.37267027712161993,-40.0,1,Sell,3.1133839859731114,1.1320158102766793,-1.5282805429864252,378.69,449.07,332.55,467.4,247.19,493.04,-0.04322890348660946,0.13458817584638694,-0.1598029307731177,0.18089944416371906,-0.37546740778170795,0.24567963617988875
2026-04-30,CVS,CVS HEALTH ,Health Care,83.29,76.78,-0.0782,0.3372,0.35195371,-0.041919461511003786,-57.0,4,Sell,-3.024390243902443,-2.5735660847880375,-2.1420612813370488,78.33,84.93,72.97,87.3,60.22,94.06,-0.059550966502581404,0.0196902389242406,-0.12390443030375808,0.048145035418417415,-0.2769840316964822,0.1293072397646775
2026-04-30,CVX,CHEVRON ,Energy,193.31,214.42,0.1092,0.3395,0.30480643,0.11382164739766165,59.0,2,Buy,-6.7034883720930285,-1.312653562653563,1.6186813186813178,181.78,195.03,171.94,209.59,166.01,237.5,-0.059645129584604994,0.008897625575500445,-0.11054782473746838,0.08421706067973722,-0.14122394082044387,0.22859655475660845
2026-04-30,D,"DOMINION ENERGY, INC.",Utilities,64.5,66.63,0.033,0.2671,0.2112262,0.26452116262092495,-12.0,2,Neutral,-4.09302325581396,-1.6892307692307698,-1.478431372549021,60.98,65.36,59.01,67.75,56.96,69.6,-0.0545736434108528,0.01333333333333342,-0.08511627906976749,0.050387596899224896,-0.11689922480620152,0.07906976744186034
2026-04-30,DAL,"DELTA AIR LINES, INC.",Industrials,67.99,72.38,0.0646,0.4289,0.36574866,0.1726632163190973,34.0,1,Buy,-1.1172413793103408,1.4415384615384639,1.0017441860465122,64.75,70.89,61.49,77.36,50.79,85.22,-0.04765406677452555,0.042653331372260794,-0.09560229445506685,0.13781438446830419,-0.2529783791734078,0.2534196205324313
2026-04-30,DASH,"DOORDASH, INC.",Consumer Discretionary,168.65,176.6,0.0471,0.7078,0.51333396,0.3788294855847838,-44.0,2,Sell,2.061165048543686,1.6712871287128694,1.2054042179261861,158.35,189.88,148.45,202.41,123.13,223.52,-0.061073228579899275,0.12588200415060768,-0.11977468129261792,0.20017788319003849,-0.2699080936851468,0.32534835458049205
2026-04-30,DBA,INVESCO DB MS AGRI,Commodities,28.03,28.35,0.0114,0.2077,0.09554866,1.1737615158600865,-17.0,2,Neutral,-1.0000000000000056,-1.2164179104477633,-1.4474708171206234,27.38,28.68,26.4,29.37,24.31,30.6,-0.02318943988583666,0.02318943988583655,-0.05815198002140576,0.04780592222618618,-0.13271494826971109,0.09168747770246166
2026-04-30,DBB,INVESCO DB MS BMTL,Commodities,24.86,25.63,0.031,0.3151,0.15458596,1.0383481138908088,-41.0,1,Sell,1.436363636363633,1.111111111111111,-1.3660377358490559,24.31,25.65,23.24,26.66,21.24,27.51,-0.02212389380530977,0.03177795655671756,-0.06516492357200321,0.07240547063555924,-0.14561544650040226,0.10659694288012878
2026-04-30,DBC,INVESCO DB CM IDX,Commodities,31.1,31.44,0.0109,0.3292,0.22130651,0.48752967095274324,-20.0,1,Neutral,-1.637681159420299,-1.134545454545455,-2.4280303030303028,29.97,31.79,27.98,33.85,24.69,33.74,-0.03633440514469466,0.022186495176848897,-0.10032154340836019,0.08842443729903526,-0.20610932475884247,0.0848874598070739
2026-04-30,DD,"DUPONT DE NEMOURS, INC.",Materials,45.66,49.49,0.0839,0.4572,0.27035874,0.6910864431458736,25.0,1,Neutral,-1.1055900621117931,1.1677018633540377,1.5351270553064285,43.88,47.27,40.83,51.3,38.97,55.93,-0.03898379325448953,0.035260621988611573,-0.10578186596583439,0.1235216819973719,-0.14651773981603144,0.22492334647393797
2026-04-30,DDOG,"DATADOG, INC.",Information Technology,132.19,131.55,-0.0048,0.7614,0.51882654,0.46754250466832326,-36.0,1,Sell,1.5837366892545999,-1.6606648199445988,-1.6331676136363638,121.86,148.55,108.21,146.63,86.2,160.35,-0.07814509418261595,0.12376125274226513,-0.1814055526136622,0.1092367047431726,-0.3479083137907557,0.21302670398668577
2026-04-30,DE,DEERE & COMPANY,Industrials,589.87,653.74,0.1083,0.3714,0.38636965,-0.038744373425811274,-16.0,4,Neutral,-21.70539419087168,1.1182980049875317,1.7795253074063475,537.56,592.28,525.71,661.62,519.93,714.33,-0.08868055673283959,0.004085645989794218,-0.10876972892332204,0.12163697085798564,-0.11856849814365888,0.2109956431078035
2026-04-30,DECK,DECKERS OUTDOOR ,Consumer Discretionary,102.2,104.76,0.025,0.5671,0.38738562,0.4639159811869116,-47.0,1,Sell,2.7737704918032793,2.063473053892214,1.3542066845946978,99.15,110.66,93.85,119.43,76.17,137.45,-0.0298434442270058,0.0827788649706458,-0.08170254403131127,0.1685909980430529,-0.2546966731898239,0.34491193737769055
2026-04-30,DELL,DELL TECHNOLOGIES INC.,Information Technology,208.95,207.01,-0.0093,0.6317,0.54514647,0.15877114640401135,-40.0,1,Sell,1.8115942028985517,3.3150859325270563,-1.9044556729444178,198.6,227.7,193.24,261.03,126.03,252.49,-0.04953338119167261,0.0897343862167983,-0.07518545106484797,0.24924623115577882,-0.3968413496051687,0.20837520938023468
2026-04-30,DG,DOLLAR GENERAL ,Consumer Staples,115.88,124.26,0.0723,0.4732,0.34974716,0.3529773908671625,22.0,1,Neutral,-1.2042628774422717,1.7777777777777803,2.483996120271582,109.1,121.51,105.62,134.12,95.26,167.1,-0.058508802209181976,0.048584742837418204,-0.0885398688298239,0.1574042112530205,-0.17794269934414908,0.4420089748015188
2026-04-30,DGX,QUEST DIAGNOSTICS INC.,Health Care,194.2,215.35,0.1089,0.2691,0.28378858,-0.051758883320815796,-16.0,4,Neutral,1.1111111111111138,1.9607843137254914,3.370478983382214,183.49,206.1,180.94,220.2,183.97,228.68,-0.05514933058702354,0.06127703398558193,-0.0682801235839341,0.13388259526261592,-0.05267765190525231,0.17754891864057676
2026-04-30,DHI,"D.R. HORTON, INC.",Consumer Discretionary,153.86,153.61,-0.0016,0.3661,0.37763867,-0.0305547893175242,-68.0,4,Sell,3.042145593869715,1.674329501915706,-1.267500845451472,148.64,169.74,138.2,180.08,116.38,183.43,-0.033926946574808436,0.10321071103600676,-0.10178083972442498,0.17041466268035865,-0.24359807617314455,0.1921877031067203
2026-04-30,DHR,DANAHER ,Health Care,178.95,189.5,0.059,0.3081,0.30553665,0.008389664545971787,56.0,2,Buy,-1.3760379596678511,1.0461454940282315,2.1108786610878694,167.35,187.38,160.53,198.22,159.83,219.31,-0.06482257613858622,0.047108130762782974,-0.10293378038558254,0.10768371053366876,-0.10684548756635914,0.22553785973735696
2026-04-30,DHT,"DHT HOLDINGS, INC.",MR Discretion,18.48,20.41,0.1044,0.5531,0.38176604,0.4487930880389468,22.0,1,Neutral,-1.0864197530864201,1.884615384615387,1.58695652173913,17.6,19.29,16.92,21.42,15.26,23.59,-0.04761904761904756,0.043831168831168776,-0.08441558441558439,0.15909090909090917,-0.1742424242424243,0.2765151515151514
2026-04-30,DIA,SPDR DOW JONES INDUS AVG,Sector & Style ETFs,496.65,483.97,-0.0255,0.1495,0.13667951,0.09379964853546796,-53.0,1,Sell,-1.2733463035019394,-1.3289665211062576,-2.538380281690142,483.56,506.93,460.13,524.13,424.56,525.05,-0.02635658914728678,0.020698681163797472,-0.073532668881506,0.05533071579583204,-0.1451525218967079,0.05718312695056871
2026-04-30,DIS,THE WALT DISNEY COMPANY,Communication Services,103.75,98.3,-0.0525,0.3504,0.21321052,0.643446111383247,-40.0,1,Sell,-1.4907161803713556,-1.1166077738515912,-1.8508420208500402,98.13,107.52,94.27,112.24,80.67,116.22,-0.05416867469879527,0.03633734939759026,-0.09137349397590366,0.08183132530120485,-0.22245783132530117,0.12019277108433735
2026-04-30,DJI,DOW JONES INDUSTRIAL AVG INDEX,Indices,49652.14,48082.76,-0.0316,0.0,0.13694938,,-61.0,,,-1.545022649431,-1.386807173724791,-3.1018458116080043,48533.42,50376.22,46337.13,52042.53,43042.82,51782.91,-0.022531153742819554,0.014583057245870945,-0.06676469533840845,0.048142738661415274,-0.13311249021693727,0.042913961009535706
2026-04-30,DLR,"DIGITAL REALTY TRUST, INC.",Real Estate,200.94,199.86,-0.0054,0.3007,0.19946319,0.5075463297263019,-64.0,1,Sell,-1.8367911479944703,1.8265472312703588,-2.2304730473047303,187.66,208.17,188.66,223.37,160.39,219.12,-0.06608937991440234,0.035980889817855966,-0.061112769981088944,0.11162536080422014,-0.20180153279585955,0.09047476858763814
2026-04-30,DLTR,"DOLLAR TREE, INC.",Consumer Staples,97.11,102.81,0.0587,0.5013,0.41938862,0.19531140353784515,101.0,2,Strong Buy,-1.0939597315436247,1.824873096446701,2.2878787878787885,90.59,103.07,89.23,111.49,79.95,136.37,-0.06714035629698278,0.061373699927916636,-0.08114509319328589,0.14807949747708782,-0.17670682730923692,0.40428380187416346
2026-04-30,DOC,"HEALTHDOC PROPERTIES, INC.",Real Estate,16.17,17.17,0.0618,0.3929,0.21875072,0.7961083739518664,26.0,1,Buy,-1.3833333333333413,1.25688073394495,1.7631578947368403,15.34,16.77,15.08,17.54,14.65,18.85,-0.051329622758194304,0.037105751391465436,-0.06740878169449604,0.08472479901051311,-0.0940012368583798,0.16573902288188003
2026-04-30,DOV,DOVER ,Industrials,226.41,225.03,-0.0061,0.3095,0.30037744,0.03037032341709822,-28.0,2,Sell,1.0358271865121182,-1.1136173767752715,-1.5211173927502486,216.92,236.24,199.75,250.35,180.67,256.48,-0.04191510975663626,0.04341681021156307,-0.11775098273044471,0.10573737909102965,-0.20202287884810743,0.13281215494015286
2026-04-30,DOW,DOW INC.,Materials,40.49,39.92,-0.0141,0.5085,0.56532297,-0.10051417157169473,18.0,4,Neutral,-3.6017699115044395,-1.104089219330857,-1.6072234762979687,36.42,41.62,34.55,45.87,26.25,49.35,-0.10051864657940235,0.027908125463077083,-0.1467028896023711,0.13287231415164236,-0.3516917757470981,0.21881946159545573
2026-04-30,DPZ,"DOMINO'S PIZZA, INC.",Consumer Discretionary,339.42,363.45,0.0708,0.3039,0.40751449,-0.2542596460803148,-1.0,4,Neutral,-2.5457388584831975,1.5961612284069084,2.143855109961187,306.86,352.21,313.37,381.0,300.77,422.28,-0.09592834835896524,0.037681927994814624,-0.07674857109186262,0.12250309351246247,-0.11387072064109371,0.24412232632137165
2026-04-30,DRI,"DARDEN RESTAURANTS, INC.",Consumer Discretionary,200.56,209.51,0.0446,0.2952,0.27675617,0.06664288640791627,-14.0,1,Neutral,-1.4173486088379734,-1.3940242763772173,1.2218844984802433,191.9,206.67,185.63,211.27,174.24,232.72,-0.043179098524132375,0.03046469884323888,-0.07444156362185883,0.05340047865975284,-0.13123254886318303,0.16035101715197442
2026-04-30,DTE,DTE ENERGY COMPANY,Utilities,151.69,157.69,0.0396,0.2228,0.19339913,0.1520217283293881,28.0,2,Buy,-9.33734939759022,-1.380044843049325,-1.2908792111750196,143.94,152.52,139.38,160.61,135.98,163.86,-0.051091040938756715,0.005471685674731441,-0.08115235018788325,0.058804140022414186,-0.10356648427714421,0.08022941525479599
2026-04-30,DUK,DUKE ENERGY ,Utilities,129.55,139.01,0.073,0.2544,0.16906351,0.5047599567760068,35.0,2,Buy,-9.55737704918058,-1.0797342192691044,1.7727272727272694,123.72,130.16,119.8,138.58,120.09,146.32,-0.04500192975685069,0.0047086067155537314,-0.07526051717483606,0.06970281744500184,-0.07302199922809727,0.12944808954071774
2026-04-30,DVA,DAVITA INC.,Health Care,155.14,159.0,0.0249,0.5243,0.28778895,0.8218211644331723,10.0,2,Neutral,-2.897590361445757,1.9843137254901992,-1.1166168304143511,145.52,158.46,134.74,195.62,129.0,178.55,-0.06200850844398598,0.02140002578316369,-0.13149413433028223,0.26092561557303084,-0.16849297408792052,0.15089596493489776
2026-04-30,DVN,DEVON ENERGY ,Energy,51.37,49.19,-0.0424,0.4025,0.36103393,0.11485366486191473,-20.0,2,Neutral,-2.2326732673267284,-2.1602209944751354,-2.2542372881355917,46.86,53.39,43.55,54.99,36.74,57.86,-0.08779443254817987,0.03932256180650184,-0.15222892738952698,0.07046914541561233,-0.2847965738758029,0.12633832976445403
2026-04-30,DXCM,"DEXCOM, INC.",Health Care,59.55,57.9,-0.0277,0.4774,0.36098631,0.32248782509231444,-9.0,2,Neutral,-1.7081339712918633,-1.087022900763359,1.4407652685798384,55.98,61.64,52.43,66.1,45.96,79.13,-0.059949622166246885,0.03509655751469354,-0.11956339210747269,0.10999160369437444,-0.22821158690176313,0.3287993282955499
2026-04-30,DXY,US DOLLAR INDEX,Indices,98.1,99.39,0.0131,,0.05598939,,28.0,,,2.730158730158748,1.8031088082901645,1.3000000000000023,97.47,99.82,96.17,101.58,93.7,103.82,-0.00642201834862377,0.017533129459734953,-0.019673802242609506,0.03547400611620799,-0.04485219164118237,0.05830784913353715
2026-04-30,EA,ELECTRONIC ARTS INC.,Communication Services,202.37,212.78,0.0514,0.11,0.04067049,1.70466375005563,57.0,1,Buy,1.1872659176029845,-1.4873239436619714,1.3467855466916934,199.7,205.54,186.53,213.02,181.06,231.07,-0.013193655186045428,0.015664377130997664,-0.07827247121608938,0.05262637742748444,-0.10530216929386771,0.14181943964026278
2026-04-30,EBAY,EBAY INC.,Consumer Discretionary,103.48,110.52,0.068,0.4341,0.35554135,0.22095503096897162,-5.0,2,Neutral,-1.8648648648648638,-1.1053061224489802,-1.5551211884284608,94.51,108.29,89.94,115.73,83.59,116.27,-0.08668341708542715,0.04648241206030157,-0.13084654039427912,0.11838036335523783,-0.19221105527638194,0.12359876304599915
2026-04-30,EC,ECOPETROL SA,MR Discretion,14.16,15.64,0.1045,0.5628,0.43451703,0.295231167349183,51.0,2,Buy,-3.727272727272728,-1.182539682539683,1.2041420118343193,12.93,14.49,12.67,15.42,10.78,18.23,-0.08686440677966101,0.02330508474576276,-0.10522598870056499,0.08898305084745761,-0.23870056497175152,0.28742937853107353
2026-04-30,ECH,ISHARES:MSCI CHILE,Foreign,41.76,45.98,0.1011,0.3365,0.29644056,0.13513481421030904,4.0,1,Neutral,1.2427745664739898,1.1101694915254243,1.383275261324044,40.03,43.91,37.04,47.0,36.02,49.7,-0.04142720306513403,0.05148467432950188,-0.1130268199233716,0.1254789272030652,-0.13745210727969337,0.19013409961685834
2026-04-30,ECL,ECOLAB INC.,Materials,260.6,283.6,0.0883,0.2479,0.2700095,-0.08188415592784704,-2.0,4,Neutral,1.167670682730919,1.4328489652135583,2.4460431654676213,250.64,272.23,237.89,293.14,236.97,318.4,-0.03821949347659259,0.04462778204144291,-0.08714504988488114,0.12486569455103602,-0.09067536454336156,0.22179585571757454
2026-04-30,ED,"CONSOLIDATED EDISON, INC.",Utilities,111.49,120.03,0.0766,0.2254,0.17384174,0.2965815919697996,51.0,2,Buy,-23.227272727272844,-1.1772939346811797,1.665656565656568,106.38,111.71,103.92,117.92,101.59,127.98,-0.045833707058929085,0.00197327114539414,-0.06789846623015516,0.05767333393129426,-0.08879720154273918,0.14790564176159315
2026-04-30,EDEN,ISHARES:MSCI DENMARK,Foreign,109.89,108.32,-0.0143,0.0,0.19214504,,-65.0,,Sell,-1.4580152671755728,-1.4393741851368975,-1.86078431372549,106.07,112.51,98.85,117.56,90.91,120.09,-0.03476203476203488,0.02384202384202383,-0.10046410046410048,0.06979706979706979,-0.1727181727181728,0.09282009282009285
2026-04-30,EDV,VANGUARD EXT DUR T;ETF,Bonds,63.13,65.19,0.0326,0.1209,0.10461301,0.15568799712387582,22.0,1,Neutral,1.9295774647887265,1.6307692307692307,2.0156249999999987,62.42,64.5,60.53,67.37,59.29,70.87,-0.011246633929985705,0.021701251386028853,-0.04118485664501825,0.06716299699033734,-0.06082686519879621,0.12260415016632353
2026-04-30,EFNL,ISHARES:MSCI FINLAND,Foreign,54.8,54.42,-0.0069,0.0,0.20878153,,-41.0,,Sell,-4.078124999999996,-1.858044164037854,-2.929260450160772,52.19,55.44,48.91,57.97,45.69,57.91,-0.047627737226277334,0.01167883211678844,-0.10748175182481756,0.05784671532846719,-0.16624087591240877,0.05675182481751828
2026-04-30,EFX,EQUIFAX INC.,Industrials,173.94,184.3,0.0596,0.4016,0.38367098,0.04673019575262116,55.0,2,Buy,-1.4126534466477811,1.0434448289119578,1.7227575982209047,158.98,184.53,147.93,201.08,146.96,220.42,-0.08600666896631026,0.06088306312521552,-0.14953432218006202,0.15603081522364048,-0.15511095780154072,0.26721858111992636
2026-04-30,EG,"EVEREST GROUP, LTD.",Financials,356.76,342.02,-0.0413,0.2585,0.23125983,0.1177903226859589,-46.0,2,Sell,-3.479548660084613,-1.5746268656716416,-6.089783281733746,332.09,363.85,323.0,378.2,297.75,366.45,-0.06915012893822181,0.01987330418208333,-0.09462944276264151,0.060096423365848084,-0.1654053144971409,0.027161116717120848
2026-04-30,EIDO,ISHARES:MSCI INDONESIA,Foreign,14.93,15.42,0.0328,0.3105,0.24497541,0.26747415179343914,41.0,1,Buy,-1.0892857142857124,1.546875000000001,1.9408602150537637,14.32,15.49,13.65,16.91,13.07,18.54,-0.04085733422638982,0.037508372404554624,-0.08573342263898187,0.13261888814467526,-0.12458137977227057,0.24179504353650372
2026-04-30,EIRL,ISHARES:MSCI IRELAND,Foreign,73.89,72.15,-0.0235,0.0,0.25192844,,-44.0,,Sell,-5.311688311688344,-1.4475806451612936,-1.96065573770492,69.8,74.66,66.71,78.85,61.93,79.99,-0.05535255108945736,0.01042089592637696,-0.0971714711056978,0.06712681012315591,-0.1618622276356747,0.08255514954662324
2026-04-30,EIS,ISHARES:MSCI ISRAEL,Foreign,130.76,137.09,0.0484,0.0,0.20363819,,-47.0,,Sell,-1.9392712550607265,-1.650879566982404,-1.6859688195991087,125.97,133.23,118.56,138.15,108.05,144.23,-0.03663199755276836,0.018889568675436008,-0.09330070357907605,0.05651575405322751,-0.17367696543285405,0.10301315386968501
2026-04-30,EIX,EDISON INTERNATIONAL,Utilities,69.49,75.27,0.0832,0.3268,0.24549926,0.3311649086029831,9.0,2,Neutral,-4.795698924731141,1.4472891566265074,1.6524300441826225,65.03,70.42,62.85,79.1,55.91,91.93,-0.06418189667578056,0.013383220607281698,-0.09555331702403214,0.13829327960857674,-0.19542380198589726,0.32292416174989236
2026-04-30,EL,THE ESTEE LAUDER COMPANIES INC.,Consumer Staples,76.71,72.38,-0.0564,0.6018,0.30618751,0.9654622750614485,-14.0,1,Neutral,1.9123711340206249,-2.2865671641791026,1.2083847102342793,74.77,80.42,61.39,83.41,52.38,106.11,-0.02529005344805102,0.048363968191891704,-0.19971320557945504,0.08734193716594962,-0.31716855690262014,0.3832616347281972
2026-04-30,ELV,"ELEVANCE HEALTH, INC.",Health Care,376.42,313.22,-0.1679,0.3257,0.29534522,0.10277728551015652,-2.0,2,Neutral,-1.4791813690896327,-3.4184757505773704,-8.45662368112544,355.46,390.59,302.41,398.07,232.15,393.48,-0.055682482333563654,0.03764412092874969,-0.19661548270548856,0.05751554115084212,-0.38326868923011526,0.04532171510546723
2026-04-30,EME,"EMCOR GROUP, INC.",Industrials,891.67,927.82,0.0405,0.3718,0.3862744,-0.03747180760619906,-60.0,3,Sell,-1.6336633663366327,-1.3888826248731523,-1.799586629605872,833.92,927.02,768.49,980.36,639.17,1031.98,-0.06476611302387658,0.03964471160855476,-0.13814527796157772,0.0994650487287898,-0.2831765114896767,0.15735642109749137
2026-04-30,EMR,EMERSON ELECTRIC CO.,Industrials,140.44,145.04,0.0328,0.3856,0.32731648,0.17806472805768903,-26.0,1,Sell,-1.5581395348837142,1.1622441243366197,1.0509025270758126,133.74,144.74,127.25,155.77,112.74,169.55,-0.04770720592423805,0.030618057533466247,-0.09391911136428366,0.1091569353460553,-0.19723725434349193,0.20727712902307038
2026-04-30,ENZL,ISHARES:MSCI NEW ZLND,Foreign,44.62,44.49,-0.0029,0.7385,0.19703439,2.7480766682405036,-45.0,1,Sell,-64.66666666666414,-1.9149999999999991,-1.2574031890660582,42.68,44.65,40.79,46.62,39.1,49.01,-0.04347826086956519,0.0006723442402509772,-0.08583594800537875,0.04482294935006714,-0.12371134020618546,0.09838637382339765
2026-04-30,EOG,"EOG RESOURCES, INC.",Energy,140.57,148.53,0.0566,0.3216,0.30188552,0.06530449025842633,33.0,2,Buy,-5.709677419354799,-1.3684210526315768,-1.0615325077399376,129.95,142.43,122.89,153.49,113.14,166.41,-0.07554954826776694,0.01323184178701009,-0.12577363591093405,0.09191150316568275,-0.19513409689122851,0.18382300633136528
2026-04-30,EPAM,"EPAM SYSTEMS, INC.",Information Technology,113.78,121.74,0.07,0.7286,0.37552736,0.9402048362068747,26.0,2,Buy,-1.3057503506311372,1.0299227799227801,2.6565260058881255,104.47,120.91,93.06,135.12,93.4,167.92,-0.08182457373879415,0.06266479170328698,-0.18210581824573735,0.1875549305677624,-0.1791175953594656,0.47583055018456655
2026-04-30,EPHE,ISHARES:MSCI PHILIPPINES,Foreign,24.2,25.54,0.0554,0.0,0.15463358,,24.0,,Neutral,-1.5217391304347783,1.3463687150837995,2.0431034482758625,23.5,24.66,22.41,26.61,21.88,28.94,-0.02892561983471076,0.01900826446281001,-0.07396694214876032,0.09958677685950423,-0.09586776859504131,0.1958677685950414
2026-04-30,EPOL,ISHARES:MSCI POLAND,Foreign,38.38,40.78,0.0625,0.2796,0.21824273,0.2811423317514403,-41.0,1,Sell,-1.0666666666666675,1.2127659574468073,-1.004048582995952,36.78,39.88,35.09,42.37,33.42,43.32,-0.04168837936425229,0.03908285565398639,-0.08572173006774364,0.10396039603960383,-0.12923397602918185,0.1287128712871286
2026-04-30,EPU,ISHARES:MSCI PERU,Foreign,79.37,95.78,0.2068,0.0,0.35042976,,-4.0,,Neutral,-1.821917808219184,1.3883928571428572,2.9754485363550502,75.38,81.56,72.65,88.7,68.78,110.88,-0.05027088320524142,0.027592289278064674,-0.08466675066145901,0.11755071185586496,-0.13342572760488858,0.3970013859140731
2026-04-30,EQIX,"EQUINIX, INC.",Real Estate,1082.83,1097.84,0.0139,0.2748,0.18679533,0.47112885530917703,-34.0,2,Sell,1.301991861212255,4.307281059063141,-1.8129395218002786,1036.14,1143.62,1043.55,1252.02,863.7,1203.7,-0.04311849505462517,0.056139929628842955,-0.036275315608174874,0.1562479798306291,-0.2023678693793115,0.11162416999898417
2026-04-30,EQR,EQUITY RESIDENTIAL,Real Estate,65.38,62.78,-0.0398,0.2363,0.24338795,-0.029122025145451813,-60.0,4,Sell,-1.0599250936329574,-1.9497041420118277,-3.373456790123445,62.55,68.05,58.79,68.76,54.45,68.62,-0.04328540838176809,0.04083817681248081,-0.10079535026001829,0.0516977669011931,-0.16717650657693472,0.049556439278066744
2026-04-30,EQT,EQT ,Energy,60.08,69.51,0.157,0.3534,0.27518459,0.2842288879620767,45.0,1,Buy,-1.4886363636363578,1.0972477064220199,2.3723723723723733,57.46,61.84,54.63,66.06,53.42,75.88,-0.04360852197070564,0.02929427430093212,-0.09071238348868171,0.09953395472703064,-0.11085219707057248,0.262982689747004
2026-04-30,ERIE,ERIE INDEMNITY COMPANY,Financials,218.93,242.68,0.1085,0.3794,0.39568798,-0.04116369670870457,-34.0,4,Sell,1.5733438485804399,3.020223152022315,3.0046136101499394,206.25,238.88,204.59,262.24,192.92,297.08,-0.05791805599963462,0.09112501712876253,-0.0655003882519527,0.19782578906499793,-0.11880509751975521,0.35696341296304746
2026-04-30,ES,EVERSOURCE ENERGY,Utilities,70.7,73.13,0.0344,0.2808,0.18968449,0.4803529798350934,38.0,1,Buy,-6.3235294117647705,-1.9921874999999998,1.084705882352941,66.4,71.38,63.05,74.54,62.2,79.92,-0.06082036775106081,0.009618104667609595,-0.10820367751060833,0.05431400282885446,-0.12022630834512027,0.1304101838755305
2026-04-30,ES=F,E-MINI S&P 500 FUTURES,Futures,7250.75,6959.75,-0.0401,0.0,0.10469238,,-61.0,,,1.511643379906852,-1.0979675327501424,-4.494754705337861,7145.54,7409.79,6746.19,7710.29,6085.35,7510.03,-0.014510223080370976,0.021934282660414528,-0.06958728407406134,0.06337827121332285,-0.16072820053097947,0.03575905940764734
2026-04-30,ESS,"ESSEX PROPERTY TRUST, INC.",Real Estate,263.21,257.65,-0.0211,0.235,0.2299105,0.022136875001359302,-20.0,2,Neutral,2.1821192052980276,1.0524675324675365,-2.0232896652110606,257.17,276.39,243.96,283.47,221.51,283.82,-0.02294745640363194,0.05007408533110458,-0.07313551916720484,0.07697275939364023,-0.158428631131036,0.07830249610577122
2026-04-30,ETN,EATON  PUBLIC LIMITED COMPANY,Industrials,433.01,408.45,-0.0567,0.4325,0.32298274,0.33908084376273484,-56.0,1,Sell,-2.649180327868854,-1.2517680339462505,-4.187376725838262,400.69,445.21,379.91,475.43,305.63,463.43,-0.07464030853790904,0.028174868940671116,-0.12262996235652746,0.0979654049560057,-0.29417334472644974,0.07025241911272251
2026-04-30,ETR,ENTERGY ,Utilities,117.91,132.24,0.1215,0.274,0.21821099,0.2556654456313132,17.0,1,Neutral,-4.8591549295774525,-1.4662983425414364,-1.1067746686303377,111.01,119.33,104.64,126.96,102.88,131.49,-0.05851920956661849,0.01204308370791285,-0.11254346535493165,0.07675345602578232,-0.1274701043168518,0.11517258926299734
2026-04-30,EVRG,"EVERGY, INC.",Utilities,82.84,89.59,0.0815,0.2802,0.17238128,0.6254665239752253,42.0,2,Buy,-3.5757575757576006,-1.151750972762646,1.5370078740157445,79.3,83.83,76.92,87.98,76.49,92.6,-0.042732979237083635,0.011950748430709757,-0.07146306132303237,0.06204732013520031,-0.07665379043940135,0.11781747947851273
2026-04-30,EW,EDWARDS LIFESCIENCES ,Health Care,83.5,80.28,-0.0386,0.2983,0.31831563,-0.06287982151551907,-44.0,4,Sell,-1.1491712707182296,1.08942065491184,-1.5295256534365924,79.34,87.12,75.56,92.15,67.7,93.83,-0.04982035928143713,0.04335329341317373,-0.09508982035928137,0.10359281437125745,-0.18922155688622755,0.1237125748502994
2026-04-30,EWA,ISHARES:MSCI AUSTRALIA,Foreign,29.49,29.43,-0.002,0.3151,0.20378106,0.5462673518333843,-41.0,1,Sell,-3.542857142857124,-1.1050228310502268,-1.3596214511041014,28.25,29.84,27.07,31.68,25.18,32.66,-0.04204815191590361,0.01186842997626325,-0.08206171583587651,0.07426246185147511,-0.14615123770769745,0.10749406578501186
2026-04-30,EWC,ISHARES:MSCI CANADA,Foreign,58.6,59.48,0.015,0.139,0.14601372,-0.04803466413978086,-84.0,3,Sell,-1.7357142857142873,-1.145658263305323,-1.5886075949367084,56.17,60.0,54.51,62.17,51.07,63.34,-0.0414675767918089,0.023890784982935065,-0.06979522184300346,0.06092150170648458,-0.12849829351535835,0.08088737201365181
2026-04-30,EWD,ISHARES:MSCI SWEDEN,Foreign,51.7,53.23,0.0296,0.2409,0.27929609,-0.13747449883741658,-58.0,3,Sell,-1.6842105263157954,1.2046908315565017,-1.0612535612535623,49.14,53.22,47.01,57.35,44.25,58.72,-0.04951644100580277,0.02940038684719526,-0.09071566731141212,0.10928433268858795,-0.1441005802707931,0.13578336557059956
2026-04-30,EWG,ISHARES:MSCI GERMANY,Foreign,42.26,42.55,0.0069,0.2613,0.2162108,0.20854277399648846,-57.0,1,Sell,-1.4095238095238007,-1.3126760563380255,-1.3108910891089092,40.78,43.31,37.6,45.81,35.64,47.31,-0.03502129673450061,0.02484619025082835,-0.11026975863700894,0.08400378608613357,-0.1566493137718883,0.1194983435873167
2026-04-30,EWH,ISHARES:MSCI HONG KONG,Foreign,23.72,25.42,0.0717,0.2201,0.13650489,0.6123964496803009,22.0,1,Neutral,,-2.0,1.0984615384615386,22.99,23.72,22.08,24.54,20.47,27.29,-0.030775716694772415,0.0,-0.06913996627318719,0.03456998313659354,-0.13701517706576727,0.1505059021922428
2026-04-30,EWI,ISHARES:MSCI ITALY,Foreign,57.76,58.21,0.0078,0.247,0.1976535,0.24966165537164775,-57.0,1,Sell,-1.73451327433628,-1.1506849315068486,-1.893939393939392,55.8,58.89,51.88,62.87,49.01,62.38,-0.03393351800554023,0.019563711911357418,-0.10180055401662047,0.08846952908587258,-0.15148891966759004,0.07998614958448758
2026-04-30,EWJ,ISHARES:MSCI JAPAN,Foreign,89.1,89.43,0.0037,0.2317,0.24461029,-0.052779014325194606,-58.0,3,Sell,-4.182926829268246,-1.3758064516129027,-1.5662805662805626,85.67,89.92,80.57,95.3,76.93,96.87,-0.038496071829405065,0.009203142536476028,-0.09573512906846238,0.06958473625140305,-0.13658810325476978,0.08720538720538729
2026-04-30,EWK,ISHARES:MSCI BELGIUM,Foreign,25.62,26.8,0.0461,0.0,0.21597268,,-8.0,,Neutral,-1.750000000000007,-1.0245614035087733,-1.0156250000000002,24.29,26.38,22.7,28.47,22.37,28.82,-0.05191256830601099,0.02966432474629177,-0.11397345823575333,0.11124121779859486,-0.12685402029664328,0.12490241998438711
2026-04-30,EWL,ISHARES:MSCI SWITZERLAND,Foreign,61.37,62.4,0.0168,0.1617,0.21259141,-0.2393860128214964,-58.0,3,Sell,-2.0480769230769202,-1.176100628930816,-1.1659259259259243,59.24,62.41,53.89,67.73,53.5,68.12,-0.034707511813589664,0.01694639074466342,-0.12188365650969524,0.10363369724621152,-0.12823855303894405,0.10998859377546055
2026-04-30,EWM,ISHARES:MSCI MALAYSIA,Foreign,29.37,30.47,0.0375,0.1827,0.15128406,0.20766193080751538,-27.0,1,Sell,1.6470588235294088,-1.2229299363057333,-1.0456026058631935,29.03,29.93,27.45,30.94,26.16,32.44,-0.011576438542730716,0.019067075246850473,-0.06537282941777334,0.05345590738849171,-0.1092951991828397,0.10452843037112691
2026-04-30,EWN,ISHARES:MSCI NETHERLANDS,Foreign,62.71,62.68,-0.0005,0.1816,0.24643586,-0.26309425909037754,-84.0,3,Sell,-1.6486486486486507,-1.3269230769230764,-1.8905982905982905,60.27,64.19,57.19,66.87,51.65,68.56,-0.03890926487003665,0.023600701642481292,-0.08802423855844366,0.06633710731940679,-0.17636740551746133,0.09328655716791578
2026-04-30,EWO,ISHARES:MSCI AUSTRIA,Foreign,39.03,40.49,0.0374,0.0,0.20479703,,-48.0,,Sell,1.3965517241379244,1.1060606060606046,-1.4086242299794667,37.87,40.65,35.07,43.41,32.17,43.9,-0.029720727645401013,0.04150653343581845,-0.10146041506533443,0.11222136817832418,-0.17576223417883674,0.12477581347681266
2026-04-30,EWP,ISHARES:MSCI SPAIN,Foreign,56.67,60.33,0.0646,0.2048,0.20579712,-0.0048451601266333855,-22.0,3,Neutral,-2.3070175438596503,-1.2578475336322865,1.0612244897959173,54.04,57.81,51.06,61.13,50.3,63.43,-0.04640903476266112,0.020116463737427148,-0.09899417681312861,0.07870125286747842,-0.11240515263808015,0.1192871007587788
2026-04-30,EWQ,ISHARES:MSCI FRANCE,Foreign,45.33,45.39,0.0013,0.2829,0.20709883,0.3660144772425802,-31.0,1,Sell,-2.1527777777777772,-1.0438413361169103,-1.2807775377969755,43.78,46.05,40.33,50.12,39.4,49.96,-0.034193690712552294,0.01588352084712108,-0.11030222810500767,0.10566953452459749,-0.13081844253253916,0.10213986322523727
2026-04-30,EWS,ISHARES:MSCI SINGAPORE,Foreign,28.98,30.04,0.0366,0.1755,0.16896826,0.03865660923536751,-10.0,1,Neutral,-3.4722222222222276,-1.33108108108108,-1.1264367816091962,27.73,29.34,27.01,30.46,26.04,31.59,-0.04313319530710835,0.012422360248447228,-0.0679779158040027,0.05106970324361626,-0.10144927536231885,0.09006211180124213
2026-04-30,EWT,ISHARES:MSCI TAIWAN,Foreign,89.88,82.57,-0.0813,0.3287,0.31487086,0.04392003756714735,-45.0,1,Sell,1.1478599221789925,-1.1162255466052924,-7.302631578947345,87.31,92.83,80.18,98.57,62.13,93.68,-0.028593680462839277,0.03282153983088576,-0.10792167334223401,0.09668446817979537,-0.3087449933244325,0.04227859368046305
2026-04-30,EWU,ISHARES:MSCI UK,Foreign,47.15,48.58,0.0303,0.1942,0.19201805,0.011363254652362098,-22.0,1,Neutral,-6.769230769230814,-1.0776699029126195,-1.0703296703296687,45.39,47.41,42.71,51.27,42.28,51.7,-0.03732767762460232,0.00551431601272534,-0.09416755037115587,0.08738069989395547,-0.10328738069989385,0.09650053022269356
2026-04-30,EWW,ISHARES:MSCI MEXICO,Foreign,76.44,79.76,0.0434,0.2843,0.21705215,0.3098234686917407,12.0,1,Neutral,-1.5483870967741908,1.3571428571428588,1.1663405088062626,74.04,77.99,70.56,84.42,66.22,88.36,-0.031397174254316984,0.020277341705913,-0.07692307692307687,0.10439560439560447,-0.13369963369963367,0.15593929879644164
2026-04-30,EWY,ISHARES:MSCI S KOREA,Foreign,160.76,162.37,0.01,0.451,0.51082579,-0.11711583708410633,-75.0,3,Sell,-1.3595041322314008,-1.147922998986828,-1.8151205018157792,154.18,165.6,138.1,180.5,105.78,191.05,-0.0409305797462054,0.030106991789002224,-0.1409554615576014,0.12279173923861664,-0.34200049763622786,0.1884175167952229
2026-04-30,EWZ,ISHARES:MSCI BRAZIL,Foreign,39.7,40.83,0.0285,0.3034,0.21681403,0.399355936513887,-18.0,1,Neutral,-1.2876712328767197,1.3975903614457807,-1.3742071881606774,37.82,41.16,37.21,43.18,33.2,44.43,-0.04735516372795978,0.0367758186397984,-0.06272040302267012,0.08765743073047849,-0.16372795969773302,0.11914357682619636
2026-04-30,EXC,EXELON ,Utilities,45.99,52.25,0.1361,0.254,0.16712682,0.5198039428979742,-17.0,1,Neutral,1.6209677419354798,1.3882352941176472,4.4334975369458105,44.75,48.0,42.59,50.71,43.96,54.99,-0.026962383126766687,0.04370515329419433,-0.07392911502500543,0.10263100674059578,-0.04414003044140036,0.19569471624266144
2026-04-30,EXE,EXPAND ENERGY ,Energy,102.15,110.35,0.0803,0.3273,0.26575514,0.23158483406943686,-5.0,1,Neutral,-6.105691056910624,-3.311392405063304,1.8234387047031606,94.64,103.38,89.07,106.1,89.18,125.8,-0.07351933431228586,0.012041116005873542,-0.1280469897209986,0.038668624571708055,-0.1269701419481155,0.23152227116984814
2026-04-30,EXPD,EXPEDITORS INTERNATIONAL OF WASHINGTON,Industrials,147.89,152.64,0.0321,0.3718,0.1693175,1.1958746142601915,10.0,1,Neutral,1.6219512195122152,-1.5189035916824172,1.0120967741935503,144.61,153.21,131.82,158.47,128.05,167.97,-0.022178646291162174,0.03597268239908047,-0.10866184326188377,0.07153965785381033,-0.13415376293190873,0.13577659070931114
2026-04-30,EXPE,"EXPEDIA GROUP, INC.",Consumer Discretionary,248.37,264.73,0.0659,0.6757,0.48971269,0.37978862667414215,15.0,2,Neutral,1.0394857667584934,1.3965203843157619,-1.0525182239893967,226.59,271.01,209.86,302.15,184.84,308.73,-0.0876917502113782,0.09115432620686881,-0.15505093207714293,0.21653178725288869,-0.2557877360389741,0.24302451986954954
2026-04-30,EXR,EXTRA SPACE STORAGE INC.,Real Estate,143.33,140.55,-0.0194,0.2689,0.22589425,0.19038001188609255,-50.0,1,Sell,-1.8880208333333457,-1.10137875101379,-1.3298808907301938,136.08,147.17,129.75,155.66,117.65,162.64,-0.05058257168771363,0.026791320728388746,-0.09474638945091751,0.08602525640131153,-0.17916695737110166,0.13472406335031017
2026-04-30,F,FORD MOTOR COMPANY,Consumer Discretionary,12.08,12.52,0.0364,0.3946,0.31912523,0.23650518011377542,-18.0,2,Neutral,1.6326530612244905,1.1242236024844727,1.4225352112676048,11.59,12.88,10.47,13.89,9.95,15.11,-0.04056291390728484,0.06622516556291402,-0.13327814569536423,0.14983443708609268,-0.17632450331125837,0.2508278145695364
2026-04-30,FANG,"DIAMONDBACK ENERGY, INC.",Energy,205.63,197.33,-0.0404,0.4107,0.3249353,0.2639439297607864,-49.0,2,Sell,-1.8821752265861027,-1.7774780849629106,-2.8254891591750404,193.17,212.25,179.27,220.46,152.2,224.54,-0.060594271263920696,0.03219374604872827,-0.12819141175898452,0.07211982687351082,-0.25983562709721353,0.09196128969508344
2026-04-30,FAST,FASTENAL COMPANY,Industrials,44.93,51.22,0.14,0.296,0.39067164,-0.24233046453026386,-10.0,4,Neutral,-1.6482412060301497,1.6879999999999995,2.2416851441241694,41.65,46.92,42.43,49.15,40.42,55.04,-0.07300244825283775,0.04429111951925213,-0.05564210994880925,0.09392388159359011,-0.10037836634765185,0.22501669263298463
2026-04-30,FCX,FREEPORT-MCMORAN INC.,Materials,57.78,69.36,0.2004,0.4552,0.61432758,-0.25902724406415223,-8.0,4,Neutral,1.0040080160320632,2.4903536977491956,2.1996557659208253,52.79,62.79,51.56,73.27,46.16,83.34,-0.0863620629975771,0.08670820353063347,-0.10764970578054689,0.26808584285219794,-0.20110764970578066,0.44236760124610597
2026-04-30,FDS,FACTSET RESEARCH SYSTEMS INC.,Financials,227.58,213.48,-0.062,0.5008,0.44462909,0.12633206252879225,7.0,1,Neutral,1.3029756537421087,1.1850322580645158,-1.8443746430611074,216.49,242.03,188.83,273.5,162.99,262.6,-0.048730116881975594,0.06349415590122143,-0.17026979523683983,0.20177519992969506,-0.2838122857896125,0.15387995430178392
2026-04-30,FDX,FEDEX ,Industrials,403.31,400.15,-0.0078,0.3122,0.30129816,0.03618289603892699,-10.0,2,Neutral,-3.21355932203389,1.078692754246399,-1.8315724052206352,374.87,412.16,356.8,453.48,314.9,451.58,-0.07051647615977785,0.02194341821427681,-0.11532072103344815,0.12439562619325084,-0.21921102873719978,0.11968460985346252
2026-04-30,FE,FIRSTENERGY CORP.,Utilities,47.52,53.65,0.129,0.2625,0.18035028,0.4555009285264209,-11.0,2,Neutral,3.556818181818166,2.137254901960779,4.550802139037421,46.64,50.65,44.97,52.97,45.65,56.03,-0.0185185185185186,0.06586700336700324,-0.053661616161616243,0.11468855218855212,-0.03935185185185197,0.17908249158249157
2026-04-30,FFIV,"F5, INC.",Information Technology,323.9,345.05,0.0653,0.3622,0.41122913,-0.11922581943550536,-47.0,4,Sell,-2.6192660550458626,-2.0049315068493136,-1.2660250902216874,289.64,336.98,287.31,342.15,250.23,382.09,-0.10577338684779247,0.04038283420808897,-0.112966965112689,0.05634455078727996,-0.22744674282185862,0.17965421426366168
2026-04-30,FICO,FAIR ISAAC ,Information Technology,1025.0,1147.6,0.1196,0.7198,0.68423891,0.0519717447813659,-20.0,1,Neutral,-1.5665386353366468,-1.8292039290426612,2.0147559591373443,886.33,1113.52,775.46,1161.42,743.08,1593.0,-0.1352878048780487,0.08636097560975609,-0.2434536585365853,0.1330926829268293,-0.2750439024390243,0.5541463414634147
2026-04-30,FIS,FIDELITY NATIONAL INFORMATION SERVICES,Financials,46.53,46.3,-0.0049,0.4438,0.41981724,0.057126667785248664,6.0,2,Neutral,-1.9085714285714306,-1.6166219839142109,-1.0794780545670228,43.19,48.28,40.5,50.26,37.43,54.96,-0.07178164624973138,0.03761014399312268,-0.12959381044487428,0.08016333548248444,-0.19557274876423814,0.18117343649258544
2026-04-30,FISV,"FISERV, INC.",Financials,62.65,54.11,-0.1363,0.5279,0.28637612,0.8433799577981573,-9.0,1,Neutral,-1.0660919540229896,-1.0950292397660828,-1.5052631578947366,58.94,66.13,55.16,69.49,38.34,78.8,-0.05921787709497206,0.05554668794892259,-0.11955307262569836,0.10917797286512365,-0.38802873104549074,0.25778132482043103
2026-04-30,FITB,FIFTH THIRD BANCORP,Financials,50.76,50.86,0.002,0.274,0.21092459,0.2990424682110324,-57.0,1,Sell,-1.476923076923068,-1.2171052631578936,-1.487179487179486,48.84,52.06,45.21,55.32,39.74,58.17,-0.03782505910165479,0.025610717100078784,-0.109338061465721,0.08983451536643039,-0.2171000788022064,0.14598108747044924
2026-04-30,FIX,"COMFORT SYSTEMS USA, INC.",Industrials,1840.25,1993.76,0.0834,0.5796,0.45129638,0.28430013110231456,-17.0,1,Neutral,-2.0883954154727804,-1.0651890482398958,-1.8471093434780104,1694.48,1910.05,1546.13,2116.37,1199.34,2187.23,-0.07921206357831811,0.03792962912647746,-0.15982611058280116,0.15004483086537146,-0.34827333242765934,0.18855046868631975
2026-04-30,FOXA,FOX ,Communication Services,63.49,67.41,0.0617,0.3823,0.25986569,0.47114457472242677,-49.0,2,Sell,1.202764976958521,-1.0121802679658953,-1.1328934967012263,61.32,66.1,55.18,71.7,51.47,74.1,-0.034178610804851184,0.04110883603717119,-0.1308867538194992,0.12931170263033542,-0.18932115293747054,0.16711293117026282
2026-04-30,FRO,FRONTLINE PLC,MR Discretion,36.49,39.14,0.0726,0.5675,0.43618385,0.3010568823215256,22.0,1,Neutral,-1.06103286384977,1.5352798053527972,1.1927582534611283,34.23,38.62,32.38,42.8,27.1,47.69,-0.061934776651137446,0.058372156755275295,-0.11263359824609476,0.1729240887914496,-0.25733077555494654,0.3069334064127156
2026-04-30,FRT,FEDERAL REALTY INVESTMENT TRUST,Real Estate,110.9,108.37,-0.0228,0.2884,0.14201335,1.0307949921609478,-40.0,1,Sell,1.9343434343434296,2.073459715639811,-1.9326923076923108,108.92,114.73,106.68,119.65,94.82,119.22,-0.017853922452660043,0.03453561767357982,-0.038052299368800724,0.07889990982867445,-0.14499549143372414,0.07502254283137955
2026-04-30,FSLR,"FIRST SOLAR, INC.",Information Technology,201.89,219.09,0.0852,0.6232,0.40340299,0.5448571662793078,-5.0,1,Neutral,-3.214152700186215,-1.998075689544578,1.230837591646302,184.63,207.26,170.74,217.48,156.88,257.29,-0.08549209965822968,0.02659864282530089,-0.15429194115607503,0.07722026846302454,-0.22294318688394665,0.2744068552181884
2026-04-30,FTI,TECHNIPFMC PLC,MR Discretion,75.57,83.0,0.0983,0.4155,0.30444131,0.3647950733098604,-18.0,1,Neutral,1.6588235294117681,1.5150905432595578,-1.1359363702096876,73.02,79.8,70.6,83.1,59.86,89.4,-0.03374354902739174,0.05597459309249708,-0.06576683869260291,0.09964271536323932,-0.20788672753738247,0.183009130607384
2026-04-30,FTNT,"FORTINET, INC.",Information Technology,84.31,85.97,0.0197,0.5346,0.37881338,0.4112489902019829,-28.0,2,Sell,1.7876106194690269,1.169712793733681,-1.237323943661972,80.92,90.37,76.65,93.27,66.74,98.51,-0.04020875341003438,0.07187759459138898,-0.0908551773217886,0.10627446329023837,-0.208397580358202,0.16842604673229755
2026-04-30,FTV,FORTIVE ,Industrials,59.79,59.95,0.0027,0.1786,0.25842111,-0.3088799904930367,-72.0,3,Sell,4.333333333333349,2.8338557993730427,-1.733102253032928,58.74,64.34,56.6,68.83,49.79,65.56,-0.017561465127947762,0.0760996822211073,-0.053353403579193825,0.15119585214918874,-0.16725204883759826,0.09650443217929427
2026-04-30,FVX,5 YR TSY YLD NDX,Yields,4.02,3.89,-0.0323,0.0,0.15958643,,-10.0,,,1.0000000000000056,-1.3478260869565175,-1.9117647058823473,3.94,4.1,3.71,4.25,3.37,4.36,-0.01990049751243772,0.01990049751243772,-0.07711442786069644,0.057213930348258835,-0.1616915422885571,0.08457711442786087
2026-04-30,FXA,INVESCO:AU DOLLAR,Currencies,71.35,71.54,0.0027,0.0,0.08119811,,-47.0,,Sell,-1.1772151898733991,-1.2040816326530537,-1.640394088669949,70.42,72.14,67.81,74.29,64.69,75.41,-0.01303433777154861,0.011072179397337178,-0.04961457603363695,0.041205325858444386,-0.09334267694463905,0.05690259285213739
2026-04-30,FXB,INVESCO:GBP STERLING,Currencies,130.88,131.72,0.0064,0.0694,0.06257731,0.1090281765067882,-54.0,1,Sell,-2.1632653061224136,-1.7770270270270192,-1.5132192846034183,128.76,131.86,125.62,133.84,121.15,137.31,-0.016198044009779977,0.007487775061124857,-0.040189486552567155,0.02261613691931541,-0.0743429095354522,0.04912897310513453
2026-04-30,FXC,INVESCO:CANADIAN DOLLAR,Currencies,71.94,72.1,0.0022,0.1683,0.03927353,3.285329075333946,-37.0,1,Sell,-1.6142857142857012,-1.3271604938271515,-1.364130434782605,70.81,72.64,69.79,73.56,66.92,75.62,-0.01570753405615788,0.009730330831248413,-0.02988601612454811,0.02251876563803168,-0.06978037253266611,0.05115373922713373
2026-04-30,FXE,INVESCO:EURO,Currencies,108.28,110.91,0.0243,0.0637,0.0476394,0.33712851127428145,-40.0,1,Sell,-1.1479289940828403,-1.2132352941176483,1.011180124223603,106.34,109.97,103.33,112.36,100.23,116.42,-0.017916512744735824,0.015607683782785431,-0.04571481344661987,0.03768008865903205,-0.07434429257480601,0.07517547100110833
2026-04-30,FXY,INVESCO:JAPANESE YEN,Currencies,58.63,58.3,-0.0056,0.0988,0.09494543,0.04059774124989479,-35.0,2,Sell,-3.4057971014492887,-2.3829787234042605,-1.5322033898305119,56.28,59.32,55.27,60.04,54.11,61.58,-0.040081869350162,0.011768719085792245,-0.057308545113423204,0.02404912161009709,-0.07709363806924785,0.050315538120416115
2026-04-30,GD,GENERAL DYNAMICS ,Industrials,344.3,356.36,0.035,0.2166,0.35092187,-0.3827685917665947,-0.0,4,Neutral,-5.808180535966171,-4.7852112676056295,1.1490547746000965,303.12,351.39,289.94,355.66,303.04,391.71,-0.11960499564333427,0.020592506534998556,-0.15788556491431893,0.032994481556781974,-0.11983735114725524,0.1376996805111821
2026-04-30,GDDY,GODADDY INC.,Information Technology,86.79,80.89,-0.068,0.6185,0.34954079,0.7694644450508912,-9.0,1,Neutral,-1.4364161849711046,-2.7489177489177554,-1.405660377358492,81.82,90.25,74.09,91.41,64.44,102.69,-0.05726466182739964,0.039866344048853586,-0.1463302223758498,0.05323193916349789,-0.25751814725198763,0.18320082958866224
2026-04-30,GDX,VANECK:GOLD MINERS,Commodities,88.29,116.99,0.3251,0.4651,0.43089764,0.07937467469072224,-17.0,1,Neutral,-1.2944444444444494,1.6016260162601605,4.76185567010309,83.63,91.89,77.22,106.02,78.59,134.48,-0.05278060935553297,0.040774719673802196,-0.125382262996942,0.2008154943934759,-0.10986521689885609,0.5231623060369235
2026-04-30,GDXJ,VANECK:JR GOLD MINERS,Commodities,116.34,154.77,0.3303,0.5083,0.45275684,0.12267768279326274,25.0,1,Neutral,-1.2117202268431013,1.6182432432432428,4.908610271903321,109.93,121.63,101.54,140.29,103.1,181.33,-0.055097129104349274,0.045470173629018396,-0.12721334020973007,0.20586212824479966,-0.11380436651194781,0.5586212824479972
2026-04-30,GE,GENERAL ELECTRIC COMPANY,Industrials,289.93,330.96,0.1415,0.3708,0.47475891,-0.21897200412731588,-5.0,4,Neutral,-2.8908659549228926,-1.1766750948166889,2.1491335123260926,265.56,298.36,252.7,321.57,248.96,377.98,-0.08405477184147903,0.02907598385817267,-0.12841030593591563,0.109129789949298,-0.1413099713724002,0.30369399510226613
2026-04-30,GEHC,GE HEALTHCARE TECHNOLOGIES INC.,Health Care,60.84,70.44,0.1578,0.3853,0.55871918,-0.31038701767854115,-3.0,4,Neutral,2.8081761006289225,3.195817490494294,3.768817204301072,57.66,69.77,55.58,77.65,53.4,88.88,-0.05226824457593704,0.14677843523997347,-0.0864562787639711,0.27629848783694944,-0.12228796844181467,0.46088099934253757
2026-04-30,GEN,GEN DIGITAL INC.,Information Technology,19.29,19.94,0.0337,0.5152,0.39576736,0.3017748608677582,11.0,2,Neutral,-1.2524271844660173,-1.3114754098360635,1.3215339233038355,18.0,20.32,16.89,21.12,15.9,23.77,-0.06687402799377917,0.0533955417314671,-0.12441679626749602,0.09486780715396592,-0.17573872472783825,0.23224468636599283
2026-04-30,GEOS,GEOSPACE TECHNOLOGIES ,MR Discretion,9.15,12.43,0.3585,1.1383,0.92099132,0.23595084479189254,25.0,1,Neutral,6.461538461538466,1.3568281938325988,3.1249999999999996,8.89,10.83,6.88,12.23,6.19,18.4,-0.02841530054644803,0.18360655737704912,-0.24808743169398906,0.3366120218579234,-0.3234972677595628,1.0109289617486334
2026-04-30,GEV,GE VERNOVA INC.,Industrials,1083.46,1303.24,0.2029,0.5193,0.54279705,-0.043288831433405894,-31.0,4,Sell,2.144685039370078,2.6575785582255063,1.0626841088340564,1022.5,1214.2,996.9,1313.5,767.75,1418.96,-0.056264190648478096,0.12066896793605664,-0.07989219722001739,0.21231979030144155,-0.29139054510549534,0.3096561017481032
2026-04-30,GGB,GERDAU SA,MR Discretion,4.57,4.2,-0.081,0.4594,0.33499974,0.37134434790904614,-54.0,1,Sell,-1.1428571428571441,-1.900000000000003,-4.58823529411765,4.33,4.78,3.81,4.97,3.01,4.91,-0.052516411378555894,0.045951859956236296,-0.16630196936542674,0.08752735229759279,-0.34135667396061276,0.07439824945295404
2026-04-30,GILD,"GILEAD SCIENCES, INC.",Health Care,130.84,152.77,0.1676,0.3217,0.19657403,0.636533574653783,-0.0,1,Neutral,-5.2000000000000455,1.1405405405405393,5.21220527045769,123.3,132.29,119.74,143.5,123.63,168.42,-0.05762763680831551,0.011082237847752863,-0.08483644145521252,0.096759400794864,-0.05510547233262009,0.28722103332314264
2026-04-30,GIS,"GENERAL MILLS, INC.",Consumer Staples,35.31,35.47,0.0045,0.3247,0.22718008,0.42926263605506243,-15.0,1,Neutral,-3.6031746031746343,-1.9951690821256047,1.8855932203389818,33.04,35.94,31.18,37.38,30.59,44.21,-0.06428773718493352,0.017841971112999122,-0.11696403285188339,0.05862361937128302,-0.13367318040215237,0.2520532427074482
2026-04-30,GL,GLOBE LIFE INC.,Financials,154.3,159.65,0.0347,0.2733,0.15036334,0.8175972946597221,11.0,1,Neutral,-1.496969696969704,1.1158536585365837,-1.2569279493270002,149.36,157.6,142.82,167.11,122.55,179.56,-0.03201555411535972,0.021386908619572154,-0.0744005184705121,0.08302009073233951,-0.20576798444588473,0.1637070641607259
2026-04-30,GLATF,GLOBAL ATOMIC ,MR Discretion,0.57,0.54,-0.0526,0.0,0.58200708,,-20.0,,Neutral,1.3333333333333384,1.375000000000002,1.2380952380952384,0.54,0.61,0.49,0.68,0.36,0.83,-0.05263157894736825,0.07017543859649122,-0.14035087719298245,0.19298245614035103,-0.36842105263157887,0.45614035087719307
2026-04-30,GLD,SPDR GOLD,Commodities,423.66,519.69,0.2267,0.2441,0.21289302,0.14658526615856182,2.0,1,Neutral,-1.734321550741171,-1.0902136639409148,5.3996591393267925,408.45,432.43,382.33,461.57,400.19,550.39,-0.03590143039229576,0.020700561771231696,-0.09755464287400284,0.08948213189822019,-0.055398196667138855,0.2991313789359391
2026-04-30,GLW,CORNING INC.,Information Technology,164.24,203.01,0.2361,0.6372,0.66844378,-0.04674107372201153,-25.0,3,Neutral,-2.0113100848256393,2.3236829615567123,1.3082495910259402,142.9,174.85,143.17,213.2,121.45,220.22,-0.12993180711154406,0.06460058451047246,-0.12828787140769615,0.29810034096444205,-0.2605333658061374,0.3408426692644908
2026-04-30,GM,GENERAL MOTORS COMPANY,Consumer Discretionary,76.89,84.9,0.1042,0.3399,0.34250838,-0.007615521699060435,-13.0,4,Neutral,1.4384858044164037,1.3918228279386704,1.591397849462365,73.72,81.45,71.02,85.06,66.66,93.17,-0.041227727923006885,0.05930550136558721,-0.0763428274157888,0.10625568994667711,-0.1330472103004292,0.21173104434907009
2026-04-30,GNK,GENCO SHIPPING & TRADING LIMITED,MR Discretion,24.24,24.59,0.0144,0.2361,0.41240384,-0.4275029058895281,-37.0,3,Sell,-1.2183908045976983,-1.1526104417670664,-1.5103092783505143,23.18,25.11,21.37,26.73,18.38,28.12,-0.04372937293729373,0.035891089108911034,-0.11839933993399332,0.1027227722772277,-0.2417491749174917,0.16006600660066028
2026-04-30,GNRC,GENERAC HOLDINGS INC.,Industrials,259.23,244.04,-0.0586,0.4996,0.65598229,-0.23839407310828464,-20.0,4,Neutral,-8.42558139534893,-2.9490616621983934,-2.4371654346163676,223.0,263.53,193.23,281.61,163.62,298.46,-0.13976005863518892,0.016587586313312253,-0.25460016201828506,0.08633260039347301,-0.36882305288739736,0.15133279327238336
2026-04-30,GOOGL,ALPHABET INC.,Communication Services,384.8,365.94,-0.049,0.3005,0.39294169,-0.2352554904520312,-35.0,4,Sell,,-4.316477272727282,-3.73393691588785,347.93,384.47,308.83,402.4,256.95,419.04,-0.09581600831600834,-0.0008575883575883125,-0.19742723492723502,0.04573804573804563,-0.3322505197505198,0.0889812889812891
2026-04-30,GPC,GENUINE PARTS COMPANY,Consumer Discretionary,107.23,109.28,0.0191,0.3251,0.30363171,0.0707050327516845,13.0,2,Neutral,-1.375502008032133,-1.1243589743589752,1.0730223123732243,100.38,112.21,89.69,122.83,87.51,128.39,-0.06388137648046266,0.046442226988715696,-0.16357362678354948,0.145481674904411,-0.18390375827660166,0.19733283596008566
2026-04-30,GPN,GLOBAL PAYMENTS INC.,Financials,71.96,64.87,-0.0985,0.5805,0.39562449,0.4673004696953922,-9.0,1,Neutral,-1.9318181818181703,-1.425619834710742,-1.8641732283464538,66.01,75.04,61.61,79.22,53.02,82.12,-0.08268482490272355,0.04280155642023353,-0.1438299055030572,0.10088938299055039,-0.26320177876598094,0.1411895497498612
2026-04-30,GREK,GLBL X MSCI GREECE,Foreign,69.95,75.09,0.0735,0.2715,0.31163246,-0.12878138561047192,-58.0,3,Sell,-1.5116279069767502,-1.2719298245614028,-1.0182767624020894,67.35,71.67,62.7,75.65,58.25,81.44,-0.037169406719085196,0.02458899213724086,-0.10364546104360262,0.08148677626876344,-0.16726233023588277,0.1642601858470336
2026-04-30,GRMN,GARMIN LTD,Consumer Discretionary,251.14,276.95,0.1028,0.3118,0.28448706,0.09600767078826022,-47.0,1,Sell,1.0582928521859822,2.178479931682326,1.385741265344665,236.73,266.39,227.72,302.16,208.78,309.84,-0.05737835470255637,0.06072310265190728,-0.09325475830214214,0.20315361949510247,-0.16867086087441263,0.23373417217488246
2026-04-30,GS,"THE GOLDMAN SACHS GROUP, INC.",Financials,923.77,967.97,0.0478,0.3079,0.27212081,0.13148274106636682,-27.0,1,Sell,1.484798000832986,1.0271688432835826,-1.3376150876150867,899.76,959.42,838.01,1011.86,743.62,1058.45,-0.02599131818526257,0.03859185728049197,-0.09283696158134602,0.09535923444147354,-0.1950160754300313,0.1457938664386158
2026-04-30,GWW,"W.W. GRAINGER, INC.",Industrials,1161.35,1180.8,0.0167,0.308,0.22075091,0.39523773650582017,-57.0,1,Sell,-1.3724205699312018,1.7065582959641308,-1.3892865215098307,1119.45,1191.88,1089.99,1283.13,976.95,1294.08,-0.036078701511172206,0.026288371292030988,-0.061445731261032366,0.10486072243509725,-0.15878072932363185,0.11428940457226511
2026-04-30,HAL,HALLIBURTON COMPANY,Energy,42.3,40.56,-0.0411,0.3816,0.31776002,0.20090626882513418,-22.0,1,Neutral,-2.4851485148514705,-2.4189723320158083,-2.2780847145488026,39.79,43.31,36.18,44.83,29.93,47.73,-0.05933806146572096,0.02387706855791971,-0.14468085106382977,0.05981087470449187,-0.29243498817966895,0.12836879432624104
2026-04-30,HAS,"HASBRO, INC.",Consumer Discretionary,95.84,102.31,0.0675,0.3854,0.42878633,-0.10118403261596509,-34.0,4,Sell,-1.3701799485861177,-1.0164930555555567,1.1517006802721081,90.51,99.73,84.13,107.36,81.14,112.77,-0.055613522537562576,0.04058848080133548,-0.12218280467445752,0.12020033388981632,-0.15338063439065108,0.1766485809682803
2026-04-30,HBAN,HUNTINGTON BANCSHARES INC.,Financials,16.76,16.81,0.003,0.3178,0.22110015,0.4373576860983588,-49.0,1,Sell,-1.8750000000000167,-1.0979020979020995,-1.2480620155038777,15.86,17.24,15.19,18.19,13.54,19.34,-0.05369928400954671,0.028639618138424527,-0.09367541766109799,0.0853221957040573,-0.19212410501193333,0.15393794749403322
2026-04-30,HCA,"HCA HEALTHCARE, INC.",Health Care,434.45,527.14,0.2134,0.2969,0.40589529,-0.2685305611700989,-0.0,4,Neutral,-2.15584415584415,1.3451344936708858,7.4374453193350805,401.25,449.85,383.89,502.46,411.59,604.47,-0.07641846012199327,0.03544711704453918,-0.11637702842674646,0.15654275520773386,-0.052618252963517076,0.3913453792150996
2026-04-30,HD,"THE HOME DEPOT, INC.",Consumer Discretionary,328.8,341.82,0.0396,0.3247,0.31383902,0.03460685035276989,-18.0,2,Neutral,-1.0598503740648404,1.2028374233128842,1.5876705406771097,316.05,340.83,302.72,360.17,289.22,391.64,-0.03877737226277367,0.03658759124087574,-0.0793187347931873,0.09540754257907547,-0.12037712895377128,0.1911192214111921
2026-04-30,HIG,THE HARTFORD FINANCIAL SERVICES GROUP,Financials,136.81,145.32,0.0622,0.2294,0.22422742,0.023068454339794764,-39.0,2,Sell,-1.1710261569416487,1.5791457286432136,1.5350957155879676,130.99,141.78,128.85,149.38,125.84,153.65,-0.042540749945179424,0.03632775381916531,-0.05818288136832106,0.09187924859293917,-0.08018419706161828,0.12309041736715165
2026-04-30,HII,"HUNTINGTON INGALLS INDUSTRIES, INC.",Industrials,364.29,424.36,0.1649,0.493,0.29613894,0.6647591161094855,-8.0,1,Neutral,-3.73174366616991,-1.304041720990876,2.9295137580098,339.25,371.0,314.28,402.64,311.23,519.73,-0.06873644623788744,0.01841939114441793,-0.13728073787367223,0.10527327129484743,-0.145653188393862,0.4266930192978122
2026-04-30,HLT,HILTON WORLDWIDE HOLDINGS INC.,Consumer Discretionary,324.07,339.52,0.0477,0.2616,0.30817182,-0.1511229028014307,-70.0,4,Sell,1.353846153846154,2.1660698299015237,-1.1865001095770324,307.82,346.07,301.73,372.46,269.93,369.7,-0.050143487518128804,0.0678865677168512,-0.06893572376338442,0.14931959144629237,-0.16706267164501498,0.14080291295090563
2026-04-30,HLX,"HELIX ENERGY SOLUTIONS GROUP, INC.",MR Discretion,10.35,10.05,-0.029,0.4367,0.36468507,0.19747156087305684,-61.0,1,Sell,-1.2499999999999973,1.0396825396825402,-1.8496732026143778,9.55,10.99,9.09,11.66,7.52,11.88,-0.07729468599033806,0.061835748792270495,-0.12173913043478257,0.12657004830917873,-0.2734299516908213,0.14782608695652177
2026-04-30,HON,HONEYWELL INTERNATIONAL INC.,Industrials,214.33,234.7,0.095,0.2717,0.26000856,0.044965596517283934,18.0,2,Neutral,-3.053406998158394,1.1635449977158512,2.497875955819878,197.75,219.76,192.44,239.8,190.79,273.13,-0.07735734614846268,0.025334764148742472,-0.10213222600662542,0.1188354406755936,-0.10983063500209966,0.2743433023841739
2026-04-30,HOOD,"ROBINHOOD MARKETS, INC.",Financials,72.89,95.27,0.307,0.5911,0.8114096,-0.27151465794834073,-11.0,4,Neutral,3.8719806763285023,2.4490909090909088,2.4569892473118276,68.75,88.92,61.89,99.83,52.43,123.16,-0.05679791466593498,0.21992042804225553,-0.15091233365345036,0.3695980244203594,-0.2806969405954177,0.6896693647962684
2026-04-30,HPE,HEWLETT PACKARD ENTERPRISE COMPANY,Information Technology,28.77,27.54,-0.0428,0.5401,0.32144291,0.6802361576430476,-56.0,1,Sell,1.2628205128205132,1.6064981949458483,-2.3475177304964534,27.21,30.74,26.0,33.22,18.84,33.0,-0.054223149113659996,0.06847410497045536,-0.09628084810566562,0.15467500868960715,-0.34515119916579773,0.14702815432742433
2026-04-30,HPQ,HP INC.,Information Technology,20.86,19.21,-0.0791,0.5161,0.44805798,0.15185985528033674,1.0,2,Neutral,-1.9374999999999991,-1.363095238095238,-2.632075471698112,19.31,21.66,18.57,22.54,15.28,22.98,-0.07430488974113136,0.038350910834132446,-0.10977948226270373,0.08053691275167774,-0.2674976030680729,0.1016299137104506
2026-04-30,HRL,HORMEL FOODS ,Consumer Staples,21.47,21.74,0.0126,0.2618,0.24060992,0.08806818937473548,35.0,2,Buy,-1.2183908045976983,-1.2499999999999978,1.622047244094489,20.41,22.34,19.52,23.03,18.93,25.59,-0.04937121564974378,0.040521658127619986,-0.0908244061481136,0.07265952491849093,-0.11830461108523516,0.19189566837447614
2026-04-30,HSIC,"HENRY SCHEIN, INC.",Health Care,74.59,79.22,0.0621,0.3666,0.20482877,0.7897876357896403,16.0,1,Neutral,1.8237547892720276,3.0870646766169068,1.6485549132947956,71.98,79.35,70.57,87.0,65.94,88.85,-0.034991285695133434,0.06381552486928532,-0.053894623944228615,0.1663761898377798,-0.11596728784019317,0.19117844215042212
2026-04-30,HST,"HOST HOTELS & RESORTS, INC.",Real Estate,21.13,20.09,-0.0492,0.3365,0.20471765,0.6437273483747006,-43.0,1,Sell,1.6444444444444515,1.5468750000000033,-2.895424836601305,20.68,21.87,19.85,23.11,16.7,22.66,-0.021296734500709902,0.03502129673450072,-0.060577378135352467,0.09370563180312352,-0.20965451964032178,0.07240889730241373
2026-04-30,HSY,THE HERSHEY COMPANY,Consumer Staples,185.74,213.19,0.1478,0.3272,0.25896085,0.2635114535652783,6.0,1,Neutral,-1.2418879056047218,1.6348039215686239,5.24643423137876,177.32,192.52,169.42,212.42,173.12,251.95,-0.04533218477441592,0.03650263809626364,-0.08786475718746645,0.14364164961774506,-0.06794443846236675,0.35646602778076875
2026-04-30,HUBB,HUBBELL INC.,Industrials,508.17,558.93,0.0999,0.373,0.38748086,-0.03737180721649058,-13.0,4,Neutral,43.17763157894623,2.123374747182894,1.2883397491618018,506.65,573.8,438.95,655.15,427.64,611.92,-0.0029911250172187653,0.12914969400003917,-0.13621425900781237,0.2892339177834189,-0.15847059055040646,0.20416396087923316
2026-04-30,HUM,HUMANA INC.,Health Care,236.44,196.63,-0.1684,0.4147,0.41310232,0.0038675164061048317,-2.0,2,Neutral,1.1395209580838332,-1.37284423761292,-8.688927943760987,219.74,255.47,186.29,272.97,137.56,247.82,-0.0706310268990018,0.08048553544239545,-0.21210455083742175,0.1545000845880562,-0.4182033496870242,0.04813060395872104
2026-04-30,HWM,HOWMET AEROSPACE INC.,Industrials,243.04,295.78,0.217,0.4772,0.38387735,0.2431053824874012,53.0,1,Buy,-2.555183946488287,1.3998508019395748,2.9608421052631586,227.76,249.02,216.23,280.57,219.29,313.36,-0.06287030941408822,0.024605003291639393,-0.11031105990783407,0.15441902567478616,-0.09772053982883477,0.2893350888742594
2026-04-30,HYD,VANECK:HIGH YIELD MUNI,Bonds,51.1,51.38,0.0055,0.0702,0.03184426,1.2044789233601283,-24.0,1,Neutral,1.0886075949367093,-1.0618556701030952,-1.5401785714285714,50.31,51.96,49.04,53.04,47.65,53.34,-0.015459882583170215,0.016829745596868895,-0.04031311154598827,0.03796477495107631,-0.06751467710371828,0.043835616438356206
2026-04-30,HYG,ISHARES:IBOXX $HY CORP,Bonds,80.38,80.74,0.0045,0.0739,0.04171821,0.7714086965859752,-43.0,1,Sell,1.0081967213114795,-1.3123209169054402,-1.4147727272727202,79.16,81.61,75.8,83.87,75.4,83.9,-0.015177904951480414,0.015302314008459827,-0.05697934809654137,0.04341876088579255,-0.061955710375715234,0.04379198805673057
2026-04-30,IBKR,"INTERACTIVE BROKERS GROUP, INC.",Financials,79.5,83.38,0.0488,0.3747,0.37405103,0.0017349771767771749,-61.0,1,Sell,-1.4878048780487811,-1.2105263157894743,-1.3780564263322879,73.4,83.6,69.38,87.86,57.52,95.45,-0.07672955974842766,0.051572327044025146,-0.12729559748427677,0.10515723270440258,-0.27647798742138363,0.20062893081761013
2026-04-30,IBM,INTERNATIONAL BUSINESS MACHINES ,Information Technology,230.98,265.63,0.15,0.3495,0.39932325,-0.12476921892226422,-12.0,4,Neutral,-1.5353383458646594,-1.0496819145713407,2.411888849806545,210.56,244.28,196.33,263.99,202.55,299.55,-0.08840592259070046,0.0575807429214652,-0.15001298813750097,0.14291280630357606,-0.12308424971859022,0.2968655294830722
2026-04-30,ICE,"INTERCONTINENTAL EXCHANGE, INC.",Financials,158.09,165.71,0.0482,0.2932,0.24291172,0.2070228641088212,-5.0,1,Neutral,-2.4802431610942297,-1.2062182741116751,1.3135632183908044,149.93,161.38,139.08,173.85,136.34,186.66,-0.051616168005566454,0.02081093048263649,-0.12024796002277183,0.09969004997153519,-0.1375798595736606,0.18071984312733247
2026-04-30,ICL,ICL GROUP LTD,MR Discretion,5.49,5.6,0.02,0.5391,0.37201909,0.4491191836418933,-28.0,2,Sell,-1.2173913043478297,-1.5500000000000023,-1.2068965517241377,5.21,5.72,4.87,5.89,4.44,6.36,-0.051001821493624866,0.041894353369763104,-0.1129326047358834,0.07285974499089254,-0.1912568306010929,0.1584699453551912
2026-04-30,IDXX,"IDEXX LABORATORIES, INC.",Health Care,560.8,599.72,0.0694,0.4697,0.31937922,0.4706654991517607,35.0,2,Buy,-1.2633262260127902,-1.205102551275636,1.936822660098525,537.1,579.56,512.62,600.78,479.6,718.07,-0.04226105563480731,0.033452211126961506,-0.0859129814550641,0.07129101283880179,-0.14479315263908688,0.28043865905848797
2026-04-30,IEF,ISHARES:7-10 TRS BD ETF,Bonds,94.98,97.39,0.0254,0.0641,0.04428988,0.4472832168432159,5.0,1,Neutral,1.1530612244897867,1.1798780487804845,1.5950413223140432,94.0,96.11,91.7,98.85,91.35,100.77,-0.010317961676142406,0.011897241524531532,-0.034533586018109075,0.04074542008843962,-0.03821857233101711,0.06096020214782061
2026-04-30,IEX,IDEX ,Industrials,217.85,204.49,-0.0613,0.2604,0.28135978,-0.07449458483369575,-23.0,4,Neutral,-1.1848290598290585,-1.6683789954337884,-2.5392303848075937,206.76,227.21,188.62,235.37,167.04,237.86,-0.05090658710121643,0.042965343126004196,-0.1341748909800321,0.08042230892816171,-0.23323387652054173,0.0918521918751436
2026-04-30,IFF,INTERNATIONAL FLAVORS & FRAGRANCES INC.,Materials,70.2,73.77,0.0509,0.4207,0.34833433,0.20774774051124956,5.0,1,Neutral,1.129411764705882,1.58815028901734,1.6369230769230763,67.65,73.08,63.28,81.19,60.45,86.16,-0.03632478632478631,0.04102564102564088,-0.09857549857549863,0.15655270655270637,-0.13888888888888884,0.2273504273504272
2026-04-30,INCY,INCYTE ,Health Care,95.27,108.71,0.1411,0.3609,0.26545352,0.3595600465196318,24.0,1,Neutral,2.8825396825396896,1.4680555555555561,2.1385869565217406,92.12,104.35,88.07,105.84,84.23,118.88,-0.03306392358559873,0.09530807179594825,-0.07557468248136878,0.11094783247612061,-0.11588117980476531,0.24782197963682173
2026-04-30,INDA,ISHARES:MSCI INDIA,Foreign,49.42,48.53,-0.018,0.2197,0.19854247,0.1065642529782167,-43.0,1,Sell,-1.2252252252252254,-1.0154525386313467,-1.367957746478874,48.06,50.53,44.82,53.95,41.65,55.1,-0.02751922298664511,0.022460542290570595,-0.09307972480777016,0.09166329421286923,-0.1572237960339944,0.11493322541481188
2026-04-30,INTC,INTEL ,Information Technology,94.48,75.93,-0.1963,0.7257,0.97671085,-0.2569960700242042,-60.0,4,Sell,1.217391304347826,-1.6853317102860628,-19.65676567656765,85.28,105.68,66.79,110.91,34.92,97.51,-0.09737510584250642,0.11854360711261647,-0.29307790008467394,0.17389923793395412,-0.630397967823878,0.0320702794242167
2026-04-30,INTU,INTUIT INC.,Information Technology,388.5,393.18,0.012,0.5977,0.54035237,0.10613006101925682,21.0,2,Neutral,1.3915763135946613,-1.1363636363636362,1.4740503533568905,364.52,421.87,316.0,452.3,297.94,521.99,-0.06172458172458173,0.08589446589446581,-0.1866151866151866,0.16422136422136435,-0.23310167310167307,0.34360360360360365
2026-04-30,INVH,INVITATION HOMES INC.,Real Estate,28.77,26.35,-0.0841,0.2923,0.23035498,0.2689111387997778,-2.0,2,Neutral,-1.4880952380952384,-1.8433734939759028,-4.893129770992371,27.52,29.61,25.71,30.43,22.36,30.08,-0.04344803614876602,0.029197080291970767,-0.10636079249217933,0.05769899200556128,-0.2228015293708725,0.0455335418839069
2026-04-30,IP,INTERNATIONAL PAPER COMPANY,Materials,30.42,37.25,0.2245,0.7573,0.53381208,0.41866403622787995,38.0,2,Buy,4.624999999999987,2.1662404092071608,4.802857142857142,29.54,34.49,26.51,38.89,26.92,47.23,-0.028928336620644424,0.13379355687048,-0.12853385930309003,0.27843523997370156,-0.11505588428665348,0.5525969756738986
2026-04-30,IQV,IQVIA HOLDINGS INC,Health Care,158.37,170.82,0.0786,0.5352,0.39516412,0.354373975046115,23.0,2,Neutral,-1.1298315163528247,-1.0492594977462975,1.8298342541436463,146.97,168.46,125.78,189.43,131.22,208.05,-0.07198333017616976,0.06371156153311874,-0.2057839237229273,0.19612300309402042,-0.17143398370903584,0.31369577571509755
2026-04-30,IR,INGERSOLL RAND INC.,Industrials,79.86,85.67,0.0728,0.3761,0.44504183,-0.15491089904964672,-13.0,4,Neutral,1.139954853273139,1.7027363184079587,1.8007085916740466,75.43,84.91,71.82,93.55,68.57,100.19,-0.05547207613323302,0.06323566240921608,-0.10067618332081152,0.1714249937390433,-0.14137240170298027,0.2545704983721513
2026-04-30,IRM,IRON MOUNTAIN INC.,Real Estate,125.99,117.3,-0.069,0.3443,0.41613435,-0.1726229762094862,-43.0,4,Sell,-23.413333333333316,-1.58100084817642,-2.815374056280026,108.43,126.74,107.35,137.78,84.97,140.56,-0.13937614096356843,0.005952853401063551,-0.1479482498611001,0.09357885546471945,-0.32558139534883723,0.1156440987379952
2026-04-30,ISRG,"INTUITIVE SURGICAL, INC.",Health Care,457.61,493.27,0.0779,0.3077,0.37254295,-0.17405496466917447,-22.0,4,Neutral,2.1208869814019984,1.4145179372197298,1.9288465065101759,443.63,487.26,421.93,508.08,403.08,562.79,-0.030550031686370493,0.06479316448504169,-0.07797032407508575,0.11029042197504424,-0.11916260571228787,0.22984637573479594
2026-04-30,IT,"GARTNER, INC.",Information Technology,148.49,137.75,-0.0723,0.7389,0.43978737,0.6801301046912738,23.0,1,Neutral,1.3228571428571416,-1.325544554455446,-1.0979079497907955,141.49,157.75,115.02,173.74,109.13,184.34,-0.04714122163108625,0.06236110175769416,-0.22540238399892254,0.17004512088356116,-0.26506835477136514,0.24143039935349186
2026-04-30,ITW,ILLINOIS TOOL WORKS INC.,Industrials,258.01,280.22,0.0861,0.2856,0.26778707,0.0665190070603483,7.0,2,Neutral,2.1922563417890597,1.5352667382742582,2.2047451669595794,250.52,274.43,230.08,300.89,235.25,308.19,-0.029029882562691345,0.06364094414945165,-0.10825161815433504,0.1661951087167164,-0.08821363513042124,0.19448858571373195
2026-04-30,IVZ,INVESCO LTD.,Financials,26.21,26.33,0.0046,0.3849,0.3854648,-0.001465244037847202,-54.0,3,Sell,-1.3663366336633715,-3.1071428571428648,-1.4578059071729963,24.83,27.22,22.73,27.33,19.3,30.95,-0.05265165967188101,0.03853491033956491,-0.1327737504769172,0.042731781762685994,-0.2636398321251431,0.18084700495993888
2026-04-30,IWD,ISHARES:RUSS 1000 VL ETF,Sector & Style ETFs,231.25,224.84,-0.0277,0.149,0.11501081,0.2955303940560021,-53.0,1,Sell,-1.8521303258145287,-1.3870728083209491,-3.075842696629211,223.86,235.24,212.58,244.71,198.4,241.93,-0.03195675675675669,0.017254054054054002,-0.08073513513513508,0.05820540540540553,-0.14205405405405402,0.04618378378378374
2026-04-30,IWF,ISHARES:RUSS 1000 GR ETF,Sector & Style ETFs,119.27,117.05,-0.0186,0.215,0.15768149,0.3635081708068588,-43.0,1,Sell,1.854671280276816,1.0278310940499034,-2.110932475884242,116.38,124.63,108.85,129.98,93.01,131.71,-0.024230736983315126,0.04494005198289597,-0.08736480254883883,0.08979626058522672,-0.22017271736396404,0.10430116542298995
2026-04-30,IWM,ISHARES:RUSS 2000 ETF,Sector & Style ETFs,277.97,271.85,-0.022,0.2176,0.16469802,0.32120592585144614,-43.0,1,Sell,-1.0068259385665597,-1.1397139713971443,-2.770179948586121,269.12,286.76,257.25,296.15,224.09,297.42,-0.03183796812605688,0.03162211749469357,-0.07454041803072287,0.06540274130301804,-0.1938338669640609,0.06997157966687051
2026-04-30,J,JACOBS SOLUTIONS INC.,Industrials,129.41,133.73,0.0334,0.3754,0.26667586,0.4077014694918393,3.0,2,Neutral,-5.064327485380091,-1.4869565217391283,1.1793361884368314,120.75,131.12,117.44,137.46,110.73,151.44,-0.06691909435128662,0.0132138165520439,-0.09249671586430719,0.06220539370991429,-0.1443474229194034,0.17023413955644862
2026-04-30,JBHT,"J. B. HUNT TRANSPORT SERVICES, INC.",Industrials,251.53,240.37,-0.0444,0.3627,0.32309386,0.12258400701269911,-30.0,2,Sell,1.4252767527675287,1.5712166172106832,-2.635289774824659,240.69,266.98,231.31,283.3,180.14,278.62,-0.043096250944221426,0.061424084602234474,-0.08038802528525424,0.12630700115294413,-0.28382300322029186,0.10770087067149059
2026-04-30,JBL,JABIL INC.,Information Technology,337.49,341.21,0.011,0.5068,0.27774039,0.824725600766961,-42.0,1,Sell,1.7829872739450765,1.6797082228116686,-2.5939696214010426,322.56,364.11,307.33,388.15,223.07,381.6,-0.044238347802897926,0.07887641115292299,-0.08936561083291361,0.15010815135263256,-0.3390322676227444,0.13070016889389313
2026-04-30,JCI,JOHNSON CONTROLS INTERNATIONAL PLC,Industrials,146.03,155.4,0.0642,0.4262,0.28039143,0.520017926368149,-52.0,1,Sell,-3.3148936170212813,-1.090152565880722,-1.1142857142857148,138.24,148.38,130.31,160.45,122.24,167.38,-0.05334520304047108,0.016092583715674902,-0.10764911319591863,0.09874683284256647,-0.16291173046634255,0.14620283503389708
2026-04-30,JKHY,"JACK HENRY & ASSOCIATES, INC.",Financials,153.75,159.88,0.0399,0.3198,0.25861161,0.2366034146726823,20.0,2,Neutral,-1.8787185354691074,-1.855319148936169,1.4370648098553847,145.54,158.12,136.31,163.15,135.08,180.58,-0.05339837398373992,0.028422764227642228,-0.11343089430894304,0.06113821138211395,-0.12143089430894305,0.1745040650406504
2026-04-30,JNJ,JOHNSON & JOHNSON,Health Care,229.85,254.39,0.1068,0.2374,0.16930163,0.40223103581459907,37.0,2,Buy,-4.836734693877526,-1.0785204412719018,2.5715571557155723,220.37,231.81,213.23,245.26,207.63,286.99,-0.04124428975418748,0.008527300413313066,-0.07230802697411354,0.06704372416793558,-0.09667174244072219,0.2485969110289319
2026-04-30,JNK,SPDR BBG HIGH YIELD BD,Bonds,96.83,96.6,-0.0024,0.0626,0.0409721,0.5278689644904706,-43.0,1,Sell,1.0204081632653068,-1.3709677419354835,-1.4552683896620262,95.36,98.33,90.88,101.17,89.51,101.86,-0.015181245481772132,0.015491066818134946,-0.06144789837860165,0.04482081999380361,-0.07559640607249818,0.05194671073014567
2026-04-30,JPM,JPMORGAN CHASE & CO.,Financials,313.23,322.69,0.0302,0.2527,0.193415,0.3065170746839696,-29.0,1,Sell,-1.291054739652871,1.1993107409534731,-1.3727093318297163,303.56,320.72,295.82,334.11,264.54,348.7,-0.030871883280656487,0.02391214123806784,-0.05558216007406702,0.06666028158222392,-0.155444880758548,0.11323947259202494
2026-04-30,KDP,KEURIG DR PEPPER INC.,Consumer Staples,29.4,27.5,-0.0646,0.254,0.36139905,-0.2971757950110826,-60.0,4,Sell,1.3149606299212617,-1.485185185185183,-1.9291553133514974,28.13,31.07,25.39,32.1,22.32,33.07,-0.04319727891156466,0.056802721088435426,-0.13639455782312915,0.09183673469387754,-0.24081632653061225,0.12482993197278924
2026-04-30,KEY,KEYCORP,Financials,22.11,21.96,-0.0068,0.2859,0.19181168,0.49052445607066253,-57.0,1,Sell,-1.147058823529414,1.0048543689320395,-1.81992337164751,21.33,22.79,20.05,24.18,17.36,24.72,-0.03527815468113982,0.03075531433740397,-0.09317051108095875,0.09362279511533234,-0.21483491632745366,0.11804613297150612
2026-04-30,KEYS,"KEYSIGHT TECHNOLOGIES, INC.",Information Technology,349.91,357.94,0.0229,0.5564,0.30717173,0.8113646070229186,-41.0,1,Sell,-3.0035928143712747,2.2800546448087404,-1.9070996978851977,324.83,358.26,320.63,416.67,248.91,402.87,-0.07167557371895639,0.023863279128918835,-0.08367866022691561,0.1907919179217512,-0.2886456517390187,0.15135320510988537
2026-04-30,KHC,THE KRAFT HEINZ COMPANY,Consumer Staples,22.66,22.07,-0.026,0.5237,0.25554783,1.0493228214851213,-20.0,1,Neutral,-4.1724137931034635,-1.5347222222222214,-1.3076923076923075,21.45,22.95,20.45,24.1,19.09,25.39,-0.05339805825242727,0.01279788172992058,-0.09752868490732569,0.06354810238305397,-0.1575463371579876,0.12047661076787297
2026-04-30,KIM,KIMCO REALTY .,Real Estate,23.64,24.34,0.0296,0.3053,0.14814091,1.060875689233987,-24.0,1,Neutral,2.4749999999999828,1.4935064935064948,-1.0618181818181824,23.24,24.63,22.1,25.94,20.72,26.39,-0.016920473773265776,0.04187817258883242,-0.06514382402707275,0.09729272419627755,-0.12351945854483937,0.11632825719120143
2026-04-30,KKR,KKR & CO. INC.,Financials,104.34,99.31,-0.0482,0.4919,0.42172218,0.16640770471214017,-33.0,2,Sell,-1.798113207547171,-1.7494949494949517,-1.9849537037037035,94.81,109.64,87.02,114.24,70.04,121.62,-0.0913360168679318,0.05079547632739123,-0.16599578301705964,0.0948821161587119,-0.32873298830745634,0.16561242093156991
2026-04-30,KLAC,KLA ,Information Technology,1750.35,1964.76,0.1225,0.5097,0.47998162,0.06191566252057745,-26.0,1,Sell,3.9547991071428603,2.1340284566091032,-1.161792037562359,1696.59,1962.96,1566.21,2143.31,1275.27,2159.27,-0.030713857228554242,0.12146713514439966,-0.10520181677950113,0.22450367069443256,-0.27142000171394287,0.23362184705915956
2026-04-30,KMB,KIMBERLY-CLARK ,Consumer Staples,98.43,96.87,-0.0158,0.3246,0.27588307,0.17658542802209642,-65.0,2,Sell,-1.2996632996633048,-1.5792682926829318,1.0460122699386494,94.57,101.4,88.07,104.99,82.13,115.48,-0.03921568627450989,0.030173727522097016,-0.10525246367977259,0.06664634765823418,-0.1655999187239664,0.17321954688611196
2026-04-30,KMI,"KINDER MORGAN, INC.",Energy,32.87,37.03,0.1266,0.266,0.21875072,0.2159959976360306,39.0,2,Buy,,-1.8260869565217335,2.2836879432624158,30.48,32.72,29.51,34.71,30.05,39.31,-0.07271067843017942,-0.004563431700638887,-0.1022208700943108,0.05597809552783706,-0.08579251597201087,0.19592333434742937
2026-04-30,KO,THE COCA-COLA COMPANY,Consumer Staples,78.76,82.78,0.051,0.1682,0.21408361,-0.21432565528953862,-18.0,4,Neutral,-1.0586319218241065,-1.2642857142857153,1.2565379825653784,75.51,81.83,71.68,84.36,70.73,88.85,-0.041264601320467276,0.038979177247333574,-0.08989334687658712,0.0711020822752666,-0.10195530726256985,0.12811071609954272
2026-04-30,KR,THE KROGER CO.,Consumer Staples,68.07,75.19,0.1046,0.2653,0.2676442,-0.008758643004406652,8.0,3,Neutral,-6.624999999999986,1.2127272727272747,2.683168316831691,63.83,68.71,62.57,74.74,63.02,81.62,-0.06228882033201111,0.009402086087850758,-0.08079917731746722,0.09798736594681956,-0.07418833553694715,0.1990597913912151
2026-04-30,KVUE,KENVUE INC.,Consumer Staples,17.53,17.32,-0.012,0.3218,0.22540214,0.4276705624888919,-39.0,2,Sell,-1.0847457627118657,-1.0215827338129504,1.066465256797582,16.89,18.12,16.11,18.92,14.22,21.06,-0.03650884198516835,0.03365658870507704,-0.08100399315459217,0.07929264118653734,-0.18881916714204228,0.20136908157444355
2026-04-30,L,LOEWS ,Financials,112.61,117.41,0.0426,0.2488,0.14979186,0.6609714306238001,-40.0,1,Sell,-1.700507614213196,1.3327586206896564,-1.2845036319612582,109.26,114.58,106.81,120.34,102.0,120.87,-0.029748690169611902,0.017494005860935857,-0.05150519492052208,0.06864399254062703,-0.0942189858804724,0.07335050173164026
2026-04-30,LDOS,"LEIDOS HOLDINGS, INC.",Industrials,149.22,168.52,0.1293,0.3965,0.25503984,0.5546590681675458,14.0,2,Neutral,-8.16197183098599,-2.5470297029702946,3.3505747126436822,137.63,150.64,128.64,157.3,135.3,195.86,-0.07767055354510122,0.00951615065004674,-0.13791716928025743,0.05414823750167552,-0.09328508242862876,0.31255863825224517
2026-04-30,LEN,LENNAR ,Consumer Discretionary,90.3,88.73,-0.0174,0.3905,0.3138549,0.24420552299804799,-45.0,1,Sell,2.6814516129032238,1.2230854605993349,1.3103092783505161,87.82,96.95,81.29,101.32,70.9,115.72,-0.027464008859357736,0.07364341085271331,-0.0997785160575857,0.12203765227021046,-0.2148394241417496,0.2815060908084164
2026-04-30,LH,LABORATORY  OF AMERICA HOLDINGS,Health Care,256.8,285.83,0.113,0.2988,0.26375495,0.13286973381921374,15.0,2,Neutral,1.2639999999999973,2.8275862068965507,3.0452039691289947,245.55,271.02,246.36,286.32,238.66,312.04,-0.04380841121495327,0.05537383177570088,-0.04065420560747668,0.11495327102803721,-0.07063862928348918,0.21510903426791272
2026-04-30,LHX,"L3HARRIS TECHNOLOGIES, INC.",Industrials,320.55,382.57,0.1935,0.3061,0.2485313,0.23163561289865697,-0.0,2,Neutral,-2.0283842794759877,1.2650299024236684,6.145722713864312,301.97,329.71,288.78,360.74,303.6,424.72,-0.05796287630634844,0.02857588519731702,-0.0991109031352364,0.1253782561222898,-0.052877866167524545,0.3249727031664327
2026-04-30,LII,LENNOX INTERNATIONAL INC.,Industrials,534.89,527.07,-0.0146,0.4137,0.43140563,-0.041041722149059545,-53.0,3,Sell,-1.656370656370657,-1.9965213358070493,-1.4519632414369255,491.99,560.79,448.8,578.01,395.85,630.65,-0.08020340630783895,0.04842117070799601,-0.16094898016414583,0.0806147058273663,-0.2599412963413038,0.1790274635906448
2026-04-30,LIN,LINDE PUBLIC LIMITED COMPANY,Materials,501.14,514.88,0.0274,0.2872,0.17466721,0.6442696943519051,-31.0,1,Sell,4.925407925407966,1.9716484406642394,-1.1044131455399062,496.85,522.27,476.45,549.82,442.33,554.39,-0.008560482100810063,0.04216386638464309,-0.049267669713054185,0.0971385241649041,-0.11735243644490567,0.10625773237019587
2026-04-30,LITE,LUMENTUM HOLDINGS INC.,Information Technology,902.32,1233.69,0.3672,1.0704,0.88665476,0.2072342565442271,6.0,1,Neutral,-7.31624927198604,1.6201632942846993,1.3269013199245754,776.7,919.49,761.47,1130.52,584.12,1324.54,-0.13921890238496315,0.01902872595088212,-0.1560976150367941,0.2529036262079971,-0.35264651121553336,0.46792712119868773
2026-04-30,LLY,ELI LILLY AND COMPANY,Health Care,934.6,978.85,0.0473,0.3617,0.45915427,-0.2122473346485484,-5.0,4,Neutral,,-3.840793030940227,1.3738206847445567,833.91,923.67,806.74,967.89,766.07,1166.13,-0.10773592980954427,-0.01169484271346033,-0.13680719024181465,0.03561951637063987,-0.18032313289107638,0.2477316499037021
2026-04-30,LMT,LOCKHEED MARTIN ,Industrials,517.97,634.37,0.2247,0.316,0.28329647,0.11543924285396145,-0.0,2,Neutral,-8.121212121212203,1.203774136922176,7.836050724637679,469.73,523.91,449.61,600.26,484.85,777.5,-0.09313280691931969,0.011467845628124973,-0.131976755410545,0.15887020483811787,-0.06394192713863733,0.5010521844894491
2026-04-30,LNT,ALLIANT ENERGY ,Utilities,73.43,78.37,0.0673,0.2489,0.15341124,0.622436530726171,29.0,1,Buy,-3.107843137254916,-1.2452830188679263,1.0212443095599373,70.26,74.45,68.15,77.67,66.84,80.16,-0.04317036633528537,0.013890780335012787,-0.07190521585183174,0.057742067274955566,-0.08974533569385812,0.09165191338689893
2026-04-30,LOW,"LOWE'S COMPANIES, INC.",Consumer Discretionary,238.79,253.17,0.0602,0.3486,0.32614176,0.06886036305194398,5.0,2,Neutral,1.1510204081632673,1.327218641546853,1.421497584541063,228.99,250.07,218.62,265.56,205.67,285.87,-0.041040244566355355,0.04723815905188666,-0.08446752376565181,0.11210687214707482,-0.13869927551405004,0.1971606851208174
2026-04-30,LQD,ISHARES:IBOXX $IG CORP,Bonds,108.85,111.37,0.0232,0.0706,0.04989358,0.4150117109255338,5.0,1,Neutral,1.1739130434782616,1.0426621160409557,1.2526315789473719,107.24,110.74,102.99,114.96,102.2,117.18,-0.014790996784565857,0.017363344051446905,-0.05383555351401015,0.05613229214515392,-0.06109324758842438,0.07652733118971078
2026-04-30,LRCX,LAM RESEARCH ,Information Technology,257.86,290.47,0.1265,0.6459,0.52368414,0.23337705052515068,-1.0,1,Neutral,-1.3188494492044092,1.1764223194748356,-1.119652125122739,236.31,274.2,221.3,300.87,178.04,329.15,-0.0835724811913442,0.06336771891724191,-0.14178236252229892,0.1667959357791049,-0.309547816644691,0.2764678507717364
2026-04-30,LULU,LULULEMON ATHLETICA INC.,Consumer Discretionary,137.7,153.82,0.1171,0.522,0.58513436,-0.10789720159315197,-0.0,4,Neutral,1.250853242320823,2.405426975259381,2.4413069786204127,125.98,152.36,125.17,167.84,112.91,198.22,-0.08511256354393604,0.10646332607116937,-0.09099491648511249,0.2188816267247642,-0.1800290486564996,0.4395061728395062
2026-04-30,LUV,SOUTHWEST AIRLINES CO.,Industrials,37.92,43.11,0.1369,0.4574,0.4886491,-0.06394997964797244,-7.0,3,Neutral,-1.0265486725663726,1.1498316498316492,2.4878419452887526,35.6,40.18,31.98,44.75,31.34,54.29,-0.06118143459915615,0.05959915611814348,-0.15664556962025322,0.1801160337552743,-0.17352320675105493,0.43169831223628674
2026-04-30,LVS,LAS VEGAS SANDS CORP.,Consumer Discretionary,54.61,56.25,0.03,0.3429,0.37622584,-0.08857934904205411,27.0,4,Buy,-1.745387453874537,-1.5374677002583996,1.0234505862646568,49.88,57.32,48.66,58.48,42.67,66.83,-0.08661417322834641,0.04962461087712877,-0.10895440395531963,0.07086614173228334,-0.21864127449185122,0.2237685405603369
2026-04-30,LYB,LYONDELLBASELL INDUSTRIES NV,Materials,74.6,77.56,0.0397,0.5691,0.63813934,-0.10818850315669304,31.0,4,Buy,-5.537190082644583,1.035467980295568,-1.090790048013967,67.9,75.81,64.45,85.11,49.61,97.51,-0.08981233243967812,0.016219839142091352,-0.1360589812332439,0.1408847184986597,-0.33498659517426266,0.30710455764075073
2026-04-30,LYV,"LIVE NATION ENTERTAINMENT, INC.",Communication Services,157.94,171.81,0.0878,0.43,0.38000397,0.13156712546976812,-47.0,1,Sell,-3.6911764705882337,-1.131924198250729,1.3521882741535922,147.9,160.66,142.41,171.66,133.72,190.69,-0.06356844371280224,0.017221729770799055,-0.09832847916930476,0.08686843104976583,-0.15334937317968844,0.20735722426237801
2026-04-30,MA,MASTERCARD INC..,Financials,502.92,521.88,0.0377,0.2517,0.25572245,-0.015729749187058162,-42.0,4,Sell,3.443494776828094,1.720242337847471,1.198670738279144,492.39,539.18,474.86,551.19,447.25,569.65,-0.02093772369362923,0.07209894217768231,-0.05579416209337473,0.09597947983774757,-0.11069354966992762,0.13268511890559131
2026-04-30,MAA,"MID-AMERICA APARTMENT COMMUNITIES, INC.",Real Estate,129.18,129.09,-0.0007,0.2602,0.2571829,0.011731339836357657,-20.0,2,Neutral,1.0228215767634854,-1.638386648122393,-1.2641363284275764,124.36,134.11,117.4,136.37,112.86,142.09,-0.03731227744232857,0.03816380244619921,-0.09119058677813907,0.05565877070753977,-0.12633534602879704,0.09993807090880935
2026-04-30,MAR,"MARRIOTT INTERNATIONAL, INC.",Consumer Discretionary,361.69,369.47,0.0215,0.365,0.31299767,0.1661428661753297,-33.0,2,Sell,1.0345043914680057,2.0194537972315745,-1.5141509433962264,345.75,378.18,334.96,415.67,287.86,410.45,-0.044070889435704586,0.04559152865713734,-0.07390306616163023,0.14924382758716037,-0.20412507948795922,0.13481157897647145
2026-04-30,MAS,MASCO ,Industrials,71.82,68.08,-0.0521,0.3722,0.50061848,-0.2565196554469983,-60.0,4,Sell,5.010989010989032,1.2674632352941189,-2.1279317697228115,70.0,80.94,60.94,85.61,51.86,81.2,-0.025341130604288442,0.12698412698412698,-0.151489835700362,0.1920077972709553,-0.27791701475912,0.1306042884990255
2026-04-30,MCD,MCDONALD'S ,Consumer Discretionary,293.59,320.49,0.0916,0.2411,0.18822404,0.2809203330244108,13.0,2,Neutral,-1.9250720461095046,2.3565147881694677,4.024250159540534,280.23,300.53,281.08,323.07,277.92,356.65,-0.0455056371129805,0.023638407302700948,-0.04261044313498419,0.10041213937804438,-0.05337375251200638,0.21478933206171869
2026-04-30,MCHI,ISHARES:MSCI CHINA,Foreign,57.57,62.1,0.0787,0.2179,0.17525457,0.2433341966489091,-26.0,1,Sell,-1.7881355932203389,-1.3003300330032992,1.5389048991354473,55.46,58.75,53.63,60.6,50.63,68.25,-0.03665103352440502,0.02049678652075726,-0.06843842278964729,0.05263157894736836,-0.12054889699496263,0.18551328817092227
2026-04-30,MCHP,MICROCHIP TECHNOLOGY INC.,Information Technology,92.91,72.99,-0.2144,0.6165,0.46791699,0.3175413869883206,-46.0,2,Sell,-1.1012658227848104,-1.5764802631578954,-11.312661498707996,86.82,98.44,73.74,105.07,49.13,96.78,-0.06554730384242824,0.059519965558066934,-0.20632870519857927,0.13087934560327197,-0.47120869658809594,0.04165321278656764
2026-04-30,MCK,MCKESSON ,Health Care,815.2,951.18,0.1668,0.3712,0.18381093,1.019466415843715,-20.0,1,Neutral,1.0889399409254978,1.744229931775291,4.9348452123830056,784.73,848.38,746.31,935.36,759.64,1089.38,-0.0373773307163886,0.040701668302256966,-0.0845068694798824,0.1473994111874386,-0.06815505397448485,0.33633464180569184
2026-04-30,MCO,MOODY'S ,Financials,461.85,456.98,-0.0105,0.3031,0.24268948,0.24892104923542613,-19.0,1,Neutral,1.1637982195845655,-1.1578266494178524,-1.2665660377358494,445.0,481.46,390.25,523.69,377.94,528.1,-0.03648370683122226,0.042459673054021874,-0.15502868896827982,0.13389628667316233,-0.1816823644040273,0.1434448413987226
2026-04-30,MDLZ,"MONDELEZ INTERNATIONAL, INC.",Consumer Staples,61.44,58.67,-0.0451,0.2371,0.2646598,-0.10413292838579946,-27.0,4,Sell,-3.1313868613138576,-4.134831460674154,-2.3844580777096103,57.15,62.81,54.08,63.22,49.78,66.33,-0.06982421875,0.02229817708333348,-0.11979166666666663,0.02897135416666674,-0.18977864583333326,0.07958984375
2026-04-30,MDT,MEDTRONIC PUBLIC LIMITED COMPANY,Health Care,80.97,87.7,0.0831,0.2666,0.23838748,0.11834732260268033,41.0,2,Buy,-1.6126126126126126,1.0822510822510834,3.6274165202108977,77.39,83.19,74.04,88.47,75.28,101.61,-0.044213906385080826,0.027417562060022327,-0.08558725453871796,0.0926268988514265,-0.07027294059528222,0.25490922563912566
2026-04-30,MDY,SPDR S&P MIDCAP 400 ETF,Sector & Style ETFs,664.17,649.11,-0.0227,0.1788,0.14655346,0.2200326078961219,-53.0,1,Sell,1.1046153846153874,1.1157871783689501,-1.9677828054298627,647.92,682.12,618.31,715.34,555.45,719.42,-0.024466627520062678,0.02702621316831544,-0.0690485869581583,0.07704352801240666,-0.16369303039884353,0.08318653356821293
2026-04-30,MET,"METLIFE, INC.",Financials,80.1,74.47,-0.0703,0.3442,0.20981337,0.6405055597743843,-66.0,1,Sell,-1.826815642458092,-1.890557939914156,-7.24691358024689,76.83,81.89,71.29,84.76,62.49,82.53,-0.04082397003745308,0.022347066167290874,-0.10998751560549302,0.0581772784019976,-0.21985018726591754,0.030337078651685445
2026-04-30,META,"META PLATFORMS, INC.",Communication Services,611.91,664.93,0.0866,0.3574,0.45928126,-0.22182760080391706,-53.0,3,Sell,,2.3795591182364744,1.2218562874251502,623.48,702.85,562.01,730.65,478.31,775.15,0.01890800934778003,0.14861662662809905,-0.0815479400565442,0.19404814433495132,-0.21833276135379387,0.2667712572110279
2026-04-30,MGM,MGM RESORTS INTERNATIONAL,Consumer Discretionary,38.94,38.14,-0.0205,0.373,0.2620405,0.4234440859332813,-20.0,1,Neutral,5.645161290322604,3.20125786163523,-2.1108433734939727,38.32,42.44,37.35,44.03,30.18,43.09,-0.015921931176168358,0.08988186954288646,-0.04083204930662554,0.1307139188495121,-0.2249614791987673,0.10657421674370848
2026-04-30,MKC,"MCCORMICK & COMPANY, INC.",Consumer Staples,50.84,53.17,0.0458,0.3544,0.32555441,0.08860451314420836,-8.0,1,Neutral,1.120930232558135,-1.0325900514579769,2.03131991051454,48.69,53.25,44.82,56.67,41.9,69.0,-0.042289535798583855,0.04740361919748226,-0.11841070023603473,0.11467348544453193,-0.17584579071597173,0.35719905586152634
2026-04-30,MLM,"MARTIN MARIETTA MATERIALS, INC.",Materials,619.07,625.28,0.01,0.3056,0.2549446,0.19869179421725325,-48.0,1,Sell,-1.6983032873807136,-1.1702344546381254,-1.026912327916366,587.04,637.93,538.71,687.74,519.86,715.68,-0.051738898670586675,0.030465052417335547,-0.12980761464777812,0.11092445119291838,-0.16025651380296257,0.15605666564362664
2026-04-30,MMM,3M COMPANY,Industrials,146.52,164.05,0.1196,0.28,0.22671972,0.23500505381710957,-3.0,1,Neutral,-1.3296296296296366,-1.0751173708920192,2.3585987261146473,139.34,151.92,130.49,161.43,130.82,183.55,-0.049003549003549085,0.03685503685503666,-0.10940485940485944,0.1017608517608517,-0.10715260715260722,0.2527300027300028
2026-04-30,MNST,MONSTER BEVERAGE ,Consumer Staples,77.07,78.12,0.0136,0.3818,0.2428641,0.5720726118022383,-22.0,1,Neutral,2.410526315789509,-1.1828410689170155,1.1614005123825804,76.12,79.36,68.66,84.18,65.36,90.67,-0.012326456468145675,0.029713247696899092,-0.10912157778642784,0.09225379525107069,-0.15193979499156607,0.176462955754509
2026-04-30,MO,"ALTRIA GROUP, INC.",Consumer Staples,72.65,74.22,0.0216,0.2255,0.29948847,-0.24704947739724337,-20.0,4,Neutral,-14.680851063829834,-3.5390070921985917,-1.4219269102990035,65.75,73.12,62.67,75.47,59.81,81.68,-0.09497591190640065,0.006469373709566462,-0.13737095664143162,0.038816242257398326,-0.17673778389538886,0.12429456297315888
2026-04-30,MOS,THE MOSAIC COMPANY,Materials,23.27,26.16,0.1242,0.5273,0.34266713,0.5388111488837579,4.0,1,Neutral,-2.21538461538461,1.3839662447257384,2.7150000000000007,21.83,23.92,20.9,26.55,19.27,34.13,-0.06188225182638596,0.027932960893854775,-0.10184787279759355,0.1409540180489901,-0.17189514396218308,0.46669531585732726
2026-04-30,MP,MP MATERIALS CORP,MR Discretion,66.04,69.91,0.0586,0.7287,0.75415025,-0.03374692244682009,-53.0,3,Sell,-1.5523012552301316,-1.4071428571428595,-1.040476190476191,58.62,70.82,54.22,74.44,35.45,95.44,-0.11235614778921876,0.07238037552998167,-0.17898243488794674,0.12719563900666242,-0.4632041187159297,0.445184736523319
2026-04-30,MPC,MARATHON PETROLEUM ,Energy,248.29,247.14,-0.0046,0.4416,0.40580004,0.08822069115616649,-2.0,2,Neutral,-5.206165703275529,-1.9897560975609725,-1.7233814874264297,221.27,253.48,207.5,268.79,183.87,285.67,-0.10882435861291229,0.020902976358290637,-0.16428370051149865,0.08256474284103277,-0.25945466994240607,0.15054976036086853
2026-04-30,MPWR,"MONOLITHIC POWER SYSTEMS, INC.",Information Technology,1614.41,1496.99,-0.0727,0.7101,0.51825506,0.37017475526432864,-54.0,1,Sell,-1.101215381550113,1.1222077640425068,-5.737570850202429,1503.87,1714.79,1337.75,1924.88,905.82,1737.91,-0.06847083454636693,0.06217751376663916,-0.1713691069802591,0.1923117423702776,-0.43891576489243744,0.07649853506853899
2026-04-30,MRK,"MERCK & CO., INC.",Health Care,109.18,117.55,0.0767,0.3645,0.27286692,0.3358160087708688,13.0,2,Neutral,-1.2169014084507073,2.6771799628942468,2.345311130587201,104.86,112.73,103.79,123.61,97.77,135.94,-0.03956768638944863,0.03251511265799589,-0.0493680161201685,0.13216706356475538,-0.10450631983879843,0.24509983513463984
2026-04-30,MRNA,"MODERNA, INC.",Health Care,45.94,51.32,0.1171,0.7574,0.4241986,0.7854844405427082,28.0,1,Buy,1.832807570977922,4.725694444444452,2.207419898819562,42.77,51.75,43.06,59.55,34.08,72.12,-0.06900304745319974,0.1264693077927732,-0.06269046582498905,0.29625598606878545,-0.2581628210709621,0.5698737483674359
2026-04-30,MRSH,"MARSH & MCLENNAN COMPANIES, INC.",Financials,167.71,180.4,0.0757,0.2931,0.32385583,-0.09496765891168302,-13.0,4,Neutral,1.6627737226277366,1.5236907730673301,1.9685960591132994,160.86,179.1,155.68,186.04,151.47,199.68,-0.0408443145906624,0.06791485302009415,-0.07173096416433133,0.10929580824041496,-0.09683382028501586,0.19062667700196756
2026-04-30,MS,MORGAN STANLEY,Financials,190.59,191.95,0.0071,0.3049,0.26759658,0.13940170685290543,-40.0,1,Sell,1.2814814814814823,-1.0357917570498913,-2.512820512820515,183.84,199.24,171.49,209.03,144.53,208.92,-0.0354163387376043,0.045385382234115035,-0.10021512146492473,0.09675219056613682,-0.24167060181541533,0.09617503541633865
2026-04-30,MSCI,MSCI INC.,Financials,591.41,591.7,0.0005,0.3014,0.2853919,0.056091641003126025,-48.0,2,Sell,2.2636315510852314,1.1431804465902236,-1.8989954337899537,572.52,634.17,525.13,667.18,487.44,646.16,-0.031940616492788454,0.07230178725418912,-0.11207115199269535,0.1281175495848903,-0.1758002062866708,0.09257537072420141
2026-04-30,MSFT,MICROSOFT ,Information Technology,407.78,407.37,-0.001,0.3084,0.33245982,-0.07236910613739733,-63.0,4,Sell,8.545977011494303,1.7692307692307707,-1.4036056521032954,402.56,452.39,369.56,475.4,321.36,469.35,-0.012801020157928278,0.10939722399332985,-0.09372700966207259,0.16582470940212857,-0.21192800039236837,0.1509882779930356
2026-04-30,MSI,"MOTOROLA SOLUTIONS, INC.",Information Technology,439.03,479.03,0.0911,0.3322,0.17636578,0.8835853531223574,13.0,1,Neutral,-2.927792915531316,1.380415430267064,1.9747201852566587,417.54,446.37,405.33,485.55,387.21,541.36,-0.04894881898731285,0.016718675261371718,-0.07676013028722406,0.10596086827779438,-0.11803293624581468,0.23308202172972248
2026-04-30,MTB,M&T BANK ,Financials,218.63,229.31,0.0488,0.2866,0.19885996,0.4412152149683628,-31.0,1,Sell,-1.7706237424547253,-1.0394610202117418,-1.0394489668127738,209.83,223.6,197.03,239.41,185.43,250.57,-0.04025065178612264,0.022732470383753478,-0.09879705438411923,0.09504642546768505,-0.15185473173855368,0.14609157023281338
2026-04-30,MTD,METTLER-TOLEDO INTERNATIONAL INC.,Health Care,1276.61,1315.01,0.0301,0.3912,0.30888617,0.26648596795382584,3.0,2,Neutral,-1.9680824327720425,-1.2477515566146495,1.0565176863072179,1198.3,1316.4,1114.29,1406.7,1072.78,1491.96,-0.06134214834601015,0.03116848528524785,-0.12714924683341033,0.10190269541990116,-0.15966505040693713,0.16868894964006254
2026-04-30,MTUM,ISHARES:MSCI USA MOM FCT,Sector & Style ETFs,283.98,264.58,-0.0683,0.2402,0.19636766,0.2232156761454509,-53.0,1,Sell,-1.4973262032085737,-1.2476031679866608,-8.326923076923087,275.58,289.59,254.05,307.97,214.7,292.3,-0.02957954785548289,0.019754912317768714,-0.10539474610888089,0.08447778012536089,-0.243960842312839,0.029297837875906785
2026-04-30,MU,"MICRON TECHNOLOGY, INC.",Information Technology,517.16,533.93,0.0324,0.7803,0.61239089,0.2741861656367879,-41.0,1,Sell,4.284218399401668,-1.3835598705501617,-1.4693123295970911,503.79,574.44,410.28,594.41,274.65,682.21,-0.025852734163508306,0.11075875937814228,-0.20666718230334902,0.1493735014308919,-0.4689264444272566,0.31914687910898
2026-04-30,MUB,ISHARES:NATL MUNI BOND,Bonds,107.13,107.74,0.0057,0.0475,0.02376414,0.9988099716631866,-20.0,1,Neutral,-1.1090909090908994,1.1296703296703305,-1.2120481927710829,105.91,108.23,102.58,112.27,102.1,111.28,-0.011388033230654293,0.01026789881452439,-0.04247176327826008,0.04797909082423235,-0.0469523009427798,0.0387379818911604
2026-04-30,NCLH,NORWEGIAN CRUISE LINE HOLDINGS LTD.,Consumer Discretionary,18.18,20.34,0.1188,0.5835,0.5288751,0.10328506673881965,17.0,1,Neutral,-1.8072289156626467,1.205761316872428,2.140625,16.68,19.01,15.75,21.11,14.34,26.4,-0.08250825082508251,0.04565456545654567,-0.13366336633663367,0.16116611661166114,-0.21122112211221122,0.4521452145214522
2026-04-30,NDAQ,"NASDAQ, INC.",Financials,91.91,92.05,0.0015,0.282,0.28364571,-0.005801991505529958,-46.0,3,Sell,-1.4897360703812326,-1.7525195968644993,-1.8350622406639001,86.83,95.32,76.26,100.84,74.22,101.55,-0.055271461212055284,0.037101512349037025,-0.17027526928517023,0.09716026547709733,-0.19247089544119245,0.10488521379610494
2026-04-30,NDSN,NORDSON ,Industrials,288.45,278.33,-0.0351,0.3041,0.2033207,0.49566669798008767,-50.0,1,Sell,-2.3812260536398355,-1.4207048458149767,-1.6753282275711159,276.02,293.67,262.65,306.61,227.2,325.01,-0.043092390362281185,0.01809672386895489,-0.08944357774310974,0.06295718495406488,-0.21234182700641357,0.12674640318946095
2026-04-30,NDX,NASDAQ 100 INDEX,Indices,27452.12,26347.99,-0.0402,0.0,0.15226828,,-51.0,,,1.6357606743125754,-1.2439067239178832,-4.48512002693623,27017.9,28162.4,25044.75,29387.45,21591.01,28758.91,-0.015817357639409946,0.025873411598084317,-0.08769340947074389,0.07049838045294865,-0.21350300086113572,0.04760251667266502
2026-04-30,NEE,"NEXTERA ENERGY, INC.",Utilities,97.88,101.7,0.039,0.2744,0.32214139,-0.14820011175838055,-67.0,4,Sell,-2.0885245901639236,-1.722,-1.4929270946681177,91.51,100.93,89.27,102.88,84.16,107.07,-0.06507968941561082,0.031160604822231486,-0.0879648549243972,0.05108295872496926,-0.14017163874131588,0.09389047813649354
2026-04-30,NEM,NEWMONT ,Materials,111.09,142.22,0.2802,0.4825,0.57248238,-0.1571793004354125,11.0,4,Neutral,1.0454545454545439,1.2919212491513914,2.8621736490588945,105.37,117.07,96.36,130.12,94.62,158.23,-0.05148978305878116,0.053830227743271175,-0.13259519308668655,0.17130254748402196,-0.14825816905211986,0.4243406247186965
2026-04-30,NFLX,"NETFLIX, INC.",Communication Services,93.61,107.84,0.152,0.2913,0.42408748,-0.3131134170714024,-11.0,4,Neutral,-2.4140435835351113,1.2044352044352047,2.1029082774049224,83.64,97.74,79.18,110.99,80.2,121.81,-0.10650571520136731,0.044119218032261376,-0.15415019762845839,0.18566392479435945,-0.14325392586262153,0.3012498664672578
2026-04-30,NI,NISOURCE INC.,Utilities,48.28,52.75,0.0926,0.2905,0.18049315,0.6094793625132033,-14.0,1,Neutral,-1.0642857142857167,1.2536231884057982,1.3032786885245877,46.79,49.68,45.52,51.74,44.62,53.05,-0.030861640430820292,0.028997514498757315,-0.05716652858326421,0.07166528583264298,-0.07580778790389398,0.0987986743993372
2026-04-30,NKE,"NIKE, INC.",Consumer Discretionary,44.36,46.56,0.0496,0.3553,0.59648463,-0.4043434111621619,-11.0,3,Neutral,1.7905405405405435,-1.2625899280575528,1.7892938496583142,42.88,47.01,37.34,49.92,35.58,60.07,-0.03336339044183945,0.05973850315599627,-0.15825067628494127,0.1253381424706943,-0.19792605951307485,0.3541478809738503
2026-04-30,NOC,NORTHROP GRUMMAN ,Industrials,579.48,706.27,0.2188,0.2921,0.30610814,-0.0457620630408585,-0.0,4,Neutral,-3.4470435347628405,1.4097084630625527,13.22661330665332,526.43,594.87,508.82,679.09,559.49,843.88,-0.09154759439497495,0.026558293642576114,-0.12193690895285436,0.17189549251052672,-0.0344964450887002,0.45627113964243793
2026-04-30,NORW,GLBL X MSCI NORWAY ETF,Foreign,38.57,41.01,0.0633,0.0,0.19636766,,11.0,,Neutral,-3.34615384615383,1.3026315789473673,-1.1297071129707108,36.83,39.09,36.29,41.54,33.17,43.35,-0.045112781954887216,0.013481980814104233,-0.059113300492610876,0.07700285195747991,-0.14000518537723616,0.12393051594503501
2026-04-30,NOV,NOV INC.,MR Discretion,20.46,20.55,0.0044,0.3833,0.27840712,0.3767607667505053,-49.0,1,Sell,1.7333333333333278,-1.170454545454548,-1.4827586206896561,19.86,21.5,18.4,22.22,16.16,23.36,-0.029325513196481023,0.050830889540566915,-0.10068426197458469,0.08602150537634401,-0.21016617790811343,0.14173998044965774
2026-04-30,NOW,"SERVICENOW, INC.",Information Technology,88.31,97.07,0.0992,0.6213,0.88347986,-0.29675816265919186,26.0,4,Buy,-1.0969162995594723,1.163436692506459,2.6369193154034223,78.35,97.39,72.83,106.32,71.95,131.45,-0.11278450911561555,0.10281961272789042,-0.17529158645679999,0.2039406635715093,-0.185256482844525,0.4885063979164306
2026-04-30,NQ=F,NASDAQ 100 FUTURES,Futures,27589.25,26497.74,-0.0396,0.0,0.13445708,,-51.0,,,2.547796974950672,-1.1302299283829618,-4.651113520313154,27254.71,28441.59,25370.36,29552.47,21969.17,28797.58,-0.012125737379595325,0.030893917014779282,-0.0804258905189521,0.07115887528656994,-0.20370542874489161,0.04379713112897243
2026-04-30,NRG,"NRG ENERGY, INC.",Utilities,155.58,179.18,0.1517,0.5521,0.48450585,0.13951152498984287,-46.0,1,Sell,-1.1033138401559486,1.4930655188904811,2.1253551136363624,144.26,165.84,134.67,186.8,127.42,215.43,-0.07275999485795104,0.06594677979174701,-0.1344003085229466,0.20066846638385405,-0.1810001285512277,0.3846895487851909
2026-04-30,NSC,NORFOLK SOUTHERN ,Industrials,315.83,315.82,-0.0,0.2598,0.29720254,-0.12584865526384814,-63.0,4,Sell,1.9696969696969742,1.1692259479786913,-1.4916258696212312,305.93,335.33,283.92,353.14,257.94,354.64,-0.03134597726625077,0.06174207643352436,-0.10103536712788519,0.11813317290947656,-0.18329481049931917,0.1228825634043631
2026-04-30,NTAP,"NETAPP, INC.",Information Technology,110.77,107.64,-0.0283,0.4393,0.33796827,0.2998261641544042,6.0,2,Neutral,1.2064393939393945,-1.0335861321776803,-1.899587345254469,105.49,117.14,101.23,120.0,83.15,125.31,-0.04766633565044687,0.05750654509343689,-0.08612440191387549,0.08332581023742902,-0.24934549065631484,0.13126297734043524
2026-04-30,NTRS,NORTHERN TRUST ,Financials,166.34,166.64,0.0018,0.3178,0.34300049,-0.07347071136837147,-49.0,4,Sell,3.1746031746031735,1.253770491803279,-2.556270096463025,162.56,178.34,151.09,185.46,126.59,181.89,-0.02272454009859326,0.0721413971383913,-0.09167969219670558,0.1149452927738368,-0.23896837802092097,0.09348322712516532
2026-04-30,NUE,NUCOR ,Materials,225.29,198.58,-0.1186,0.3668,0.29045587,0.2628424414352515,-39.0,2,Sell,2.2106038291605357,-1.3346566097657804,-11.137022397891958,218.5,240.3,191.67,250.48,140.76,232.88,-0.03013893204314433,0.06662523858138414,-0.14922988148608463,0.11181144302898494,-0.37520529095832045,0.03368991078165928
2026-04-30,NVDA,NVIDIA ,Information Technology,199.57,214.31,0.0739,0.4457,0.33806352,0.3183912893056311,-36.0,1,Sell,,2.298537234042554,-1.1063687150837986,202.15,226.85,184.53,234.14,150.06,244.32,0.012927794758731403,0.13669389186751513,-0.07536202836097605,0.17322242822067446,-0.24808337926542057,0.22423209901287766
2026-04-30,NVR,"NVR, INC.",Consumer Discretionary,6315.87,6956.22,0.1014,0.0,0.36389134,,8.0,,Neutral,1.1627259700176371,1.979612208987547,2.5189681991012804,5952.99,6737.8,5724.83,7485.9,5621.55,8064.84,-0.05745526744534013,0.06680473157300582,-0.09358014018654592,0.18525238803205246,-0.10993259835937086,0.27691671931182893
2026-04-30,NWSA,NEWS CORP.,Communication Services,26.32,25.6,-0.0274,0.4349,0.16885714,1.5755499589771569,-43.0,1,Sell,1.74242424242424,1.1055555555555552,-2.4111675126903567,25.66,27.47,22.72,30.3,21.57,28.29,-0.025075987841945313,0.043693009118541015,-0.13677811550151986,0.15121580547112456,-0.18047112462006076,0.07484802431610937
2026-04-30,NXPI,NXP SEMICONDUCTORS NV,Information Technology,293.59,234.71,-0.2006,0.4568,0.92148343,-0.5042775755609626,-13.0,4,Neutral,-5.2828402366863605,-5.3129290617848905,,248.95,302.04,200.72,311.07,163.72,291.67,-0.1520487755032528,0.028781634251847876,-0.316325487925338,0.05953881262985794,-0.4423515787322456,-0.006539732279709609
2026-04-30,O,REALTY INCOME ,Real Estate,64.24,66.58,0.0364,0.2231,0.14499775,0.538644565174287,-16.0,2,Neutral,-2.6090909090908867,-1.0642201834862373,1.1112696148359498,61.37,65.34,59.6,68.6,57.23,72.03,-0.044676214196762154,0.017123287671233056,-0.07222914072229136,0.0678704856787049,-0.10912204234122036,0.1212640099626403
2026-04-30,ODFL,"OLD DOMINION FREIGHT LINE, INC.",Industrials,212.43,222.21,0.046,0.4095,0.36374847,0.12577793110717406,22.0,2,Neutral,3.196652719665263,4.493930905695608,1.031607976240984,205.26,235.35,201.72,260.56,165.29,261.06,-0.03375229487360554,0.10789436520265494,-0.05041660782375379,0.2265687520595019,-0.22190839335310464,0.22892246857788434
2026-04-30,OEF,ISHARES:S&P 100,Sector & Style ETFs,354.8,346.08,-0.0246,0.1408,0.12439264,0.1318997651307987,-64.0,1,Sell,1.5353037766830735,-1.0757231990924565,-2.546908315565034,348.71,364.15,316.87,390.06,283.13,382.94,-0.017164599774520894,0.026352874859075337,-0.10690529875986476,0.09937993235625697,-0.20200112739571596,0.0793122886133033
2026-04-30,OKE,"ONEOK, INC.",Energy,92.46,96.51,0.0438,0.3099,0.29332916,0.05649230373141223,1.0,2,Neutral,-4.3809523809523405,-2.0874999999999964,-1.2339999999999993,86.02,93.93,80.77,98.06,73.95,107.46,-0.06965174129353235,0.015898767034393302,-0.12643305213065104,0.06056673155959347,-0.20019467878001285,0.16223231667748217
2026-04-30,OMC,OMNICOM GROUP INC.,Communication Services,76.72,77.88,0.0151,0.3199,0.185446,0.7250304670901504,3.0,1,Neutral,-1.24778761061947,-1.2359033371691597,1.3240832507433098,72.49,80.11,65.98,85.41,66.63,90.08,-0.055135557872784235,0.04418665276329503,-0.13998957247132426,0.11326903023983315,-0.13151720542231493,0.17413972888425433
2026-04-30,ON,ON SEMICONDUCTOR ,Information Technology,100.81,83.41,-0.1726,0.7022,0.56130672,0.2510094302808277,-42.0,1,Sell,3.8006430868167187,-1.0372928176795582,,97.7,112.63,78.28,122.53,49.08,100.6,-0.03085011407598448,0.11725027279039768,-0.22348973316139276,0.21545481599047722,-0.5131435373474854,-0.0020831266739411713
2026-04-30,ORCL,ORACLE ,Information Technology,161.39,180.93,0.1211,0.6253,0.63809172,-0.020046835900017768,-5.0,4,Neutral,2.537944284341981,2.699436443331247,1.3353342993169124,150.98,187.81,145.42,204.5,113.08,225.9,-0.06450213767891444,0.1637028316500404,-0.09895284714046715,0.26711692174236323,-0.29933700972798805,0.3997149761447427
2026-04-30,ORLY,"O'REILLY AUTOMOTIVE, INC.",Consumer Discretionary,99.4,99.13,-0.0027,0.274,0.32766572,-0.1637819177422648,-28.0,4,Sell,,-10.217741935483915,-2.4156050955414012,89.41,98.96,86.73,100.64,84.23,105.68,-0.10050301810865203,-0.004426559356136894,-0.12746478873239442,0.01247484909456742,-0.15261569416499,0.06317907444668003
2026-04-30,OTIS,OTIS WORLDWIDE ,Industrials,77.88,81.24,0.0431,0.2518,0.22416393,0.12328508872948474,-3.0,1,Neutral,-1.9851485148514705,-1.0296912114014252,2.002322880371662,73.87,79.9,69.21,86.3,69.27,95.12,-0.05148947098099632,0.02593733949666177,-0.11132511556240376,0.10811504879301492,-0.11055469953775043,0.2213662044170519
2026-04-30,OXY,OCCIDENTAL PETROLEUM ,Energy,60.58,62.65,0.0342,0.4028,0.42048396,-0.04205620590140946,11.0,4,Neutral,-3.2774193548386994,-1.2959770114942508,-1.0116129032258063,55.5,62.13,51.56,67.54,44.9,76.08,-0.08385605810498509,0.025586001980851814,-0.14889402443050503,0.11488940244305068,-0.2588312974579069,0.2558600198085177
2026-04-30,PAM,PAMPA ENERGIA SA,MR Discretion,82.87,91.71,0.1067,0.4373,0.2469121,0.7710756175983275,11.0,1,Neutral,-3.0327868852459106,-1.4108391608391624,1.3292547274749715,77.32,84.7,74.8,88.59,64.89,106.77,-0.0669723663569447,0.022082780258235735,-0.09738144081090871,0.06902377217328337,-0.216966332810426,0.28840352359116683
2026-04-30,PANW,"PALO ALTO NETWORKS, INC.",Information Technology,179.32,172.65,-0.0372,0.5145,0.46632954,0.10329703754130604,-46.0,1,Sell,1.5979247730220527,-1.428137651821861,-3.143506493506492,171.61,191.64,151.1,199.08,130.91,194.72,-0.04299576176667397,0.06870399286192286,-0.1573722953379434,0.11019406647334384,-0.2699643096140977,0.08587999107740352
2026-04-30,PAYX,"PAYCHEX, INC.",Industrials,92.63,90.75,-0.0203,0.3836,0.2966628,0.29305056110843686,1.0,2,Neutral,-1.3631123919308332,-1.5850234009360342,-1.1683475562451513,87.9,96.1,82.47,99.04,77.57,105.52,-0.051063370398358954,0.037460865810212685,-0.10968368779013271,0.06920004318255435,-0.16258231674403545,0.13915578106444992
2026-04-30,PBR,BRAZILIAN PETROLEUM  - PETROBRAS,MR Discretion,22.03,22.53,0.0227,0.451,0.43813642,0.029359759683981412,-2.0,2,Neutral,-2.156250000000002,1.367187499999999,-1.8978978978978989,20.65,22.67,20.75,23.78,15.71,25.36,-0.06264185201997285,0.029051293690422142,-0.058102587380844395,0.07943713118474816,-0.28688152519291876,0.1511575124829776
2026-04-30,PCAR,PACCAR INC,Industrials,118.8,128.41,0.0809,0.3178,0.33130098,-0.040751403753770954,-34.0,4,Sell,2.6450777202072526,4.290993071593535,1.4854368932038835,114.94,129.01,114.47,137.38,103.35,141.75,-0.03249158249158246,0.08594276094276099,-0.036447811447811396,0.1563973063973063,-0.13005050505050508,0.19318181818181812
2026-04-30,PCG,PG&E ,Utilities,16.62,18.43,0.1089,0.3179,0.26158014,0.2153063302129894,28.0,1,Buy,-4.608695652173907,1.7382550335570466,2.3836206896551713,15.56,16.85,15.13,19.21,14.3,22.15,-0.06377858002406744,0.013838748495788256,-0.08965102286401927,0.1558363417569193,-0.13959085439229846,0.3327316486161249
2026-04-30,PEG,PUBLIC SERVICE ENTERPRISE GROUP INC.,Utilities,81.66,89.39,0.0947,0.2903,0.22286222,0.3025985292617115,-9.0,2,Neutral,-4.505154639175253,-1.5078740157480313,1.8917682926829256,77.29,82.63,74.0,86.74,75.1,94.07,-0.05351457261817283,0.011878520695566941,-0.0938035758021063,0.06220915993142295,-0.0803330884153809,0.15197158951751155
2026-04-30,PEP,"PEPSICO, INC.",Consumer Staples,158.49,162.79,0.0271,0.2419,0.19197042,0.2600899659437115,26.0,1,Buy,-3.3809523809524284,-1.030911901081917,1.1284595300261087,152.81,160.17,145.15,171.43,139.34,180.1,-0.03583822323174968,0.010600037857277922,-0.08416934822386268,0.08164552968641559,-0.12082781248028274,0.13634929648558258
2026-04-30,PFE,PFIZER INC.,Health Care,26.7,28.18,0.0554,0.286,0.20143163,0.41983659666557815,20.0,1,Neutral,-1.1756756756756739,1.6356589147286829,1.651063829787235,25.83,27.44,25.41,28.81,24.35,30.58,-0.032584269662921383,0.027715355805243425,-0.04831460674157295,0.07902621722846437,-0.08801498127340812,0.14531835205992505
2026-04-30,PFF,ISHARES:PREF AND INC SEC,Bonds,31.45,31.11,-0.0108,0.1156,0.0741657,0.5586720006687727,-43.0,1,Sell,1.0625000000000042,-1.2892561983471094,-2.243902439024388,30.81,32.13,29.89,32.66,28.69,32.68,-0.020349761526232135,0.021621621621621623,-0.049602543720190795,0.03847376788553247,-0.08775834658187598,0.03910969793322727
2026-04-30,PFG,"PRINCIPAL FINANCIAL GROUP, INC.",Financials,100.91,98.09,-0.0279,0.2658,0.20382868,0.3040363112786677,-85.0,1,Sell,1.334558823529416,-1.226790450928381,-3.2378640776698977,98.19,104.54,91.66,108.45,80.9,107.09,-0.026954712119710678,0.03597264889505514,-0.09166584084828067,0.07472004756713901,-0.19829551085125352,0.0612426915072839
2026-04-30,PG,THE PROCTER & GAMBLE COMPANY,Consumer Staples,147.09,151.54,0.0303,0.1814,0.21119445,-0.14107591368996675,-27.0,4,Sell,2.24099722991689,1.397460937499999,1.6598500340831608,143.48,155.18,136.85,161.4,132.42,171.44,-0.024542796927051524,0.05500033992793529,-0.06961724114487733,0.09728737507648377,-0.0997348562104835,0.16554490448025017
2026-04-30,PGR,THE PROGRESSIVE ,Financials,201.28,205.95,0.0232,0.282,0.25402387,0.110131894297965,-69.0,2,Sell,1.15112540192926,1.0610961365678353,1.0753938484621153,195.06,208.44,190.15,213.09,174.62,229.95,-0.03090222575516688,0.035572337042925284,-0.05529610492845782,0.05867448330683622,-0.13245230524642293,0.1424383942766294
2026-04-30,PH,PARKER-HANNIFIN ,Industrials,909.42,1003.91,0.1039,0.3218,0.35069963,-0.08240564724861565,3.0,3,Neutral,5.799315068493192,1.9635190615835776,2.0180018769729564,894.82,994.09,824.17,1076.81,792.21,1145.95,-0.016054188383805013,0.09310329660662853,-0.09374106573420427,0.18406236942226917,-0.1288843438675199,0.2600888478370831
2026-04-30,PHM,"PULTEGROUP, INC.",Consumer Discretionary,122.36,128.33,0.0488,0.32,0.37120949,-0.13795307334411078,-22.0,4,Neutral,3.3270440251572397,2.24112607099143,1.3612590799031472,119.18,132.94,114.19,140.67,101.71,150.47,-0.025988885256619798,0.08646616541353391,-0.06677018633540377,0.14964040536122902,-0.16876430205949666,0.22973193854200713
2026-04-30,PKG,PACKAGING  OF AMERICA,Materials,213.45,226.49,0.0611,0.3574,0.36530418,-0.021637255834302205,-22.0,4,Neutral,2.7627450980392196,1.0991452991453001,1.5093474426807771,208.35,227.54,190.05,239.17,185.1,256.24,-0.023893183415319763,0.06601077535722655,-0.10962754743499636,0.12049660342000479,-0.13281799016163032,0.20046849379245746
2026-04-30,PLD,"PROLOGIS, INC.",Real Estate,142.02,140.27,-0.0123,0.2751,0.2152107,0.2782821671970772,-32.0,2,Sell,-1.2040404040404085,1.1977818853974078,-1.5286236297198554,136.06,146.97,131.2,154.98,116.92,158.44,-0.04196592029291657,0.034854245880861834,-0.07618645261230828,0.09125475285171092,-0.17673567103224908,0.11561751865934355
2026-04-30,PLTR,PALANTIR TECHNOLOGIES INC.,Information Technology,139.11,188.55,0.3554,0.625,0.53543128,0.16728331598407942,25.0,1,Neutral,1.2705099778270472,1.212499999999998,3.445170321978533,130.09,150.57,121.51,160.45,117.68,212.94,-0.06484077348860617,0.08238084968729775,-0.12651858241679248,0.15340378118036058,-0.15405075120408318,0.530731076126806
2026-04-30,PM,PHILIP MORRIS INTERNATIONAL INC.,Consumer Staples,165.07,179.13,0.0852,0.2927,0.41702332,-0.2981207861469233,-33.0,4,Sell,1.2053872053872052,-1.4860377358490564,1.6035592578568725,159.13,172.23,145.38,178.32,138.66,207.42,-0.03598473374931843,0.043375537650693685,-0.11928272853940747,0.08026897679772227,-0.15999273035681827,0.25655782395347426
2026-04-30,PNC,"THE PNC FINANCIAL SERVICES GROUP, INC.",Financials,223.0,230.16,0.0321,0.2662,0.2033207,0.309261673799077,-48.0,1,Sell,-1.54931972789116,-1.0069702602230473,-1.3355728429985858,213.89,228.88,201.33,244.52,185.23,251.28,-0.04085201793721982,0.026367713004484372,-0.0971748878923766,0.09650224215246639,-0.1693721973094171,0.12681614349775794
2026-04-30,PNR,PENTAIR PUBLIC LIMITED COMPANY,Industrials,80.71,91.41,0.1326,0.3592,0.4291197,-0.16293752069643963,-2.0,4,Neutral,3.089855072463781,2.957095709570963,3.201024327784896,77.26,91.37,74.65,98.63,72.9,105.71,-0.042745632511460685,0.1320778094412094,-0.07508363275926144,0.22202948829141378,-0.09676619997521974,0.30975096022797666
2026-04-30,PNW,PINNACLE WEST CAPITAL ,Utilities,103.72,111.05,0.0707,0.2239,0.18354106,0.2198905247686811,-8.0,2,Neutral,-3.1621621621621685,-1.0,1.0882352941176472,100.21,104.83,96.82,110.62,94.88,113.34,-0.03384111068260709,0.010701889703046641,-0.06652526031623607,0.06652526031623607,-0.08522946394138065,0.0927497107597377
2026-04-30,PODD,INSULET ,Health Care,172.14,214.29,0.2449,0.6369,0.55475055,0.148083584594914,38.0,2,Buy,1.1212307692307708,1.3543583004818238,5.7326073805202755,155.89,190.36,149.31,203.06,155.61,266.9,-0.0943999070523992,0.10584408039967474,-0.13262460787730912,0.17962123852678058,-0.09602649006622499,0.5504821656790984
2026-04-30,POOL,POOL ,Consumer Discretionary,213.32,210.91,-0.0113,0.3784,0.3436831,0.10101427739682278,-58.0,2,Sell,3.0398069963811873,2.258006314839875,-1.0435974090682603,205.03,238.52,191.15,263.38,171.43,253.46,-0.038861803862741406,0.1181323832739547,-0.10392837052315762,0.23467091693230824,-0.19637164822801423,0.18816801050065646
2026-04-30,POWA,INVESCO BLOOMBERG PRICING POWER,Sector & Style ETFs,88.42,89.09,0.0076,0.1162,0.14722019,-0.21070608589759332,-58.0,3,Sell,-1.6744186046511613,-1.0680412371134047,-1.0037593984962407,85.54,90.14,83.24,93.27,80.41,96.4,-0.0325718163311467,0.019452612531101643,-0.05858403076227103,0.05485184347432703,-0.09059036417100208,0.09025107441755265
2026-04-30,PPG,"PPG INDUSTRIES, INC.",Materials,108.5,112.46,0.0365,0.3548,0.43019916,-0.17526570716688528,-11.0,4,Neutral,-1.091388400702987,1.1341807909604524,1.0721153846153852,102.29,114.19,94.34,124.56,87.7,130.8,-0.05723502304147454,0.052442396313364004,-0.13050691244239632,0.14801843317972363,-0.19170506912442398,0.20552995391705076
2026-04-30,PPL,PPL ,Utilities,37.44,41.67,0.113,0.2523,0.17604829,0.433129512362773,18.0,2,Neutral,4.318181818181842,2.4753086419753156,2.5879629629629686,36.78,40.29,35.82,41.45,35.28,43.03,-0.017628205128205066,0.07612179487179493,-0.043269230769230727,0.10710470085470103,-0.0576923076923076,0.14930555555555558
2026-04-30,PPLT,ABRDN:PHYSICAL PLATINUM,Commodities,179.8,220.93,0.2288,0.4363,0.39873589,0.09420799818145298,32.0,1,Buy,-4.239700374531863,1.1420086393088533,2.738255033557045,168.48,182.47,161.28,200.95,150.0,261.4,-0.06295884315906575,0.014849833147942082,-0.10300333704115694,0.1176307007786428,-0.16573971078976646,0.45383759733036677
2026-04-30,PRU,"PRUDENTIAL FINANCIAL, INC.",Financials,98.11,98.51,0.0041,0.34,0.26418356,0.2869839440425439,33.0,2,Buy,-2.0502793296089403,-1.759055118110238,-1.3835877862595414,90.77,101.69,86.94,104.46,83.61,108.59,-0.07481398430333308,0.036489654469473054,-0.11385179900112119,0.06472326979920484,-0.14779329324227908,0.10681887677097146
2026-04-30,PSA,PUBLIC STORAGE.,Real Estate,302.45,305.47,0.01,0.2673,0.27042224,-0.011545795937493941,-35.0,4,Sell,1.0942737430167615,1.2562043795620454,-1.3980373384394436,288.13,318.12,275.05,336.87,244.04,344.23,-0.047346668870887676,0.0518102165647214,-0.09059348652669852,0.11380393453463378,-0.1931228302198711,0.13813853529509013
2026-04-30,PSKY,PARAMOUNT SKYDANCE ,Communication Services,10.24,10.86,0.0605,0.5805,0.53465342,0.08575009208769302,-28.0,2,Sell,1.865384615384618,3.8383838383838365,1.7964285714285713,9.72,11.21,9.25,14.04,7.44,15.27,-0.05078125,0.0947265625,-0.0966796875,0.3710937499999998,-0.2734375,0.4912109375
2026-04-30,PSX,PHILLIPS 66,Energy,179.15,178.66,-0.0027,0.3845,0.39011603,-0.014395793989803507,-11.0,4,Neutral,-7.861344537815144,-2.485988791032831,-1.4967532467532472,160.44,181.53,148.1,191.64,137.66,206.87,-0.10443762210438179,0.013284956740161835,-0.17331844822774223,0.06971811331286615,-0.23159363661735977,0.15473067262070894
2026-04-30,PTC,PTC INC.,Information Technology,136.3,143.06,0.0496,0.4395,0.25830999,0.7014440672619748,29.0,1,Buy,-1.2857142857142871,-1.0522620904836206,1.9612365063788018,128.74,142.18,122.81,149.12,115.92,176.27,-0.05546588407923703,0.0431401320616287,-0.09897285399853273,0.09405722670579597,-0.1495231107850331,0.2932501834189287
2026-04-30,PWR,"QUANTA SERVICES, INC.",Industrials,727.77,692.75,-0.0481,0.4014,0.56916461,-0.2947558703623544,-15.0,4,Neutral,,-2.9069958847736608,-3.812073073868146,622.6,714.33,586.49,776.37,487.8,790.72,-0.1445099413276172,-0.018467372933756443,-0.19412726548222647,0.06677933962653038,-0.32973329485963965,0.08649710760267681
2026-04-30,PYPL,"PAYPAL HOLDINGS, INC.",Financials,50.14,46.36,-0.0754,0.4574,0.30698123,0.4899933784225179,-43.0,1,Sell,1.6698564593301417,1.0557939914163086,-2.1374622356495476,48.05,53.63,40.82,59.98,35.99,56.76,-0.04168328679696853,0.06960510570402878,-0.18587953729557238,0.19625049860390908,-0.28220981252493016,0.1320303151176705
2026-04-30,Q,"QNITY ELECTRONICS, INC.",Information Technology,140.66,217.39,0.5455,0.6386,0.44066046,0.44918833879490805,-88.0,1,Sell,1.738267148014442,1.9019488428745424,2.5946982908964076,135.12,150.29,124.24,171.89,111.99,215.05,-0.039385752879283364,0.06846296032987342,-0.11673539030285796,0.22202474050902876,-0.20382482582112893,0.5288639272003415
2026-04-30,QAT,ISHARES:MSCI QATAR,Foreign,18.78,19.16,0.0202,0.0,0.16174536,,-3.0,,Neutral,3.210526315789449,1.0956521739130398,1.1032258064516107,18.59,19.39,17.63,20.04,17.23,20.49,-0.010117145899893543,0.032481363152289555,-0.06123535676251346,0.06709265175718837,-0.08253461128860495,0.09105431309904133
2026-04-30,QCOM,QUALCOMM INC.,Information Technology,179.58,151.7,-0.1553,0.4152,0.65283914,-0.36400872043303034,-17.0,4,Neutral,-4.5950292397661,-3.5621693121693188,-6.517241379310356,148.15,186.42,125.72,194.7,107.76,190.6,-0.17501948992092664,0.03808887403942518,-0.29992204031629366,0.08419645840293999,-0.39993317741396595,0.06136540817462954
2026-04-30,QQQ,INVESCO QQQ TRUST 1,Sector & Style ETFs,667.74,642.1,-0.0384,0.1951,0.15249052,0.2794237963120594,-43.0,1,Sell,1.588388214904688,-1.1693340216830155,-3.5926548247719654,656.2,686.07,599.79,725.85,518.07,709.4,-0.017282175697127533,0.027450804205229717,-0.10176116452511463,0.08702488992721724,-0.22414412795399397,0.06238955281995984
2026-04-30,QUAL,ISHARES:MSCI USA QF,Sector & Style ETFs,207.25,201.44,-0.028,0.1526,0.12920262,0.181090600175136,-43.0,1,Sell,1.2560386473429965,-1.043567052416611,-2.2259093809827712,203.11,212.45,191.92,221.94,172.37,222.92,-0.01997587454764771,0.025090470446320845,-0.07396863691194211,0.07088057901085643,-0.16829915560916764,0.07560916767189374
2026-04-30,RCL,ROYAL CARIBBEAN CRUISES LTD.,Consumer Discretionary,263.76,303.99,0.1525,0.5203,0.48629967,0.06991641594163522,-3.0,1,Neutral,-1.5202646815549998,1.0012026458208063,2.5165624276117677,245.38,275.85,230.5,297.06,220.59,372.4,-0.06968456172277826,0.04583712465878076,-0.12609948437973917,0.12625113739763427,-0.16367151956323922,0.4118895966029723
2026-04-30,REG,REGENCY CENTERS ,Real Estate,77.85,82.59,0.0609,0.2224,0.16823803,0.32193654431165153,-16.0,2,Neutral,4.045871559633078,3.388429752066134,1.3843648208469055,76.76,82.26,75.43,86.05,71.71,86.35,-0.014001284521515611,0.056647398843930885,-0.031085420680796227,0.10533076429030186,-0.07886962106615292,0.10918432883750806
2026-04-30,REGN,"REGENERON PHARMACEUTICALS, INC.",Health Care,707.06,775.1,0.0962,0.3841,0.31168009,0.23235334024704613,11.0,2,Neutral,1.1098659195517337,1.50498802873105,1.8401967930029157,657.09,762.52,656.94,782.49,597.3,909.04,-0.07067292733289954,0.07843747348174146,-0.07088507340253991,0.10668118688654449,-0.1552343506915962,0.28566175430656515
2026-04-30,RF,REGIONS FINANCIAL ,Financials,28.55,28.31,-0.0084,0.2934,0.21584568,0.3593044808679977,-36.0,1,Sell,-1.3235294117647096,-1.1609195402298857,-1.597826086956523,27.65,29.23,25.52,31.16,22.67,32.23,-0.031523642732049106,0.0238178633975481,-0.1061295971978985,0.09141856392294212,-0.20595446584938704,0.12889667250437808
2026-04-30,RIG,TRANSOCEAN LTD,MR Discretion,6.82,6.78,-0.0059,0.6605,0.50061848,0.3193679945654424,6.0,2,Neutral,-1.2307692307692328,-1.518987341772152,-1.175438596491229,6.18,7.34,5.62,7.61,4.81,8.53,-0.09384164222873903,0.07624633431085037,-0.1759530791788857,0.1158357771260996,-0.2947214076246335,0.2507331378299118
2026-04-30,RJF,"RAYMOND JAMES FINANCIAL, INC.",Financials,158.32,156.5,-0.0115,0.2714,0.24145126,0.12403637901910303,-43.0,1,Sell,-1.173553719008265,-2.2345013477088878,-1.6642893530310747,152.64,163.16,141.74,165.74,125.65,177.95,-0.035876705406771126,0.030570995452248617,-0.10472460838807474,0.04686710459828203,-0.20635421930267805,0.1239893885800909
2026-04-30,RL,RALPH LAUREN ,Consumer Discretionary,358.64,395.13,0.1017,0.4109,0.40019634,0.026746021715241097,-5.0,1,Neutral,2.5429917550058905,2.109500190766885,1.4696912650602407,350.15,380.23,332.43,413.93,305.52,436.71,-0.02367276377425831,0.06019964309614112,-0.07308164175775145,0.15416573722953375,-0.14811510149453488,0.21768347089002904
2026-04-30,RMD,RESMED INC.,Health Care,213.81,232.82,0.0889,0.5009,0.20012992,1.5028741329632274,25.0,2,Neutral,1.4013377926421422,1.246212121212122,3.0480435859336317,207.83,222.19,195.33,236.84,193.62,275.35,-0.02796875730789017,0.03919367662878259,-0.08643187877087133,0.10771245498339654,-0.0944296337870072,0.28782563958654883
2026-04-30,ROK,"ROCKWELL AUTOMATION, INC.",Industrials,408.91,396.07,-0.0314,0.4527,0.30344122,0.4918869624898028,-49.0,2,Sell,-1.2673684210526317,-1.1213216313887469,-1.6487276478679522,390.85,423.16,365.47,447.65,313.02,467.07,-0.04416619794086718,0.034848744222444994,-0.10623364554547454,0.09473967376684334,-0.2345014795431759,0.14223178694578253
2026-04-30,ROKU,"ROKU, INC.",MR Discretion,116.56,113.16,-0.0292,0.8986,0.34738186,1.5867787108975695,-47.0,1,Sell,-1.0720188902007084,-1.0690834473324207,-2.7837837837837833,107.48,125.03,100.93,131.18,77.42,130.62,-0.0778997940974605,0.0726664378860673,-0.13409402882635546,0.12542896362388478,-0.3357927247769389,0.12062457103637603
2026-04-30,ROL,"ROLLINS, INC.",Industrials,55.73,58.34,0.0468,0.2536,0.19905045,0.27404886550118324,-9.0,2,Neutral,1.6013071895424917,-1.032928942807624,1.5238095238095262,54.2,58.18,49.77,61.5,49.64,65.01,-0.027453795083437926,0.0439619594473355,-0.10694419522698717,0.10353490041270419,-0.10927687062623359,0.16651713619235609
2026-04-30,ROP,"ROPER TECHNOLOGIES, INC.",Information Technology,354.81,343.56,-0.0317,0.3195,0.21425823,0.4911912601910322,-2.0,2,Neutral,1.0021459227467793,1.3596673596673583,-1.2382013368442373,340.83,368.82,321.14,400.59,293.68,404.18,-0.039401369747188664,0.03948592204278345,-0.09489585975592574,0.12902680307770353,-0.1722893943237226,0.13914489445055112
2026-04-30,ROST,"ROSS STORES, INC.",Consumer Discretionary,227.79,237.19,0.0413,0.3332,0.21160719,0.5746156829548184,24.0,1,Neutral,-1.214132762312627,2.440944881889766,-1.4491386382280553,222.12,232.46,221.44,243.29,192.46,252.17,-0.024891347293559796,0.020501338952544135,-0.027876552965450663,0.06804512928574558,-0.15509899468808985,0.10702840335396635
2026-04-30,RSG,"REPUBLIC SERVICES, INC.",Industrials,209.22,225.08,0.0758,0.227,0.21756013,0.04338970564137834,14.0,2,Neutral,-1.9671717171717111,-1.2355658198614319,2.84913112164297,201.43,213.18,193.17,222.21,196.56,245.29,-0.03723353407895991,0.018927444794952786,-0.0767135073128764,0.062087754516776616,-0.06051046745053057,0.1724022559984706
2026-04-30,RSP,INVESCO S&P500 EWGHT,Sector & Style ETFs,203.44,199.36,-0.0201,0.1482,0.11734436,0.262949493269212,-43.0,1,Sell,-1.4266666666666652,-1.0508474576271183,-2.005335365853658,198.09,207.19,190.42,215.83,177.13,216.56,-0.02629767990562326,0.018432953204876146,-0.06399921352732996,0.06090247738891086,-0.1293255996854109,0.06449075894612655
2026-04-30,RTX,RTX ,Industrials,176.07,210.69,0.1966,0.3012,0.28021681,0.07488198156277659,0.0,2,Neutral,-4.6621160409556195,1.27855421686747,10.573033707865163,162.41,179.0,155.32,202.6,170.73,232.53,-0.07758277957630488,0.016641108649968706,-0.11785085477366952,0.15067870733231103,-0.030328846481513017,0.32066791616970525
2026-04-30,RUT,RUSSELL 2000 INDEX,Indices,2799.91,2726.49,-0.0262,0.0,0.16374555,,-51.0,,,-1.0601975440469802,-1.1978934575653226,-3.4234130478964806,2720.48,2874.83,2622.49,2948.02,2294.58,2947.52,-0.028368768996146265,0.026758002935808767,-0.06336632248893714,0.05289812886842804,-0.18048080116860898,0.05271955169987619
2026-04-30,RVTY,"REVVITY, INC.",Health Care,86.62,93.94,0.0845,0.5592,0.45485227,0.22941015552148403,13.0,2,Neutral,-2.154430379746843,-1.3248212461695617,1.6698950766747374,78.11,90.57,73.65,96.41,74.23,107.31,-0.09824520895867006,0.04560147771877143,-0.1497344724082198,0.1130223966751327,-0.14303855922419761,0.2388593858231356
2026-04-30,SATS,ECHOSTAR CORPORATION,Communication Services,123.14,163.25,0.3257,0.6225,0.56589446,0.10002843993206811,70.0,1,Buy,-1.5588652482269503,1.3590909090909098,2.258970886932972,112.15,130.19,109.94,141.08,93.6,189.87,-0.08924801039467267,0.057251908396946494,-0.10719506253045319,0.1456878349845705,-0.23988955660224143,0.5419035244437227
2026-04-30,SBAC,SBA COMMUNICATIONS ,Real Estate,221.2,210.22,-0.0496,0.3692,0.75454711,-0.5106998686934205,-51.0,4,Sell,-2.900943396226405,1.0164967006598693,-5.16014760147601,208.9,225.44,187.86,255.09,151.28,234.75,-0.05560578661844473,0.019168173598553384,-0.15072332730560567,0.1532097649186257,-0.3160940325497287,0.061256781193490095
2026-04-30,SBLK,STAR BULK CARRIERS CORP.,MR Discretion,25.13,24.71,-0.0167,0.3888,0.27562908,0.41059136430742327,-48.0,1,Sell,-1.7962962962962852,1.0753138075313806,-1.1287128712871284,24.16,25.67,22.74,27.7,19.43,30.18,-0.03859928372463184,0.021488261042578616,-0.09510545165141271,0.1022682053322721,-0.2268205332272184,0.20095503382411462
2026-04-30,SBUX,STARBUCKS ,Consumer Discretionary,105.33,98.56,-0.0643,0.2927,0.35425552,-0.17376022821041714,-51.0,3,Sell,-3.099206349206355,-2.7296819787985886,-2.1752503576537903,97.52,107.85,89.88,110.99,74.92,119.31,-0.07414791607329352,0.023924807747080612,-0.14668185702079184,0.053735877717649316,-0.2887116680907623,0.1327257191683282
2026-04-30,SCHP,SCHWAB STR:US TIPS,Bonds,26.87,36.91,0.3737,0.1818,0.02938371,5.187101628759608,8.0,1,Neutral,1.1666666666666583,1.4727272727272684,9.203389830508474,26.45,27.36,26.32,27.68,25.69,37.73,-0.01563081503535546,0.018235950874581297,-0.020468924451060633,0.030145143282471087,-0.043915147004093824,0.4041682173427612
2026-04-30,SCHW,THE CHARLES SCHWAB ,Financials,91.64,100.06,0.0919,0.3287,0.37873401,-0.1321085740359046,-34.0,4,Sell,-2.2921348314606744,-1.2729468599033822,1.6504534212695798,85.52,94.31,81.1,99.92,79.51,111.66,-0.0667830641641205,0.02913574858140544,-0.11501527717154092,0.09035355739851592,-0.13236577913574854,0.21846355303360965
2026-04-30,SD,"SANDRIDGE ENERGY, INC.",MR Discretion,15.55,16.96,0.0907,0.5172,0.39335443,0.3148447317601075,34.0,1,Buy,-1.1093750000000004,-1.7549019607843153,1.4676806083650185,14.84,16.19,13.76,16.57,12.92,19.41,-0.04565916398713832,0.04115755627009654,-0.11511254019292605,0.06559485530546616,-0.16913183279742772,0.2482315112540192
2026-04-30,SDY,SPDR S&P DIVIDEND,Sector & Style ETFs,150.07,153.63,0.0237,0.1346,0.12304331,0.09392375741517345,-28.0,2,Sell,-1.5421412300683277,-1.4577777777777783,1.0408895265423257,143.3,154.46,140.23,156.82,136.13,164.58,-0.0451122809355633,0.0292530152595456,-0.0655694009462251,0.04497900979542879,-0.09288998467381893,0.09668821216765533
2026-04-30,SHW,THE SHERWIN-WILLIAMS COMPANY,Materials,321.61,340.87,0.0599,0.2974,0.35592234,-0.16442446405583866,-43.0,4,Sell,2.2113502935420652,1.7261358899541457,1.4927190260205299,311.39,344.21,297.62,363.02,279.72,384.14,-0.03177761885513519,0.07027144678337116,-0.07459345169615372,0.1287584341282919,-0.1302509250334255,0.19442803395416797
2026-04-30,SHY,ISHARES:1-3 TRS BD ETF,Bonds,82.48,83.62,0.0138,0.0309,0.01752546,0.7631491555713803,-31.0,1,Sell,1.0298507462686508,-1.3930348258706517,1.216931216931215,81.81,83.17,79.68,84.49,80.59,84.78,-0.008123181377303612,0.008365664403491735,-0.033947623666343296,0.024369544131910725,-0.022914645974781767,0.027885548011639116
2026-04-30,SILJ,ETFMG PRIME JR SILVR MNR,Commodities,29.32,38.64,0.3179,0.5746,0.44191455,0.30025137212612707,25.0,1,Neutral,-1.325925925925924,1.3693467336683423,4.0337837837837816,27.53,30.67,25.34,34.77,24.88,47.23,-0.061050477489767996,0.046043656207366945,-0.13574351978171895,0.18587994542974084,-0.15143246930422927,0.6108458390177351
2026-04-30,SJM,THE J. M. SMUCKER COMPANY,Consumer Staples,98.03,97.54,-0.005,0.3345,0.21916346,0.5262580723994776,14.0,2,Neutral,-1.3716577540106958,-1.506053268765132,1.2322540473225398,92.9,101.77,85.59,106.29,81.97,117.82,-0.05233091910639598,0.038151586249107305,-0.1268999285932877,0.08425992043252073,-0.16382739977557892,0.20187697643578484
2026-04-30,SLB,SCHLUMBERGER N.V.,Energy,56.88,54.66,-0.039,0.3911,0.25592882,0.5281592749108912,-72.0,1,Sell,1.030456852791872,-1.4671968190854894,-2.528951486697966,54.91,58.91,49.5,61.91,40.72,63.27,-0.034634317862166086,0.03568917018284101,-0.129746835443038,0.0884317862165962,-0.28410689170182846,0.11234177215189867
2026-04-30,SLV,ISHARES:SILVER TRUST,Commodities,66.66,89.21,0.3383,0.4999,0.40770499,0.22613166937201346,12.0,1,Neutral,-1.5415019762845836,1.3374384236453205,4.221088435374154,62.76,69.19,58.54,77.52,57.84,103.89,-0.05850585058505853,0.037953795379537913,-0.12181218121812176,0.16291629162916288,-0.13231323132313222,0.5585058505850586
2026-04-30,SM,SM ENERGY COMPANY,MR Discretion,31.03,29.5,-0.0493,0.6028,0.61497843,-0.019803019757944962,-11.0,4,Neutral,-2.5371900826446265,-1.211538461538462,-1.6930835734870322,27.96,32.24,25.36,35.71,19.28,37.97,-0.09893651305188533,0.03899452143087334,-0.1827263938124396,0.1508217853689977,-0.37866580728327426,0.22365452787624873
2026-04-30,SMCI,"SUPER MICRO COMPUTER, INC.",Information Technology,27.4,23.86,-0.1292,0.912,0.67801611,0.345100782339818,-50.0,1,Sell,1.4568965517241388,1.145374449339208,-1.2906066536203522,25.08,30.78,20.59,35.2,14.21,37.62,-0.08467153284671536,0.12335766423357675,-0.24854014598540142,0.28467153284671554,-0.48138686131386854,0.37299270072992696
2026-04-30,SMH,VANECK:SEMICONDUCTOR,Sector & Style ETFs,506.72,483.25,-0.0463,0.4281,0.28672536,0.4930663963592199,-56.0,1,Sell,2.010071942446034,-1.1629490890515919,-5.191412156032668,492.82,534.66,438.42,565.45,335.04,539.79,-0.027431323018629716,0.055138932743921565,-0.13478844332175566,0.11590227344490067,-0.33880644142721816,0.06526286706662443
2026-04-30,SNA,SNAP-ON INC.,Industrials,383.4,408.7,0.066,0.2421,0.28320122,-0.14513080134329914,-29.0,4,Sell,-1.154993514915693,1.3908668730650167,1.1821608040201015,365.59,398.82,357.56,419.34,335.64,439.86,-0.04645279081898801,0.04021909233176846,-0.06739697443922787,0.09374021909233177,-0.12456964006259774,0.1472613458528953
2026-04-30,SNDK,SANDISK CORPORATION,Information Technology,1096.51,1770.88,0.615,1.0765,0.85719168,0.25584513372784956,-7.0,1,Neutral,1.740445126630851,-1.3251649387370397,1.9056884075334257,1031.36,1209.9,857.49,1276.88,470.5,2289.49,-0.05941578280179849,0.1034099096223473,-0.21798250813946063,0.16449462385203972,-0.5709113459977565,1.087979133797229
2026-04-30,SNPS,"SYNOPSYS, INC.",Information Technology,482.6,436.38,-0.0958,0.5459,0.50450773,0.082044867776357,-38.0,2,Sell,4.0182982616651355,-1.0084106728538298,-2.4843636363636366,471.67,526.52,413.06,551.56,311.8,551.35,-0.02264815582262747,0.0910070451719851,-0.1440944881889764,0.1428926647326978,-0.353916286779942,0.14245752175714887
2026-04-30,SO,THE SOUTHERN COMPANY,Utilities,96.7,102.2,0.0569,0.2301,0.18523963,0.24217479812500176,2.0,2,Neutral,-57.55555555555345,-1.4757785467128026,1.2958057395143479,91.52,96.79,88.17,102.48,87.64,108.44,-0.05356773526370229,0.0009307135470528749,-0.088210961737332,0.05977249224405368,-0.0936918304033092,0.12140641158221288
2026-04-30,SOLV,SOLVENTUM ,Health Care,67.36,67.71,0.0052,0.3404,0.2863285,0.18884428200476022,-31.0,1,Sell,1.72030651340996,1.0868852459016383,1.1099071207430342,64.75,71.85,61.26,73.99,54.44,81.7,-0.03874703087885989,0.06665676959619948,-0.09055819477434679,0.0984263657957245,-0.19180522565320668,0.2128859857482186
2026-04-30,SOYB,TEUCRIUM:SOYBEAN,Commodities,24.75,24.76,0.0004,0.1533,0.07946779,0.9290834689123733,-8.0,1,Neutral,1.0909090909090886,1.4084507042253505,-1.343915343915343,24.31,25.23,24.04,25.75,22.21,26.64,-0.01777777777777778,0.01939393939393952,-0.02868686868686876,0.04040404040404044,-0.10262626262626262,0.07636363636363641
2026-04-30,SPG,"SIMON PROPERTY GROUP, INC.",Real Estate,203.71,204.72,0.005,0.2807,0.18844628,0.4895491701932244,-85.0,1,Sell,-1.3328335832084006,1.2387312186978292,-1.5577281191806343,194.82,210.38,185.74,225.97,170.25,225.19,-0.04364046929458554,0.03274262431888464,-0.0882136370330372,0.10927298610770197,-0.16425310490403022,0.10544401354867206
2026-04-30,SPGI,S&P GLOBAL INC.,Financials,431.23,435.85,0.0107,0.3151,0.23822874,0.32267836366006897,-5.0,1,Neutral,1.6327467482784994,1.1201853077432162,1.0065016254063515,418.16,452.57,355.68,515.86,351.25,511.73,-0.03030865199545485,0.04948635299028359,-0.17519653085360487,0.19625257982978916,-0.18546947104793265,0.18667532407300058
2026-04-30,SPHB,INVESCO S&P500 HI BE,Sector & Style ETFs,134.56,128.75,-0.0432,0.2839,0.20401918,0.39153583501315903,-66.0,1,Sell,1.0328947368421064,-1.0299657534246571,-3.8732057416268004,130.0,139.27,122.53,146.24,102.18,142.92,-0.03388822829964333,0.035002972651605235,-0.08940249702734837,0.08680142687277059,-0.24063614744351958,0.06212841854934581
2026-04-30,SPLV,INVESCO S&P500 LOWVL,Sector & Style ETFs,74.49,77.35,0.0384,0.1348,0.1071688,0.25782877106023405,-41.0,2,Sell,-2.3536585365853355,-1.226628895184135,1.4000000000000046,72.56,75.31,70.16,78.02,69.54,81.42,-0.025909518056114855,0.011008189018660408,-0.05812860786682772,0.04738891126325684,-0.06645187273459507,0.09303262182843341
2026-04-30,SPX,S&P 500 INDEX,Indices,7209.01,6923.87,-0.0396,0.0,0.11718562,,-51.0,,,1.3317505250662027,-1.1407443487501931,-4.038005301524186,7099.5,7354.85,6693.77,7660.68,5990.34,7510.81,-0.015190712733093803,0.020230239658427518,-0.0714716722545814,0.06265354050001326,-0.16904817721157273,0.04186427817411831
2026-04-30,SPY,SPDR S&P 500 ETF,Sector & Style ETFs,718.66,692.53,-0.0364,0.1468,0.11710624,0.2535625770240768,-43.0,1,Sell,1.2783673469387822,-1.077943893835039,-3.1286843997124345,706.41,734.32,654.49,778.19,588.1,760.39,-0.01704561266802107,0.021790554643364102,-0.08929118080872733,0.08283472017365656,-0.18167144407647562,0.058066401358083164
2026-04-30,SRE,SEMPRA,Utilities,95.12,101.36,0.0656,0.315,0.1952882,0.6130006830929877,-7.0,1,Neutral,-20.115384615385334,-1.0746705710102498,1.4591836734693868,89.89,95.38,87.78,101.95,83.36,112.28,-0.05498317914213624,0.0027333894028593875,-0.07716568544995794,0.07180403700588722,-0.1236333052985703,0.18040370058873
2026-04-30,STE,STERIS PUBLIC LIMITED COMPANY,Health Care,216.88,226.06,0.0423,0.3395,0.24716609,0.37357029841755396,13.0,2,Neutral,1.0157575757575752,-1.1457103949160239,1.7404517453798771,208.63,225.26,191.64,238.91,192.53,259.26,-0.03803946883068976,0.03863887864256732,-0.11637772039837702,0.1015769088897085,-0.11227406860936917,0.1954075986720767
2026-04-30,STIP,ISHARES:0-5 TIPS BD ETF,Bonds,104.15,105.21,0.0102,0.0574,0.01817631,2.1579567029831686,-43.0,1,Sell,1.169811320754714,-1.207843137254908,-1.2361111111111138,102.56,106.01,101.07,106.7,99.7,107.75,-0.015266442630820998,0.017858857417186735,-0.02957273163706209,0.02448391742678835,-0.042726836293807025,0.03456553048487754
2026-04-30,STLA,STELLANTIS NV,MR Discretion,7.28,6.82,-0.0632,0.6987,0.43988261,0.5883783175697717,-40.0,2,Sell,7.769230769230767,2.3434343434343425,-1.2866242038216569,7.15,8.29,6.29,9.6,5.26,8.85,-0.017857142857142794,0.1387362637362637,-0.13598901098901106,0.31868131868131866,-0.2774725274725275,0.21565934065934056
2026-04-30,STLD,"STEEL DYNAMICS, INC.",Materials,228.66,214.88,-0.0603,0.4238,0.34687387,0.22176974587333453,-53.0,1,Sell,2.37452711223203,1.0130023640661938,-4.849648112603967,220.73,247.49,194.82,262.94,152.86,244.29,-0.03468031137934058,0.08234933963089319,-0.1479926528470218,0.14991690719846051,-0.331496545088778,0.06835476252951977
2026-04-30,STNG,SCORPIO TANKERS INC.,MR Discretion,81.33,82.21,0.0108,0.469,0.32264937,0.4535903169437461,-20.0,1,Neutral,-1.0213776722090235,-1.1609336609336611,-1.3507281553398054,77.03,85.54,71.88,89.47,59.07,97.81,-0.05287101930406979,0.05176441657444997,-0.11619328661010697,0.10008606910119267,-0.2736997417926964,0.2026312553793188
2026-04-30,STT,STATE STREET ,Financials,152.84,150.13,-0.0177,0.2997,0.22294159,0.3442982980429987,-37.0,1,Sell,2.72271386430677,1.3686567164179102,-4.065326633165834,149.45,162.07,139.44,171.18,112.39,162.79,-0.022180057576550727,0.0603899502747971,-0.08767338393090818,0.11999476576812351,-0.264655849254122,0.06510075896362211
2026-04-30,STX,SEAGATE TECHNOLOGY HOLDINGS,Information Technology,673.64,647.56,-0.0387,0.7799,0.52984345,0.4719442129557325,-37.0,1,Sell,-2.3504761904761895,-1.869281045751633,-3.3200498132004985,599.6,705.14,499.18,766.97,327.06,778.03,-0.10991033786592241,0.04676088118282773,-0.25898105813193983,0.1385458108188351,-0.514488450804584,0.15496407576747218
2026-04-30,STZ,"CONSTELLATION BRANDS, INC.",Consumer Staples,156.58,152.98,-0.023,0.3006,0.40673664,-0.2609468377375591,-48.0,4,Sell,-2.046128500823728,1.0742496050552897,-1.4102795311091094,144.16,162.65,143.92,170.18,125.3,178.76,-0.07932047515646967,0.038766125942010454,-0.08085323796142563,0.08685655894750277,-0.19977008557925668,0.14165282922467726
2026-04-30,SW,SMURFIT WESTROCK PUBLIC LIMITED COMPANY,Materials,38.39,42.56,0.1086,0.5195,0.41064177,0.26509293002511636,-16.0,1,Neutral,2.100671140939596,1.7548387096774192,1.8941176470588237,36.9,41.52,33.74,46.55,31.59,51.27,-0.03881219067465491,0.08153164886689246,-0.12112529304506381,0.21255535295649897,-0.17712946079708258,0.3355040375097682
2026-04-30,SWK,"STANLEY BLACK & DECKER, INC.",Industrials,78.16,73.54,-0.0591,0.4349,0.49260185,-0.11713689260403715,-63.0,4,Sell,1.4872881355932228,-1.4585152838427953,-1.5033602150537624,73.44,85.18,64.8,87.32,55.79,93.04,-0.060388945752302914,0.08981576253838286,-0.1709314227226203,0.11719549641760496,-0.286207778915046,0.19037871033776876
2026-04-30,SWKS,"SKYWORKS SOLUTIONS, INC.",Information Technology,70.17,56.15,-0.1998,0.6353,0.47179037,0.3465726313998312,-2.0,2,Neutral,,-4.242690058479532,-15.707602339181344,61.17,69.81,55.66,73.59,43.31,71.88,-0.12825994014536124,-0.005130397605814463,-0.20678352572324366,0.04873877725523723,-0.3827846658116004,0.024369388627618616
2026-04-30,SYF,SYNCHRONY FINANCIAL,Financials,76.2,77.32,0.0147,0.3518,0.27677204,0.27108215121729784,-28.0,2,Sell,2.0660792951541875,1.6627906976744193,-1.6231633535004333,73.93,80.89,71.04,84.78,57.42,87.77,-0.029790026246719115,0.0615485564304461,-0.06771653543307077,0.11259842519685037,-0.2464566929133858,0.1518372703412072
2026-04-30,SYK,STRYKER ,Health Care,315.13,342.28,0.0862,0.336,0.22160813,0.5161898618069656,17.0,1,Neutral,1.7412322274881502,1.734562951082598,3.445258620689657,304.58,333.5,290.19,358.39,291.93,395.06,-0.03347824707263669,0.058293402722685794,-0.07914194142100084,0.13727667946561728,-0.07362041062418678,0.253641354361692
2026-04-30,SYY,SYSCO ,Consumer Staples,74.71,82.31,0.1017,0.2768,0.25910372,0.06829805453970339,10.0,1,Neutral,-1.4586466165413456,-1.2148241206030124,1.602690582959643,70.83,77.37,65.04,82.67,63.56,92.58,-0.05193414536206664,0.03560433676883967,-0.12943381073484128,0.10654530852630173,-0.14924374247088734,0.23919154062374526
2026-04-30,T,AT&T INC.,Communication Services,26.13,30.13,0.1531,0.1859,0.28355046,-0.34438477017459257,55.0,4,Buy,-1.8241758241758241,-1.2090163934426221,3.3028846153846185,24.47,27.04,23.18,28.57,24.05,33.0,-0.06352851128970538,0.03482587064676612,-0.11289705319556065,0.09337925755836207,-0.07960199004975121,0.2629161882893227
2026-04-30,TAGS,TEUCRIUM:AGRICULTURAL,Commodities,25.18,25.19,0.0004,0.3898,0.14791866,1.635232093097652,-2.0,2,Neutral,1.1694915254237312,-1.2556818181818175,-1.4999999999999982,24.59,25.87,22.97,26.94,22.03,27.28,-0.023431294678316172,0.027402700555996917,-0.08776806989674346,0.06989674344718044,-0.1250992851469419,0.08339952343129475
2026-04-30,TAP,MOLSON COORS BEVERAGE COMPANY,Consumer Staples,42.74,44.09,0.0316,0.3518,0.21962382,0.6018298925863323,-5.0,1,Neutral,-1.3852459016393495,1.1371571072319175,1.5698729582577116,41.05,43.96,38.73,47.3,37.23,51.39,-0.03954141319606941,0.028544688816097397,-0.09382311651848396,0.10669162377164243,-0.12891904539073484,0.20238652316331307
2026-04-30,TDG,TRANSDIGM GROUP INC.,Industrials,1159.98,1277.24,0.1011,0.3678,0.40129168,-0.08345969196271397,-42.0,4,Sell,-1.4637957317073154,-1.0178958785249472,2.2122754708748458,1083.16,1212.46,1028.59,1289.06,1022.47,1464.19,-0.06622527974620251,0.04524215934757492,-0.11326919429645343,0.11127778065139049,-0.11854514733012633,0.2622545216296832
2026-04-30,TDW,TIDEWATER INC.,MR Discretion,89.33,88.15,-0.0132,0.651,0.32949129,0.9757730166402883,-31.0,2,Sell,1.0173913043478275,1.609785202863962,-1.4599133261105084,83.58,95.18,80.95,102.82,62.38,107.79,-0.06436807343557593,0.06548751819097731,-0.09380947050263067,0.15101309750363812,-0.301690361580656,0.20664950184708397
2026-04-30,TDY,TELEDYNE TECHNOLOGIES INC.,Information Technology,645.85,712.77,0.1036,0.3046,0.26175476,0.1636846642253995,-2.0,1,Neutral,1.0100780234070204,1.314738168076298,1.6234595563522292,615.09,676.92,590.28,718.91,556.59,790.76,-0.047627158008825554,0.04810714562204832,-0.08604165053805068,0.11312224200665777,-0.13820546566540215,0.22437098397460709
2026-04-30,TECH,BIO-TECHNE ,Health Care,55.32,58.75,0.062,0.553,0.56025901,-0.012956525232856064,-13.0,4,Neutral,-2.054441260744985,-1.1403973509933778,1.0728987993138932,48.15,58.81,46.71,62.87,43.66,67.83,-0.12960954446854667,0.06308749096167765,-0.15563991323210413,0.13647866955892973,-0.21077368040491695,0.22613882863340562
2026-04-30,TECK,TECK RESOURCES LIMITED,MR Discretion,58.43,58.58,0.0026,0.4825,0.43756493,0.10269349054093513,-31.0,1,Sell,1.1418439716312052,1.17814726840855,-1.3634294385432473,55.61,61.65,50.01,68.35,40.46,71.61,-0.04826287865822354,0.055108677049460875,-0.1441040561355469,0.16977580010268678,-0.3075474927263392,0.2255690569912716
2026-04-30,TEL,TE CONNECTIVITY LTD,Information Technology,211.66,242.46,0.1455,0.408,0.47534626,-0.14167832097805932,33.0,4,Buy,-1.9788617886178845,1.7918669131238458,1.8245457253500161,187.32,223.96,184.61,260.13,178.09,272.91,-0.11499574789757161,0.05811206652178025,-0.12779930076537838,0.2289993385618445,-0.15860342058017574,0.28937919304545034
2026-04-30,TER,"TERADYNE, INC.",Information Technology,343.47,438.25,0.2759,0.6822,0.995919,-0.3150045335012185,-9.0,4,Neutral,2.40194376952447,3.498873366381248,1.564901752008517,314.66,412.67,299.09,498.75,240.16,505.14,-0.08387923253850404,0.2014731999883541,-0.12921070253588396,0.4520918857542142,-0.30078318339301835,0.4706961306664337
2026-04-30,TFC,TRUIST FINANCIAL ,Financials,51.5,50.37,-0.0219,0.2847,0.19885996,0.4316607526220966,-61.0,1,Sell,-1.0,1.0797665369649798,-1.9568965517241392,49.99,53.01,46.36,57.05,40.15,57.3,-0.02932038834951456,0.02932038834951456,-0.09980582524271842,0.10776699029126213,-0.2203883495145631,0.11262135922330097
2026-04-30,TGT,TARGET ,Consumer Staples,129.75,122.87,-0.053,0.4525,0.28148677,0.6075355868412573,-23.0,2,Neutral,-1.0584707646176934,1.4898477157360426,-2.6940035273368594,122.69,136.42,121.87,141.49,99.2,141.09,-0.05441233140655111,0.05140655105973013,-0.06073217726396918,0.09048169556840091,-0.23545279383429674,0.0873988439306359
2026-04-30,THD,ISHARES:MSCI THAI,Foreign,70.71,73.02,0.0327,0.2242,0.25321427,-0.1145838660672639,-23.0,3,Neutral,-2.322147651006693,-1.0152354570637088,-1.0429268292682918,67.25,72.2,63.38,77.93,60.02,80.96,-0.048932258520718364,0.021071984160656365,-0.10366284825342942,0.10210719841606575,-0.15118087964927152,0.14495828029981617
2026-04-30,TIP,ISHARES:TIPS BD ETF,Bonds,111.56,113.14,0.0142,0.077,0.02754227,1.7957027507173517,-27.0,1,Sell,1.488636363636374,1.5123456790123389,-1.0632411067193661,110.68,112.87,108.32,116.46,106.18,116.62,-0.007888131946934385,0.011742560057368179,-0.02904266762280394,0.04392255288633917,-0.048225170311939736,0.045356758694872656
2026-04-30,TJX,"THE TJX COMPANIES, INC.",Consumer Discretionary,156.75,173.32,0.1057,0.2684,0.21298827,0.2601632944387031,54.0,1,Buy,-1.2239747634069436,1.8929254302103298,2.9816031537450667,152.87,159.92,151.52,166.65,149.14,179.44,-0.024752791068580526,0.020223285486443254,-0.03336523125996804,0.06315789473684208,-0.04854864433811812,0.14475279106858063
2026-04-30,TKO,"TKO GROUP HOLDINGS, INC.",Communication Services,186.09,225.66,0.2126,0.4212,0.24922977,0.6900067756753137,48.0,1,Buy,-2.93732970027249,-1.0553333333333341,5.465789473684208,175.31,189.76,170.26,201.09,174.69,248.4,-0.057928959105808975,0.01972164006663446,-0.08506636573700899,0.08060615831049489,-0.0612606803159762,0.3348379816217959
2026-04-30,TLT,ISHARES:20+ TRS BD ETF,Bonds,85.62,87.96,0.0273,0.1126,0.07008595,0.6065987548146243,5.0,1,Neutral,1.4392523364485807,1.4236453201970438,1.6300578034682076,84.55,87.16,81.56,91.4,80.43,94.08,-0.012497080121466997,0.01798645176360658,-0.04741882737678116,0.06750759168418585,-0.060616678346180786,0.0988086895585143
2026-04-30,TMO,THERMO FISHER SCIENTIFIC INC.,Health Care,478.96,520.21,0.0861,0.2978,0.42203967,-0.29437912791468157,35.0,4,Buy,-2.0048327137546447,-1.063018483481298,1.4554794520547958,425.03,505.86,405.92,547.67,400.12,593.71,-0.11259812928010693,0.056163353933522675,-0.15249707700016701,0.14345665608819114,-0.16460664773676292,0.23958159345248053
2026-04-30,TMUS,"T-MOBILE US, INC.",Communication Services,195.5,218.31,0.1167,0.318,0.37997222,-0.1630967127017865,-15.0,4,Neutral,-2.2609308885754573,-1.0510246758678377,2.3978065802592217,179.47,202.59,170.37,219.41,175.44,243.6,-0.0819948849104859,0.03626598465473152,-0.128542199488491,0.12230179028132993,-0.1026086956521739,0.24603580562659855
2026-04-30,TNX,10 Y TSY YLD NDX,Yields,4.39,4.31,-0.0182,0.0,0.1176301,,-10.0,,,-1.166666666666647,-1.428571428571428,-1.8333333333333284,4.32,4.45,4.09,4.6,3.84,4.69,-0.015945330296127436,0.013667425968109548,-0.06833712984054663,0.04783599088838275,-0.12528473804100226,0.06833712984054685
2026-04-30,TPL,TEXAS PACIFIC LAND ,Energy,443.67,587.67,0.3246,0.503,0.71116208,-0.29270694522970064,34.0,4,Buy,-1.8430913348946163,1.176715455888276,2.5808396605627504,412.19,460.75,369.2,531.3,354.11,674.81,-0.07095363671197064,0.038497081163928026,-0.16784997858768913,0.19751166407464993,-0.2018617440890752,0.5209727950954537
2026-04-30,TPR,"TAPESTRY, INC.",Consumer Discretionary,145.04,178.54,0.231,0.4907,0.38268676,0.28224974388975466,53.0,2,Buy,-1.2818671454218957,1.5873925501432686,3.116940581542353,137.9,150.61,131.08,167.2,129.22,194.35,-0.049227799227799185,0.03840319911748491,-0.09624931053502472,0.15278543849972426,-0.10907335907335902,0.3399751792608936
2026-04-30,TRGP,TARGA RESOURCES CORP.,Energy,260.08,277.62,0.0674,0.3407,0.26585038,0.2815479142817099,-23.0,2,Neutral,-11.656084656084376,-2.30206794682422,-1.004043126684635,238.05,261.97,228.91,273.62,215.38,304.6,-0.08470470624423243,0.0072669947708399185,-0.11984773915718239,0.05206090433712718,-0.17187019378652724,0.17117809904644732
2026-04-30,TRMB,TRIMBLE INC.,Information Technology,67.32,68.82,0.0223,0.4962,0.25969107,0.9107318553541326,-59.0,1,Sell,-1.3086419753086354,1.0856531049250564,-1.0113043478260866,64.14,69.75,62.65,72.39,55.69,78.82,-0.04723707664884125,0.03609625668449201,-0.06937017231134868,0.0753119429590019,-0.1727569815805109,0.17082590612002369
2026-04-30,TROW,"T. ROWE PRICE GROUP, INC.",Financials,102.88,93.51,-0.0911,0.2949,0.20024104,0.4727250717435345,-46.0,2,Sell,-1.132315521628494,-1.9946164199192435,-5.3578528827037735,98.43,106.81,88.06,110.31,75.93,107.91,-0.043254276827371596,0.03819984447900482,-0.14405132192846026,0.07222006220839816,-0.26195567651632956,0.048891912908242574
2026-04-30,TRV,"THE TRAVELERS COMPANIES, INC.",Financials,305.14,320.18,0.0493,0.2365,0.19430398,0.21716498035706744,-23.0,2,Neutral,1.4189602446483305,1.662865288667148,1.0972803347280342,298.6,314.42,291.11,328.47,276.46,336.61,-0.021432784951169848,0.03041226977780709,-0.04597889493347307,0.07645670839614627,-0.0939896440977912,0.10313298813659322
2026-04-30,TS,TENARIS SA,MR Discretion,63.9,65.65,0.0274,0.3917,0.17796911,1.2009437480470626,-51.0,1,Sell,1.1608695652173904,1.498771498771499,-1.7856287425149693,61.6,66.57,59.83,70.0,48.99,72.25,-0.035993740219092296,0.041784037558685316,-0.06369327073552422,0.09546165884194058,-0.23333333333333328,0.13067292644757433
2026-04-30,TSCO,TRACTOR SUPPLY COMPANY,Consumer Discretionary,35.1,41.59,0.1849,0.357,0.49763407,-0.28260538913664013,-0.0,4,Neutral,-2.4585987261146514,1.8017057569296362,16.275862068965463,31.24,36.67,30.41,43.55,33.94,53.98,-0.10997150997151006,0.044729344729344644,-0.13361823361823366,0.2407407407407407,-0.03304843304843319,0.5378917378917378
2026-04-30,TSLA,"TESLA, INC.",Consumer Discretionary,381.63,440.65,0.1547,0.4513,0.43808879,0.03015646668338623,38.0,1,Buy,1.0507841672890221,-1.0112435349673925,1.7249650675360968,354.85,409.77,336.66,426.1,295.75,529.77,-0.07017268034483659,0.07373634148258779,-0.11783664806225913,0.11652647852632136,-0.22503471949270237,0.3881770301076959
2026-04-30,TSN,"TYSON FOODS, INC.",Consumer Staples,64.07,67.19,0.0487,0.3651,0.1848269,0.9753618115112033,-31.0,1,Sell,-1.3776223776223653,-1.1645569620253142,-1.143987341772149,62.1,65.5,59.47,68.02,56.84,70.39,-0.03074761979085361,0.02231933822381782,-0.07179647260808486,0.061651318869986094,-0.11284532542531589,0.09864211019197766
2026-04-30,TT,TRANE TECHNOLOGIES PLC,Industrials,492.54,485.03,-0.0152,0.2968,0.24648348,0.20413749432619177,-85.0,1,Sell,1.1039800995024862,1.1597765363128498,-1.9555042847725777,472.44,514.73,447.79,544.44,373.88,553.22,-0.04080886831526376,0.0450521785032687,-0.09085556503025138,0.10537215251553178,-0.24091444349697488,0.12319811588906493
2026-04-30,TTD,"THE TRADE DESK, INC.",Communication Services,23.59,19.88,-0.1573,0.9161,0.6257096,0.4640977220103384,28.0,2,Buy,2.1318681318681327,-1.4208955223880595,1.1867905056759551,22.68,25.53,18.83,26.94,13.9,35.09,-0.03857566765578635,0.08223823654090712,-0.20178041543026715,0.14200932598558724,-0.4107672742687579,0.48749470114455296
2026-04-30,TTWO,"TAKE-TWO INTERACTIVE SOFTWARE, INC.",Communication Services,213.76,220.55,0.0318,0.4762,0.27753402,0.7158256850817786,-40.0,1,Sell,1.4414414414414434,-1.1415676959619947,-1.1687672917307095,204.88,226.56,189.73,234.81,175.74,246.29,-0.04154191616766467,0.05988023952095811,-0.11241579341317365,0.09847492514970058,-0.17786302395209574,0.15218001497005984
2026-04-30,TUR,ISHARES:MSCI TURKEY,Foreign,42.49,41.99,-0.0118,0.3759,0.23187894,0.6211045298033535,-52.0,1,Sell,1.37837837837838,-1.0054794520547954,-1.9080717488789245,41.38,44.02,38.82,46.14,33.98,46.95,-0.026123793833843223,0.03600847258178397,-0.08637326429748182,0.08590256530948448,-0.20028241939279845,0.10496587432337012
2026-04-30,TXN,TEXAS INSTRUMENTS INC.,Information Technology,281.08,251.68,-0.1046,0.3819,0.71333689,-0.4646288375749079,-78.0,4,Sell,1.7427925381571534,-1.0538073038073028,-9.578637510513,263.39,311.91,226.83,332.56,167.19,292.97,-0.0629358189839192,0.10968407570798355,-0.19300555002134612,0.1831507044257863,-0.40518713533513584,0.04230112423509347
2026-04-30,TXT,TEXTRON INC.,Industrials,95.96,92.58,-0.0352,0.2912,0.33973034,-0.14284959064886582,-20.0,4,Neutral,-37.59259259259114,-2.764023210831719,-1.461732548359966,85.81,96.23,81.67,101.13,78.58,107.85,-0.1057732388495205,0.0028136723634848426,-0.1489162150896206,0.053876615256356786,-0.18111713213839098,0.123905794080867
2026-04-30,TYL,"TYLER TECHNOLOGIES, INC.",Information Technology,341.14,331.7,-0.0277,0.4983,0.3580654,0.3916452134163202,11.0,2,Neutral,2.1186548223350257,-1.075398367664204,1.0623481781376527,325.38,374.53,285.8,392.6,267.04,419.86,-0.04619804185964704,0.09787770416837649,-0.16222078911883675,0.15084715952394911,-0.21721287447968562,0.23075570147153668
2026-04-30,TYX,30 Y TSY YLD NDX,Yields,4.99,4.95,-0.008,0.0,0.07548328,,-14.0,,,-2.3333333333333925,-1.7058823529411773,-1.9200000000000017,4.92,5.02,4.7,5.16,4.51,5.24,-0.014028056112224463,0.006012024048096087,-0.05811623246492992,0.03406813627254501,-0.09619238476953917,0.05010020040080154
2026-04-30,UAL,"UNITED AIRLINES HOLDINGS, INC.",Industrials,90.0,106.68,0.1853,0.5287,0.51865192,0.019373455708020737,40.0,1,Buy,-1.058479532163745,1.4485666104553125,2.37479892761394,84.57,95.13,78.14,107.18,71.35,134.29,-0.06033333333333346,0.05699999999999994,-0.13177777777777777,0.19088888888888889,-0.2072222222222223,0.49211111111111094
2026-04-30,UBER,"UBER TECHNOLOGIES, INC.",Industrials,74.61,75.22,0.0082,0.432,0.29607545,0.45908754001724894,-15.0,1,Neutral,1.3139534883720927,1.0442857142857147,-1.1485061511423555,71.17,79.13,67.61,81.92,61.54,85.99,-0.04610642005093146,0.060581691462270326,-0.09382120359201185,0.09797614260822951,-0.1751775901353706,0.15252647098244188
2026-04-30,UDR,"UDR, INC.",Real Estate,36.34,35.6,-0.0204,0.3778,0.25511922,0.48087627423759005,-2.0,2,Neutral,-1.7314814814814885,-1.5507812500000053,-1.5561959654178685,34.47,37.42,32.37,38.9,30.94,39.81,-0.05145844799119437,0.029719317556411662,-0.10924600990643929,0.07044578976334614,-0.14859658778205842,0.09548706659328565
2026-04-30,UHS,"UNIVERSAL HEALTH SERVICES, INC.",Health Care,168.27,191.11,0.1357,0.3557,0.46078934,-0.2280637394953624,-34.0,4,Sell,-1.0705357142857161,1.4172248803827736,2.9673796791443814,156.28,179.47,147.37,197.89,149.57,223.76,-0.07125453140785643,0.06655969572710507,-0.12420514649075898,0.1760266238782906,-0.11113092054436335,0.3297676353479526
2026-04-30,ULTA,"ULTA BEAUTY, INC.",Consumer Discretionary,537.48,583.52,0.0857,0.429,0.26856492,0.597379136485882,40.0,1,Buy,1.0968316126735462,1.3261621784263569,2.0583409298085686,509.39,568.29,471.01,625.63,438.75,740.7,-0.05226240976408425,0.05732306318374625,-0.1236697179429933,0.16400610255265313,-0.18369055592766248,0.3780977896851976
2026-04-30,UNG,UNITED STATES NAT GAS,Commodities,10.6,11.46,0.0811,0.5001,0.31841088,0.5706121599864928,34.0,1,Buy,-3.636363636363621,-1.6744186046511598,2.3882352941176483,9.8,10.82,9.16,11.46,8.9,14.66,-0.07547169811320742,0.020754716981132182,-0.13584905660377355,0.0811320754716982,-0.160377358490566,0.38301886792452833
2026-04-30,UNH,UNITEDHEALTH GROUP INC.,Health Care,370.48,305.21,-0.1762,0.3009,0.39908513,-0.24602552843800518,-70.0,4,Sell,1.6928687196110157,-1.4081860881234638,-4.957478441867382,358.14,391.37,307.52,415.19,203.76,404.11,-0.03330814079032618,0.056386309652342925,-0.16994169725761188,0.12068127834161091,-0.450010796804146,0.09077413085726627
2026-04-30,UNP,UNION PACIFIC ,Industrials,269.48,267.86,-0.006,0.2247,0.32634813,-0.3114714645369655,-43.0,4,Sell,1.2786499215070606,1.0465116279069753,-2.1078131820165904,256.74,285.77,238.09,302.33,221.19,292.39,-0.04727623571322548,0.060449755083865186,-0.11648359804067099,0.12190143981000423,-0.17919697194597006,0.085015585572213
2026-04-30,UPS,"UNITED PARCEL SERVICE, INC.",Industrials,108.8,102.94,-0.0539,0.3232,0.24451504,0.3218000823180447,-66.0,2,Sell,-2.4617834394904468,-1.6884210526315782,-1.7547038327526117,101.07,111.94,92.76,118.3,83.62,123.15,-0.07104779411764706,0.028860294117647012,-0.14742647058823521,0.08731617647058831,-0.23143382352941166,0.13189338235294135
2026-04-30,URA,GLBL X URANIUM ETF,Commodities,56.42,57.02,0.0106,0.5096,0.53360571,-0.04498773073474038,-65.0,4,Sell,-1.4461538461538472,-1.286252354048965,-1.1985145172180958,52.66,59.02,49.59,61.73,38.67,71.23,-0.06664303438496999,0.04608294930875578,-0.12105636299184686,0.09411556185749714,-0.3146047500886211,0.26249556894718196
2026-04-30,URI,"UNITED RENTALS, INC.",Industrials,959.84,910.49,-0.0514,0.3151,0.80974277,-0.6108640772427026,-53.0,4,Sell,3.1770011273957137,1.0435502668220566,-3.1122024933887418,915.49,1100.74,796.81,1129.97,630.32,1065.72,-0.046205617602933846,0.146795299216536,-0.16985122520420082,0.1772482913818969,-0.3433072178696449,0.1103100516752793
2026-04-30,URNM,SPROTT URANIUM MINERS,MR Discretion,68.55,70.26,0.0249,0.5596,0.50306315,0.11238519458242968,-26.0,1,Sell,-1.8070175438596432,-1.3955094991364403,1.0625994694960217,63.4,71.4,60.47,74.34,49.7,88.58,-0.07512764405543393,0.04157549234135671,-0.11787016776075854,0.08446389496717743,-0.2749817651349379,0.29219547775346455
2026-04-30,USB,U.S. BANCORP,Financials,56.66,56.97,0.0055,0.2328,0.1985266,0.17263883026254412,-49.0,2,Sell,-1.3380281690140818,1.0659793814433005,-1.4869942196531787,54.76,58.08,51.81,61.83,46.37,63.58,-0.03353335686551362,0.025061771973173386,-0.0855983056830214,0.09124602894458178,-0.1816096011295446,0.12213201553123909
2026-04-30,USO,UNITED STATES OIL FUND,Commodities,147.09,156.93,0.0669,0.7846,0.76804044,0.021560791772891497,25.0,1,Neutral,-1.3480662983425458,1.2670299727520433,-1.914626682986536,134.89,156.14,117.73,184.29,84.52,179.77,-0.0829424162077641,0.06152695628526739,-0.1996056835950778,0.25290638384662434,-0.4253858182065402,0.22217689849751854
2026-04-30,UUP,INVESCO DB USD IDX BL,Currencies,27.36,27.89,0.0194,0.0,0.05621163,,48.0,,Buy,1.727272727272737,1.5921052631579,1.2565789473684215,27.03,27.93,26.6,28.57,25.84,29.27,-0.012061403508771829,0.02083333333333326,-0.02777777777777768,0.044225146198830334,-0.05555555555555558,0.06980994152046782
2026-04-30,V,VISA INC.,Financials,329.84,324.9,-0.015,0.1966,0.32666562,-0.3981613369659164,-17.0,4,Neutral,-1.4573257467994274,-1.957120169401794,-1.8003796267004095,309.35,343.9,292.87,348.73,272.93,361.45,-0.06212102837739497,0.0426267281105992,-0.11208464710162491,0.05727019160805247,-0.17253820033955847,0.09583434392432699
2026-04-30,VAL,VALARIS LIMITED,MR Discretion,101.98,104.63,0.026,0.6034,0.50566657,0.19327643114710935,42.0,2,Buy,-1.219973009446695,1.1540968342644315,-1.0177439797211665,92.94,109.39,80.5,126.77,69.86,133.54,-0.08864483232006282,0.07266130613845845,-0.210629535202981,0.24308687978034893,-0.3149637183761522,0.30947244557756415
2026-04-30,VICI,VICI PROPERTIES INC.,Real Estate,29.2,28.72,-0.0164,0.2453,0.14409291,0.7023738364365049,-9.0,1,Neutral,-1.8965517241379213,-1.3084577114427847,-1.346820809248556,28.1,29.78,26.57,31.21,24.54,32.66,-0.03767123287671226,0.019863013698630194,-0.09006849315068488,0.06883561643835612,-0.15958904109589045,0.11849315068493138
2026-04-30,VIX,CBOE MKT VOLATILITY IDX,Volatility,16.89,38.6,1.2854,0.0,0.91486376,,24.0,,Neutral,3.731707317073168,6.007812499999993,45.73417721518992,16.07,19.95,15.61,24.58,16.1,53.02,-0.048549437537004136,0.18117229129662515,-0.07578448786264069,0.45529899348727043,-0.04677323860272342,2.139135583185317
2026-04-30,VLO,VALERO ENERGY ,Energy,252.58,258.8,0.0246,0.4497,0.43338994,0.03763368388292543,13.0,2,Neutral,-4.109123434704827,-1.8191902384914038,-1.5081665516448126,229.61,258.17,219.78,270.61,187.02,296.05,-0.09094148388629342,0.022131601868714768,-0.12985984638530368,0.0713833240953361,-0.2595613271042838,0.17210388787710817
2026-04-30,VLTO,VERALTO ,Industrials,88.2,92.31,0.0466,0.2751,0.23646667,0.16337748571500588,-14.0,2,Neutral,1.1622222222222232,-1.16,1.4885301614273578,83.7,93.43,78.34,96.7,76.43,105.72,-0.05102040816326525,0.05929705215419512,-0.11179138321995463,0.09637188208616787,-0.1334467120181405,0.1986394557823128
2026-04-30,VMC,VULCAN MATERIALS COMPANY,Materials,301.74,291.73,-0.0332,0.2977,0.26524715,0.12234947670502794,-46.0,1,Sell,-2.4346504559270548,-1.3956151832460744,-1.8787696019300384,285.72,308.32,259.09,332.3,239.44,334.9,-0.0530920660171007,0.02180685358255441,-0.1413468549081992,0.10127924703387015,-0.20646914562205876,0.10989593689931709
2026-04-30,VNM,VANECK:VIETNAM,Foreign,18.84,19.02,0.0096,0.3287,0.29194807,0.12588516170016129,-20.0,1,Neutral,2.9545454545454635,1.2888888888888863,-1.3659420289855064,18.62,19.49,17.49,20.58,15.07,21.6,-0.011677282377919207,0.0345010615711252,-0.07165605095541405,0.09235668789808904,-0.20010615711252655,0.1464968152866244
2026-04-30,VRSK,"VERISK ANALYTICS, INC.",Industrials,184.49,181.57,-0.0158,0.389,0.39487838,-0.014886558235981284,-31.0,4,Sell,-1.3354545454545452,-1.4775098956459163,1.1087071240105535,169.8,195.49,143.43,212.28,146.59,226.51,-0.07962491191934518,0.059623827849747846,-0.22255948831915007,0.1506314705404086,-0.20543118868231347,0.22776302238603718
2026-04-30,VRSN,"VERISIGN, INC.",Information Technology,268.66,281.66,0.0484,0.3338,0.37370179,-0.106774414968684,-30.0,4,Sell,-1.0388086642599337,1.2616587545378362,-1.5051107325383324,257.15,279.74,232.85,313.84,215.65,303.88,-0.042842254150227244,0.04124171815677813,-0.1332911486637387,0.16816794461401008,-0.1973125884016974,0.13109506439365726
2026-04-30,VRT,VERTIV HOLDINGS CO,Industrials,328.49,343.03,0.0443,0.6329,0.51939802,0.21852601594438115,-85.0,1,Sell,-2.1556662515566627,1.2297380903279023,-1.611289288005132,293.87,344.55,280.0,388.12,202.89,406.44,-0.10539133611373253,0.048890377180431654,-0.14761484367865085,0.1815275959694358,-0.3823556272641482,0.23729793905446117
2026-04-30,VRTX,VERTEX PHARMACEUTICALS INC.,Health Care,427.38,449.87,0.0526,0.3911,0.19782812,0.9769686938338191,-6.0,1,Neutral,-1.494492044063642,1.2237710931768166,2.1755329364317264,415.17,435.55,400.12,460.74,375.31,540.66,-0.028569422995928684,0.01911647713978204,-0.0637839861481585,0.0780569984557069,-0.12183536899246572,0.2650568580654218
2026-04-30,VST,VISTRA CORP.,Utilities,157.84,182.13,0.1539,0.6221,0.3861474,0.6110428297587918,-21.0,1,Neutral,1.7658914728682102,-1.0082304526748969,1.8701104807405189,151.39,169.23,138.24,177.28,124.35,220.47,-0.04086416624429812,0.07216168271667511,-0.1241763811454637,0.12316269640141919,-0.21217688798783585,0.3967942219969589
2026-04-30,VTR,"VENTAS, INC.",Real Estate,87.86,97.22,0.1065,0.2297,0.24270535,-0.05358493333583292,5.0,4,Neutral,-1.8782051282051253,-1.8183333333333327,1.1842629482071707,82.0,90.98,76.95,93.86,77.82,99.75,-0.06669701798315497,0.03551104029137275,-0.12417482358297283,0.06829046209879364,-0.11427270657864796,0.13532893239244248
2026-04-30,VTRS,VIATRIS INC.,Health Care,14.94,14.85,-0.006,0.2755,0.26389782,0.04396466783999964,12.0,1,Neutral,2.9354838709677544,1.1999999999999997,-1.174496644295301,14.63,15.85,13.19,17.04,11.44,17.92,-0.020749665327978506,0.0609103078982598,-0.11713520749665329,0.1405622489959839,-0.23427041499330659,0.19946452476572984
2026-04-30,VXN,CBOE NASDAQ MKT VOL NDX,Volatility,21.79,32.53,0.4929,0.0,0.6514263,,21.0,,Neutral,4.780821917808219,3.9608938547486052,5.596658711217187,21.06,25.28,20.0,28.88,17.6,45.24,-0.0335016062413952,0.1601652134006426,-0.0821477742083524,0.32537861404313917,-0.19229004130335003,1.076181734740707
2026-04-30,VZ,VERIZON COMMUNICATIONS INC.,Communication Services,48.03,50.98,0.0614,0.1598,0.27707366,-0.4232580606904316,28.0,4,Buy,-1.7434554973822012,-1.4140271493212664,1.5855670103092774,44.7,49.94,41.78,52.45,43.18,55.72,-0.06933166770768262,0.039766812408911,-0.13012700395586096,0.09202581719758496,-0.10097855506974807,0.1601082656672912
2026-04-30,WAB,WESTINGHOUSE AIR BRAKE TECHNOLOGIES ,Industrials,269.89,281.05,0.0414,0.3002,0.34336561,-0.12571325940300182,-37.0,4,Sell,-2.4098360655737596,1.003439972480221,-1.3900928792569647,255.19,275.99,240.82,299.06,224.99,302.19,-0.054466634554818594,0.022601800733632382,-0.10771054874208008,0.10808107006558232,-0.16636407425247313,0.11967838749120019
2026-04-30,WAT,WATERS ,Health Care,309.23,325.48,0.0525,0.4348,0.42602417,0.020599371157744573,-18.0,2,Neutral,-2.6301158301158325,-1.1656222023276641,1.1853448275862069,275.17,322.18,257.15,353.91,244.27,386.23,-0.11014455259838951,0.041878213627396965,-0.1684183293988295,0.1444879216117454,-0.21007017430391617,0.2490055945412799
2026-04-30,WBD,"WARNER BROS. DISCOVERY, INC.",Communication Services,27.05,31.32,0.1579,0.3109,0.08883375,2.499795967185895,47.0,1,Buy,-1.7209302325581453,-1.058823529411766,2.512396694214877,26.31,27.48,25.61,28.41,23.42,36.17,-0.027356746765249573,0.015896487985212593,-0.05323475046210724,0.050277264325323534,-0.1341959334565619,0.33715341959334566
2026-04-30,WDAY,"WORKDAY, INC.",Information Technology,122.4,117.93,-0.0365,0.7451,0.6080254,0.22544222659119173,21.0,2,Neutral,-1.4768211920529841,-1.8206785137318267,1.1807560137457036,111.25,129.95,99.86,134.78,93.3,156.76,-0.09109477124183007,0.06168300653594749,-0.18415032679738563,0.10114379084967307,-0.23774509803921573,0.2807189542483659
2026-04-30,WDC,WESTERN DIGITAL ,Information Technology,434.52,443.9,0.0216,0.5356,0.50606344,0.05836533063917826,-38.0,1,Sell,-1.507324218749999,-1.5027795945062121,-2.1059061080262476,403.65,455.0,342.61,495.68,225.93,533.57,-0.07104391052195524,0.047132468010678386,-0.211520758538157,0.14075301482095193,-0.4800469483568075,0.22795268342078634
2026-04-30,WEAT,TEUCRIUM:WHEAT,Commodities,24.11,24.17,0.0025,0.3216,0.29675805,0.08371112426436289,-14.0,2,Neutral,3.0384615384615445,1.063636363636364,-1.3720238095238095,23.59,25.69,21.91,26.45,19.5,27.47,-0.021567814184985434,0.06553297386976364,-0.09124844462878468,0.09705516383243462,-0.19120696806304438,0.13936126088759848
2026-04-30,WEC,"WEC ENERGY GROUP, INC.",Utilities,117.94,124.57,0.0562,0.2368,0.18584286,0.2741947686341031,37.0,2,Buy,-35.92857142857129,-1.3006993006993006,1.1279916753381898,112.91,118.08,110.5,123.66,108.33,128.78,-0.0426488044768526,0.001187044259793213,-0.0630829235204341,0.0484992369001187,-0.08148210954722745,0.09191114125826694
2026-04-30,WELL,WELLTOWER INC.,Real Estate,217.34,243.49,0.1203,0.2782,0.2638502,0.05438616305767452,29.0,2,Buy,-2.2296918767507066,-1.5225447807288455,1.2077348066298337,201.42,224.48,192.69,233.53,190.19,250.13,-0.0732492868316924,0.03285175301371113,-0.11341676635686027,0.07449158001288292,-0.12491948099751549,0.15086960522683346
2026-04-30,WFC,WELLS FARGO & COMPANY,Financials,82.23,87.12,0.0595,0.2763,0.28902716,-0.044034477590272236,-69.0,3,Sell,-3.195945945945971,-1.5244122965641962,1.1332335329341319,77.5,83.71,73.8,87.76,68.87,97.37,-0.057521585795938246,0.017998297458348356,-0.10251732944180969,0.06725039523288334,-0.16247111759698407,0.18411771859418713
2026-04-30,WM,"WASTE MANAGEMENT, INC.",Industrials,232.55,236.82,0.0184,0.2359,0.21062297,0.12001079464409803,-19.0,2,Neutral,-2.3030303030303183,-1.3176335439402644,-1.0219409282700427,221.91,237.17,209.61,249.96,208.33,256.25,-0.045753601376048225,0.019866695334336493,-0.09864545259084068,0.0748656202967104,-0.1041496452375833,0.1019135669748441
2026-04-30,WMB,"THE WILLIAMS COMPANIES, INC.",Energy,76.31,82.05,0.0752,0.2728,0.21038485,0.2966713144981683,-15.0,2,Neutral,,-3.346774193548381,1.3147459727385364,71.05,76.15,68.01,78.79,68.24,86.92,-0.06892936705543184,-0.0020967107849561017,-0.10876687196959767,0.03249901716681958,-0.10575285021622338,0.13903813392740139
2026-04-30,WMT,WALMART INC.,Consumer Staples,131.93,141.24,0.0706,0.3068,0.2732479,0.12278996471702075,-5.0,2,Neutral,-3.564220183486232,-1.0039177277179256,-1.152553329023918,124.16,134.11,121.68,142.14,114.1,147.4,-0.05889486849086645,0.016523914196922673,-0.07769271583415449,0.07738952474797234,-0.13514742666565616,0.11725915258091413
2026-04-30,WRB,W. R. BERKLEY ,Financials,66.83,71.1,0.0639,0.2143,0.22773569,-0.05899685727783821,-32.0,4,Sell,-1.5488721804511316,1.0054644808743172,1.8573643410852732,64.77,68.16,61.34,72.35,60.38,78.81,-0.030824480023941336,0.019901241957204885,-0.08214873559778535,0.08259763579230883,-0.09651354182253469,0.17926081101301827
2026-04-30,WSM,"WILLIAMS-SONOMA, INC.",Consumer Discretionary,181.21,196.14,0.0824,0.4943,0.32172865,0.53638788463508,-13.0,2,Neutral,3.7923627684964187,2.5829420970266033,1.9132546842470488,177.02,197.1,168.43,214.22,152.39,236.35,-0.023122344241487736,0.08768831742177574,-0.07052590916616086,0.18216433971635104,-0.15904199547486353,0.30428784283428056
2026-04-30,WST,"WEST PHARMACEUTICAL SERVICES, INC.",Health Care,297.59,279.17,-0.0619,0.3682,0.50469823,-0.2704551391036184,-51.0,4,Sell,2.790874524714837,2.0602893890675262,-2.460088433791015,284.44,334.29,272.71,348.85,191.88,340.56,-0.04418831277932722,0.12332403642595535,-0.08360495984408078,0.17225041164017618,-0.355220269498303,0.14439329278537594
2026-04-30,WTW,WILLIS TOWERS WATSON,Financials,256.2,304.15,0.1872,0.3211,0.45785256,-0.29868252784258764,22.0,4,Neutral,,2.849264705882354,4.972750316856782,256.36,299.31,234.44,318.2,240.42,334.67,0.0006245120999219811,0.1682669789227167,-0.08493364558938321,0.24199843871975024,-0.061592505854800916,0.3062841530054645
2026-04-30,WY,WEYERHAEUSER COMPANY,Real Estate,24.52,24.47,-0.002,0.3048,0.24756295,0.23120200336924412,-20.0,1,Neutral,1.887096774193548,1.362068965517243,-1.3676975945017182,23.9,25.69,22.78,26.89,20.54,27.43,-0.02528548123980423,0.047716150081566155,-0.07096247960848279,0.09665579119086454,-0.16231647634584012,0.11867862969004905
2026-04-30,WYNN,"WYNN RESORTS, LIMITED",Consumer Discretionary,107.11,106.25,-0.008,0.3928,0.26721559,0.46997411341157136,-32.0,1,Sell,-1.655172413793105,-1.4787535410764865,-1.3390452876376984,101.83,110.3,96.67,114.17,85.23,123.45,-0.04929511716926527,0.029782466623097692,-0.0974698907665017,0.06591354682102524,-0.20427597796657637,0.15255344972458218
2026-04-30,XEL,XCEL ENERGY INC.,Utilities,82.95,87.95,0.0603,0.2843,0.2725653,0.043052802392674394,17.0,2,Neutral,-47.35714285714273,-2.058035714285712,-1.041202672605791,76.32,83.09,73.73,87.43,73.6,91.93,-0.07992766726943956,0.0016877637130801038,-0.11115129596142248,0.05400843881856554,-0.11271850512356851,0.10825798673899945
2026-04-30,XES,SPDR S&P OIL&GAS E&S,MR Discretion,129.79,127.22,-0.0198,0.3818,0.23562532,0.620369152177703,-51.0,1,Sell,1.3698030634573366,-1.6179487179487144,-2.236718224613314,125.22,136.05,117.17,137.59,96.53,144.66,-0.03521072501733569,0.0482317589953003,-0.09723399337391159,0.06009707989829738,-0.25626011248940594,0.1145696894984205
2026-04-30,XLB,SEL SECTOR:MATRLS SPDR,Sector & Style ETFs,51.47,52.33,0.0167,0.2704,0.15145868,0.7853054047480141,-1.0,1,Neutral,1.0454545454545472,1.2703412073490814,-1.1578099838969398,50.15,52.85,47.66,56.31,44.28,57.68,-0.025646007382941538,0.026811734991257108,-0.07402370312803574,0.09403536040411886,-0.13969302506314352,0.12065280746065676
2026-04-30,XLC,SEL SECTOR:COMM SVC SPDR,Sector & Style ETFs,116.51,120.37,0.0331,0.1573,0.13142505,0.19687989466239508,-57.0,1,Sell,-1.09695290858726,-1.0485933503836329,-1.085714285714286,112.55,120.12,108.31,124.33,100.55,131.21,-0.033988498841301285,0.030984464852802374,-0.07038022487340145,0.06711870225731698,-0.13698394987554718,0.12616942751695137
2026-04-30,XLE,SEL SECTOR:ENERGY SPDR,Sector & Style ETFs,59.65,62.84,0.0535,0.2636,0.26754896,-0.014759765838745942,7.0,4,Neutral,-4.292134831460672,-1.338208409506397,1.0101626016260172,55.83,60.54,52.33,65.12,49.81,69.59,-0.06404023470243081,0.014920368818105656,-0.12271584241408218,0.09170159262363797,-0.16496227996647106,0.16663872590108975
2026-04-30,XLF,SEL SECTOR:FINL S SPDR,Sector & Style ETFs,52.13,51.84,-0.0056,0.1731,0.13379035,0.2938152863790251,-43.0,1,Sell,-1.0268456375838968,-1.2192691029900347,-1.5576923076923093,50.6,53.62,48.46,55.14,44.03,57.33,-0.029349702666410904,0.02858239017840014,-0.07040092077498561,0.05774026472280824,-0.15538077882217538,0.09975062344139651
2026-04-30,XLI,SEL SECTOR:INDUST SPDR,Sector & Style ETFs,174.58,174.95,0.0021,0.2106,0.21373437,-0.014664791628973828,-84.0,3,Sell,-2.995726495726536,-1.3671416596814778,-1.4871382636655952,167.57,176.92,158.27,186.51,146.83,193.24,-0.04015351128422506,0.01340359720471973,-0.09342421812349644,0.06833543361209737,-0.15895291556879365,0.10688509565815107
2026-04-30,XLK,SEL SECTOR:TECH SPDR,Sector & Style ETFs,159.5,151.81,-0.0482,0.2096,0.18995436,0.10342294854406098,-53.0,1,Sell,2.615107913669067,1.024509803921569,-3.9059139784946253,156.72,166.77,143.18,176.22,115.91,170.66,-0.01742946708463955,0.04557993730407528,-0.10231974921630094,0.10482758620689658,-0.27329153605015677,0.06996865203761748
2026-04-30,XLP,SEL SECTOR:C STP SPDR,Sector & Style ETFs,84.31,86.55,0.0266,0.1989,0.16326931,0.2182326243676782,-9.0,2,Neutral,-2.8100000000000023,-1.4637002341920389,1.2826086956521736,81.5,85.31,78.06,88.58,76.95,93.75,-0.0333293796702645,0.011860989206499806,-0.0741311825406239,0.05064642391175411,-0.08729688055983864,0.11196773810935823
2026-04-30,XLRE,SEL SECTOR:RL EST SPDR,Sector & Style ETFs,44.4,43.83,-0.0128,0.1785,0.15029984,0.1876260147715394,-53.0,1,Sell,-1.6633663366336664,-1.1217948717948703,-2.156351791530944,42.72,45.41,40.9,47.52,37.78,47.47,-0.037837837837837784,0.022747747747747793,-0.0788288288288288,0.07027027027027044,-0.14909909909909902,0.06914414414414405
2026-04-30,XLU,SEL SECTOR:UTIL SPDR,Sector & Style ETFs,46.85,49.83,0.0636,0.4019,0.17735,1.2661404003383137,40.0,2,Buy,-4.681818181818211,-1.4223602484472049,1.2301790281329898,44.79,47.29,42.27,50.07,42.94,51.66,-0.043970117395944586,0.00939167556029874,-0.09775880469583775,0.0687299893276414,-0.08345784418356461,0.10266808964781204
2026-04-30,XLV,SEL SECTOR:H CARE SPDR,Sector & Style ETFs,145.99,149.45,0.0237,0.1768,0.16280895,0.0859353862303025,4.0,2,Neutral,-507.0000000004633,-1.5463483146067434,1.503687315634217,140.92,146.0,134.98,153.11,132.43,166.38,-0.03472840605520944,6.849784231799383e-05,-0.07541612439208178,0.04877046373039251,-0.09288307418316322,0.13966710048633457
2026-04-30,XLY,SEL SECTOR:C DSC SPDR,Sector & Style ETFs,118.35,117.84,-0.0043,0.1804,0.19887583,-0.09290133446583226,-70.0,3,Sell,1.107238605898129,1.0600226500566252,-1.6850828729281742,114.62,122.48,109.52,127.71,97.0,131.02,-0.031516687790451914,0.03489649345162671,-0.07460920997042664,0.07908745247148286,-0.18039712716518796,0.1070553443177018
2026-04-30,XOM,EXXON MOBIL ,Energy,154.33,174.15,0.1284,0.3364,0.33179309,0.013884888320006894,59.0,2,Buy,-3.061488673139186,-1.0569323509712005,1.9879819729594388,144.87,157.42,138.55,169.26,134.36,194.03,-0.06129722024233786,0.020022030713406247,-0.10224842869176443,0.09674075034018004,-0.12939804315427972,0.2572409771269357
2026-04-30,XOP,SPDR S&P OIL&GAS EXP,MR Discretion,178.21,182.76,0.0255,0.3157,0.37549561,-0.15924449822462639,3.0,4,Neutral,-2.755888650963606,-1.3300747556066712,-1.2529484792054626,165.34,182.88,155.08,195.6,137.84,210.43,-0.07221816957522031,0.026205038998933672,-0.12979069636945173,0.09758150496605111,-0.2265304977274003,0.18079793502048136
2026-04-30,XYL,XYLEM INC.,Industrials,118.16,126.3,0.0689,0.3077,0.3193951,-0.03661640394608434,8.0,4,Neutral,-1.066558441558441,1.0308880308880315,1.665895061728396,111.59,124.32,107.8,128.84,105.2,139.75,-0.05560257278266756,0.05213270142180093,-0.08767772511848337,0.09038591740013557,-0.10968178740690582,0.18271834800270814
2026-04-30,XYZ,"BLOCK, INC.",Financials,70.51,65.15,-0.076,0.6185,0.36884419,0.6768598144381779,-66.0,1,Sell,1.59883720930232,1.3917301414581051,-1.923196276183088,67.07,76.01,61.32,83.3,45.72,83.4,-0.0487874060416964,0.07800312012480504,-0.13033612253581062,0.1813927102538646,-0.35158133598071206,0.18281094880158832
2026-04-30,YUM,"YUM! BRANDS, INC.",Consumer Discretionary,159.65,164.33,0.0293,0.2258,0.20867041,0.08208921427815286,-28.0,2,Sell,-1.4720357941834483,1.4650872817955094,1.0680345572354206,153.07,164.12,151.63,171.4,141.13,179.43,-0.041215158158471765,0.027998747259630363,-0.05023488881929228,0.0735984967115566,-0.11600375822110875,0.12389602254932663
2026-04-30,ZBH,"ZIMMER BIOMET HOLDINGS, INC.",Health Care,82.43,92.79,0.1257,0.3026,0.44697852,-0.3230099737231221,2.0,4,Neutral,1.3868954758190284,3.079937304075229,3.2616279069767393,76.02,91.32,76.05,102.08,75.55,104.87,-0.07776295038214254,0.10784908407133309,-0.07739900521654752,0.23838408346475792,-0.08346475797646502,0.2722309838650976
2026-04-30,ZBRA,ZEBRA TECHNOLOGIES ,Information Technology,226.26,216.72,-0.0422,0.6353,0.33955572,0.8709742247899697,-28.0,2,Sell,-1.8054162487462388,1.3983649201040504,-1.4016178919819167,208.26,236.23,199.35,263.89,167.35,268.29,-0.07955449482895782,0.04406435074692827,-0.11893396976929194,0.16631309113409354,-0.26036418279855034,0.1857597454256168
2026-04-30,ZTS,ZOETIS INC.,Health Care,114.97,115.52,0.0048,0.4406,0.25300791,0.7414475302372956,-47.0,1,Sell,1.8337874659400548,1.4606060606060602,1.3225296442687733,111.3,121.7,106.72,127.02,102.32,131.7,-0.031921370792380666,0.05853700965469266,-0.07175784987388012,0.10480995042184915,-0.11002870313994961,0.1455162216230319
