Date,Ticker,monthly_volume,monthly_volume_avg,monthly_volume_hi,monthly_volume_lo
2025-01-01,A,35.2,41.3,47.7,35.0
2025-02-01,A,33.1,41.3,47.7,35.0
2025-03-01,A,44.9,41.3,47.7,35.0
2025-04-01,A,52.8,41.3,47.7,35.0
2025-05-01,A,48.4,41.3,47.7,35.0
2025-06-01,A,38.3,41.3,47.7,35.0
2025-07-01,A,40.0,41.3,47.7,35.0
2025-08-01,A,29.6,41.3,47.7,35.0
2025-09-01,A,37.3,41.3,47.7,35.0
2025-10-01,A,39.4,41.3,47.7,35.0
2025-11-01,A,37.8,41.3,47.7,35.0
2025-12-01,A,44.4,41.3,47.7,35.0
2026-01-01,A,39.7,41.3,47.7,35.0
2026-02-01,A,48.3,41.3,47.7,35.0
2026-03-01,A,49.5,41.3,47.7,35.0
2025-01-01,AAPL,1200.2,1096.9,1285.7,908.1
2025-02-01,AAPL,862.3,1096.9,1285.7,908.1
2025-03-01,AAPL,1115.2,1096.9,1285.7,908.1
2025-04-01,AAPL,1607.3,1096.9,1285.7,908.1
2025-05-01,AAPL,1195.7,1096.9,1285.7,908.1
2025-06-01,AAPL,1100.4,1096.9,1285.7,908.1
2025-07-01,AAPL,1079.9,1096.9,1285.7,908.1
2025-08-01,AAPL,1218.1,1096.9,1285.7,908.1
2025-09-01,AAPL,1265.5,1096.9,1285.7,908.1
2025-10-01,AAPL,1097.1,1096.9,1285.7,908.1
2025-11-01,AAPL,877.6,1096.9,1285.7,908.1
2025-12-01,AAPL,924.5,1096.9,1285.7,908.1
2026-01-01,AAPL,1040.0,1096.9,1285.7,908.1
2026-02-01,AAPL,988.9,1096.9,1285.7,908.1
2026-03-01,AAPL,850.3,1096.9,1285.7,908.1
2025-01-01,ABBV,124.4,134.4,159.6,109.2
2025-02-01,ABBV,111.9,134.4,159.6,109.2
2025-03-01,ABBV,148.3,134.4,159.6,109.2
2025-04-01,ABBV,204.4,134.4,159.6,109.2
2025-05-01,ABBV,151.5,134.4,159.6,109.2
2025-06-01,ABBV,125.4,134.4,159.6,109.2
2025-07-01,ABBV,123.1,134.4,159.6,109.2
2025-08-01,ABBV,96.5,134.4,159.6,109.2
2025-09-01,ABBV,115.7,134.4,159.6,109.2
2025-10-01,ABBV,137.5,134.4,159.6,109.2
2025-11-01,ABBV,119.7,134.4,159.6,109.2
2025-12-01,ABBV,112.0,134.4,159.6,109.2
2026-01-01,ABBV,146.1,134.4,159.6,109.2
2026-02-01,ABBV,137.8,134.4,159.6,109.2
2026-03-01,ABBV,158.1,134.4,159.6,109.2
2025-01-01,ABNB,81.3,103.4,121.3,85.6
2025-02-01,ABNB,119.2,103.4,121.3,85.6
2025-03-01,ABNB,113.7,103.4,121.3,85.6
2025-04-01,ABNB,130.5,103.4,121.3,85.6
2025-05-01,ABNB,128.8,103.4,121.3,85.6
2025-06-01,ABNB,97.8,103.4,121.3,85.6
2025-07-01,ABNB,74.4,103.4,121.3,85.6
2025-08-01,ABNB,119.6,103.4,121.3,85.6
2025-09-01,ABNB,104.5,103.4,121.3,85.6
2025-10-01,ABNB,99.8,103.4,121.3,85.6
2025-11-01,ABNB,110.8,103.4,121.3,85.6
2025-12-01,ABNB,96.4,103.4,121.3,85.6
2026-01-01,ABNB,81.2,103.4,121.3,85.6
2026-02-01,ABNB,118.0,103.4,121.3,85.6
2026-03-01,ABNB,80.0,103.4,121.3,85.6
2025-01-01,ABT,145.5,154.8,198.2,111.4
2025-02-01,ABT,110.2,154.8,198.2,111.4
2025-03-01,ABT,159.8,154.8,198.2,111.4
2025-04-01,ABT,162.7,154.8,198.2,111.4
2025-05-01,ABT,138.2,154.8,198.2,111.4
2025-06-01,ABT,118.6,154.8,198.2,111.4
2025-07-01,ABT,167.0,154.8,198.2,111.4
2025-08-01,ABT,112.4,154.8,198.2,111.4
2025-09-01,ABT,114.3,154.8,198.2,111.4
2025-10-01,ABT,149.5,154.8,198.2,111.4
2025-11-01,ABT,127.0,154.8,198.2,111.4
2025-12-01,ABT,125.7,154.8,198.2,111.4
2026-01-01,ABT,238.7,154.8,198.2,111.4
2026-02-01,ABT,187.8,154.8,198.2,111.4
2026-03-01,ABT,259.0,154.8,198.2,111.4
2025-01-01,ACGL,39.1,41.9,50.4,33.4
2025-02-01,ACGL,36.6,41.9,50.4,33.4
2025-03-01,ACGL,36.1,41.9,50.4,33.4
2025-04-01,ACGL,37.3,41.9,50.4,33.4
2025-05-01,ACGL,30.7,41.9,50.4,33.4
2025-06-01,ACGL,32.5,41.9,50.4,33.4
2025-07-01,ACGL,64.2,41.9,50.4,33.4
2025-08-01,ACGL,40.7,41.9,50.4,33.4
2025-09-01,ACGL,45.4,41.9,50.4,33.4
2025-10-01,ACGL,51.3,41.9,50.4,33.4
2025-11-01,ACGL,39.2,41.9,50.4,33.4
2025-12-01,ACGL,50.0,41.9,50.4,33.4
2026-01-01,ACGL,46.6,41.9,50.4,33.4
2026-02-01,ACGL,37.0,41.9,50.4,33.4
2026-03-01,ACGL,37.8,41.9,50.4,33.4
2025-01-01,ACN,55.4,91.6,123.3,59.9
2025-02-01,ACN,52.9,91.6,123.3,59.9
2025-03-01,ACN,89.6,91.6,123.3,59.9
2025-04-01,ACN,77.6,91.6,123.3,59.9
2025-05-01,ACN,60.9,91.6,123.3,59.9
2025-06-01,ACN,72.5,91.6,123.3,59.9
2025-07-01,ACN,78.5,91.6,123.3,59.9
2025-08-01,ACN,97.2,91.6,123.3,59.9
2025-09-01,ACN,127.8,91.6,123.3,59.9
2025-10-01,ACN,96.6,91.6,123.3,59.9
2025-11-01,ACN,66.6,91.6,123.3,59.9
2025-12-01,ACN,87.5,91.6,123.3,59.9
2026-01-01,ACN,91.2,91.6,123.3,59.9
2026-02-01,ACN,145.6,91.6,123.3,59.9
2026-03-01,ACN,167.3,91.6,123.3,59.9
2025-01-01,ADBE,80.1,89.9,112.1,67.7
2025-02-01,ADBE,55.4,89.9,112.1,67.7
2025-03-01,ADBE,94.3,89.9,112.1,67.7
2025-04-01,ADBE,89.7,89.9,112.1,67.7
2025-05-01,ADBE,57.1,89.9,112.1,67.7
2025-06-01,ADBE,91.0,89.9,112.1,67.7
2025-07-01,ADBE,75.7,89.9,112.1,67.7
2025-08-01,ADBE,76.0,89.9,112.1,67.7
2025-09-01,ADBE,119.6,89.9,112.1,67.7
2025-10-01,ADBE,88.1,89.9,112.1,67.7
2025-11-01,ADBE,66.1,89.9,112.1,67.7
2025-12-01,ADBE,94.8,89.9,112.1,67.7
2026-01-01,ADBE,100.5,89.9,112.1,67.7
2026-02-01,ADBE,119.3,89.9,112.1,67.7
2026-03-01,ADBE,136.8,89.9,112.1,67.7
2025-01-01,ADI,66.2,79.8,92.6,67.0
2025-02-01,ADI,84.4,79.8,92.6,67.0
2025-03-01,ADI,75.1,79.8,92.6,67.0
2025-04-01,ADI,113.3,79.8,92.6,67.0
2025-05-01,ADI,93.4,79.8,92.6,67.0
2025-06-01,ADI,68.4,79.8,92.6,67.0
2025-07-01,ADI,74.2,79.8,92.6,67.0
2025-08-01,ADI,82.6,79.8,92.6,67.0
2025-09-01,ADI,57.1,79.8,92.6,67.0
2025-10-01,ADI,76.5,79.8,92.6,67.0
2025-11-01,ADI,79.2,79.8,92.6,67.0
2025-12-01,ADI,79.2,79.8,92.6,67.0
2026-01-01,ADI,73.0,79.8,92.6,67.0
2026-02-01,ADI,92.3,79.8,92.6,67.0
2026-03-01,ADI,82.6,79.8,92.6,67.0
2025-01-01,ADM,61.4,79.1,96.3,61.9
2025-02-01,ADM,86.0,79.1,96.3,61.9
2025-03-01,ADM,131.7,79.1,96.3,61.9
2025-04-01,ADM,76.4,79.1,96.3,61.9
2025-05-01,ADM,67.1,79.1,96.3,61.9
2025-06-01,ADM,85.8,79.1,96.3,61.9
2025-07-01,ADM,67.5,79.1,96.3,61.9
2025-08-01,ADM,78.3,79.1,96.3,61.9
2025-09-01,ADM,79.7,79.1,96.3,61.9
2025-10-01,ADM,79.3,79.1,96.3,61.9
2025-11-01,ADM,71.5,79.1,96.3,61.9
2025-12-01,ADM,56.5,79.1,96.3,61.9
2026-01-01,ADM,76.3,79.1,96.3,61.9
2026-02-01,ADM,72.4,79.1,96.3,61.9
2026-03-01,ADM,96.3,79.1,96.3,61.9
2025-01-01,ADP,34.9,45.5,62.6,28.4
2025-02-01,ADP,29.1,45.5,62.6,28.4
2025-03-01,ADP,44.5,45.5,62.6,28.4
2025-04-01,ADP,45.8,45.5,62.6,28.4
2025-05-01,ADP,30.3,45.5,62.6,28.4
2025-06-01,ADP,37.0,45.5,62.6,28.4
2025-07-01,ADP,31.9,45.5,62.6,28.4
2025-08-01,ADP,30.5,45.5,62.6,28.4
2025-09-01,ADP,43.5,45.5,62.6,28.4
2025-10-01,ADP,41.5,45.5,62.6,28.4
2025-11-01,ADP,40.4,45.5,62.6,28.4
2025-12-01,ADP,54.9,45.5,62.6,28.4
2026-01-01,ADP,47.1,45.5,62.6,28.4
2026-02-01,ADP,79.3,45.5,62.6,28.4
2026-03-01,ADP,90.1,45.5,62.6,28.4
2025-01-01,ADSK,26.9,34.9,41.4,28.4
2025-02-01,ADSK,32.8,34.9,41.4,28.4
2025-03-01,ADSK,39.9,34.9,41.4,28.4
2025-04-01,ADSK,32.6,34.9,41.4,28.4
2025-05-01,ADSK,34.7,34.9,41.4,28.4
2025-06-01,ADSK,26.6,34.9,41.4,28.4
2025-07-01,ADSK,38.6,34.9,41.4,28.4
2025-08-01,ADSK,35.3,34.9,41.4,28.4
2025-09-01,ADSK,32.3,34.9,41.4,28.4
2025-10-01,ADSK,29.2,34.9,41.4,28.4
2025-11-01,ADSK,28.7,34.9,41.4,28.4
2025-12-01,ADSK,31.0,34.9,41.4,28.4
2026-01-01,ADSK,40.4,34.9,41.4,28.4
2026-02-01,ADSK,51.6,34.9,41.4,28.4
2026-03-01,ADSK,43.5,34.9,41.4,28.4
2025-01-01,AEE,24.4,35.4,40.9,30.0
2025-02-01,AEE,40.2,35.4,40.9,30.0
2025-03-01,AEE,43.4,35.4,40.9,30.0
2025-04-01,AEE,38.8,35.4,40.9,30.0
2025-05-01,AEE,35.8,35.4,40.9,30.0
2025-06-01,AEE,36.3,35.4,40.9,30.0
2025-07-01,AEE,33.2,35.4,40.9,30.0
2025-08-01,AEE,29.7,35.4,40.9,30.0
2025-09-01,AEE,29.7,35.4,40.9,30.0
2025-10-01,AEE,39.3,35.4,40.9,30.0
2025-11-01,AEE,31.1,35.4,40.9,30.0
2025-12-01,AEE,43.2,35.4,40.9,30.0
2026-01-01,AEE,29.3,35.4,40.9,30.0
2026-02-01,AEE,40.1,35.4,40.9,30.0
2026-03-01,AEE,36.0,35.4,40.9,30.0
2025-01-01,AEP,70.7,73.5,87.0,60.0
2025-02-01,AEP,58.9,73.5,87.0,60.0
2025-03-01,AEP,110.1,73.5,87.0,60.0
2025-04-01,AEP,88.7,73.5,87.0,60.0
2025-05-01,AEP,67.9,73.5,87.0,60.0
2025-06-01,AEP,51.3,73.5,87.0,60.0
2025-07-01,AEP,69.7,73.5,87.0,60.0
2025-08-01,AEP,69.3,73.5,87.0,60.0
2025-09-01,AEP,66.0,73.5,87.0,60.0
2025-10-01,AEP,84.2,73.5,87.0,60.0
2025-11-01,AEP,70.0,73.5,87.0,60.0
2025-12-01,AEP,71.9,73.5,87.0,60.0
2026-01-01,AEP,65.0,73.5,87.0,60.0
2026-02-01,AEP,69.8,73.5,87.0,60.0
2026-03-01,AEP,84.1,73.5,87.0,60.0
2025-01-01,AES,283.3,275.3,364.6,186.0
2025-02-01,AES,336.0,275.3,364.6,186.0
2025-03-01,AES,305.6,275.3,364.6,186.0
2025-04-01,AES,298.2,275.3,364.6,186.0
2025-05-01,AES,411.4,275.3,364.6,186.0
2025-06-01,AES,310.0,275.3,364.6,186.0
2025-07-01,AES,391.3,275.3,364.6,186.0
2025-08-01,AES,177.2,275.3,364.6,186.0
2025-09-01,AES,196.0,275.3,364.6,186.0
2025-10-01,AES,281.5,275.3,364.6,186.0
2025-11-01,AES,160.8,275.3,364.6,186.0
2025-12-01,AES,150.1,275.3,364.6,186.0
2026-01-01,AES,184.9,275.3,364.6,186.0
2026-02-01,AES,201.1,275.3,364.6,186.0
2026-03-01,AES,420.5,275.3,364.6,186.0
2025-01-01,AFL,32.9,46.9,53.6,40.3
2025-02-01,AFL,40.3,46.9,53.6,40.3
2025-03-01,AFL,43.1,46.9,53.6,40.3
2025-04-01,AFL,45.6,46.9,53.6,40.3
2025-05-01,AFL,42.9,46.9,53.6,40.3
2025-06-01,AFL,55.7,46.9,53.6,40.3
2025-07-01,AFL,46.3,46.9,53.6,40.3
2025-08-01,AFL,57.1,46.9,53.6,40.3
2025-09-01,AFL,53.9,46.9,53.6,40.3
2025-10-01,AFL,39.4,46.9,53.6,40.3
2025-11-01,AFL,46.7,46.9,53.6,40.3
2025-12-01,AFL,53.3,46.9,53.6,40.3
2026-01-01,AFL,45.2,46.9,53.6,40.3
2026-02-01,AFL,45.8,46.9,53.6,40.3
2026-03-01,AFL,54.4,46.9,53.6,40.3
2025-01-01,AIG,80.1,95.0,110.6,79.4
2025-02-01,AIG,88.2,95.0,110.6,79.4
2025-03-01,AIG,131.7,95.0,110.6,79.4
2025-04-01,AIG,104.1,95.0,110.6,79.4
2025-05-01,AIG,77.3,95.0,110.6,79.4
2025-06-01,AIG,87.6,95.0,110.6,79.4
2025-07-01,AIG,93.3,95.0,110.6,79.4
2025-08-01,AIG,80.0,95.0,110.6,79.4
2025-09-01,AIG,108.4,95.0,110.6,79.4
2025-10-01,AIG,90.6,95.0,110.6,79.4
2025-11-01,AIG,80.7,95.0,110.6,79.4
2025-12-01,AIG,107.5,95.0,110.6,79.4
2026-01-01,AIG,119.5,95.0,110.6,79.4
2026-02-01,AIG,80.4,95.0,110.6,79.4
2026-03-01,AIG,92.0,95.0,110.6,79.4
2025-01-01,AIZ,7.4,8.8,11.4,6.1
2025-02-01,AIZ,9.5,8.8,11.4,6.1
2025-03-01,AIZ,9.8,8.8,11.4,6.1
2025-04-01,AIZ,10.2,8.8,11.4,6.1
2025-05-01,AIZ,16.8,8.8,11.4,6.1
2025-06-01,AIZ,8.8,8.8,11.4,6.1
2025-07-01,AIZ,8.1,8.8,11.4,6.1
2025-08-01,AIZ,10.0,8.8,11.4,6.1
2025-09-01,AIZ,7.5,8.8,11.4,6.1
2025-10-01,AIZ,6.6,8.8,11.4,6.1
2025-11-01,AIZ,5.4,8.8,11.4,6.1
2025-12-01,AIZ,7.3,8.8,11.4,6.1
2026-01-01,AIZ,6.4,8.8,11.4,6.1
2026-02-01,AIZ,10.2,8.8,11.4,6.1
2026-03-01,AIZ,7.5,8.8,11.4,6.1
2025-01-01,AJG,39.0,35.7,43.9,27.6
2025-02-01,AJG,27.7,35.7,43.9,27.6
2025-03-01,AJG,34.7,35.7,43.9,27.6
2025-04-01,AJG,34.6,35.7,43.9,27.6
2025-05-01,AJG,24.4,35.7,43.9,27.6
2025-06-01,AJG,31.0,35.7,43.9,27.6
2025-07-01,AJG,30.0,35.7,43.9,27.6
2025-08-01,AJG,32.4,35.7,43.9,27.6
2025-09-01,AJG,29.8,35.7,43.9,27.6
2025-10-01,AJG,38.0,35.7,43.9,27.6
2025-11-01,AJG,32.3,35.7,43.9,27.6
2025-12-01,AJG,35.4,35.7,43.9,27.6
2026-01-01,AJG,41.1,35.7,43.9,27.6
2026-02-01,AJG,59.2,35.7,43.9,27.6
2026-03-01,AJG,47.1,35.7,43.9,27.6
2025-01-01,AKAM,34.2,57.7,79.9,35.4
2025-02-01,AKAM,69.1,57.7,79.9,35.4
2025-03-01,AKAM,55.4,57.7,79.9,35.4
2025-04-01,AKAM,39.4,57.7,79.9,35.4
2025-05-01,AKAM,66.5,57.7,79.9,35.4
2025-06-01,AKAM,50.7,57.7,79.9,35.4
2025-07-01,AKAM,29.3,57.7,79.9,35.4
2025-08-01,AKAM,47.7,57.7,79.9,35.4
2025-09-01,AKAM,39.6,57.7,79.9,35.4
2025-10-01,AKAM,35.1,57.7,79.9,35.4
2025-11-01,AKAM,89.7,57.7,79.9,35.4
2025-12-01,AKAM,50.0,57.7,79.9,35.4
2026-01-01,AKAM,70.1,57.7,79.9,35.4
2026-02-01,AKAM,98.3,57.7,79.9,35.4
2026-03-01,AKAM,98.7,57.7,79.9,35.4
2025-01-01,ALB,43.7,71.0,90.2,51.7
2025-02-01,ALB,54.1,71.0,90.2,51.7
2025-03-01,ALB,55.1,71.0,90.2,51.7
2025-04-01,ALB,88.2,71.0,90.2,51.7
2025-05-01,ALB,74.2,71.0,90.2,51.7
2025-06-01,ALB,66.5,71.0,90.2,51.7
2025-07-01,ALB,117.3,71.0,90.2,51.7
2025-08-01,ALB,86.2,71.0,90.2,51.7
2025-09-01,ALB,83.6,71.0,90.2,51.7
2025-10-01,ALB,75.9,71.0,90.2,51.7
2025-11-01,ALB,78.9,71.0,90.2,51.7
2025-12-01,ALB,65.4,71.0,90.2,51.7
2026-01-01,ALB,75.4,71.0,90.2,51.7
2026-02-01,ALB,52.1,71.0,90.2,51.7
2026-03-01,ALB,43.0,71.0,90.2,51.7
2025-01-01,ALGN,12.7,26.2,33.1,19.4
2025-02-01,ALGN,20.5,26.2,33.1,19.4
2025-03-01,ALGN,27.9,26.2,33.1,19.4
2025-04-01,ALGN,30.1,26.2,33.1,19.4
2025-05-01,ALGN,21.1,26.2,33.1,19.4
2025-06-01,ALGN,16.5,26.2,33.1,19.4
2025-07-01,ALGN,33.9,26.2,33.1,19.4
2025-08-01,ALGN,39.1,26.2,33.1,19.4
2025-09-01,ALGN,26.8,26.2,33.1,19.4
2025-10-01,ALGN,31.2,26.2,33.1,19.4
2025-11-01,ALGN,28.2,26.2,33.1,19.4
2025-12-01,ALGN,27.1,26.2,33.1,19.4
2026-01-01,ALGN,17.5,26.2,33.1,19.4
2026-02-01,ALGN,28.7,26.2,33.1,19.4
2026-03-01,ALGN,29.6,26.2,33.1,19.4
2025-01-01,ALL,36.3,33.9,38.7,29.0
2025-02-01,ALL,36.1,33.9,38.7,29.0
2025-03-01,ALL,44.0,33.9,38.7,29.0
2025-04-01,ALL,40.5,33.9,38.7,29.0
2025-05-01,ALL,27.0,33.9,38.7,29.0
2025-06-01,ALL,35.6,33.9,38.7,29.0
2025-07-01,ALL,36.4,33.9,38.7,29.0
2025-08-01,ALL,26.9,33.9,38.7,29.0
2025-09-01,ALL,30.6,33.9,38.7,29.0
2025-10-01,ALL,29.3,33.9,38.7,29.0
2025-11-01,ALL,29.5,33.9,38.7,29.0
2025-12-01,ALL,34.0,33.9,38.7,29.0
2026-01-01,ALL,37.5,33.9,38.7,29.0
2026-02-01,ALL,35.9,33.9,38.7,29.0
2026-03-01,ALL,29.5,33.9,38.7,29.0
2025-01-01,ALLE,14.2,19.1,22.2,16.1
2025-02-01,ALLE,20.9,19.1,22.2,16.1
2025-03-01,ALLE,23.4,19.1,22.2,16.1
2025-04-01,ALLE,25.9,19.1,22.2,16.1
2025-05-01,ALLE,18.0,19.1,22.2,16.1
2025-06-01,ALLE,18.0,19.1,22.2,16.1
2025-07-01,ALLE,23.1,19.1,22.2,16.1
2025-08-01,ALLE,17.4,19.1,22.2,16.1
2025-09-01,ALLE,19.1,19.1,22.2,16.1
2025-10-01,ALLE,19.2,19.1,22.2,16.1
2025-11-01,ALLE,14.3,19.1,22.2,16.1
2025-12-01,ALLE,18.4,19.1,22.2,16.1
2026-01-01,ALLE,17.6,19.1,22.2,16.1
2026-02-01,ALLE,18.5,19.1,22.2,16.1
2026-03-01,ALLE,18.3,19.1,22.2,16.1
2025-01-01,AMAT,135.5,157.4,178.3,136.6
2025-02-01,AMAT,132.8,157.4,178.3,136.6
2025-03-01,AMAT,143.7,157.4,178.3,136.6
2025-04-01,AMAT,203.0,157.4,178.3,136.6
2025-05-01,AMAT,159.6,157.4,178.3,136.6
2025-06-01,AMAT,138.9,157.4,178.3,136.6
2025-07-01,AMAT,136.5,157.4,178.3,136.6
2025-08-01,AMAT,171.9,157.4,178.3,136.6
2025-09-01,AMAT,186.6,157.4,178.3,136.6
2025-10-01,AMAT,181.5,157.4,178.3,136.6
2025-11-01,AMAT,161.5,157.4,178.3,136.6
2025-12-01,AMAT,138.7,157.4,178.3,136.6
2026-01-01,AMAT,157.2,157.4,178.3,136.6
2026-02-01,AMAT,167.3,157.4,178.3,136.6
2026-03-01,AMAT,144.0,157.4,178.3,136.6
2025-01-01,AMCR,66.4,115.2,152.3,78.0
2025-02-01,AMCR,89.4,115.2,152.3,78.0
2025-03-01,AMCR,115.1,115.2,152.3,78.0
2025-04-01,AMCR,226.4,115.2,152.3,78.0
2025-05-01,AMCR,138.3,115.2,152.3,78.0
2025-06-01,AMCR,110.6,115.2,152.3,78.0
2025-07-01,AMCR,93.8,115.2,152.3,78.0
2025-08-01,AMCR,115.9,115.2,152.3,78.0
2025-09-01,AMCR,98.5,115.2,152.3,78.0
2025-10-01,AMCR,98.3,115.2,152.3,78.0
2025-11-01,AMCR,103.5,115.2,152.3,78.0
2025-12-01,AMCR,75.8,115.2,152.3,78.0
2026-01-01,AMCR,117.8,115.2,152.3,78.0
2026-02-01,AMCR,118.7,115.2,152.3,78.0
2026-03-01,AMCR,155.6,115.2,152.3,78.0
2025-01-01,AMD,779.1,961.3,1254.4,668.1
2025-02-01,AMD,798.5,961.3,1254.4,668.1
2025-03-01,AMD,721.3,961.3,1254.4,668.1
2025-04-01,AMD,936.4,961.3,1254.4,668.1
2025-05-01,AMD,910.1,961.3,1254.4,668.1
2025-06-01,AMD,1075.8,961.3,1254.4,668.1
2025-07-01,AMD,1186.3,961.3,1254.4,668.1
2025-08-01,AMD,1305.8,961.3,1254.4,668.1
2025-09-01,AMD,915.6,961.3,1254.4,668.1
2025-10-01,AMD,1759.7,961.3,1254.4,668.1
2025-11-01,AMD,1050.8,961.3,1254.4,668.1
2025-12-01,AMD,600.0,961.3,1254.4,668.1
2026-01-01,AMD,759.7,961.3,1254.4,668.1
2026-02-01,AMD,821.1,961.3,1254.4,668.1
2026-03-01,AMD,708.3,961.3,1254.4,668.1
2025-01-01,AME,24.9,28.3,31.3,25.3
2025-02-01,AME,26.8,28.3,31.3,25.3
2025-03-01,AME,28.0,28.3,31.3,25.3
2025-04-01,AME,34.9,28.3,31.3,25.3
2025-05-01,AME,26.5,28.3,31.3,25.3
2025-06-01,AME,27.7,28.3,31.3,25.3
2025-07-01,AME,31.3,28.3,31.3,25.3
2025-08-01,AME,25.4,28.3,31.3,25.3
2025-09-01,AME,24.4,28.3,31.3,25.3
2025-10-01,AME,31.1,28.3,31.3,25.3
2025-11-01,AME,27.3,28.3,31.3,25.3
2025-12-01,AME,30.0,28.3,31.3,25.3
2026-01-01,AME,25.1,28.3,31.3,25.3
2026-02-01,AME,27.2,28.3,31.3,25.3
2026-03-01,AME,32.3,28.3,31.3,25.3
2025-01-01,AMGN,61.3,57.2,64.8,49.6
2025-02-01,AMGN,62.8,57.2,64.8,49.6
2025-03-01,AMGN,64.2,57.2,64.8,49.6
2025-04-01,AMGN,66.5,57.2,64.8,49.6
2025-05-01,AMGN,66.6,57.2,64.8,49.6
2025-06-01,AMGN,56.6,57.2,64.8,49.6
2025-07-01,AMGN,41.5,57.2,64.8,49.6
2025-08-01,AMGN,43.2,57.2,64.8,49.6
2025-09-01,AMGN,56.4,57.2,64.8,49.6
2025-10-01,AMGN,49.2,57.2,64.8,49.6
2025-11-01,AMGN,58.4,57.2,64.8,49.6
2025-12-01,AMGN,64.3,57.2,64.8,49.6
2026-01-01,AMGN,55.0,57.2,64.8,49.6
2026-02-01,AMGN,57.9,57.2,64.8,49.6
2026-03-01,AMGN,55.8,57.2,64.8,49.6
2025-01-01,AMP,10.6,11.6,13.6,9.7
2025-02-01,AMP,10.4,11.6,13.6,9.7
2025-03-01,AMP,11.9,11.6,13.6,9.7
2025-04-01,AMP,12.9,11.6,13.6,9.7
2025-05-01,AMP,9.4,11.6,13.6,9.7
2025-06-01,AMP,9.7,11.6,13.6,9.7
2025-07-01,AMP,9.7,11.6,13.6,9.7
2025-08-01,AMP,8.2,11.6,13.6,9.7
2025-09-01,AMP,11.7,11.6,13.6,9.7
2025-10-01,AMP,13.1,11.6,13.6,9.7
2025-11-01,AMP,11.9,11.6,13.6,9.7
2025-12-01,AMP,13.4,11.6,13.6,9.7
2026-01-01,AMP,11.8,11.6,13.6,9.7
2026-02-01,AMP,15.3,11.6,13.6,9.7
2026-03-01,AMP,14.8,11.6,13.6,9.7
2025-01-01,AMT,45.8,59.6,71.5,47.8
2025-02-01,AMT,44.4,59.6,71.5,47.8
2025-03-01,AMT,62.4,59.6,71.5,47.8
2025-04-01,AMT,82.9,59.6,71.5,47.8
2025-05-01,AMT,57.1,59.6,71.5,47.8
2025-06-01,AMT,42.5,59.6,71.5,47.8
2025-07-01,AMT,43.7,59.6,71.5,47.8
2025-08-01,AMT,49.8,59.6,71.5,47.8
2025-09-01,AMT,70.0,59.6,71.5,47.8
2025-10-01,AMT,67.4,59.6,71.5,47.8
2025-11-01,AMT,56.0,59.6,71.5,47.8
2025-12-01,AMT,73.3,59.6,71.5,47.8
2026-01-01,AMT,64.6,59.6,71.5,47.8
2026-02-01,AMT,62.4,59.6,71.5,47.8
2026-03-01,AMT,68.5,59.6,71.5,47.8
2025-01-01,AMZN,652.6,946.0,1122.2,769.8
2025-02-01,AMZN,783.6,946.0,1122.2,769.8
2025-03-01,AMZN,966.7,946.0,1122.2,769.8
2025-04-01,AMZN,1313.1,946.0,1122.2,769.8
2025-05-01,AMZN,937.3,946.0,1122.2,769.8
2025-06-01,AMZN,870.7,946.0,1122.2,769.8
2025-07-01,AMZN,856.0,946.0,1122.2,769.8
2025-08-01,AMZN,877.7,946.0,1122.2,769.8
2025-09-01,AMZN,965.1,946.0,1122.2,769.8
2025-10-01,AMZN,1196.9,946.0,1122.2,769.8
2025-11-01,AMZN,902.3,946.0,1122.2,769.8
2025-12-01,AMZN,788.0,946.0,1122.2,769.8
2026-01-01,AMZN,842.1,946.0,1122.2,769.8
2026-02-01,AMZN,1263.3,946.0,1122.2,769.8
2026-03-01,AMZN,950.7,946.0,1122.2,769.8
2025-01-01,ANET,188.4,192.2,226.6,157.7
2025-02-01,ANET,229.8,192.2,226.6,157.7
2025-03-01,ANET,229.8,192.2,226.6,157.7
2025-04-01,ANET,264.7,192.2,226.6,157.7
2025-05-01,ANET,214.3,192.2,226.6,157.7
2025-06-01,ANET,207.5,192.2,226.6,157.7
2025-07-01,ANET,187.4,192.2,226.6,157.7
2025-08-01,ANET,193.1,192.2,226.6,157.7
2025-09-01,ANET,199.3,192.2,226.6,157.7
2025-10-01,ANET,179.5,192.2,226.6,157.7
2025-11-01,ANET,189.6,192.2,226.6,157.7
2025-12-01,ANET,125.8,192.2,226.6,157.7
2026-01-01,ANET,165.8,192.2,226.6,157.7
2026-02-01,ANET,179.0,192.2,226.6,157.7
2026-03-01,ANET,137.3,192.2,226.6,157.7
2025-01-01,AON,22.2,26.9,32.0,21.9
2025-02-01,AON,20.2,26.9,32.0,21.9
2025-03-01,AON,27.8,26.9,32.0,21.9
2025-04-01,AON,39.1,26.9,32.0,21.9
2025-05-01,AON,24.5,26.9,32.0,21.9
2025-06-01,AON,27.9,26.9,32.0,21.9
2025-07-01,AON,29.8,26.9,32.0,21.9
2025-08-01,AON,26.7,26.9,32.0,21.9
2025-09-01,AON,26.4,26.9,32.0,21.9
2025-10-01,AON,27.7,26.9,32.0,21.9
2025-11-01,AON,22.5,26.9,32.0,21.9
2025-12-01,AON,19.8,26.9,32.0,21.9
2026-01-01,AON,24.0,26.9,32.0,21.9
2026-02-01,AON,35.3,26.9,32.0,21.9
2026-03-01,AON,29.5,26.9,32.0,21.9
2025-01-01,AOS,29.3,29.4,34.5,24.2
2025-02-01,AOS,26.2,29.4,34.5,24.2
2025-03-01,AOS,29.7,29.4,34.5,24.2
2025-04-01,AOS,36.8,29.4,34.5,24.2
2025-05-01,AOS,38.5,29.4,34.5,24.2
2025-06-01,AOS,32.5,29.4,34.5,24.2
2025-07-01,AOS,36.9,29.4,34.5,24.2
2025-08-01,AOS,21.1,29.4,34.5,24.2
2025-09-01,AOS,21.6,29.4,34.5,24.2
2025-10-01,AOS,29.0,29.4,34.5,24.2
2025-11-01,AOS,25.2,29.4,34.5,24.2
2025-12-01,AOS,26.1,29.4,34.5,24.2
2026-01-01,AOS,29.1,29.4,34.5,24.2
2026-02-01,AOS,24.9,29.4,34.5,24.2
2026-03-01,AOS,32.2,29.4,34.5,24.2
2025-01-01,APA,132.9,158.5,189.3,127.7
2025-02-01,APA,168.1,158.5,189.3,127.7
2025-03-01,APA,162.0,158.5,189.3,127.7
2025-04-01,APA,225.6,158.5,189.3,127.7
2025-05-01,APA,158.9,158.5,189.3,127.7
2025-06-01,APA,176.3,158.5,189.3,127.7
2025-07-01,APA,133.7,158.5,189.3,127.7
2025-08-01,APA,154.0,158.5,189.3,127.7
2025-09-01,APA,159.7,158.5,189.3,127.7
2025-10-01,APA,162.1,158.5,189.3,127.7
2025-11-01,APA,143.6,158.5,189.3,127.7
2025-12-01,APA,113.9,158.5,189.3,127.7
2026-01-01,APA,126.6,158.5,189.3,127.7
2026-02-01,APA,134.7,158.5,189.3,127.7
2026-03-01,APA,220.8,158.5,189.3,127.7
2025-01-01,APD,35.8,27.9,33.8,22.0
2025-02-01,APD,29.3,27.9,33.8,22.0
2025-03-01,APD,26.0,27.9,33.8,22.0
2025-04-01,APD,28.7,27.9,33.8,22.0
2025-05-01,APD,26.3,27.9,33.8,22.0
2025-06-01,APD,25.8,27.9,33.8,22.0
2025-07-01,APD,21.8,27.9,33.8,22.0
2025-08-01,APD,16.9,27.9,33.8,22.0
2025-09-01,APD,21.8,27.9,33.8,22.0
2025-10-01,APD,26.0,27.9,33.8,22.0
2025-11-01,APD,26.8,27.9,33.8,22.0
2025-12-01,APD,42.3,27.9,33.8,22.0
2026-01-01,APD,31.6,27.9,33.8,22.0
2026-02-01,APD,28.9,27.9,33.8,22.0
2026-03-01,APD,30.7,27.9,33.8,22.0
2025-01-01,APH,163.6,181.4,206.0,156.8
2025-02-01,APH,143.0,181.4,206.0,156.8
2025-03-01,APH,185.1,181.4,206.0,156.8
2025-04-01,APH,202.4,181.4,206.0,156.8
2025-05-01,APH,161.9,181.4,206.0,156.8
2025-06-01,APH,184.6,181.4,206.0,156.8
2025-07-01,APH,193.7,181.4,206.0,156.8
2025-08-01,APH,147.9,181.4,206.0,156.8
2025-09-01,APH,209.9,181.4,206.0,156.8
2025-10-01,APH,178.0,181.4,206.0,156.8
2025-11-01,APH,157.9,181.4,206.0,156.8
2025-12-01,APH,158.3,181.4,206.0,156.8
2026-01-01,APH,228.4,181.4,206.0,156.8
2026-02-01,APH,186.7,181.4,206.0,156.8
2026-03-01,APH,214.7,181.4,206.0,156.8
2025-01-01,APO,67.0,80.3,104.5,56.1
2025-02-01,APO,65.8,80.3,104.5,56.1
2025-03-01,APO,85.5,80.3,104.5,56.1
2025-04-01,APO,115.7,80.3,104.5,56.1
2025-05-01,APO,73.5,80.3,104.5,56.1
2025-06-01,APO,59.0,80.3,104.5,56.1
2025-07-01,APO,53.1,80.3,104.5,56.1
2025-08-01,APO,73.5,80.3,104.5,56.1
2025-09-01,APO,72.5,80.3,104.5,56.1
2025-10-01,APO,84.7,80.3,104.5,56.1
2025-11-01,APO,69.6,80.3,104.5,56.1
2025-12-01,APO,62.1,80.3,104.5,56.1
2026-01-01,APO,61.6,80.3,104.5,56.1
2026-02-01,APO,126.3,80.3,104.5,56.1
2026-03-01,APO,133.0,80.3,104.5,56.1
2025-01-01,APP,82.1,136.0,184.1,88.0
2025-02-01,APP,171.4,136.0,184.1,88.0
2025-03-01,APP,232.5,136.0,184.1,88.0
2025-04-01,APP,177.1,136.0,184.1,88.0
2025-05-01,APP,148.0,136.0,184.1,88.0
2025-06-01,APP,122.4,136.0,184.1,88.0
2025-07-01,APP,90.3,136.0,184.1,88.0
2025-08-01,APP,135.5,136.0,184.1,88.0
2025-09-01,APP,229.9,136.0,184.1,88.0
2025-10-01,APP,118.6,136.0,184.1,88.0
2025-11-01,APP,89.3,136.0,184.1,88.0
2025-12-01,APP,76.5,136.0,184.1,88.0
2026-01-01,APP,112.4,136.0,184.1,88.0
2026-02-01,APP,153.7,136.0,184.1,88.0
2026-03-01,APP,105.4,136.0,184.1,88.0
2025-01-01,APTV,64.5,54.4,67.0,41.8
2025-02-01,APTV,63.8,54.4,67.0,41.8
2025-03-01,APTV,88.0,54.4,67.0,41.8
2025-04-01,APTV,73.5,54.4,67.0,41.8
2025-05-01,APTV,48.0,54.4,67.0,41.8
2025-06-01,APTV,47.1,54.4,67.0,41.8
2025-07-01,APTV,51.4,54.4,67.0,41.8
2025-08-01,APTV,56.6,54.4,67.0,41.8
2025-09-01,APTV,46.8,54.4,67.0,41.8
2025-10-01,APTV,41.6,54.4,67.0,41.8
2025-11-01,APTV,47.7,54.4,67.0,41.8
2025-12-01,APTV,43.5,54.4,67.0,41.8
2026-01-01,APTV,49.7,54.4,67.0,41.8
2026-02-01,APTV,41.1,54.4,67.0,41.8
2026-03-01,APTV,53.3,54.4,67.0,41.8
2025-01-01,ARE,31.1,41.9,56.1,27.6
2025-02-01,ARE,21.8,41.9,56.1,27.6
2025-03-01,ARE,24.6,41.9,56.1,27.6
2025-04-01,ARE,44.9,41.9,56.1,27.6
2025-05-01,ARE,37.7,41.9,56.1,27.6
2025-06-01,ARE,34.8,41.9,56.1,27.6
2025-07-01,ARE,36.9,41.9,56.1,27.6
2025-08-01,ARE,29.5,41.9,56.1,27.6
2025-09-01,ARE,27.9,41.9,56.1,27.6
2025-10-01,ARE,65.1,41.9,56.1,27.6
2025-11-01,ARE,49.1,41.9,56.1,27.6
2025-12-01,ARE,70.3,41.9,56.1,27.6
2026-01-01,ARE,58.3,41.9,56.1,27.6
2026-02-01,ARE,48.4,41.9,56.1,27.6
2026-03-01,ARE,43.7,41.9,56.1,27.6
2025-01-01,ARES,19.3,48.8,76.0,21.6
2025-02-01,ARES,25.5,48.8,76.0,21.6
2025-03-01,ARES,43.5,48.8,76.0,21.6
2025-04-01,ARES,55.9,48.8,76.0,21.6
2025-05-01,ARES,35.3,48.8,76.0,21.6
2025-06-01,ARES,29.1,48.8,76.0,21.6
2025-07-01,ARES,30.7,48.8,76.0,21.6
2025-08-01,ARES,28.9,48.8,76.0,21.6
2025-09-01,ARES,32.9,48.8,76.0,21.6
2025-10-01,ARES,53.8,48.8,76.0,21.6
2025-11-01,ARES,32.3,48.8,76.0,21.6
2025-12-01,ARES,108.2,48.8,76.0,21.6
2026-01-01,ARES,42.0,48.8,76.0,21.6
2026-02-01,ARES,97.1,48.8,76.0,21.6
2026-03-01,ARES,91.0,48.8,76.0,21.6
2025-01-01,ASC,15.4,13.1,14.8,11.4
2025-02-01,ASC,14.5,13.1,14.8,11.4
2025-03-01,ASC,14.4,13.1,14.8,11.4
2025-04-01,ASC,12.8,13.1,14.8,11.4
2025-05-01,ASC,12.5,13.1,14.8,11.4
2025-06-01,ASC,13.1,13.1,14.8,11.4
2025-07-01,ASC,12.3,13.1,14.8,11.4
2025-08-01,ASC,11.2,13.1,14.8,11.4
2025-09-01,ASC,11.2,13.1,14.8,11.4
2025-10-01,ASC,11.0,13.1,14.8,11.4
2025-11-01,ASC,11.8,13.1,14.8,11.4
2025-12-01,ASC,12.0,13.1,14.8,11.4
2026-01-01,ASC,13.3,13.1,14.8,11.4
2026-02-01,ASC,14.8,13.1,14.8,11.4
2026-03-01,ASC,16.8,13.1,14.8,11.4
2025-01-01,ATO,18.1,21.4,26.0,16.8
2025-02-01,ATO,17.2,21.4,26.0,16.8
2025-03-01,ATO,19.3,21.4,26.0,16.8
2025-04-01,ATO,27.8,21.4,26.0,16.8
2025-05-01,ATO,25.7,21.4,26.0,16.8
2025-06-01,ATO,17.1,21.4,26.0,16.8
2025-07-01,ATO,14.3,21.4,26.0,16.8
2025-08-01,ATO,21.0,21.4,26.0,16.8
2025-09-01,ATO,17.8,21.4,26.0,16.8
2025-10-01,ATO,17.4,21.4,26.0,16.8
2025-11-01,ATO,23.7,21.4,26.0,16.8
2025-12-01,ATO,21.3,21.4,26.0,16.8
2026-01-01,ATO,31.0,21.4,26.0,16.8
2026-02-01,ATO,25.9,21.4,26.0,16.8
2026-03-01,ATO,24.7,21.4,26.0,16.8
2025-01-01,AVB,11.9,18.9,22.3,15.4
2025-02-01,AVB,12.6,18.9,22.3,15.4
2025-03-01,AVB,15.5,18.9,22.3,15.4
2025-04-01,AVB,21.4,18.9,22.3,15.4
2025-05-01,AVB,18.1,18.9,22.3,15.4
2025-06-01,AVB,19.5,18.9,22.3,15.4
2025-07-01,AVB,15.7,18.9,22.3,15.4
2025-08-01,AVB,21.4,18.9,22.3,15.4
2025-09-01,AVB,18.0,18.9,22.3,15.4
2025-10-01,AVB,18.2,18.9,22.3,15.4
2025-11-01,AVB,19.4,18.9,22.3,15.4
2025-12-01,AVB,22.5,18.9,22.3,15.4
2026-01-01,AVB,24.4,18.9,22.3,15.4
2026-02-01,AVB,22.8,18.9,22.3,15.4
2026-03-01,AVB,21.1,18.9,22.3,15.4
2025-01-01,AVGO,637.9,554.6,701.8,407.3
2025-02-01,AVGO,455.8,554.6,701.8,407.3
2025-03-01,AVGO,751.9,554.6,701.8,407.3
2025-04-01,AVGO,711.0,554.6,701.8,407.3
2025-05-01,AVGO,401.7,554.6,701.8,407.3
2025-06-01,AVGO,541.2,554.6,701.8,407.3
2025-07-01,AVGO,376.9,554.6,701.8,407.3
2025-08-01,AVGO,374.0,554.6,701.8,407.3
2025-09-01,AVGO,633.9,554.6,701.8,407.3
2025-10-01,AVGO,485.6,554.6,701.8,407.3
2025-11-01,AVGO,426.7,554.6,701.8,407.3
2025-12-01,AVGO,883.4,554.6,701.8,407.3
2026-01-01,AVGO,514.8,554.6,701.8,407.3
2026-02-01,AVGO,471.5,554.6,701.8,407.3
2026-03-01,AVGO,620.1,554.6,701.8,407.3
2025-01-01,AVY,15.6,14.9,17.6,12.1
2025-02-01,AVY,12.6,14.9,17.6,12.1
2025-03-01,AVY,14.5,14.9,17.6,12.1
2025-04-01,AVY,23.1,14.9,17.6,12.1
2025-05-01,AVY,13.4,14.9,17.6,12.1
2025-06-01,AVY,16.3,14.9,17.6,12.1
2025-07-01,AVY,13.6,14.9,17.6,12.1
2025-08-01,AVY,12.6,14.9,17.6,12.1
2025-09-01,AVY,13.4,14.9,17.6,12.1
2025-10-01,AVY,18.2,14.9,17.6,12.1
2025-11-01,AVY,13.6,14.9,17.6,12.1
2025-12-01,AVY,16.0,14.9,17.6,12.1
2026-01-01,AVY,11.8,14.9,17.6,12.1
2026-02-01,AVY,13.4,14.9,17.6,12.1
2026-03-01,AVY,14.3,14.9,17.6,12.1
2025-01-01,AWK,22.7,32.2,38.4,25.9
2025-02-01,AWK,29.3,32.2,38.4,25.9
2025-03-01,AWK,36.3,32.2,38.4,25.9
2025-04-01,AWK,35.1,32.2,38.4,25.9
2025-05-01,AWK,30.6,32.2,38.4,25.9
2025-06-01,AWK,21.4,32.2,38.4,25.9
2025-07-01,AWK,25.4,32.2,38.4,25.9
2025-08-01,AWK,33.0,32.2,38.4,25.9
2025-09-01,AWK,24.9,32.2,38.4,25.9
2025-10-01,AWK,33.8,32.2,38.4,25.9
2025-11-01,AWK,40.3,32.2,38.4,25.9
2025-12-01,AWK,40.4,32.2,38.4,25.9
2026-01-01,AWK,29.8,32.2,38.4,25.9
2026-02-01,AWK,39.7,32.2,38.4,25.9
2026-03-01,AWK,39.4,32.2,38.4,25.9
2025-01-01,AXON,11.4,15.8,20.2,11.5
2025-02-01,AXON,21.2,15.8,20.2,11.5
2025-03-01,AXON,16.5,15.8,20.2,11.5
2025-04-01,AXON,12.9,15.8,20.2,11.5
2025-05-01,AXON,13.6,15.8,20.2,11.5
2025-06-01,AXON,11.2,15.8,20.2,11.5
2025-07-01,AXON,13.7,15.8,20.2,11.5
2025-08-01,AXON,14.7,15.8,20.2,11.5
2025-09-01,AXON,12.4,15.8,20.2,11.5
2025-10-01,AXON,12.0,15.8,20.2,11.5
2025-11-01,AXON,22.1,15.8,20.2,11.5
2025-12-01,AXON,17.8,15.8,20.2,11.5
2026-01-01,AXON,14.8,15.8,20.2,11.5
2026-02-01,AXON,27.5,15.8,20.2,11.5
2026-03-01,AXON,17.4,15.8,20.2,11.5
2025-01-01,AXP,53.8,61.6,74.4,48.7
2025-02-01,AXP,42.8,61.6,74.4,48.7
2025-03-01,AXP,73.8,61.6,74.4,48.7
2025-04-01,AXP,87.8,61.6,74.4,48.7
2025-05-01,AXP,58.6,61.6,74.4,48.7
2025-06-01,AXP,54.7,61.6,74.4,48.7
2025-07-01,AXP,58.0,61.6,74.4,48.7
2025-08-01,AXP,49.1,61.6,74.4,48.7
2025-09-01,AXP,59.4,61.6,74.4,48.7
2025-10-01,AXP,57.4,61.6,74.4,48.7
2025-11-01,AXP,48.1,61.6,74.4,48.7
2025-12-01,AXP,54.1,61.6,74.4,48.7
2026-01-01,AXP,62.7,61.6,74.4,48.7
2026-02-01,AXP,75.7,61.6,74.4,48.7
2026-03-01,AXP,85.0,61.6,74.4,48.7
2025-01-01,AZO,2.2,2.9,3.5,2.3
2025-02-01,AZO,1.9,2.9,3.5,2.3
2025-03-01,AZO,3.6,2.9,3.5,2.3
2025-04-01,AZO,3.2,2.9,3.5,2.3
2025-05-01,AZO,2.7,2.9,3.5,2.3
2025-06-01,AZO,3.2,2.9,3.5,2.3
2025-07-01,AZO,2.6,2.9,3.5,2.3
2025-08-01,AZO,2.2,2.9,3.5,2.3
2025-09-01,AZO,2.9,2.9,3.5,2.3
2025-10-01,AZO,3.0,2.9,3.5,2.3
2025-11-01,AZO,2.3,2.9,3.5,2.3
2025-12-01,AZO,3.9,2.9,3.5,2.3
2026-01-01,AZO,3.9,2.9,3.5,2.3
2026-02-01,AZO,2.6,2.9,3.5,2.3
2026-03-01,AZO,3.2,2.9,3.5,2.3
2025-01-01,BA,175.2,168.7,197.2,140.1
2025-02-01,BA,121.3,168.7,197.2,140.1
2025-03-01,BA,188.5,168.7,197.2,140.1
2025-04-01,BA,228.5,168.7,197.2,140.1
2025-05-01,BA,175.6,168.7,197.2,140.1
2025-06-01,BA,183.8,168.7,197.2,140.1
2025-07-01,BA,169.6,168.7,197.2,140.1
2025-08-01,BA,127.3,168.7,197.2,140.1
2025-09-01,BA,172.4,168.7,197.2,140.1
2025-10-01,BA,187.1,168.7,197.2,140.1
2025-11-01,BA,157.6,168.7,197.2,140.1
2025-12-01,BA,180.8,168.7,197.2,140.1
2026-01-01,BA,182.6,168.7,197.2,140.1
2026-02-01,BA,110.6,168.7,197.2,140.1
2026-03-01,BA,158.0,168.7,197.2,140.1
2025-01-01,BAC,739.5,836.4,997.3,675.5
2025-02-01,BAC,650.2,836.4,997.3,675.5
2025-03-01,BAC,936.5,836.4,997.3,675.5
2025-04-01,BAC,1359.3,836.4,997.3,675.5
2025-05-01,BAC,822.9,836.4,997.3,675.5
2025-06-01,BAC,775.8,836.4,997.3,675.5
2025-07-01,BAC,906.4,836.4,997.3,675.5
2025-08-01,BAC,728.4,836.4,997.3,675.5
2025-09-01,BAC,754.2,836.4,997.3,675.5
2025-10-01,BAC,763.0,836.4,997.3,675.5
2025-11-01,BAC,712.1,836.4,997.3,675.5
2025-12-01,BAC,799.4,836.4,997.3,675.5
2026-01-01,BAC,792.4,836.4,997.3,675.5
2026-02-01,BAC,844.4,836.4,997.3,675.5
2026-03-01,BAC,924.3,836.4,997.3,675.5
2025-01-01,BALL,47.9,53.2,60.6,45.8
2025-02-01,BALL,59.6,53.2,60.6,45.8
2025-03-01,BALL,51.7,53.2,60.6,45.8
2025-04-01,BALL,60.7,53.2,60.6,45.8
2025-05-01,BALL,62.1,53.2,60.6,45.8
2025-06-01,BALL,54.1,53.2,60.6,45.8
2025-07-01,BALL,41.0,53.2,60.6,45.8
2025-08-01,BALL,55.5,53.2,60.6,45.8
2025-09-01,BALL,49.4,53.2,60.6,45.8
2025-10-01,BALL,60.5,53.2,60.6,45.8
2025-11-01,BALL,65.4,53.2,60.6,45.8
2025-12-01,BALL,55.8,53.2,60.6,45.8
2026-01-01,BALL,41.2,53.2,60.6,45.8
2026-02-01,BALL,49.4,53.2,60.6,45.8
2026-03-01,BALL,44.8,53.2,60.6,45.8
2025-01-01,BAX,93.6,141.9,188.3,95.5
2025-02-01,BAX,105.8,141.9,188.3,95.5
2025-03-01,BAX,87.3,141.9,188.3,95.5
2025-04-01,BAX,111.2,141.9,188.3,95.5
2025-05-01,BAX,77.2,141.9,188.3,95.5
2025-06-01,BAX,70.5,141.9,188.3,95.5
2025-07-01,BAX,159.2,141.9,188.3,95.5
2025-08-01,BAX,174.9,141.9,188.3,95.5
2025-09-01,BAX,140.9,141.9,188.3,95.5
2025-10-01,BAX,149.7,141.9,188.3,95.5
2025-11-01,BAX,170.5,141.9,188.3,95.5
2025-12-01,BAX,173.4,141.9,188.3,95.5
2026-01-01,BAX,178.9,141.9,188.3,95.5
2026-02-01,BAX,227.1,141.9,188.3,95.5
2026-03-01,BAX,205.8,141.9,188.3,95.5
2025-01-01,BBY,47.6,82.2,102.7,61.8
2025-02-01,BBY,50.4,82.2,102.7,61.8
2025-03-01,BBY,86.7,82.2,102.7,61.8
2025-04-01,BBY,117.8,82.2,102.7,61.8
2025-05-01,BBY,77.8,82.2,102.7,61.8
2025-06-01,BBY,73.2,82.2,102.7,61.8
2025-07-01,BBY,76.6,82.2,102.7,61.8
2025-08-01,BBY,75.3,82.2,102.7,61.8
2025-09-01,BBY,71.1,82.2,102.7,61.8
2025-10-01,BBY,77.1,82.2,102.7,61.8
2025-11-01,BBY,70.0,82.2,102.7,61.8
2025-12-01,BBY,102.2,82.2,102.7,61.8
2026-01-01,BBY,91.9,82.2,102.7,61.8
2026-02-01,BBY,83.8,82.2,102.7,61.8
2026-03-01,BBY,124.3,82.2,102.7,61.8
2025-01-01,BDX,50.1,62.1,78.6,45.6
2025-02-01,BDX,51.5,62.1,78.6,45.6
2025-03-01,BDX,53.1,62.1,78.6,45.6
2025-04-01,BDX,66.9,62.1,78.6,45.6
2025-05-01,BDX,107.8,62.1,78.6,45.6
2025-06-01,BDX,71.2,62.1,78.6,45.6
2025-07-01,BDX,81.2,62.1,78.6,45.6
2025-08-01,BDX,67.6,62.1,78.6,45.6
2025-09-01,BDX,42.7,62.1,78.6,45.6
2025-10-01,BDX,49.4,62.1,78.6,45.6
2025-11-01,BDX,69.7,62.1,78.6,45.6
2025-12-01,BDX,53.8,62.1,78.6,45.6
2026-01-01,BDX,45.9,62.1,78.6,45.6
2026-02-01,BDX,69.7,62.1,78.6,45.6
2026-03-01,BDX,51.9,62.1,78.6,45.6
2025-01-01,BEN,92.8,95.6,112.0,79.2
2025-02-01,BEN,72.9,95.6,112.0,79.2
2025-03-01,BEN,85.2,95.6,112.0,79.2
2025-04-01,BEN,113.1,95.6,112.0,79.2
2025-05-01,BEN,128.7,95.6,112.0,79.2
2025-06-01,BEN,83.3,95.6,112.0,79.2
2025-07-01,BEN,86.2,95.6,112.0,79.2
2025-08-01,BEN,75.3,95.6,112.0,79.2
2025-09-01,BEN,82.8,95.6,112.0,79.2
2025-10-01,BEN,104.2,95.6,112.0,79.2
2025-11-01,BEN,94.0,95.6,112.0,79.2
2025-12-01,BEN,78.9,95.6,112.0,79.2
2026-01-01,BEN,114.2,95.6,112.0,79.2
2026-02-01,BEN,106.9,95.6,112.0,79.2
2026-03-01,BEN,114.2,95.6,112.0,79.2
2025-01-01,BF.B,66.0,90.2,124.2,56.3
2025-02-01,BF.B,62.4,90.2,124.2,56.3
2025-03-01,BF.B,77.1,90.2,124.2,56.3
2025-04-01,BF.B,60.8,90.2,124.2,56.3
2025-05-01,BF.B,47.9,90.2,124.2,56.3
2025-06-01,BF.B,157.4,90.2,124.2,56.3
2025-07-01,BF.B,91.2,90.2,124.2,56.3
2025-08-01,BF.B,73.0,90.2,124.2,56.3
2025-09-01,BF.B,72.3,90.2,124.2,56.3
2025-10-01,BF.B,77.0,90.2,124.2,56.3
2025-11-01,BF.B,74.8,90.2,124.2,56.3
2025-12-01,BF.B,120.9,90.2,124.2,56.3
2026-01-01,BF.B,102.7,90.2,124.2,56.3
2026-02-01,BF.B,96.0,90.2,124.2,56.3
2026-03-01,BF.B,168.8,90.2,124.2,56.3
2025-01-01,BG,27.5,37.3,43.0,31.5
2025-02-01,BG,36.2,37.3,43.0,31.5
2025-03-01,BG,40.5,37.3,43.0,31.5
2025-04-01,BG,34.3,37.3,43.0,31.5
2025-05-01,BG,42.1,37.3,43.0,31.5
2025-06-01,BG,38.0,37.3,43.0,31.5
2025-07-01,BG,43.9,37.3,43.0,31.5
2025-08-01,BG,41.9,37.3,43.0,31.5
2025-09-01,BG,43.9,37.3,43.0,31.5
2025-10-01,BG,39.8,37.3,43.0,31.5
2025-11-01,BG,30.2,37.3,43.0,31.5
2025-12-01,BG,27.4,37.3,43.0,31.5
2026-01-01,BG,36.0,37.3,43.0,31.5
2026-02-01,BG,31.2,37.3,43.0,31.5
2026-03-01,BG,44.3,37.3,43.0,31.5
2025-01-01,BIIB,25.8,33.3,40.6,26.0
2025-02-01,BIIB,31.5,33.3,40.6,26.0
2025-03-01,BIIB,37.2,33.3,40.6,26.0
2025-04-01,BIIB,37.7,33.3,40.6,26.0
2025-05-01,BIIB,37.2,33.3,40.6,26.0
2025-06-01,BIIB,26.5,33.3,40.6,26.0
2025-07-01,BIIB,29.4,33.3,40.6,26.0
2025-08-01,BIIB,30.5,33.3,40.6,26.0
2025-09-01,BIIB,35.3,33.3,40.6,26.0
2025-10-01,BIIB,40.4,33.3,40.6,26.0
2025-11-01,BIIB,38.5,33.3,40.6,26.0
2025-12-01,BIIB,49.7,33.3,40.6,26.0
2026-01-01,BIIB,31.2,33.3,40.6,26.0
2026-02-01,BIIB,27.6,33.3,40.6,26.0
2026-03-01,BIIB,19.2,33.3,40.6,26.0
2025-01-01,BK,83.0,80.0,90.7,69.3
2025-02-01,BK,81.2,80.0,90.7,69.3
2025-03-01,BK,95.0,80.0,90.7,69.3
2025-04-01,BK,95.2,80.0,90.7,69.3
2025-05-01,BK,85.5,80.0,90.7,69.3
2025-06-01,BK,82.9,80.0,90.7,69.3
2025-07-01,BK,97.1,80.0,90.7,69.3
2025-08-01,BK,66.4,80.0,90.7,69.3
2025-09-01,BK,64.8,80.0,90.7,69.3
2025-10-01,BK,84.1,80.0,90.7,69.3
2025-11-01,BK,61.5,80.0,90.7,69.3
2025-12-01,BK,74.1,80.0,90.7,69.3
2026-01-01,BK,78.9,80.0,90.7,69.3
2026-02-01,BK,76.7,80.0,90.7,69.3
2026-03-01,BK,70.9,80.0,90.7,69.3
2025-01-01,BKNG,5.2,5.7,7.8,3.7
2025-02-01,BKNG,5.6,5.7,7.8,3.7
2025-03-01,BKNG,6.3,5.7,7.8,3.7
2025-04-01,BKNG,6.7,5.7,7.8,3.7
2025-05-01,BKNG,4.3,5.7,7.8,3.7
2025-06-01,BKNG,4.5,5.7,7.8,3.7
2025-07-01,BKNG,4.3,5.7,7.8,3.7
2025-08-01,BKNG,3.7,5.7,7.8,3.7
2025-09-01,BKNG,4.4,5.7,7.8,3.7
2025-10-01,BKNG,6.3,5.7,7.8,3.7
2025-11-01,BKNG,5.6,5.7,7.8,3.7
2025-12-01,BKNG,5.1,5.7,7.8,3.7
2026-01-01,BKNG,4.3,5.7,7.8,3.7
2026-02-01,BKNG,12.5,5.7,7.8,3.7
2026-03-01,BKNG,7.8,5.7,7.8,3.7
2025-01-01,BKR,156.1,166.9,201.0,132.9
2025-02-01,BKR,135.5,166.9,201.0,132.9
2025-03-01,BKR,168.6,166.9,201.0,132.9
2025-04-01,BKR,209.5,166.9,201.0,132.9
2025-05-01,BKR,158.9,166.9,201.0,132.9
2025-06-01,BKR,150.3,166.9,201.0,132.9
2025-07-01,BKR,192.4,166.9,201.0,132.9
2025-08-01,BKR,103.3,166.9,201.0,132.9
2025-09-01,BKR,141.1,166.9,201.0,132.9
2025-10-01,BKR,179.9,166.9,201.0,132.9
2025-11-01,BKR,129.0,166.9,201.0,132.9
2025-12-01,BKR,158.6,166.9,201.0,132.9
2026-01-01,BKR,204.2,166.9,201.0,132.9
2026-02-01,BKR,164.1,166.9,201.0,132.9
2026-03-01,BKR,240.6,166.9,201.0,132.9
2025-01-01,BLDR,31.9,42.2,48.7,35.8
2025-02-01,BLDR,34.7,42.2,48.7,35.8
2025-03-01,BLDR,34.7,42.2,48.7,35.8
2025-04-01,BLDR,35.4,42.2,48.7,35.8
2025-05-01,BLDR,48.0,42.2,48.7,35.8
2025-06-01,BLDR,45.2,42.2,48.7,35.8
2025-07-01,BLDR,49.9,42.2,48.7,35.8
2025-08-01,BLDR,46.0,42.2,48.7,35.8
2025-09-01,BLDR,41.1,42.2,48.7,35.8
2025-10-01,BLDR,40.2,42.2,48.7,35.8
2025-11-01,BLDR,48.7,42.2,48.7,35.8
2025-12-01,BLDR,36.1,42.2,48.7,35.8
2026-01-01,BLDR,41.1,42.2,48.7,35.8
2026-02-01,BLDR,46.2,42.2,48.7,35.8
2026-03-01,BLDR,53.9,42.2,48.7,35.8
2025-01-01,BLK,16.0,15.2,18.7,11.8
2025-02-01,BLK,16.8,15.2,18.7,11.8
2025-03-01,BLK,21.6,15.2,18.7,11.8
2025-04-01,BLK,19.2,15.2,18.7,11.8
2025-05-01,BLK,13.3,15.2,18.7,11.8
2025-06-01,BLK,11.9,15.2,18.7,11.8
2025-07-01,BLK,14.2,15.2,18.7,11.8
2025-08-01,BLK,10.1,15.2,18.7,11.8
2025-09-01,BLK,11.4,15.2,18.7,11.8
2025-10-01,BLK,16.1,15.2,18.7,11.8
2025-11-01,BLK,12.3,15.2,18.7,11.8
2025-12-01,BLK,12.1,15.2,18.7,11.8
2026-01-01,BLK,15.4,15.2,18.7,11.8
2026-02-01,BLK,15.9,15.2,18.7,11.8
2026-03-01,BLK,21.4,15.2,18.7,11.8
2025-01-01,BMY,194.6,290.7,344.6,236.9
2025-02-01,BMY,241.4,290.7,344.6,236.9
2025-03-01,BMY,265.0,290.7,344.6,236.9
2025-04-01,BMY,339.0,290.7,344.6,236.9
2025-05-01,BMY,331.6,290.7,344.6,236.9
2025-06-01,BMY,281.0,290.7,344.6,236.9
2025-07-01,BMY,294.3,290.7,344.6,236.9
2025-08-01,BMY,225.4,290.7,344.6,236.9
2025-09-01,BMY,305.6,290.7,344.6,236.9
2025-10-01,BMY,410.4,290.7,344.6,236.9
2025-11-01,BMY,269.7,290.7,344.6,236.9
2025-12-01,BMY,357.3,290.7,344.6,236.9
2026-01-01,BMY,256.1,290.7,344.6,236.9
2026-02-01,BMY,263.3,290.7,344.6,236.9
2026-03-01,BMY,295.1,290.7,344.6,236.9
2025-01-01,BR,9.9,16.2,24.2,8.2
2025-02-01,BR,8.3,16.2,24.2,8.2
2025-03-01,BR,13.2,16.2,24.2,8.2
2025-04-01,BR,12.2,16.2,24.2,8.2
2025-05-01,BR,12.3,16.2,24.2,8.2
2025-06-01,BR,9.1,16.2,24.2,8.2
2025-07-01,BR,16.8,16.2,24.2,8.2
2025-08-01,BR,16.3,16.2,24.2,8.2
2025-09-01,BR,13.9,16.2,24.2,8.2
2025-10-01,BR,13.1,16.2,24.2,8.2
2025-11-01,BR,15.2,16.2,24.2,8.2
2025-12-01,BR,14.6,16.2,24.2,8.2
2026-01-01,BR,16.3,16.2,24.2,8.2
2026-02-01,BR,33.3,16.2,24.2,8.2
2026-03-01,BR,37.4,16.2,24.2,8.2
2025-01-01,BRK.B,82.5,99.3,111.5,87.0
2025-02-01,BRK.B,77.0,99.3,111.5,87.0
2025-03-01,BRK.B,108.2,99.3,111.5,87.0
2025-04-01,BRK.B,126.9,99.3,111.5,87.0
2025-05-01,BRK.B,112.4,99.3,111.5,87.0
2025-06-01,BRK.B,96.0,99.3,111.5,87.0
2025-07-01,BRK.B,96.6,99.3,111.5,87.0
2025-08-01,BRK.B,104.6,99.3,111.5,87.0
2025-09-01,BRK.B,87.8,99.3,111.5,87.0
2025-10-01,BRK.B,94.5,99.3,111.5,87.0
2025-11-01,BRK.B,108.4,99.3,111.5,87.0
2025-12-01,BRK.B,96.0,99.3,111.5,87.0
2026-01-01,BRK.B,97.4,99.3,111.5,87.0
2026-02-01,BRK.B,89.2,99.3,111.5,87.0
2026-03-01,BRK.B,108.9,99.3,111.5,87.0
2025-01-01,BRO,33.7,58.0,77.6,38.3
2025-02-01,BRO,28.2,58.0,77.6,38.3
2025-03-01,BRO,40.0,58.0,77.6,38.3
2025-04-01,BRO,46.2,58.0,77.6,38.3
2025-05-01,BRO,32.5,58.0,77.6,38.3
2025-06-01,BRO,96.2,58.0,77.6,38.3
2025-07-01,BRO,87.8,58.0,77.6,38.3
2025-08-01,BRO,59.5,58.0,77.6,38.3
2025-09-01,BRO,53.8,58.0,77.6,38.3
2025-10-01,BRO,73.5,58.0,77.6,38.3
2025-11-01,BRO,48.6,58.0,77.6,38.3
2025-12-01,BRO,54.1,58.0,77.6,38.3
2026-01-01,BRO,62.1,58.0,77.6,38.3
2026-02-01,BRO,76.4,58.0,77.6,38.3
2026-03-01,BRO,72.5,58.0,77.6,38.3
2025-01-01,BSX,117.9,198.9,269.4,128.4
2025-02-01,BSX,137.3,198.9,269.4,128.4
2025-03-01,BSX,171.7,198.9,269.4,128.4
2025-04-01,BSX,214.8,198.9,269.4,128.4
2025-05-01,BSX,141.6,198.9,269.4,128.4
2025-06-01,BSX,161.1,198.9,269.4,128.4
2025-07-01,BSX,167.0,198.9,269.4,128.4
2025-08-01,BSX,123.4,198.9,269.4,128.4
2025-09-01,BSX,226.9,198.9,269.4,128.4
2025-10-01,BSX,208.5,198.9,269.4,128.4
2025-11-01,BSX,166.1,198.9,269.4,128.4
2025-12-01,BSX,204.3,198.9,269.4,128.4
2026-01-01,BSX,246.5,198.9,269.4,128.4
2026-02-01,BSX,401.6,198.9,269.4,128.4
2026-03-01,BSX,297.0,198.9,269.4,128.4
2025-01-01,BTI,85.7,104.3,128.6,80.0
2025-02-01,BTI,97.3,104.3,128.6,80.0
2025-03-01,BTI,95.6,104.3,128.6,80.0
2025-04-01,BTI,139.9,104.3,128.6,80.0
2025-05-01,BTI,147.5,104.3,128.6,80.0
2025-06-01,BTI,138.6,104.3,128.6,80.0
2025-07-01,BTI,135.8,104.3,128.6,80.0
2025-08-01,BTI,96.2,104.3,128.6,80.0
2025-09-01,BTI,94.2,104.3,128.6,80.0
2025-10-01,BTI,86.3,104.3,128.6,80.0
2025-11-01,BTI,77.1,104.3,128.6,80.0
2025-12-01,BTI,67.2,104.3,128.6,80.0
2026-01-01,BTI,86.4,104.3,128.6,80.0
2026-02-01,BTI,105.4,104.3,128.6,80.0
2026-03-01,BTI,109.6,104.3,128.6,80.0
2025-01-01,BTU,60.9,90.4,117.8,62.9
2025-02-01,BTU,75.5,90.4,117.8,62.9
2025-03-01,BTU,103.3,90.4,117.8,62.9
2025-04-01,BTU,137.0,90.4,117.8,62.9
2025-05-01,BTU,102.6,90.4,117.8,62.9
2025-06-01,BTU,86.1,90.4,117.8,62.9
2025-07-01,BTU,126.2,90.4,117.8,62.9
2025-08-01,BTU,90.6,90.4,117.8,62.9
2025-09-01,BTU,113.1,90.4,117.8,62.9
2025-10-01,BTU,129.6,90.4,117.8,62.9
2025-11-01,BTU,57.8,90.4,117.8,62.9
2025-12-01,BTU,54.7,90.4,117.8,62.9
2026-01-01,BTU,64.0,90.4,117.8,62.9
2026-02-01,BTU,56.9,90.4,117.8,62.9
2026-03-01,BTU,83.0,90.4,117.8,62.9
2025-01-01,BX,61.2,102.6,151.1,54.1
2025-02-01,BX,69.9,102.6,151.1,54.1
2025-03-01,BX,103.9,102.6,151.1,54.1
2025-04-01,BX,149.8,102.6,151.1,54.1
2025-05-01,BX,77.9,102.6,151.1,54.1
2025-06-01,BX,68.1,102.6,151.1,54.1
2025-07-01,BX,87.4,102.6,151.1,54.1
2025-08-01,BX,75.2,102.6,151.1,54.1
2025-09-01,BX,77.2,102.6,151.1,54.1
2025-10-01,BX,94.6,102.6,151.1,54.1
2025-11-01,BX,87.0,102.6,151.1,54.1
2025-12-01,BX,78.3,102.6,151.1,54.1
2026-01-01,BX,80.9,102.6,151.1,54.1
2026-02-01,BX,183.4,102.6,151.1,54.1
2026-03-01,BX,238.2,102.6,151.1,54.1
2025-01-01,BXP,27.0,37.3,49.1,25.5
2025-02-01,BXP,22.4,37.3,49.1,25.5
2025-03-01,BXP,32.3,37.3,49.1,25.5
2025-04-01,BXP,37.7,37.3,49.1,25.5
2025-05-01,BXP,27.7,37.3,49.1,25.5
2025-06-01,BXP,39.3,37.3,49.1,25.5
2025-07-01,BXP,33.7,37.3,49.1,25.5
2025-08-01,BXP,32.0,37.3,49.1,25.5
2025-09-01,BXP,52.1,37.3,49.1,25.5
2025-10-01,BXP,41.7,37.3,49.1,25.5
2025-11-01,BXP,25.5,37.3,49.1,25.5
2025-12-01,BXP,27.9,37.3,49.1,25.5
2026-01-01,BXP,38.8,37.3,49.1,25.5
2026-02-01,BXP,68.9,37.3,49.1,25.5
2026-03-01,BXP,51.9,37.3,49.1,25.5
2025-01-01,C,340.3,309.5,368.1,250.8
2025-02-01,C,261.1,309.5,368.1,250.8
2025-03-01,C,354.9,309.5,368.1,250.8
2025-04-01,C,472.0,309.5,368.1,250.8
2025-05-01,C,250.4,309.5,368.1,250.8
2025-06-01,C,256.1,309.5,368.1,250.8
2025-07-01,C,360.5,309.5,368.1,250.8
2025-08-01,C,282.9,309.5,368.1,250.8
2025-09-01,C,288.2,309.5,368.1,250.8
2025-10-01,C,310.9,309.5,368.1,250.8
2025-11-01,C,218.8,309.5,368.1,250.8
2025-12-01,C,303.5,309.5,368.1,250.8
2026-01-01,C,297.3,309.5,368.1,250.8
2026-02-01,C,283.8,309.5,368.1,250.8
2026-03-01,C,340.1,309.5,368.1,250.8
2025-01-01,CAG,110.8,207.9,276.0,139.8
2025-02-01,CAG,114.3,207.9,276.0,139.8
2025-03-01,CAG,135.0,207.9,276.0,139.8
2025-04-01,CAG,135.9,207.9,276.0,139.8
2025-05-01,CAG,145.8,207.9,276.0,139.8
2025-06-01,CAG,160.5,207.9,276.0,139.8
2025-07-01,CAG,279.0,207.9,276.0,139.8
2025-08-01,CAG,251.7,207.9,276.0,139.8
2025-09-01,CAG,225.3,207.9,276.0,139.8
2025-10-01,CAG,277.5,207.9,276.0,139.8
2025-11-01,CAG,185.9,207.9,276.0,139.8
2025-12-01,CAG,212.2,207.9,276.0,139.8
2026-01-01,CAG,266.3,207.9,276.0,139.8
2026-02-01,CAG,259.4,207.9,276.0,139.8
2026-03-01,CAG,332.1,207.9,276.0,139.8
2025-01-01,CAH,47.7,47.3,54.9,39.8
2025-02-01,CAH,45.2,47.3,54.9,39.8
2025-03-01,CAH,52.1,47.3,54.9,39.8
2025-04-01,CAH,59.2,47.3,54.9,39.8
2025-05-01,CAH,51.4,47.3,54.9,39.8
2025-06-01,CAH,48.1,47.3,54.9,39.8
2025-07-01,CAH,39.8,47.3,54.9,39.8
2025-08-01,CAH,57.6,47.3,54.9,39.8
2025-09-01,CAH,47.4,47.3,54.9,39.8
2025-10-01,CAH,56.4,47.3,54.9,39.8
2025-11-01,CAH,47.9,47.3,54.9,39.8
2025-12-01,CAH,46.9,47.3,54.9,39.8
2026-01-01,CAH,34.7,47.3,54.9,39.8
2026-02-01,CAH,31.9,47.3,54.9,39.8
2026-03-01,CAH,41.3,47.3,54.9,39.8
2025-01-01,CALM,16.6,20.9,26.2,15.7
2025-02-01,CALM,20.9,20.9,26.2,15.7
2025-03-01,CALM,21.0,20.9,26.2,15.7
2025-04-01,CALM,28.3,20.9,26.2,15.7
2025-05-01,CALM,17.0,20.9,26.2,15.7
2025-06-01,CALM,15.6,20.9,26.2,15.7
2025-07-01,CALM,22.5,20.9,26.2,15.7
2025-08-01,CALM,15.3,20.9,26.2,15.7
2025-09-01,CALM,20.5,20.9,26.2,15.7
2025-10-01,CALM,25.9,20.9,26.2,15.7
2025-11-01,CALM,14.4,20.9,26.2,15.7
2025-12-01,CALM,22.1,20.9,26.2,15.7
2026-01-01,CALM,34.6,20.9,26.2,15.7
2026-02-01,CALM,18.6,20.9,26.2,15.7
2026-03-01,CALM,19.4,20.9,26.2,15.7
2025-01-01,CANE,0.7,1.7,4.0,-0.6
2025-02-01,CANE,1.0,1.7,4.0,-0.6
2025-03-01,CANE,0.9,1.7,4.0,-0.6
2025-04-01,CANE,1.0,1.7,4.0,-0.6
2025-05-01,CANE,0.5,1.7,4.0,-0.6
2025-06-01,CANE,0.6,1.7,4.0,-0.6
2025-07-01,CANE,1.5,1.7,4.0,-0.6
2025-08-01,CANE,0.7,1.7,4.0,-0.6
2025-09-01,CANE,1.1,1.7,4.0,-0.6
2025-10-01,CANE,1.4,1.7,4.0,-0.6
2025-11-01,CANE,1.4,1.7,4.0,-0.6
2025-12-01,CANE,1.1,1.7,4.0,-0.6
2026-01-01,CANE,0.8,1.7,4.0,-0.6
2026-02-01,CANE,2.2,1.7,4.0,-0.6
2026-03-01,CANE,9.9,1.7,4.0,-0.6
2025-01-01,CARR,110.0,126.9,149.3,104.6
2025-02-01,CARR,125.1,126.9,149.3,104.6
2025-03-01,CARR,106.6,126.9,149.3,104.6
2025-04-01,CARR,114.9,126.9,149.3,104.6
2025-05-01,CARR,119.2,126.9,149.3,104.6
2025-06-01,CARR,91.4,126.9,149.3,104.6
2025-07-01,CARR,106.6,126.9,149.3,104.6
2025-08-01,CARR,103.6,126.9,149.3,104.6
2025-09-01,CARR,126.0,126.9,149.3,104.6
2025-10-01,CARR,152.1,126.9,149.3,104.6
2025-11-01,CARR,122.3,126.9,149.3,104.6
2025-12-01,CARR,167.5,126.9,149.3,104.6
2026-01-01,CARR,160.6,126.9,149.3,104.6
2026-02-01,CARR,148.6,126.9,149.3,104.6
2026-03-01,CARR,145.8,126.9,149.3,104.6
2025-01-01,CAT,46.8,57.7,66.8,48.5
2025-02-01,CAT,48.8,57.7,66.8,48.5
2025-03-01,CAT,55.7,57.7,66.8,48.5
2025-04-01,CAT,76.9,57.7,66.8,48.5
2025-05-01,CAT,53.0,57.7,66.8,48.5
2025-06-01,CAT,49.7,57.7,66.8,48.5
2025-07-01,CAT,57.5,57.7,66.8,48.5
2025-08-01,CAT,68.7,57.7,66.8,48.5
2025-09-01,CAT,57.1,57.7,66.8,48.5
2025-10-01,CAT,73.5,57.7,66.8,48.5
2025-11-01,CAT,48.0,57.7,66.8,48.5
2025-12-01,CAT,53.9,57.7,66.8,48.5
2026-01-01,CAT,50.5,57.7,66.8,48.5
2026-02-01,CAT,65.2,57.7,66.8,48.5
2026-03-01,CAT,56.7,57.7,66.8,48.5
2025-01-01,CB,39.6,37.3,43.3,31.3
2025-02-01,CB,26.9,37.3,43.3,31.3
2025-03-01,CB,42.1,37.3,43.3,31.3
2025-04-01,CB,41.8,37.3,43.3,31.3
2025-05-01,CB,30.6,37.3,43.3,31.3
2025-06-01,CB,32.3,37.3,43.3,31.3
2025-07-01,CB,47.7,37.3,43.3,31.3
2025-08-01,CB,34.4,37.3,43.3,31.3
2025-09-01,CB,39.3,37.3,43.3,31.3
2025-10-01,CB,44.8,37.3,43.3,31.3
2025-11-01,CB,27.8,37.3,43.3,31.3
2025-12-01,CB,41.6,37.3,43.3,31.3
2026-01-01,CB,32.5,37.3,43.3,31.3
2026-02-01,CB,35.5,37.3,43.3,31.3
2026-03-01,CB,38.6,37.3,43.3,31.3
2025-01-01,CBOE,15.0,17.6,20.4,14.9
2025-02-01,CBOE,14.9,17.6,20.4,14.9
2025-03-01,CBOE,18.5,17.6,20.4,14.9
2025-04-01,CBOE,23.0,17.6,20.4,14.9
2025-05-01,CBOE,21.3,17.6,20.4,14.9
2025-06-01,CBOE,13.4,17.6,20.4,14.9
2025-07-01,CBOE,20.0,17.6,20.4,14.9
2025-08-01,CBOE,19.5,17.6,20.4,14.9
2025-09-01,CBOE,17.6,17.6,20.4,14.9
2025-10-01,CBOE,17.3,17.6,20.4,14.9
2025-11-01,CBOE,14.7,17.6,20.4,14.9
2025-12-01,CBOE,13.9,17.6,20.4,14.9
2026-01-01,CBOE,16.8,17.6,20.4,14.9
2026-02-01,CBOE,18.3,17.6,20.4,14.9
2026-03-01,CBOE,19.7,17.6,20.4,14.9
2025-01-01,CBRE,37.5,37.3,46.6,27.9
2025-02-01,CBRE,34.9,37.3,46.6,27.9
2025-03-01,CBRE,42.0,37.3,46.6,27.9
2025-04-01,CBRE,48.1,37.3,46.6,27.9
2025-05-01,CBRE,39.1,37.3,46.6,27.9
2025-06-01,CBRE,30.2,37.3,46.6,27.9
2025-07-01,CBRE,34.4,37.3,46.6,27.9
2025-08-01,CBRE,32.2,37.3,46.6,27.9
2025-09-01,CBRE,32.3,37.3,46.6,27.9
2025-10-01,CBRE,35.2,37.3,46.6,27.9
2025-11-01,CBRE,26.9,37.3,46.6,27.9
2025-12-01,CBRE,30.3,37.3,46.6,27.9
2026-01-01,CBRE,25.4,37.3,46.6,27.9
2026-02-01,CBRE,64.2,37.3,46.6,27.9
2026-03-01,CBRE,47.1,37.3,46.6,27.9
2025-01-01,CCI,62.7,67.1,78.3,55.8
2025-02-01,CCI,47.4,67.1,78.3,55.8
2025-03-01,CCI,92.7,67.1,78.3,55.8
2025-04-01,CCI,69.6,67.1,78.3,55.8
2025-05-01,CCI,60.7,67.1,78.3,55.8
2025-06-01,CCI,69.1,67.1,78.3,55.8
2025-07-01,CCI,68.1,67.1,78.3,55.8
2025-08-01,CCI,63.3,67.1,78.3,55.8
2025-09-01,CCI,82.9,67.1,78.3,55.8
2025-10-01,CCI,68.5,67.1,78.3,55.8
2025-11-01,CCI,54.4,67.1,78.3,55.8
2025-12-01,CCI,59.9,67.1,78.3,55.8
2026-01-01,CCI,59.0,67.1,78.3,55.8
2026-02-01,CCI,83.3,67.1,78.3,55.8
2026-03-01,CCI,62.7,67.1,78.3,55.8
2025-01-01,CCJ,99.3,96.1,115.2,77.1
2025-02-01,CCJ,84.4,96.1,115.2,77.1
2025-03-01,CCJ,80.1,96.1,115.2,77.1
2025-04-01,CCJ,83.9,96.1,115.2,77.1
2025-05-01,CCJ,117.2,96.1,115.2,77.1
2025-06-01,CCJ,123.6,96.1,115.2,77.1
2025-07-01,CCJ,109.3,96.1,115.2,77.1
2025-08-01,CCJ,83.9,96.1,115.2,77.1
2025-09-01,CCJ,101.2,96.1,115.2,77.1
2025-10-01,CCJ,138.3,96.1,115.2,77.1
2025-11-01,CCJ,92.1,96.1,115.2,77.1
2025-12-01,CCJ,68.4,96.1,115.2,77.1
2026-01-01,CCJ,96.7,96.1,115.2,77.1
2026-02-01,CCJ,80.2,96.1,115.2,77.1
2026-03-01,CCJ,79.5,96.1,115.2,77.1
2025-01-01,CCL,438.3,479.8,573.5,386.2
2025-02-01,CCL,357.1,479.8,573.5,386.2
2025-03-01,CCL,612.8,479.8,573.5,386.2
2025-04-01,CCL,598.7,479.8,573.5,386.2
2025-05-01,CCL,469.3,479.8,573.5,386.2
2025-06-01,CCL,566.7,479.8,573.5,386.2
2025-07-01,CCL,480.4,479.8,573.5,386.2
2025-08-01,CCL,342.0,479.8,573.5,386.2
2025-09-01,CCL,493.0,479.8,573.5,386.2
2025-10-01,CCL,496.1,479.8,573.5,386.2
2025-11-01,CCL,409.7,479.8,573.5,386.2
2025-12-01,CCL,447.3,479.8,573.5,386.2
2026-01-01,CCL,388.3,479.8,573.5,386.2
2026-02-01,CCL,395.7,479.8,573.5,386.2
2026-03-01,CCL,664.5,479.8,573.5,386.2
2025-01-01,CDNS,32.1,42.2,51.2,33.2
2025-02-01,CDNS,46.1,42.2,51.2,33.2
2025-03-01,CDNS,48.7,42.2,51.2,33.2
2025-04-01,CDNS,52.4,42.2,51.2,33.2
2025-05-01,CDNS,46.2,42.2,51.2,33.2
2025-06-01,CDNS,34.3,42.2,51.2,33.2
2025-07-01,CDNS,42.4,42.2,51.2,33.2
2025-08-01,CDNS,30.0,42.2,51.2,33.2
2025-09-01,CDNS,40.2,42.2,51.2,33.2
2025-10-01,CDNS,40.1,42.2,51.2,33.2
2025-11-01,CDNS,35.8,42.2,51.2,33.2
2025-12-01,CDNS,32.0,42.2,51.2,33.2
2026-01-01,CDNS,38.7,42.2,51.2,33.2
2026-02-01,CDNS,65.5,42.2,51.2,33.2
2026-03-01,CDNS,49.7,42.2,51.2,33.2
2025-01-01,CDW,25.8,30.4,36.1,24.7
2025-02-01,CDW,27.4,30.4,36.1,24.7
2025-03-01,CDW,28.6,30.4,36.1,24.7
2025-04-01,CDW,36.6,30.4,36.1,24.7
2025-05-01,CDW,28.5,30.4,36.1,24.7
2025-06-01,CDW,25.4,30.4,36.1,24.7
2025-07-01,CDW,17.7,30.4,36.1,24.7
2025-08-01,CDW,28.2,30.4,36.1,24.7
2025-09-01,CDW,31.4,30.4,36.1,24.7
2025-10-01,CDW,29.0,30.4,36.1,24.7
2025-11-01,CDW,32.4,30.4,36.1,24.7
2025-12-01,CDW,40.8,30.4,36.1,24.7
2026-01-01,CDW,30.5,30.4,36.1,24.7
2026-02-01,CDW,39.6,30.4,36.1,24.7
2026-03-01,CDW,34.2,30.4,36.1,24.7
2025-01-01,CEG,123.6,69.2,89.2,49.1
2025-02-01,CEG,72.0,69.2,89.2,49.1
2025-03-01,CEG,94.2,69.2,89.2,49.1
2025-04-01,CEG,80.5,69.2,89.2,49.1
2025-05-01,CEG,71.0,69.2,89.2,49.1
2025-06-01,CEG,64.1,69.2,89.2,49.1
2025-07-01,CEG,51.3,69.2,89.2,49.1
2025-08-01,CEG,46.6,69.2,89.2,49.1
2025-09-01,CEG,47.6,69.2,89.2,49.1
2025-10-01,CEG,65.3,69.2,89.2,49.1
2025-11-01,CEG,53.7,69.2,89.2,49.1
2025-12-01,CEG,48.4,69.2,89.2,49.1
2026-01-01,CEG,79.5,69.2,89.2,49.1
2026-02-01,CEG,83.1,69.2,89.2,49.1
2026-03-01,CEG,62.0,69.2,89.2,49.1
2025-01-01,CF,40.8,60.7,87.0,34.3
2025-02-01,CF,60.3,60.7,87.0,34.3
2025-03-01,CF,60.3,60.7,87.0,34.3
2025-04-01,CF,55.3,60.7,87.0,34.3
2025-05-01,CF,54.7,60.7,87.0,34.3
2025-06-01,CF,73.3,60.7,87.0,34.3
2025-07-01,CF,47.1,60.7,87.0,34.3
2025-08-01,CF,60.5,60.7,87.0,34.3
2025-09-01,CF,59.6,60.7,87.0,34.3
2025-10-01,CF,45.8,60.7,87.0,34.3
2025-11-01,CF,50.8,60.7,87.0,34.3
2025-12-01,CF,49.5,60.7,87.0,34.3
2026-01-01,CF,50.6,60.7,87.0,34.3
2026-02-01,CF,45.2,60.7,87.0,34.3
2026-03-01,CF,151.7,60.7,87.0,34.3
2025-01-01,CFG,78.3,100.2,118.6,81.7
2025-02-01,CFG,66.6,100.2,118.6,81.7
2025-03-01,CFG,115.5,100.2,118.6,81.7
2025-04-01,CFG,127.4,100.2,118.6,81.7
2025-05-01,CFG,87.5,100.2,118.6,81.7
2025-06-01,CFG,105.3,100.2,118.6,81.7
2025-07-01,CFG,123.3,100.2,118.6,81.7
2025-08-01,CFG,80.1,100.2,118.6,81.7
2025-09-01,CFG,92.4,100.2,118.6,81.7
2025-10-01,CFG,117.2,100.2,118.6,81.7
2025-11-01,CFG,70.8,100.2,118.6,81.7
2025-12-01,CFG,104.9,100.2,118.6,81.7
2026-01-01,CFG,114.7,100.2,118.6,81.7
2026-02-01,CFG,103.5,100.2,118.6,81.7
2026-03-01,CFG,106.0,100.2,118.6,81.7
2025-01-01,CHD,32.9,45.4,53.0,37.7
2025-02-01,CHD,29.6,45.4,53.0,37.7
2025-03-01,CHD,33.8,45.4,53.0,37.7
2025-04-01,CHD,48.6,45.4,53.0,37.7
2025-05-01,CHD,55.3,45.4,53.0,37.7
2025-06-01,CHD,48.0,45.4,53.0,37.7
2025-07-01,CHD,45.9,45.4,53.0,37.7
2025-08-01,CHD,45.5,45.4,53.0,37.7
2025-09-01,CHD,45.8,45.4,53.0,37.7
2025-10-01,CHD,51.3,45.4,53.0,37.7
2025-11-01,CHD,44.6,45.4,53.0,37.7
2025-12-01,CHD,52.6,45.4,53.0,37.7
2026-01-01,CHD,57.3,45.4,53.0,37.7
2026-02-01,CHD,41.3,45.4,53.0,37.7
2026-03-01,CHD,45.2,45.4,53.0,37.7
2025-01-01,CHRW,22.8,33.1,42.6,23.6
2025-02-01,CHRW,23.4,33.1,42.6,23.6
2025-03-01,CHRW,33.7,33.1,42.6,23.6
2025-04-01,CHRW,31.2,33.1,42.6,23.6
2025-05-01,CHRW,30.2,33.1,42.6,23.6
2025-06-01,CHRW,20.3,33.1,42.6,23.6
2025-07-01,CHRW,29.8,33.1,42.6,23.6
2025-08-01,CHRW,32.1,33.1,42.6,23.6
2025-09-01,CHRW,36.6,33.1,42.6,23.6
2025-10-01,CHRW,39.2,33.1,42.6,23.6
2025-11-01,CHRW,26.9,33.1,42.6,23.6
2025-12-01,CHRW,32.1,33.1,42.6,23.6
2026-01-01,CHRW,42.2,33.1,42.6,23.6
2026-02-01,CHRW,62.9,33.1,42.6,23.6
2026-03-01,CHRW,33.8,33.1,42.6,23.6
2025-01-01,CHTR,26.0,35.3,44.0,26.7
2025-02-01,CHTR,17.3,35.3,44.0,26.7
2025-03-01,CHTR,29.8,35.3,44.0,26.7
2025-04-01,CHTR,33.0,35.3,44.0,26.7
2025-05-01,CHTR,30.0,35.3,44.0,26.7
2025-06-01,CHTR,23.2,35.3,44.0,26.7
2025-07-01,CHTR,47.2,35.3,44.0,26.7
2025-08-01,CHTR,40.9,35.3,44.0,26.7
2025-09-01,CHTR,45.0,35.3,44.0,26.7
2025-10-01,CHTR,46.1,35.3,44.0,26.7
2025-11-01,CHTR,36.4,35.3,44.0,26.7
2025-12-01,CHTR,37.0,35.3,44.0,26.7
2026-01-01,CHTR,45.4,35.3,44.0,26.7
2026-02-01,CHTR,38.1,35.3,44.0,26.7
2026-03-01,CHTR,31.2,35.3,44.0,26.7
2025-01-01,CI,37.4,37.8,42.0,33.6
2025-02-01,CI,35.2,37.8,42.0,33.6
2025-03-01,CI,34.9,37.8,42.0,33.6
2025-04-01,CI,39.3,37.8,42.0,33.6
2025-05-01,CI,39.3,37.8,42.0,33.6
2025-06-01,CI,38.9,37.8,42.0,33.6
2025-07-01,CI,39.2,37.8,42.0,33.6
2025-08-01,CI,39.5,37.8,42.0,33.6
2025-09-01,CI,30.0,37.8,42.0,33.6
2025-10-01,CI,43.5,37.8,42.0,33.6
2025-11-01,CI,47.1,37.8,42.0,33.6
2025-12-01,CI,34.6,37.8,42.0,33.6
2026-01-01,CI,30.8,37.8,42.0,33.6
2026-02-01,CI,36.6,37.8,42.0,33.6
2026-03-01,CI,40.0,37.8,42.0,33.6
2025-01-01,CIEN,54.8,55.7,70.7,40.8
2025-02-01,CIEN,40.9,55.7,70.7,40.8
2025-03-01,CIEN,61.5,55.7,70.7,40.8
2025-04-01,CIEN,44.6,55.7,70.7,40.8
2025-05-01,CIEN,29.6,55.7,70.7,40.8
2025-06-01,CIEN,61.2,55.7,70.7,40.8
2025-07-01,CIEN,43.3,55.7,70.7,40.8
2025-08-01,CIEN,35.8,55.7,70.7,40.8
2025-09-01,CIEN,72.0,55.7,70.7,40.8
2025-10-01,CIEN,54.4,55.7,70.7,40.8
2025-11-01,CIEN,68.2,55.7,70.7,40.8
2025-12-01,CIEN,63.2,55.7,70.7,40.8
2026-01-01,CIEN,49.3,55.7,70.7,40.8
2026-02-01,CIEN,86.0,55.7,70.7,40.8
2026-03-01,CIEN,73.5,55.7,70.7,40.8
2025-01-01,CINF,13.7,13.5,16.7,10.4
2025-02-01,CINF,15.5,13.5,16.7,10.4
2025-03-01,CINF,20.5,13.5,16.7,10.4
2025-04-01,CINF,16.8,13.5,16.7,10.4
2025-05-01,CINF,11.1,13.5,16.7,10.4
2025-06-01,CINF,11.1,13.5,16.7,10.4
2025-07-01,CINF,12.9,13.5,16.7,10.4
2025-08-01,CINF,10.7,13.5,16.7,10.4
2025-09-01,CINF,8.8,13.5,16.7,10.4
2025-10-01,CINF,13.2,13.5,16.7,10.4
2025-11-01,CINF,10.1,13.5,16.7,10.4
2025-12-01,CINF,11.7,13.5,16.7,10.4
2026-01-01,CINF,13.3,13.5,16.7,10.4
2026-02-01,CINF,15.2,13.5,16.7,10.4
2026-03-01,CINF,18.3,13.5,16.7,10.4
2025-01-01,CL,107.5,121.5,142.1,100.8
2025-02-01,CL,82.8,121.5,142.1,100.8
2025-03-01,CL,122.1,121.5,142.1,100.8
2025-04-01,CL,135.8,121.5,142.1,100.8
2025-05-01,CL,98.7,121.5,142.1,100.8
2025-06-01,CL,106.8,121.5,142.1,100.8
2025-07-01,CL,103.1,121.5,142.1,100.8
2025-08-01,CL,102.7,121.5,142.1,100.8
2025-09-01,CL,116.1,121.5,142.1,100.8
2025-10-01,CL,157.5,121.5,142.1,100.8
2025-11-01,CL,126.3,121.5,142.1,100.8
2025-12-01,CL,128.1,121.5,142.1,100.8
2026-01-01,CL,152.4,121.5,142.1,100.8
2026-02-01,CL,130.3,121.5,142.1,100.8
2026-03-01,CL,145.6,121.5,142.1,100.8
2025-01-01,CLX,21.3,38.9,46.2,31.7
2025-02-01,CLX,32.4,38.9,46.2,31.7
2025-03-01,CLX,34.2,38.9,46.2,31.7
2025-04-01,CLX,29.8,38.9,46.2,31.7
2025-05-01,CLX,39.1,38.9,46.2,31.7
2025-06-01,CLX,37.7,38.9,46.2,31.7
2025-07-01,CLX,38.9,38.9,46.2,31.7
2025-08-01,CLX,38.5,38.9,46.2,31.7
2025-09-01,CLX,42.8,38.9,46.2,31.7
2025-10-01,CLX,36.2,38.9,46.2,31.7
2025-11-01,CLX,48.2,38.9,46.2,31.7
2025-12-01,CLX,49.8,38.9,46.2,31.7
2026-01-01,CLX,45.8,38.9,46.2,31.7
2026-02-01,CLX,42.4,38.9,46.2,31.7
2026-03-01,CLX,46.0,38.9,46.2,31.7
2025-01-01,CMBT,1.7,27.1,51.7,2.4
2025-02-01,CMBT,1.6,27.1,51.7,2.4
2025-03-01,CMBT,1.7,27.1,51.7,2.4
2025-04-01,CMBT,2.7,27.1,51.7,2.4
2025-05-01,CMBT,2.8,27.1,51.7,2.4
2025-06-01,CMBT,2.1,27.1,51.7,2.4
2025-07-01,CMBT,2.0,27.1,51.7,2.4
2025-08-01,CMBT,68.9,27.1,51.7,2.4
2025-09-01,CMBT,58.2,27.1,51.7,2.4
2025-10-01,CMBT,48.3,27.1,51.7,2.4
2025-11-01,CMBT,51.0,27.1,51.7,2.4
2025-12-01,CMBT,33.5,27.1,51.7,2.4
2026-01-01,CMBT,52.6,27.1,51.7,2.4
2026-02-01,CMBT,41.1,27.1,51.7,2.4
2026-03-01,CMBT,36.2,27.1,51.7,2.4
2025-01-01,CMCSA,555.9,615.6,748.3,482.9
2025-02-01,CMCSA,568.2,615.6,748.3,482.9
2025-03-01,CMCSA,635.8,615.6,748.3,482.9
2025-04-01,CMCSA,634.7,615.6,748.3,482.9
2025-05-01,CMCSA,456.8,615.6,748.3,482.9
2025-06-01,CMCSA,444.4,615.6,748.3,482.9
2025-07-01,CMCSA,475.3,615.6,748.3,482.9
2025-08-01,CMCSA,475.7,615.6,748.3,482.9
2025-09-01,CMCSA,563.5,615.6,748.3,482.9
2025-10-01,CMCSA,674.7,615.6,748.3,482.9
2025-11-01,CMCSA,708.4,615.6,748.3,482.9
2025-12-01,CMCSA,906.9,615.6,748.3,482.9
2026-01-01,CMCSA,778.2,615.6,748.3,482.9
2026-02-01,CMCSA,550.0,615.6,748.3,482.9
2026-03-01,CMCSA,779.4,615.6,748.3,482.9
2025-01-01,CME,38.7,45.2,53.8,36.7
2025-02-01,CME,31.7,45.2,53.8,36.7
2025-03-01,CME,60.3,45.2,53.8,36.7
2025-04-01,CME,64.0,45.2,53.8,36.7
2025-05-01,CME,45.6,45.2,53.8,36.7
2025-06-01,CME,54.6,45.2,53.8,36.7
2025-07-01,CME,46.8,45.2,53.8,36.7
2025-08-01,CME,40.2,45.2,53.8,36.7
2025-09-01,CME,40.2,45.2,53.8,36.7
2025-10-01,CME,42.4,45.2,53.8,36.7
2025-11-01,CME,38.5,45.2,53.8,36.7
2025-12-01,CME,37.3,45.2,53.8,36.7
2026-01-01,CME,40.4,45.2,53.8,36.7
2026-02-01,CME,49.5,45.2,53.8,36.7
2026-03-01,CME,47.0,45.2,53.8,36.7
2025-01-01,CMG,188.6,351.9,444.2,259.5
2025-02-01,CMG,252.3,351.9,444.2,259.5
2025-03-01,CMG,296.3,351.9,444.2,259.5
2025-04-01,CMG,336.2,351.9,444.2,259.5
2025-05-01,CMG,237.6,351.9,444.2,259.5
2025-06-01,CMG,259.3,351.9,444.2,259.5
2025-07-01,CMG,429.3,351.9,444.2,259.5
2025-08-01,CMG,343.4,351.9,444.2,259.5
2025-09-01,CMG,468.6,351.9,444.2,259.5
2025-10-01,CMG,493.8,351.9,444.2,259.5
2025-11-01,CMG,500.3,351.9,444.2,259.5
2025-12-01,CMG,407.0,351.9,444.2,259.5
2026-01-01,CMG,315.4,351.9,444.2,259.5
2026-02-01,CMG,377.3,351.9,444.2,259.5
2026-03-01,CMG,346.1,351.9,444.2,259.5
2025-01-01,CMI,15.2,18.6,20.8,16.4
2025-02-01,CMI,17.4,18.6,20.8,16.4
2025-03-01,CMI,21.2,18.6,20.8,16.4
2025-04-01,CMI,20.5,18.6,20.8,16.4
2025-05-01,CMI,17.7,18.6,20.8,16.4
2025-06-01,CMI,13.7,18.6,20.8,16.4
2025-07-01,CMI,20.3,18.6,20.8,16.4
2025-08-01,CMI,18.3,18.6,20.8,16.4
2025-09-01,CMI,18.5,18.6,20.8,16.4
2025-10-01,CMI,20.1,18.6,20.8,16.4
2025-11-01,CMI,19.6,18.6,20.8,16.4
2025-12-01,CMI,18.1,18.6,20.8,16.4
2026-01-01,CMI,16.8,18.6,20.8,16.4
2026-02-01,CMI,22.8,18.6,20.8,16.4
2026-03-01,CMI,18.6,18.6,20.8,16.4
2025-01-01,CMRE,6.8,10.4,11.8,9.1
2025-02-01,CMRE,9.4,10.4,11.8,9.1
2025-03-01,CMRE,10.4,10.4,11.8,9.1
2025-04-01,CMRE,13.2,10.4,11.8,9.1
2025-05-01,CMRE,11.3,10.4,11.8,9.1
2025-06-01,CMRE,11.2,10.4,11.8,9.1
2025-07-01,CMRE,10.5,10.4,11.8,9.1
2025-08-01,CMRE,11.8,10.4,11.8,9.1
2025-09-01,CMRE,10.3,10.4,11.8,9.1
2025-10-01,CMRE,10.7,10.4,11.8,9.1
2025-11-01,CMRE,10.7,10.4,11.8,9.1
2025-12-01,CMRE,10.4,10.4,11.8,9.1
2026-01-01,CMRE,10.3,10.4,11.8,9.1
2026-02-01,CMRE,10.3,10.4,11.8,9.1
2026-03-01,CMRE,9.3,10.4,11.8,9.1
2025-01-01,CMS,42.6,52.5,60.7,44.3
2025-02-01,CMS,45.6,52.5,60.7,44.3
2025-03-01,CMS,52.5,52.5,60.7,44.3
2025-04-01,CMS,71.3,52.5,60.7,44.3
2025-05-01,CMS,48.0,52.5,60.7,44.3
2025-06-01,CMS,52.9,52.5,60.7,44.3
2025-07-01,CMS,46.1,52.5,60.7,44.3
2025-08-01,CMS,47.1,52.5,60.7,44.3
2025-09-01,CMS,47.2,52.5,60.7,44.3
2025-10-01,CMS,52.8,52.5,60.7,44.3
2025-11-01,CMS,51.7,52.5,60.7,44.3
2025-12-01,CMS,45.4,52.5,60.7,44.3
2026-01-01,CMS,60.9,52.5,60.7,44.3
2026-02-01,CMS,69.6,52.5,60.7,44.3
2026-03-01,CMS,55.4,52.5,60.7,44.3
2025-01-01,CNC,80.9,183.8,312.9,54.8
2025-02-01,CNC,102.1,183.8,312.9,54.8
2025-03-01,CNC,88.9,183.8,312.9,54.8
2025-04-01,CNC,111.2,183.8,312.9,54.8
2025-05-01,CNC,108.2,183.8,312.9,54.8
2025-06-01,CNC,94.1,183.8,312.9,54.8
2025-07-01,CNC,577.5,183.8,312.9,54.8
2025-08-01,CNC,278.5,183.8,312.9,54.8
2025-09-01,CNC,306.7,183.8,312.9,54.8
2025-10-01,CNC,251.8,183.8,312.9,54.8
2025-11-01,CNC,177.3,183.8,312.9,54.8
2025-12-01,CNC,126.2,183.8,312.9,54.8
2026-01-01,CNC,132.1,183.8,312.9,54.8
2026-02-01,CNC,121.4,183.8,312.9,54.8
2026-03-01,CNC,153.7,183.8,312.9,54.8
2025-01-01,CNP,82.9,107.9,126.3,89.5
2025-02-01,CNP,85.1,107.9,126.3,89.5
2025-03-01,CNP,106.0,107.9,126.3,89.5
2025-04-01,CNP,148.4,107.9,126.3,89.5
2025-05-01,CNP,118.3,107.9,126.3,89.5
2025-06-01,CNP,105.5,107.9,126.3,89.5
2025-07-01,CNP,128.7,107.9,126.3,89.5
2025-08-01,CNP,88.6,107.9,126.3,89.5
2025-09-01,CNP,119.2,107.9,126.3,89.5
2025-10-01,CNP,112.7,107.9,126.3,89.5
2025-11-01,CNP,86.6,107.9,126.3,89.5
2025-12-01,CNP,101.0,107.9,126.3,89.5
2026-01-01,CNP,99.8,107.9,126.3,89.5
2026-02-01,CNP,133.1,107.9,126.3,89.5
2026-03-01,CNP,98.2,107.9,126.3,89.5
2025-01-01,CNR,24.4,19.0,22.8,15.1
2025-02-01,CNR,20.6,19.0,22.8,15.1
2025-03-01,CNR,21.4,19.0,22.8,15.1
2025-04-01,CNR,17.9,19.0,22.8,15.1
2025-05-01,CNR,19.2,19.0,22.8,15.1
2025-06-01,CNR,19.2,19.0,22.8,15.1
2025-07-01,CNR,18.9,19.0,22.8,15.1
2025-08-01,CNR,15.8,19.0,22.8,15.1
2025-09-01,CNR,14.0,19.0,22.8,15.1
2025-10-01,CNR,24.1,19.0,22.8,15.1
2025-11-01,CNR,17.4,19.0,22.8,15.1
2025-12-01,CNR,15.3,19.0,22.8,15.1
2026-01-01,CNR,14.0,19.0,22.8,15.1
2026-02-01,CNR,14.8,19.0,22.8,15.1
2026-03-01,CNR,26.5,19.0,22.8,15.1
2025-01-01,COF,70.1,91.6,114.3,68.9
2025-02-01,COF,63.7,91.6,114.3,68.9
2025-03-01,COF,106.5,91.6,114.3,68.9
2025-04-01,COF,127.2,91.6,114.3,68.9
2025-05-01,COF,122.9,91.6,114.3,68.9
2025-06-01,COF,76.8,91.6,114.3,68.9
2025-07-01,COF,86.7,91.6,114.3,68.9
2025-08-01,COF,67.9,91.6,114.3,68.9
2025-09-01,COF,69.7,91.6,114.3,68.9
2025-10-01,COF,87.6,91.6,114.3,68.9
2025-11-01,COF,73.1,91.6,114.3,68.9
2025-12-01,COF,71.8,91.6,114.3,68.9
2026-01-01,COF,128.7,91.6,114.3,68.9
2026-02-01,COF,103.6,91.6,114.3,68.9
2026-03-01,COF,114.5,91.6,114.3,68.9
2025-01-01,COIN,165.2,228.0,280.9,175.1
2025-02-01,COIN,186.7,228.0,280.9,175.1
2025-03-01,COIN,199.0,228.0,280.9,175.1
2025-04-01,COIN,177.9,228.0,280.9,175.1
2025-05-01,COIN,316.4,228.0,280.9,175.1
2025-06-01,COIN,309.2,228.0,280.9,175.1
2025-07-01,COIN,290.4,228.0,280.9,175.1
2025-08-01,COIN,238.0,228.0,280.9,175.1
2025-09-01,COIN,182.1,228.0,280.9,175.1
2025-10-01,COIN,224.7,228.0,280.9,175.1
2025-11-01,COIN,205.4,228.0,280.9,175.1
2025-12-01,COIN,168.9,228.0,280.9,175.1
2026-01-01,COIN,185.3,228.0,280.9,175.1
2026-02-01,COIN,300.0,228.0,280.9,175.1
2026-03-01,COIN,268.8,228.0,280.9,175.1
2025-01-01,COMT,3.3,5.6,10.1,1.1
2025-02-01,COMT,4.8,5.6,10.1,1.1
2025-03-01,COMT,5.4,5.6,10.1,1.1
2025-04-01,COMT,6.1,5.6,10.1,1.1
2025-05-01,COMT,4.2,5.6,10.1,1.1
2025-06-01,COMT,3.8,5.6,10.1,1.1
2025-07-01,COMT,2.6,5.6,10.1,1.1
2025-08-01,COMT,3.5,5.6,10.1,1.1
2025-09-01,COMT,3.3,5.6,10.1,1.1
2025-10-01,COMT,3.6,5.6,10.1,1.1
2025-11-01,COMT,3.3,5.6,10.1,1.1
2025-12-01,COMT,7.4,5.6,10.1,1.1
2026-01-01,COMT,5.0,5.6,10.1,1.1
2026-02-01,COMT,5.5,5.6,10.1,1.1
2026-03-01,COMT,21.3,5.6,10.1,1.1
2025-01-01,COO,28.1,49.6,61.8,37.5
2025-02-01,COO,29.2,49.6,61.8,37.5
2025-03-01,COO,53.8,49.6,61.8,37.5
2025-04-01,COO,41.7,49.6,61.8,37.5
2025-05-01,COO,47.4,49.6,61.8,37.5
2025-06-01,COO,64.9,49.6,61.8,37.5
2025-07-01,COO,53.2,49.6,61.8,37.5
2025-08-01,COO,56.0,49.6,61.8,37.5
2025-09-01,COO,60.8,49.6,61.8,37.5
2025-10-01,COO,60.1,49.6,61.8,37.5
2025-11-01,COO,47.4,49.6,61.8,37.5
2025-12-01,COO,70.8,49.6,61.8,37.5
2026-01-01,COO,44.3,49.6,61.8,37.5
2026-02-01,COO,33.7,49.6,61.8,37.5
2026-03-01,COO,47.1,49.6,61.8,37.5
2025-01-01,COP,114.2,166.2,204.5,128.0
2025-02-01,COP,150.0,166.2,204.5,128.0
2025-03-01,COP,240.0,166.2,204.5,128.0
2025-04-01,COP,184.3,166.2,204.5,128.0
2025-05-01,COP,179.6,166.2,204.5,128.0
2025-06-01,COP,176.8,166.2,204.5,128.0
2025-07-01,COP,134.0,166.2,204.5,128.0
2025-08-01,COP,144.1,166.2,204.5,128.0
2025-09-01,COP,151.4,166.2,204.5,128.0
2025-10-01,COP,136.5,166.2,204.5,128.0
2025-11-01,COP,128.5,166.2,204.5,128.0
2025-12-01,COP,156.4,166.2,204.5,128.0
2026-01-01,COP,187.5,166.2,204.5,128.0
2026-02-01,COP,150.3,166.2,204.5,128.0
2026-03-01,COP,253.1,166.2,204.5,128.0
2025-01-01,COR,25.9,30.9,36.8,24.9
2025-02-01,COR,32.8,30.9,36.8,24.9
2025-03-01,COR,37.1,30.9,36.8,24.9
2025-04-01,COR,43.1,30.9,36.8,24.9
2025-05-01,COR,38.1,30.9,36.8,24.9
2025-06-01,COR,27.2,30.9,36.8,24.9
2025-07-01,COR,22.7,30.9,36.8,24.9
2025-08-01,COR,29.3,30.9,36.8,24.9
2025-09-01,COR,38.0,30.9,36.8,24.9
2025-10-01,COR,25.5,30.9,36.8,24.9
2025-11-01,COR,31.5,30.9,36.8,24.9
2025-12-01,COR,32.1,30.9,36.8,24.9
2026-01-01,COR,22.9,30.9,36.8,24.9
2026-02-01,COR,25.4,30.9,36.8,24.9
2026-03-01,COR,31.5,30.9,36.8,24.9
2025-01-01,CORN,2.1,3.3,10.3,-3.6
2025-02-01,CORN,2.2,3.3,10.3,-3.6
2025-03-01,CORN,1.8,3.3,10.3,-3.6
2025-04-01,CORN,2.0,3.3,10.3,-3.6
2025-05-01,CORN,1.4,3.3,10.3,-3.6
2025-06-01,CORN,1.1,3.3,10.3,-3.6
2025-07-01,CORN,0.8,3.3,10.3,-3.6
2025-08-01,CORN,1.7,3.3,10.3,-3.6
2025-09-01,CORN,1.6,3.3,10.3,-3.6
2025-10-01,CORN,1.3,3.3,10.3,-3.6
2025-11-01,CORN,1.1,3.3,10.3,-3.6
2025-12-01,CORN,1.0,3.3,10.3,-3.6
2026-01-01,CORN,1.1,3.3,10.3,-3.6
2026-02-01,CORN,1.4,3.3,10.3,-3.6
2026-03-01,CORN,28.3,3.3,10.3,-3.6
2025-01-01,COST,38.4,48.0,56.0,39.9
2025-02-01,COST,36.7,48.0,56.0,39.9
2025-03-01,COST,55.5,48.0,56.0,39.9
2025-04-01,COST,58.3,48.0,56.0,39.9
2025-05-01,COST,42.4,48.0,56.0,39.9
2025-06-01,COST,42.0,48.0,56.0,39.9
2025-07-01,COST,45.3,48.0,56.0,39.9
2025-08-01,COST,47.8,48.0,56.0,39.9
2025-09-01,COST,50.8,48.0,56.0,39.9
2025-10-01,COST,53.3,48.0,56.0,39.9
2025-11-01,COST,48.5,48.0,56.0,39.9
2025-12-01,COST,63.8,48.0,56.0,39.9
2026-01-01,COST,55.4,48.0,56.0,39.9
2026-02-01,COST,42.0,48.0,56.0,39.9
2026-03-01,COST,36.7,48.0,56.0,39.9
2025-01-01,CPAY,8.5,11.3,13.3,9.2
2025-02-01,CPAY,9.6,11.3,13.3,9.2
2025-03-01,CPAY,10.3,11.3,13.3,9.2
2025-04-01,CPAY,10.9,11.3,13.3,9.2
2025-05-01,CPAY,10.8,11.3,13.3,9.2
2025-06-01,CPAY,10.2,11.3,13.3,9.2
2025-07-01,CPAY,10.0,11.3,13.3,9.2
2025-08-01,CPAY,10.8,11.3,13.3,9.2
2025-09-01,CPAY,9.5,11.3,13.3,9.2
2025-10-01,CPAY,12.4,11.3,13.3,9.2
2025-11-01,CPAY,12.9,11.3,13.3,9.2
2025-12-01,CPAY,11.7,11.3,13.3,9.2
2026-01-01,CPAY,10.1,11.3,13.3,9.2
2026-02-01,CPAY,16.9,11.3,13.3,9.2
2026-03-01,CPAY,14.5,11.3,13.3,9.2
2025-01-01,CPB,60.6,117.9,165.0,70.9
2025-02-01,CPB,53.3,117.9,165.0,70.9
2025-03-01,CPB,90.0,117.9,165.0,70.9
2025-04-01,CPB,64.9,117.9,165.0,70.9
2025-05-01,CPB,69.4,117.9,165.0,70.9
2025-06-01,CPB,118.1,117.9,165.0,70.9
2025-07-01,CPB,136.5,117.9,165.0,70.9
2025-08-01,CPB,120.9,117.9,165.0,70.9
2025-09-01,CPB,141.6,117.9,165.0,70.9
2025-10-01,CPB,118.2,117.9,165.0,70.9
2025-11-01,CPB,106.3,117.9,165.0,70.9
2025-12-01,CPB,155.5,117.9,165.0,70.9
2026-01-01,CPB,151.5,117.9,165.0,70.9
2026-02-01,CPB,123.4,117.9,165.0,70.9
2026-03-01,CPB,242.2,117.9,165.0,70.9
2025-01-01,CPER,2.2,11.2,21.8,0.7
2025-02-01,CPER,2.5,11.2,21.8,0.7
2025-03-01,CPER,4.8,11.2,21.8,0.7
2025-04-01,CPER,4.6,11.2,21.8,0.7
2025-05-01,CPER,3.1,11.2,21.8,0.7
2025-06-01,CPER,3.5,11.2,21.8,0.7
2025-07-01,CPER,11.3,11.2,21.8,0.7
2025-08-01,CPER,6.8,11.2,21.8,0.7
2025-09-01,CPER,7.4,11.2,21.8,0.7
2025-10-01,CPER,13.6,11.2,21.8,0.7
2025-11-01,CPER,8.0,11.2,21.8,0.7
2025-12-01,CPER,15.8,11.2,21.8,0.7
2026-01-01,CPER,44.3,11.2,21.8,0.7
2026-02-01,CPER,22.1,11.2,21.8,0.7
2026-03-01,CPER,18.6,11.2,21.8,0.7
2025-01-01,CPRT,69.0,146.7,187.9,105.6
2025-02-01,CPRT,80.3,146.7,187.9,105.6
2025-03-01,CPRT,107.9,146.7,187.9,105.6
2025-04-01,CPRT,118.5,146.7,187.9,105.6
2025-05-01,CPRT,137.8,146.7,187.9,105.6
2025-06-01,CPRT,154.7,146.7,187.9,105.6
2025-07-01,CPRT,153.3,146.7,187.9,105.6
2025-08-01,CPRT,116.4,146.7,187.9,105.6
2025-09-01,CPRT,180.9,146.7,187.9,105.6
2025-10-01,CPRT,132.2,146.7,187.9,105.6
2025-11-01,CPRT,199.3,146.7,187.9,105.6
2025-12-01,CPRT,179.0,146.7,187.9,105.6
2026-01-01,CPRT,162.8,146.7,187.9,105.6
2026-02-01,CPRT,216.6,146.7,187.9,105.6
2026-03-01,CPRT,192.6,146.7,187.9,105.6
2025-01-01,CPT,16.8,22.6,26.9,18.3
2025-02-01,CPT,19.2,22.6,26.9,18.3
2025-03-01,CPT,20.7,22.6,26.9,18.3
2025-04-01,CPT,25.3,22.6,26.9,18.3
2025-05-01,CPT,20.5,22.6,26.9,18.3
2025-06-01,CPT,20.5,22.6,26.9,18.3
2025-07-01,CPT,19.0,22.6,26.9,18.3
2025-08-01,CPT,19.8,22.6,26.9,18.3
2025-09-01,CPT,18.2,22.6,26.9,18.3
2025-10-01,CPT,24.3,22.6,26.9,18.3
2025-11-01,CPT,33.9,22.6,26.9,18.3
2025-12-01,CPT,27.6,22.6,26.9,18.3
2026-01-01,CPT,27.2,22.6,26.9,18.3
2026-02-01,CPT,24.2,22.6,26.9,18.3
2026-03-01,CPT,22.8,22.6,26.9,18.3
2025-01-01,CRESY,4.5,5.2,6.7,3.8
2025-02-01,CRESY,4.7,5.2,6.7,3.8
2025-03-01,CRESY,5.1,5.2,6.7,3.8
2025-04-01,CRESY,5.4,5.2,6.7,3.8
2025-05-01,CRESY,3.7,5.2,6.7,3.8
2025-06-01,CRESY,4.7,5.2,6.7,3.8
2025-07-01,CRESY,3.8,5.2,6.7,3.8
2025-08-01,CRESY,4.2,5.2,6.7,3.8
2025-09-01,CRESY,8.8,5.2,6.7,3.8
2025-10-01,CRESY,7.5,5.2,6.7,3.8
2025-11-01,CRESY,4.1,5.2,6.7,3.8
2025-12-01,CRESY,6.5,5.2,6.7,3.8
2026-01-01,CRESY,5.2,5.2,6.7,3.8
2026-02-01,CRESY,4.0,5.2,6.7,3.8
2026-03-01,CRESY,6.1,5.2,6.7,3.8
2025-01-01,CRH,66.5,118.3,181.5,55.1
2025-02-01,CRH,109.0,118.3,181.5,55.1
2025-03-01,CRH,245.4,118.3,181.5,55.1
2025-04-01,CRH,123.3,118.3,181.5,55.1
2025-05-01,CRH,106.3,118.3,181.5,55.1
2025-06-01,CRH,82.7,118.3,181.5,55.1
2025-07-01,CRH,81.7,118.3,181.5,55.1
2025-08-01,CRH,97.1,118.3,181.5,55.1
2025-09-01,CRH,83.6,118.3,181.5,55.1
2025-10-01,CRH,74.0,118.3,181.5,55.1
2025-11-01,CRH,79.3,118.3,181.5,55.1
2025-12-01,CRH,290.9,118.3,181.5,55.1
2026-01-01,CRH,96.9,118.3,181.5,55.1
2026-02-01,CRH,94.3,118.3,181.5,55.1
2026-03-01,CRH,129.1,118.3,181.5,55.1
2025-01-01,CRL,18.9,22.9,32.1,13.7
2025-02-01,CRL,28.2,22.9,32.1,13.7
2025-03-01,CRL,23.4,22.9,32.1,13.7
2025-04-01,CRL,53.2,22.9,32.1,13.7
2025-05-01,CRL,27.6,22.9,32.1,13.7
2025-06-01,CRL,17.3,22.9,32.1,13.7
2025-07-01,CRL,17.6,22.9,32.1,13.7
2025-08-01,CRL,19.9,22.9,32.1,13.7
2025-09-01,CRL,19.0,22.9,32.1,13.7
2025-10-01,CRL,24.0,22.9,32.1,13.7
2025-11-01,CRL,21.5,22.9,32.1,13.7
2025-12-01,CRL,14.9,22.9,32.1,13.7
2026-01-01,CRL,13.8,22.9,32.1,13.7
2026-02-01,CRL,26.5,22.9,32.1,13.7
2026-03-01,CRL,18.6,22.9,32.1,13.7
2025-01-01,CRM,126.3,181.0,231.5,130.5
2025-02-01,CRM,140.4,181.0,231.5,130.5
2025-03-01,CRM,146.3,181.0,231.5,130.5
2025-04-01,CRM,150.6,181.0,231.5,130.5
2025-05-01,CRM,156.1,181.0,231.5,130.5
2025-06-01,CRM,173.7,181.0,231.5,130.5
2025-07-01,CRM,128.8,181.0,231.5,130.5
2025-08-01,CRM,172.2,181.0,231.5,130.5
2025-09-01,CRM,220.4,181.0,231.5,130.5
2025-10-01,CRM,211.6,181.0,231.5,130.5
2025-11-01,CRM,132.5,181.0,231.5,130.5
2025-12-01,CRM,180.3,181.0,231.5,130.5
2026-01-01,CRM,192.5,181.0,231.5,130.5
2026-02-01,CRM,300.2,181.0,231.5,130.5
2026-03-01,CRM,278.2,181.0,231.5,130.5
2025-01-01,CRWD,65.6,71.4,89.9,52.9
2025-02-01,CRWD,64.4,71.4,89.9,52.9
2025-03-01,CRWD,114.3,71.4,89.9,52.9
2025-04-01,CRWD,83.6,71.4,89.9,52.9
2025-05-01,CRWD,72.3,71.4,89.9,52.9
2025-06-01,CRWD,85.5,71.4,89.9,52.9
2025-07-01,CRWD,58.9,71.4,89.9,52.9
2025-08-01,CRWD,72.3,71.4,89.9,52.9
2025-09-01,CRWD,69.1,71.4,89.9,52.9
2025-10-01,CRWD,54.4,71.4,89.9,52.9
2025-11-01,CRWD,40.0,71.4,89.9,52.9
2025-12-01,CRWD,51.7,71.4,89.9,52.9
2026-01-01,CRWD,56.0,71.4,89.9,52.9
2026-02-01,CRWD,93.9,71.4,89.9,52.9
2026-03-01,CRWD,89.2,71.4,89.9,52.9
2025-01-01,CSCO,379.9,445.4,504.9,385.9
2025-02-01,CSCO,396.3,445.4,504.9,385.9
2025-03-01,CSCO,500.3,445.4,504.9,385.9
2025-04-01,CSCO,543.7,445.4,504.9,385.9
2025-05-01,CSCO,428.5,445.4,504.9,385.9
2025-06-01,CSCO,432.3,445.4,504.9,385.9
2025-07-01,CSCO,374.5,445.4,504.9,385.9
2025-08-01,CSCO,468.6,445.4,504.9,385.9
2025-09-01,CSCO,398.5,445.4,504.9,385.9
2025-10-01,CSCO,399.9,445.4,504.9,385.9
2025-11-01,CSCO,491.4,445.4,504.9,385.9
2025-12-01,CSCO,426.3,445.4,504.9,385.9
2026-01-01,CSCO,380.1,445.4,504.9,385.9
2026-02-01,CSCO,558.8,445.4,504.9,385.9
2026-03-01,CSCO,511.3,445.4,504.9,385.9
2025-01-01,CSGP,47.6,83.4,114.2,52.5
2025-02-01,CSGP,70.1,83.4,114.2,52.5
2025-03-01,CSGP,76.2,83.4,114.2,52.5
2025-04-01,CSGP,83.9,83.4,114.2,52.5
2025-05-01,CSGP,62.7,83.4,114.2,52.5
2025-06-01,CSGP,58.8,83.4,114.2,52.5
2025-07-01,CSGP,64.2,83.4,114.2,52.5
2025-08-01,CSGP,56.7,83.4,114.2,52.5
2025-09-01,CSGP,57.0,83.4,114.2,52.5
2025-10-01,CSGP,84.7,83.4,114.2,52.5
2025-11-01,CSGP,88.0,83.4,114.2,52.5
2025-12-01,CSGP,81.2,83.4,114.2,52.5
2026-01-01,CSGP,144.5,83.4,114.2,52.5
2026-02-01,CSGP,150.9,83.4,114.2,52.5
2026-03-01,CSGP,128.5,83.4,114.2,52.5
2025-01-01,CSX,317.3,321.9,392.5,251.4
2025-02-01,CSX,239.3,321.9,392.5,251.4
2025-03-01,CSX,333.0,321.9,392.5,251.4
2025-04-01,CSX,383.9,321.9,392.5,251.4
2025-05-01,CSX,307.7,321.9,392.5,251.4
2025-06-01,CSX,304.9,321.9,392.5,251.4
2025-07-01,CSX,429.2,321.9,392.5,251.4
2025-08-01,CSX,506.1,321.9,392.5,251.4
2025-09-01,CSX,326.7,321.9,392.5,251.4
2025-10-01,CSX,319.4,321.9,392.5,251.4
2025-11-01,CSX,250.9,321.9,392.5,251.4
2025-12-01,CSX,251.9,321.9,392.5,251.4
2026-01-01,CSX,312.1,321.9,392.5,251.4
2026-02-01,CSX,248.1,321.9,392.5,251.4
2026-03-01,CSX,276.1,321.9,392.5,251.4
2025-01-01,CTAS,36.3,39.6,47.5,31.8
2025-02-01,CTAS,31.2,39.6,47.5,31.8
2025-03-01,CTAS,40.8,39.6,47.5,31.8
2025-04-01,CTAS,47.9,39.6,47.5,31.8
2025-05-01,CTAS,29.5,39.6,47.5,31.8
2025-06-01,CTAS,28.3,39.6,47.5,31.8
2025-07-01,CTAS,32.4,39.6,47.5,31.8
2025-08-01,CTAS,35.6,39.6,47.5,31.8
2025-09-01,CTAS,45.8,39.6,47.5,31.8
2025-10-01,CTAS,47.8,39.6,47.5,31.8
2025-11-01,CTAS,45.7,39.6,47.5,31.8
2025-12-01,CTAS,42.4,39.6,47.5,31.8
2026-01-01,CTAS,34.1,39.6,47.5,31.8
2026-02-01,CTAS,38.0,39.6,47.5,31.8
2026-03-01,CTAS,56.1,39.6,47.5,31.8
2025-01-01,CTRA,135.2,171.4,214.7,128.1
2025-02-01,CTRA,110.4,171.4,214.7,128.1
2025-03-01,CTRA,154.6,171.4,214.7,128.1
2025-04-01,CTRA,145.5,171.4,214.7,128.1
2025-05-01,CTRA,183.2,171.4,214.7,128.1
2025-06-01,CTRA,149.4,171.4,214.7,128.1
2025-07-01,CTRA,147.1,171.4,214.7,128.1
2025-08-01,CTRA,131.1,171.4,214.7,128.1
2025-09-01,CTRA,146.7,171.4,214.7,128.1
2025-10-01,CTRA,239.4,171.4,214.7,128.1
2025-11-01,CTRA,169.5,171.4,214.7,128.1
2025-12-01,CTRA,145.6,171.4,214.7,128.1
2026-01-01,CTRA,224.4,171.4,214.7,128.1
2026-02-01,CTRA,220.3,171.4,214.7,128.1
2026-03-01,CTRA,259.0,171.4,214.7,128.1
2025-01-01,CTSH,53.9,94.8,122.6,66.9
2025-02-01,CTSH,84.5,94.8,122.6,66.9
2025-03-01,CTSH,95.6,94.8,122.6,66.9
2025-04-01,CTSH,86.9,94.8,122.6,66.9
2025-05-01,CTSH,76.8,94.8,122.6,66.9
2025-06-01,CTSH,70.4,94.8,122.6,66.9
2025-07-01,CTSH,79.2,94.8,122.6,66.9
2025-08-01,CTSH,84.7,94.8,122.6,66.9
2025-09-01,CTSH,96.5,94.8,122.6,66.9
2025-10-01,CTSH,99.8,94.8,122.6,66.9
2025-11-01,CTSH,91.0,94.8,122.6,66.9
2025-12-01,CTSH,101.9,94.8,122.6,66.9
2026-01-01,CTSH,91.3,94.8,122.6,66.9
2026-02-01,CTSH,184.4,94.8,122.6,66.9
2026-03-01,CTSH,126.8,94.8,122.6,66.9
2025-01-01,CTVA,61.1,83.5,96.2,70.8
2025-02-01,CTVA,76.5,83.5,96.2,70.8
2025-03-01,CTVA,74.0,83.5,96.2,70.8
2025-04-01,CTVA,80.4,83.5,96.2,70.8
2025-05-01,CTVA,73.0,83.5,96.2,70.8
2025-06-01,CTVA,94.6,83.5,96.2,70.8
2025-07-01,CTVA,79.3,83.5,96.2,70.8
2025-08-01,CTVA,90.1,83.5,96.2,70.8
2025-09-01,CTVA,100.1,83.5,96.2,70.8
2025-10-01,CTVA,113.5,83.5,96.2,70.8
2025-11-01,CTVA,75.5,83.5,96.2,70.8
2025-12-01,CTVA,77.9,83.5,96.2,70.8
2026-01-01,CTVA,76.0,83.5,96.2,70.8
2026-02-01,CTVA,84.5,83.5,96.2,70.8
2026-03-01,CTVA,91.1,83.5,96.2,70.8
2025-01-01,CVNA,86.3,81.0,100.6,61.4
2025-02-01,CVNA,73.7,81.0,100.6,61.4
2025-03-01,CVNA,114.4,81.0,100.6,61.4
2025-04-01,CVNA,107.0,81.0,100.6,61.4
2025-05-01,CVNA,89.4,81.0,100.6,61.4
2025-06-01,CVNA,77.6,81.0,100.6,61.4
2025-07-01,CVNA,66.1,81.0,100.6,61.4
2025-08-01,CVNA,58.0,81.0,100.6,61.4
2025-09-01,CVNA,54.6,81.0,100.6,61.4
2025-10-01,CVNA,77.9,81.0,100.6,61.4
2025-11-01,CVNA,59.7,81.0,100.6,61.4
2025-12-01,CVNA,115.0,81.0,100.6,61.4
2026-01-01,CVNA,80.0,81.0,100.6,61.4
2026-02-01,CVNA,94.8,81.0,100.6,61.4
2026-03-01,CVNA,60.2,81.0,100.6,61.4
2025-01-01,CVS,267.7,183.7,224.6,142.9
2025-02-01,CVS,221.8,183.7,224.6,142.9
2025-03-01,CVS,175.4,183.7,224.6,142.9
2025-04-01,CVS,241.8,183.7,224.6,142.9
2025-05-01,CVS,233.3,183.7,224.6,142.9
2025-06-01,CVS,135.1,183.7,224.6,142.9
2025-07-01,CVS,190.5,183.7,224.6,142.9
2025-08-01,CVS,133.5,183.7,224.6,142.9
2025-09-01,CVS,160.6,183.7,224.6,142.9
2025-10-01,CVS,184.7,183.7,224.6,142.9
2025-11-01,CVS,125.1,183.7,224.6,142.9
2025-12-01,CVS,153.8,183.7,224.6,142.9
2026-01-01,CVS,206.4,183.7,224.6,142.9
2026-02-01,CVS,164.4,183.7,224.6,142.9
2026-03-01,CVS,163.1,183.7,224.6,142.9
2025-01-01,CVX,160.9,199.2,250.2,148.3
2025-02-01,CVX,124.7,199.2,250.2,148.3
2025-03-01,CVX,198.7,199.2,250.2,148.3
2025-04-01,CVX,241.6,199.2,250.2,148.3
2025-05-01,CVX,178.8,199.2,250.2,148.3
2025-06-01,CVX,194.4,199.2,250.2,148.3
2025-07-01,CVX,267.4,199.2,250.2,148.3
2025-08-01,CVX,168.1,199.2,250.2,148.3
2025-09-01,CVX,163.3,199.2,250.2,148.3
2025-10-01,CVX,152.9,199.2,250.2,148.3
2025-11-01,CVX,161.7,199.2,250.2,148.3
2025-12-01,CVX,180.5,199.2,250.2,148.3
2026-01-01,CVX,264.7,199.2,250.2,148.3
2026-02-01,CVX,201.5,199.2,250.2,148.3
2026-03-01,CVX,316.5,199.2,250.2,148.3
2025-01-01,D,89.1,112.0,130.7,93.3
2025-02-01,D,93.7,112.0,130.7,93.3
2025-03-01,D,108.8,112.0,130.7,93.3
2025-04-01,D,123.2,112.0,130.7,93.3
2025-05-01,D,128.8,112.0,130.7,93.3
2025-06-01,D,129.0,112.0,130.7,93.3
2025-07-01,D,95.9,112.0,130.7,93.3
2025-08-01,D,104.7,112.0,130.7,93.3
2025-09-01,D,102.7,112.0,130.7,93.3
2025-10-01,D,105.4,112.0,130.7,93.3
2025-11-01,D,99.4,112.0,130.7,93.3
2025-12-01,D,160.0,112.0,130.7,93.3
2026-01-01,D,120.5,112.0,130.7,93.3
2026-02-01,D,125.8,112.0,130.7,93.3
2026-03-01,D,92.3,112.0,130.7,93.3
2025-01-01,DAL,175.3,208.3,269.0,147.6
2025-02-01,DAL,149.6,208.3,269.0,147.6
2025-03-01,DAL,293.4,208.3,269.0,147.6
2025-04-01,DAL,301.7,208.3,269.0,147.6
2025-05-01,DAL,232.8,208.3,269.0,147.6
2025-06-01,DAL,188.5,208.3,269.0,147.6
2025-07-01,DAL,249.5,208.3,269.0,147.6
2025-08-01,DAL,148.2,208.3,269.0,147.6
2025-09-01,DAL,168.1,208.3,269.0,147.6
2025-10-01,DAL,218.5,208.3,269.0,147.6
2025-11-01,DAL,145.7,208.3,269.0,147.6
2025-12-01,DAL,163.6,208.3,269.0,147.6
2026-01-01,DAL,164.2,208.3,269.0,147.6
2026-02-01,DAL,163.0,208.3,269.0,147.6
2026-03-01,DAL,335.1,208.3,269.0,147.6
2025-01-01,DASH,50.7,96.5,134.6,58.4
2025-02-01,DASH,89.5,96.5,134.6,58.4
2025-03-01,DASH,202.6,96.5,134.6,58.4
2025-04-01,DASH,90.2,96.5,134.6,58.4
2025-05-01,DASH,102.3,96.5,134.6,58.4
2025-06-01,DASH,86.8,96.5,134.6,58.4
2025-07-01,DASH,65.4,96.5,134.6,58.4
2025-08-01,DASH,79.7,96.5,134.6,58.4
2025-09-01,DASH,67.6,96.5,134.6,58.4
2025-10-01,DASH,66.9,96.5,134.6,58.4
2025-11-01,DASH,148.9,96.5,134.6,58.4
2025-12-01,DASH,101.5,96.5,134.6,58.4
2026-01-01,DASH,79.0,96.5,134.6,58.4
2026-02-01,DASH,142.6,96.5,134.6,58.4
2026-03-01,DASH,83.7,96.5,134.6,58.4
2025-01-01,DBA,7.8,8.3,17.4,-0.8
2025-02-01,DBA,8.6,8.3,17.4,-0.8
2025-03-01,DBA,6.9,8.3,17.4,-0.8
2025-04-01,DBA,8.6,8.3,17.4,-0.8
2025-05-01,DBA,5.8,8.3,17.4,-0.8
2025-06-01,DBA,6.3,8.3,17.4,-0.8
2025-07-01,DBA,4.6,8.3,17.4,-0.8
2025-08-01,DBA,4.9,8.3,17.4,-0.8
2025-09-01,DBA,4.3,8.3,17.4,-0.8
2025-10-01,DBA,4.7,8.3,17.4,-0.8
2025-11-01,DBA,3.9,8.3,17.4,-0.8
2025-12-01,DBA,4.9,8.3,17.4,-0.8
2026-01-01,DBA,5.4,8.3,17.4,-0.8
2026-02-01,DBA,5.4,8.3,17.4,-0.8
2026-03-01,DBA,40.7,8.3,17.4,-0.8
2025-01-01,DBB,1.3,3.5,7.0,-0.0
2025-02-01,DBB,1.2,3.5,7.0,-0.0
2025-03-01,DBB,2.2,3.5,7.0,-0.0
2025-04-01,DBB,2.0,3.5,7.0,-0.0
2025-05-01,DBB,1.0,3.5,7.0,-0.0
2025-06-01,DBB,1.3,3.5,7.0,-0.0
2025-07-01,DBB,2.1,3.5,7.0,-0.0
2025-08-01,DBB,0.9,3.5,7.0,-0.0
2025-09-01,DBB,1.1,3.5,7.0,-0.0
2025-10-01,DBB,1.5,3.5,7.0,-0.0
2025-11-01,DBB,1.2,3.5,7.0,-0.0
2025-12-01,DBB,7.5,3.5,7.0,-0.0
2026-01-01,DBB,9.9,3.5,7.0,-0.0
2026-02-01,DBB,7.7,3.5,7.0,-0.0
2026-03-01,DBB,11.4,3.5,7.0,-0.0
2025-01-01,DBC,16.8,18.9,30.3,7.4
2025-02-01,DBC,18.5,18.9,30.3,7.4
2025-03-01,DBC,37.9,18.9,30.3,7.4
2025-04-01,DBC,45.2,18.9,30.3,7.4
2025-05-01,DBC,19.3,18.9,30.3,7.4
2025-06-01,DBC,25.6,18.9,30.3,7.4
2025-07-01,DBC,10.2,18.9,30.3,7.4
2025-08-01,DBC,8.1,18.9,30.3,7.4
2025-09-01,DBC,8.3,18.9,30.3,7.4
2025-10-01,DBC,8.5,18.9,30.3,7.4
2025-11-01,DBC,9.4,18.9,30.3,7.4
2025-12-01,DBC,10.4,18.9,30.3,7.4
2026-01-01,DBC,15.3,18.9,30.3,7.4
2026-02-01,DBC,16.0,18.9,30.3,7.4
2026-03-01,DBC,33.4,18.9,30.3,7.4
2025-01-01,DD,110.0,135.3,169.0,101.7
2025-02-01,DD,127.5,135.3,169.0,101.7
2025-03-01,DD,124.9,135.3,169.0,101.7
2025-04-01,DD,219.4,135.3,169.0,101.7
2025-05-01,DD,157.3,135.3,169.0,101.7
2025-06-01,DD,118.0,135.3,169.0,101.7
2025-07-01,DD,138.4,135.3,169.0,101.7
2025-08-01,DD,154.8,135.3,169.0,101.7
2025-09-01,DD,158.6,135.3,169.0,101.7
2025-10-01,DD,166.9,135.3,169.0,101.7
2025-11-01,DD,157.1,135.3,169.0,101.7
2025-12-01,DD,104.9,135.3,169.0,101.7
2026-01-01,DD,97.6,135.3,169.0,101.7
2026-02-01,DD,96.5,135.3,169.0,101.7
2026-03-01,DD,92.1,135.3,169.0,101.7
2025-01-01,DDOG,84.2,112.4,149.2,75.5
2025-02-01,DDOG,123.4,112.4,149.2,75.5
2025-03-01,DDOG,98.6,112.4,149.2,75.5
2025-04-01,DDOG,106.3,112.4,149.2,75.5
2025-05-01,DDOG,107.5,112.4,149.2,75.5
2025-06-01,DDOG,91.9,112.4,149.2,75.5
2025-07-01,DDOG,230.2,112.4,149.2,75.5
2025-08-01,DDOG,127.1,112.4,149.2,75.5
2025-09-01,DDOG,87.8,112.4,149.2,75.5
2025-10-01,DDOG,86.6,112.4,149.2,75.5
2025-11-01,DDOG,110.9,112.4,149.2,75.5
2025-12-01,DDOG,75.6,112.4,149.2,75.5
2026-01-01,DDOG,118.5,112.4,149.2,75.5
2026-02-01,DDOG,140.8,112.4,149.2,75.5
2026-03-01,DDOG,97.0,112.4,149.2,75.5
2025-01-01,DE,27.7,29.4,33.2,25.5
2025-02-01,DE,29.5,29.4,33.2,25.5
2025-03-01,DE,29.0,29.4,33.2,25.5
2025-04-01,DE,31.4,29.4,33.2,25.5
2025-05-01,DE,28.0,29.4,33.2,25.5
2025-06-01,DE,23.4,29.4,33.2,25.5
2025-07-01,DE,24.4,29.4,33.2,25.5
2025-08-01,DE,30.7,29.4,33.2,25.5
2025-09-01,DE,31.4,29.4,33.2,25.5
2025-10-01,DE,28.3,29.4,33.2,25.5
2025-11-01,DE,30.5,29.4,33.2,25.5
2025-12-01,DE,30.1,29.4,33.2,25.5
2026-01-01,DE,27.4,29.4,33.2,25.5
2026-02-01,DE,41.7,29.4,33.2,25.5
2026-03-01,DE,28.4,29.4,33.2,25.5
2025-01-01,DECK,49.5,68.8,88.1,49.4
2025-02-01,DECK,72.2,68.8,88.1,49.4
2025-03-01,DECK,67.3,68.8,88.1,49.4
2025-04-01,DECK,68.7,68.8,88.1,49.4
2025-05-01,DECK,89.9,68.8,88.1,49.4
2025-06-01,DECK,56.8,68.8,88.1,49.4
2025-07-01,DECK,98.2,68.8,88.1,49.4
2025-08-01,DECK,52.7,68.8,88.1,49.4
2025-09-01,DECK,56.9,68.8,88.1,49.4
2025-10-01,DECK,115.4,68.8,88.1,49.4
2025-11-01,DECK,67.0,68.8,88.1,49.4
2025-12-01,DECK,68.5,68.8,88.1,49.4
2026-01-01,DECK,64.5,68.8,88.1,49.4
2026-02-01,DECK,48.2,68.8,88.1,49.4
2026-03-01,DECK,47.2,68.8,88.1,49.4
2025-01-01,DELL,167.6,153.2,184.3,122.1
2025-02-01,DELL,173.0,153.2,184.3,122.1
2025-03-01,DELL,153.2,153.2,184.3,122.1
2025-04-01,DELL,204.6,153.2,184.3,122.1
2025-05-01,DELL,135.3,153.2,184.3,122.1
2025-06-01,DELL,122.4,153.2,184.3,122.1
2025-07-01,DELL,101.1,153.2,184.3,122.1
2025-08-01,DELL,121.1,153.2,184.3,122.1
2025-09-01,DELL,137.6,153.2,184.3,122.1
2025-10-01,DELL,184.4,153.2,184.3,122.1
2025-11-01,DELL,155.9,153.2,184.3,122.1
2025-12-01,DELL,114.9,153.2,184.3,122.1
2026-01-01,DELL,149.5,153.2,184.3,122.1
2026-02-01,DELL,177.7,153.2,184.3,122.1
2026-03-01,DELL,202.6,153.2,184.3,122.1
2025-01-01,DG,71.5,74.0,90.5,57.5
2025-02-01,DG,63.4,74.0,90.5,57.5
2025-03-01,DG,98.5,74.0,90.5,57.5
2025-04-01,DG,107.6,74.0,90.5,57.5
2025-05-01,DG,75.2,74.0,90.5,57.5
2025-06-01,DG,80.2,74.0,90.5,57.5
2025-07-01,DG,57.3,74.0,90.5,57.5
2025-08-01,DG,66.3,74.0,90.5,57.5
2025-09-01,DG,66.8,74.0,90.5,57.5
2025-10-01,DG,66.0,74.0,90.5,57.5
2025-11-01,DG,53.7,74.0,90.5,57.5
2025-12-01,DG,101.2,74.0,90.5,57.5
2026-01-01,DG,67.3,74.0,90.5,57.5
2026-02-01,DG,51.4,74.0,90.5,57.5
2026-03-01,DG,78.0,74.0,90.5,57.5
2025-01-01,DGX,21.0,22.3,27.6,17.0
2025-02-01,DGX,20.2,22.3,27.6,17.0
2025-03-01,DGX,25.6,22.3,27.6,17.0
2025-04-01,DGX,35.0,22.3,27.6,17.0
2025-05-01,DGX,25.1,22.3,27.6,17.0
2025-06-01,DGX,16.3,22.3,27.6,17.0
2025-07-01,DGX,29.5,22.3,27.6,17.0
2025-08-01,DGX,17.6,22.3,27.6,17.0
2025-09-01,DGX,14.5,22.3,27.6,17.0
2025-10-01,DGX,26.6,22.3,27.6,17.0
2025-11-01,DGX,22.1,22.3,27.6,17.0
2025-12-01,DGX,20.5,22.3,27.6,17.0
2026-01-01,DGX,20.0,22.3,27.6,17.0
2026-02-01,DGX,22.2,22.3,27.6,17.0
2026-03-01,DGX,17.4,22.3,27.6,17.0
2025-01-01,DHI,69.5,72.6,86.0,59.2
2025-02-01,DHI,74.2,72.6,86.0,59.2
2025-03-01,DHI,75.6,72.6,86.0,59.2
2025-04-01,DHI,88.5,72.6,86.0,59.2
2025-05-01,DHI,64.6,72.6,86.0,59.2
2025-06-01,DHI,66.5,72.6,86.0,59.2
2025-07-01,DHI,107.6,72.6,86.0,59.2
2025-08-01,DHI,81.3,72.6,86.0,59.2
2025-09-01,DHI,71.8,72.6,86.0,59.2
2025-10-01,DHI,78.7,72.6,86.0,59.2
2025-11-01,DHI,55.7,72.6,86.0,59.2
2025-12-01,DHI,62.2,72.6,86.0,59.2
2026-01-01,DHI,75.0,72.6,86.0,59.2
2026-02-01,DHI,55.1,72.6,86.0,59.2
2026-03-01,DHI,58.2,72.6,86.0,59.2
2025-01-01,DHR,73.7,85.0,97.0,73.0
2025-02-01,DHR,105.0,85.0,97.0,73.0
2025-03-01,DHR,83.3,85.0,97.0,73.0
2025-04-01,DHR,102.1,85.0,97.0,73.0
2025-05-01,DHR,81.4,85.0,97.0,73.0
2025-06-01,DHR,78.2,85.0,97.0,73.0
2025-07-01,DHR,96.4,85.0,97.0,73.0
2025-08-01,DHR,68.4,85.0,97.0,73.0
2025-09-01,DHR,90.2,85.0,97.0,73.0
2025-10-01,DHR,104.3,85.0,97.0,73.0
2025-11-01,DHR,69.2,85.0,97.0,73.0
2025-12-01,DHR,71.9,85.0,97.0,73.0
2026-01-01,DHR,78.7,85.0,97.0,73.0
2026-02-01,DHR,83.4,85.0,97.0,73.0
2026-03-01,DHR,86.2,85.0,97.0,73.0
2025-01-01,DHT,43.4,47.5,75.1,19.8
2025-02-01,DHT,38.1,47.5,75.1,19.8
2025-03-01,DHT,34.5,47.5,75.1,19.8
2025-04-01,DHT,45.1,47.5,75.1,19.8
2025-05-01,DHT,31.1,47.5,75.1,19.8
2025-06-01,DHT,40.7,47.5,75.1,19.8
2025-07-01,DHT,26.6,47.5,75.1,19.8
2025-08-01,DHT,27.4,47.5,75.1,19.8
2025-09-01,DHT,42.3,47.5,75.1,19.8
2025-10-01,DHT,44.7,47.5,75.1,19.8
2025-11-01,DHT,35.3,47.5,75.1,19.8
2025-12-01,DHT,32.4,47.5,75.1,19.8
2026-01-01,DHT,51.8,47.5,75.1,19.8
2026-02-01,DHT,79.3,47.5,75.1,19.8
2026-03-01,DHT,137.4,47.5,75.1,19.8
2025-01-01,DIA,55.9,100.6,139.7,61.4
2025-02-01,DIA,50.6,100.6,139.7,61.4
2025-03-01,DIA,58.4,100.6,139.7,61.4
2025-04-01,DIA,95.2,100.6,139.7,61.4
2025-05-01,DIA,56.0,100.6,139.7,61.4
2025-06-01,DIA,62.0,100.6,139.7,61.4
2025-07-01,DIA,78.4,100.6,139.7,61.4
2025-08-01,DIA,95.8,100.6,139.7,61.4
2025-09-01,DIA,105.7,100.6,139.7,61.4
2025-10-01,DIA,162.7,100.6,139.7,61.4
2025-11-01,DIA,143.7,100.6,139.7,61.4
2025-12-01,DIA,104.0,100.6,139.7,61.4
2026-01-01,DIA,128.0,100.6,139.7,61.4
2026-02-01,DIA,133.1,100.6,139.7,61.4
2026-03-01,DIA,170.4,100.6,139.7,61.4
2025-01-01,DIS,147.1,208.3,246.7,170.0
2025-02-01,DIS,178.1,208.3,246.7,170.0
2025-03-01,DIS,209.2,208.3,246.7,170.0
2025-04-01,DIS,266.4,208.3,246.7,170.0
2025-05-01,DIS,248.7,208.3,246.7,170.0
2025-06-01,DIS,201.0,208.3,246.7,170.0
2025-07-01,DIS,153.2,208.3,246.7,170.0
2025-08-01,DIS,177.1,208.3,246.7,170.0
2025-09-01,DIS,184.0,208.3,246.7,170.0
2025-10-01,DIS,174.3,208.3,246.7,170.0
2025-11-01,DIS,238.7,208.3,246.7,170.0
2025-12-01,DIS,237.4,208.3,246.7,170.0
2026-01-01,DIS,203.0,208.3,246.7,170.0
2026-02-01,DIS,265.6,208.3,246.7,170.0
2026-03-01,DIS,246.2,208.3,246.7,170.0
2025-01-01,DLR,48.3,40.9,47.9,33.9
2025-02-01,DLR,48.3,40.9,47.9,33.9
2025-03-01,DLR,55.2,40.9,47.9,33.9
2025-04-01,DLR,51.3,40.9,47.9,33.9
2025-05-01,DLR,36.0,40.9,47.9,33.9
2025-06-01,DLR,38.9,40.9,47.9,33.9
2025-07-01,DLR,33.3,40.9,47.9,33.9
2025-08-01,DLR,29.8,40.9,47.9,33.9
2025-09-01,DLR,34.2,40.9,47.9,33.9
2025-10-01,DLR,37.0,40.9,47.9,33.9
2025-11-01,DLR,35.7,40.9,47.9,33.9
2025-12-01,DLR,44.1,40.9,47.9,33.9
2026-01-01,DLR,40.8,40.9,47.9,33.9
2026-02-01,DLR,41.8,40.9,47.9,33.9
2026-03-01,DLR,39.9,40.9,47.9,33.9
2025-01-01,DLTR,54.9,82.6,109.5,55.7
2025-02-01,DLTR,55.9,82.6,109.5,55.7
2025-03-01,DLTR,115.3,82.6,109.5,55.7
2025-04-01,DLTR,141.7,82.6,109.5,55.7
2025-05-01,DLTR,72.2,82.6,109.5,55.7
2025-06-01,DLTR,99.9,82.6,109.5,55.7
2025-07-01,DLTR,69.4,82.6,109.5,55.7
2025-08-01,DLTR,62.9,82.6,109.5,55.7
2025-09-01,DLTR,116.9,82.6,109.5,55.7
2025-10-01,DLTR,112.8,82.6,109.5,55.7
2025-11-01,DLTR,63.3,82.6,109.5,55.7
2025-12-01,DLTR,77.4,82.6,109.5,55.7
2026-01-01,DLTR,65.3,82.6,109.5,55.7
2026-02-01,DLTR,54.3,82.6,109.5,55.7
2026-03-01,DLTR,67.1,82.6,109.5,55.7
2025-01-01,DOC,86.2,149.3,188.4,110.3
2025-02-01,DOC,101.1,149.3,188.4,110.3
2025-03-01,DOC,98.1,149.3,188.4,110.3
2025-04-01,DOC,138.9,149.3,188.4,110.3
2025-05-01,DOC,145.6,149.3,188.4,110.3
2025-06-01,DOC,123.6,149.3,188.4,110.3
2025-07-01,DOC,163.3,149.3,188.4,110.3
2025-08-01,DOC,148.4,149.3,188.4,110.3
2025-09-01,DOC,144.6,149.3,188.4,110.3
2025-10-01,DOC,229.9,149.3,188.4,110.3
2025-11-01,DOC,122.0,149.3,188.4,110.3
2025-12-01,DOC,169.4,149.3,188.4,110.3
2026-01-01,DOC,194.0,149.3,188.4,110.3
2026-02-01,DOC,205.8,149.3,188.4,110.3
2026-03-01,DOC,155.5,149.3,188.4,110.3
2025-01-01,DOV,18.3,23.2,28.1,18.4
2025-02-01,DOV,14.8,23.2,28.1,18.4
2025-03-01,DOV,23.3,23.2,28.1,18.4
2025-04-01,DOV,33.6,23.2,28.1,18.4
2025-05-01,DOV,20.4,23.2,28.1,18.4
2025-06-01,DOV,18.5,23.2,28.1,18.4
2025-07-01,DOV,25.4,23.2,28.1,18.4
2025-08-01,DOV,19.4,23.2,28.1,18.4
2025-09-01,DOV,21.1,23.2,28.1,18.4
2025-10-01,DOV,30.9,23.2,28.1,18.4
2025-11-01,DOV,20.4,23.2,28.1,18.4
2025-12-01,DOV,22.0,23.2,28.1,18.4
2026-01-01,DOV,26.2,23.2,28.1,18.4
2026-02-01,DOV,27.6,23.2,28.1,18.4
2026-03-01,DOV,24.9,23.2,28.1,18.4
2025-01-01,DOW,144.7,250.1,318.1,182.1
2025-02-01,DOW,137.7,250.1,318.1,182.1
2025-03-01,DOW,158.4,250.1,318.1,182.1
2025-04-01,DOW,254.5,250.1,318.1,182.1
2025-05-01,DOW,171.4,250.1,318.1,182.1
2025-06-01,DOW,245.1,250.1,318.1,182.1
2025-07-01,DOW,369.6,250.1,318.1,182.1
2025-08-01,DOW,297.2,250.1,318.1,182.1
2025-09-01,DOW,296.7,250.1,318.1,182.1
2025-10-01,DOW,312.3,250.1,318.1,182.1
2025-11-01,DOW,249.3,250.1,318.1,182.1
2025-12-01,DOW,241.8,250.1,318.1,182.1
2026-01-01,DOW,251.4,250.1,318.1,182.1
2026-02-01,DOW,253.6,250.1,318.1,182.1
2026-03-01,DOW,336.8,250.1,318.1,182.1
2025-01-01,DPZ,11.6,14.3,17.6,11.0
2025-02-01,DPZ,12.4,14.3,17.6,11.0
2025-03-01,DPZ,15.6,14.3,17.6,11.0
2025-04-01,DPZ,15.0,14.3,17.6,11.0
2025-05-01,DPZ,10.5,14.3,17.6,11.0
2025-06-01,DPZ,12.2,14.3,17.6,11.0
2025-07-01,DPZ,16.1,14.3,17.6,11.0
2025-08-01,DPZ,13.6,14.3,17.6,11.0
2025-09-01,DPZ,13.5,14.3,17.6,11.0
2025-10-01,DPZ,15.5,14.3,17.6,11.0
2025-11-01,DPZ,9.4,14.3,17.6,11.0
2025-12-01,DPZ,12.0,14.3,17.6,11.0
2026-01-01,DPZ,14.1,14.3,17.6,11.0
2026-02-01,DPZ,20.4,14.3,17.6,11.0
2026-03-01,DPZ,21.9,14.3,17.6,11.0
2025-01-01,DRI,22.7,28.8,34.7,22.9
2025-02-01,DRI,21.6,28.8,34.7,22.9
2025-03-01,DRI,29.9,28.8,34.7,22.9
2025-04-01,DRI,26.6,28.8,34.7,22.9
2025-05-01,DRI,36.4,28.8,34.7,22.9
2025-06-01,DRI,33.3,28.8,34.7,22.9
2025-07-01,DRI,25.3,28.8,34.7,22.9
2025-08-01,DRI,19.2,28.8,34.7,22.9
2025-09-01,DRI,32.9,28.8,34.7,22.9
2025-10-01,DRI,23.9,28.8,34.7,22.9
2025-11-01,DRI,26.8,28.8,34.7,22.9
2025-12-01,DRI,38.2,28.8,34.7,22.9
2026-01-01,DRI,34.4,28.8,34.7,22.9
2026-02-01,DRI,23.5,28.8,34.7,22.9
2026-03-01,DRI,35.9,28.8,34.7,22.9
2025-01-01,DTE,21.7,28.7,33.8,23.6
2025-02-01,DTE,23.2,28.7,33.8,23.6
2025-03-01,DTE,33.8,28.7,33.8,23.6
2025-04-01,DTE,36.1,28.7,33.8,23.6
2025-05-01,DTE,28.8,28.7,33.8,23.6
2025-06-01,DTE,27.5,28.7,33.8,23.6
2025-07-01,DTE,33.5,28.7,33.8,23.6
2025-08-01,DTE,22.5,28.7,33.8,23.6
2025-09-01,DTE,21.4,28.7,33.8,23.6
2025-10-01,DTE,24.0,28.7,33.8,23.6
2025-11-01,DTE,30.2,28.7,33.8,23.6
2025-12-01,DTE,36.4,28.7,33.8,23.6
2026-01-01,DTE,33.0,28.7,33.8,23.6
2026-02-01,DTE,30.2,28.7,33.8,23.6
2026-03-01,DTE,27.6,28.7,33.8,23.6
2025-01-01,DUK,62.1,74.7,89.2,60.2
2025-02-01,DUK,69.9,74.7,89.2,60.2
2025-03-01,DUK,97.7,74.7,89.2,60.2
2025-04-01,DUK,88.7,74.7,89.2,60.2
2025-05-01,DUK,81.9,74.7,89.2,60.2
2025-06-01,DUK,57.8,74.7,89.2,60.2
2025-07-01,DUK,59.8,74.7,89.2,60.2
2025-08-01,DUK,67.9,74.7,89.2,60.2
2025-09-01,DUK,56.7,74.7,89.2,60.2
2025-10-01,DUK,63.0,74.7,89.2,60.2
2025-11-01,DUK,67.6,74.7,89.2,60.2
2025-12-01,DUK,73.4,74.7,89.2,60.2
2026-01-01,DUK,79.4,74.7,89.2,60.2
2026-02-01,DUK,92.6,74.7,89.2,60.2
2026-03-01,DUK,101.9,74.7,89.2,60.2
2025-01-01,DVA,10.9,18.5,22.1,14.9
2025-02-01,DVA,23.3,18.5,22.1,14.9
2025-03-01,DVA,19.5,18.5,22.1,14.9
2025-04-01,DVA,18.7,18.5,22.1,14.9
2025-05-01,DVA,17.2,18.5,22.1,14.9
2025-06-01,DVA,17.0,18.5,22.1,14.9
2025-07-01,DVA,16.1,18.5,22.1,14.9
2025-08-01,DVA,18.6,18.5,22.1,14.9
2025-09-01,DVA,17.3,18.5,22.1,14.9
2025-10-01,DVA,17.8,18.5,22.1,14.9
2025-11-01,DVA,21.0,18.5,22.1,14.9
2025-12-01,DVA,16.3,18.5,22.1,14.9
2026-01-01,DVA,18.5,18.5,22.1,14.9
2026-02-01,DVA,28.6,18.5,22.1,14.9
2026-03-01,DVA,18.8,18.5,22.1,14.9
2025-01-01,DVN,196.0,197.1,258.2,136.0
2025-02-01,DVN,180.5,197.1,258.2,136.0
2025-03-01,DVN,187.4,197.1,258.2,136.0
2025-04-01,DVN,240.4,197.1,258.2,136.0
2025-05-01,DVN,175.3,197.1,258.2,136.0
2025-06-01,DVN,169.8,197.1,258.2,136.0
2025-07-01,DVN,158.1,197.1,258.2,136.0
2025-08-01,DVN,159.4,197.1,258.2,136.0
2025-09-01,DVN,159.6,197.1,258.2,136.0
2025-10-01,DVN,159.6,197.1,258.2,136.0
2025-11-01,DVN,167.3,197.1,258.2,136.0
2025-12-01,DVN,166.0,197.1,258.2,136.0
2026-01-01,DVN,204.0,197.1,258.2,136.0
2026-02-01,DVN,228.3,197.1,258.2,136.0
2026-03-01,DVN,399.7,197.1,258.2,136.0
2025-01-01,DXCM,71.7,97.3,120.7,73.8
2025-02-01,DXCM,69.8,97.3,120.7,73.8
2025-03-01,DXCM,94.6,97.3,120.7,73.8
2025-04-01,DXCM,95.8,97.3,120.7,73.8
2025-05-01,DXCM,86.2,97.3,120.7,73.8
2025-06-01,DXCM,71.1,97.3,120.7,73.8
2025-07-01,DXCM,69.4,97.3,120.7,73.8
2025-08-01,DXCM,86.6,97.3,120.7,73.8
2025-09-01,DXCM,133.4,97.3,120.7,73.8
2025-10-01,DXCM,128.5,97.3,120.7,73.8
2025-11-01,DXCM,144.4,97.3,120.7,73.8
2025-12-01,DXCM,101.2,97.3,120.7,73.8
2026-01-01,DXCM,121.3,97.3,120.7,73.8
2026-02-01,DXCM,98.1,97.3,120.7,73.8
2026-03-01,DXCM,86.2,97.3,120.7,73.8
2025-01-01,EA,81.7,65.2,82.4,48.1
2025-02-01,EA,89.9,65.2,82.4,48.1
2025-03-01,EA,78.8,65.2,82.4,48.1
2025-04-01,EA,63.2,65.2,82.4,48.1
2025-05-01,EA,77.4,65.2,82.4,48.1
2025-06-01,EA,57.3,65.2,82.4,48.1
2025-07-01,EA,57.9,65.2,82.4,48.1
2025-08-01,EA,63.8,65.2,82.4,48.1
2025-09-01,EA,95.8,65.2,82.4,48.1
2025-10-01,EA,76.5,65.2,82.4,48.1
2025-11-01,EA,38.8,65.2,82.4,48.1
2025-12-01,EA,42.3,65.2,82.4,48.1
2026-01-01,EA,39.2,65.2,82.4,48.1
2026-02-01,EA,64.1,65.2,82.4,48.1
2026-03-01,EA,51.9,65.2,82.4,48.1
2025-01-01,EBAY,100.0,113.2,131.4,95.0
2025-02-01,EBAY,95.1,113.2,131.4,95.0
2025-03-01,EBAY,122.5,113.2,131.4,95.0
2025-04-01,EBAY,132.7,113.2,131.4,95.0
2025-05-01,EBAY,108.8,113.2,131.4,95.0
2025-06-01,EBAY,122.2,113.2,131.4,95.0
2025-07-01,EBAY,121.0,113.2,131.4,95.0
2025-08-01,EBAY,130.9,113.2,131.4,95.0
2025-09-01,EBAY,117.4,113.2,131.4,95.0
2025-10-01,EBAY,143.0,113.2,131.4,95.0
2025-11-01,EBAY,86.5,113.2,131.4,95.0
2025-12-01,EBAY,92.2,113.2,131.4,95.0
2026-01-01,EBAY,81.9,113.2,131.4,95.0
2026-02-01,EBAY,133.3,113.2,131.4,95.0
2026-03-01,EBAY,104.5,113.2,131.4,95.0
2025-01-01,EC,55.3,53.0,65.6,40.3
2025-02-01,EC,54.9,53.0,65.6,40.3
2025-03-01,EC,48.4,53.0,65.6,40.3
2025-04-01,EC,68.6,53.0,65.6,40.3
2025-05-01,EC,48.0,53.0,65.6,40.3
2025-06-01,EC,51.4,53.0,65.6,40.3
2025-07-01,EC,46.8,53.0,65.6,40.3
2025-08-01,EC,41.3,53.0,65.6,40.3
2025-09-01,EC,38.5,53.0,65.6,40.3
2025-10-01,EC,43.1,53.0,65.6,40.3
2025-11-01,EC,49.7,53.0,65.6,40.3
2025-12-01,EC,39.0,53.0,65.6,40.3
2026-01-01,EC,71.9,53.0,65.6,40.3
2026-02-01,EC,55.3,53.0,65.6,40.3
2026-03-01,EC,83.9,53.0,65.6,40.3
2025-01-01,ECH,5.8,12.7,19.5,5.9
2025-02-01,ECH,6.1,12.7,19.5,5.9
2025-03-01,ECH,7.2,12.7,19.5,5.9
2025-04-01,ECH,10.1,12.7,19.5,5.9
2025-05-01,ECH,9.3,12.7,19.5,5.9
2025-06-01,ECH,9.1,12.7,19.5,5.9
2025-07-01,ECH,6.1,12.7,19.5,5.9
2025-08-01,ECH,9.3,12.7,19.5,5.9
2025-09-01,ECH,9.2,12.7,19.5,5.9
2025-10-01,ECH,12.9,12.7,19.5,5.9
2025-11-01,ECH,23.3,12.7,19.5,5.9
2025-12-01,ECH,13.4,12.7,19.5,5.9
2026-01-01,ECH,19.0,12.7,19.5,5.9
2026-02-01,ECH,25.6,12.7,19.5,5.9
2026-03-01,ECH,25.6,12.7,19.5,5.9
2025-01-01,ECL,23.2,28.3,32.5,24.1
2025-02-01,ECL,25.8,28.3,32.5,24.1
2025-03-01,ECL,33.9,28.3,32.5,24.1
2025-04-01,ECL,32.4,28.3,32.5,24.1
2025-05-01,ECL,24.3,28.3,32.5,24.1
2025-06-01,ECL,27.4,28.3,32.5,24.1
2025-07-01,ECL,25.3,28.3,32.5,24.1
2025-08-01,ECL,22.6,28.3,32.5,24.1
2025-09-01,ECL,31.4,28.3,32.5,24.1
2025-10-01,ECL,32.2,28.3,32.5,24.1
2025-11-01,ECL,28.3,28.3,32.5,24.1
2025-12-01,ECL,30.4,28.3,32.5,24.1
2026-01-01,ECL,23.0,28.3,32.5,24.1
2026-02-01,ECL,26.8,28.3,32.5,24.1
2026-03-01,ECL,36.3,28.3,32.5,24.1
2025-01-01,ED,49.6,50.8,59.9,41.7
2025-02-01,ED,51.1,50.8,59.9,41.7
2025-03-01,ED,65.3,50.8,59.9,41.7
2025-04-01,ED,63.1,50.8,59.9,41.7
2025-05-01,ED,64.7,50.8,59.9,41.7
2025-06-01,ED,58.1,50.8,59.9,41.7
2025-07-01,ED,45.3,50.8,59.9,41.7
2025-08-01,ED,59.2,50.8,59.9,41.7
2025-09-01,ED,44.0,50.8,59.9,41.7
2025-10-01,ED,37.5,50.8,59.9,41.7
2025-11-01,ED,49.3,50.8,59.9,41.7
2025-12-01,ED,42.9,50.8,59.9,41.7
2026-01-01,ED,38.1,50.8,59.9,41.7
2026-02-01,ED,51.0,50.8,59.9,41.7
2026-03-01,ED,44.0,50.8,59.9,41.7
2025-01-01,EDEN,0.3,0.2,0.3,0.1
2025-02-01,EDEN,0.2,0.2,0.3,0.1
2025-03-01,EDEN,0.2,0.2,0.3,0.1
2025-04-01,EDEN,0.2,0.2,0.3,0.1
2025-05-01,EDEN,0.1,0.2,0.3,0.1
2025-06-01,EDEN,0.1,0.2,0.3,0.1
2025-07-01,EDEN,0.5,0.2,0.3,0.1
2025-08-01,EDEN,0.1,0.2,0.3,0.1
2025-09-01,EDEN,0.1,0.2,0.3,0.1
2025-10-01,EDEN,0.1,0.2,0.3,0.1
2025-11-01,EDEN,0.1,0.2,0.3,0.1
2025-12-01,EDEN,0.1,0.2,0.3,0.1
2026-01-01,EDEN,0.2,0.2,0.3,0.1
2026-02-01,EDEN,0.2,0.2,0.3,0.1
2026-03-01,EDEN,0.2,0.2,0.3,0.1
2025-01-01,EDV,27.5,23.4,29.5,17.2
2025-02-01,EDV,18.0,23.4,29.5,17.2
2025-03-01,EDV,19.2,23.4,29.5,17.2
2025-04-01,EDV,37.4,23.4,29.5,17.2
2025-05-01,EDV,22.1,23.4,29.5,17.2
2025-06-01,EDV,12.5,23.4,29.5,17.2
2025-07-01,EDV,17.5,23.4,29.5,17.2
2025-08-01,EDV,21.0,23.4,29.5,17.2
2025-09-01,EDV,26.3,23.4,29.5,17.2
2025-10-01,EDV,27.7,23.4,29.5,17.2
2025-11-01,EDV,20.5,23.4,29.5,17.2
2025-12-01,EDV,21.5,23.4,29.5,17.2
2026-01-01,EDV,25.4,23.4,29.5,17.2
2026-02-01,EDV,19.6,23.4,29.5,17.2
2026-03-01,EDV,32.4,23.4,29.5,17.2
2025-01-01,EFNL,0.1,0.2,0.4,0.0
2025-02-01,EFNL,0.1,0.2,0.4,0.0
2025-03-01,EFNL,0.6,0.2,0.4,0.0
2025-04-01,EFNL,0.7,0.2,0.4,0.0
2025-05-01,EFNL,0.1,0.2,0.4,0.0
2025-06-01,EFNL,0.2,0.2,0.4,0.0
2025-07-01,EFNL,0.1,0.2,0.4,0.0
2025-08-01,EFNL,0.0,0.2,0.4,0.0
2025-09-01,EFNL,0.1,0.2,0.4,0.0
2025-10-01,EFNL,0.1,0.2,0.4,0.0
2025-11-01,EFNL,0.1,0.2,0.4,0.0
2025-12-01,EFNL,0.2,0.2,0.4,0.0
2026-01-01,EFNL,0.2,0.2,0.4,0.0
2026-02-01,EFNL,0.1,0.2,0.4,0.0
2026-03-01,EFNL,0.2,0.2,0.4,0.0
2025-01-01,EFX,17.1,26.4,33.6,19.2
2025-02-01,EFX,24.2,26.4,33.6,19.2
2025-03-01,EFX,22.7,26.4,33.6,19.2
2025-04-01,EFX,27.9,26.4,33.6,19.2
2025-05-01,EFX,18.5,26.4,33.6,19.2
2025-06-01,EFX,17.7,26.4,33.6,19.2
2025-07-01,EFX,23.8,26.4,33.6,19.2
2025-08-01,EFX,20.8,26.4,33.6,19.2
2025-09-01,EFX,21.0,26.4,33.6,19.2
2025-10-01,EFX,32.7,26.4,33.6,19.2
2025-11-01,EFX,26.4,26.4,33.6,19.2
2025-12-01,EFX,32.2,26.4,33.6,19.2
2026-01-01,EFX,33.9,26.4,33.6,19.2
2026-02-01,EFX,44.3,26.4,33.6,19.2
2026-03-01,EFX,32.7,26.4,33.6,19.2
2025-01-01,EG,8.3,8.1,9.1,7.1
2025-02-01,EG,8.5,8.1,9.1,7.1
2025-03-01,EG,9.5,8.1,9.1,7.1
2025-04-01,EG,7.7,8.1,9.1,7.1
2025-05-01,EG,10.0,8.1,9.1,7.1
2025-06-01,EG,8.0,8.1,9.1,7.1
2025-07-01,EG,7.4,8.1,9.1,7.1
2025-08-01,EG,6.0,8.1,9.1,7.1
2025-09-01,EG,8.1,8.1,9.1,7.1
2025-10-01,EG,8.6,8.1,9.1,7.1
2025-11-01,EG,8.7,8.1,9.1,7.1
2025-12-01,EG,8.3,8.1,9.1,7.1
2026-01-01,EG,6.6,8.1,9.1,7.1
2026-02-01,EG,8.3,8.1,9.1,7.1
2026-03-01,EG,7.4,8.1,9.1,7.1
2025-01-01,EIDO,8.2,14.0,18.0,9.9
2025-02-01,EIDO,15.0,14.0,18.0,9.9
2025-03-01,EIDO,21.0,14.0,18.0,9.9
2025-04-01,EIDO,16.4,14.0,18.0,9.9
2025-05-01,EIDO,11.0,14.0,18.0,9.9
2025-06-01,EIDO,14.4,14.0,18.0,9.9
2025-07-01,EIDO,14.2,14.0,18.0,9.9
2025-08-01,EIDO,17.2,14.0,18.0,9.9
2025-09-01,EIDO,17.9,14.0,18.0,9.9
2025-10-01,EIDO,9.5,14.0,18.0,9.9
2025-11-01,EIDO,7.7,14.0,18.0,9.9
2025-12-01,EIDO,8.0,14.0,18.0,9.9
2026-01-01,EIDO,18.2,14.0,18.0,9.9
2026-02-01,EIDO,14.0,14.0,18.0,9.9
2026-03-01,EIDO,16.8,14.0,18.0,9.9
2025-01-01,EIRL,0.2,0.1,0.2,0.1
2025-02-01,EIRL,0.1,0.1,0.2,0.1
2025-03-01,EIRL,0.1,0.1,0.2,0.1
2025-04-01,EIRL,0.1,0.1,0.2,0.1
2025-05-01,EIRL,0.1,0.1,0.2,0.1
2025-06-01,EIRL,0.1,0.1,0.2,0.1
2025-07-01,EIRL,0.2,0.1,0.2,0.1
2025-08-01,EIRL,0.1,0.1,0.2,0.1
2025-09-01,EIRL,0.1,0.1,0.2,0.1
2025-10-01,EIRL,0.1,0.1,0.2,0.1
2025-11-01,EIRL,0.1,0.1,0.2,0.1
2025-12-01,EIRL,0.1,0.1,0.2,0.1
2026-01-01,EIRL,0.1,0.1,0.2,0.1
2026-02-01,EIRL,0.3,0.1,0.2,0.1
2026-03-01,EIRL,0.2,0.1,0.2,0.1
2025-01-01,EIS,1.3,1.7,2.8,0.6
2025-02-01,EIS,1.5,1.7,2.8,0.6
2025-03-01,EIS,2.0,1.7,2.8,0.6
2025-04-01,EIS,0.5,1.7,2.8,0.6
2025-05-01,EIS,0.5,1.7,2.8,0.6
2025-06-01,EIS,1.5,1.7,2.8,0.6
2025-07-01,EIS,1.5,1.7,2.8,0.6
2025-08-01,EIS,1.2,1.7,2.8,0.6
2025-09-01,EIS,0.8,1.7,2.8,0.6
2025-10-01,EIS,1.5,1.7,2.8,0.6
2025-11-01,EIS,1.3,1.7,2.8,0.6
2025-12-01,EIS,1.4,1.7,2.8,0.6
2026-01-01,EIS,2.8,1.7,2.8,0.6
2026-02-01,EIS,2.8,1.7,2.8,0.6
2026-03-01,EIS,5.0,1.7,2.8,0.6
2025-01-01,EIX,147.4,79.4,101.6,57.2
2025-02-01,EIX,106.0,79.4,101.6,57.2
2025-03-01,EIX,91.7,79.4,101.6,57.2
2025-04-01,EIX,72.0,79.4,101.6,57.2
2025-05-01,EIX,54.3,79.4,101.6,57.2
2025-06-01,EIX,92.9,79.4,101.6,57.2
2025-07-01,EIX,84.7,79.4,101.6,57.2
2025-08-01,EIX,66.9,79.4,101.6,57.2
2025-09-01,EIX,72.0,79.4,101.6,57.2
2025-10-01,EIX,74.1,79.4,101.6,57.2
2025-11-01,EIX,58.1,79.4,101.6,57.2
2025-12-01,EIX,68.9,79.4,101.6,57.2
2026-01-01,EIX,61.2,79.4,101.6,57.2
2026-02-01,EIX,68.2,79.4,101.6,57.2
2026-03-01,EIX,75.9,79.4,101.6,57.2
2025-01-01,EL,64.4,84.0,100.1,67.9
2025-02-01,EL,102.7,84.0,100.1,67.9
2025-03-01,EL,66.1,84.0,100.1,67.9
2025-04-01,EL,110.0,84.0,100.1,67.9
2025-05-01,EL,80.5,84.0,100.1,67.9
2025-06-01,EL,92.4,84.0,100.1,67.9
2025-07-01,EL,88.4,84.0,100.1,67.9
2025-08-01,EL,85.3,84.0,100.1,67.9
2025-09-01,EL,64.5,84.0,100.1,67.9
2025-10-01,EL,80.3,84.0,100.1,67.9
2025-11-01,EL,70.9,84.0,100.1,67.9
2025-12-01,EL,75.1,84.0,100.1,67.9
2026-01-01,EL,67.2,84.0,100.1,67.9
2026-02-01,EL,96.7,84.0,100.1,67.9
2026-03-01,EL,115.1,84.0,100.1,67.9
2025-01-01,ELV,36.3,39.6,49.8,29.4
2025-02-01,ELV,27.4,39.6,49.8,29.4
2025-03-01,ELV,34.2,39.6,49.8,29.4
2025-04-01,ELV,41.1,39.6,49.8,29.4
2025-05-01,ELV,38.1,39.6,49.8,29.4
2025-06-01,ELV,31.7,39.6,49.8,29.4
2025-07-01,ELV,69.1,39.6,49.8,29.4
2025-08-01,ELV,47.8,39.6,49.8,29.4
2025-09-01,ELV,42.2,39.6,49.8,29.4
2025-10-01,ELV,42.9,39.6,49.8,29.4
2025-11-01,ELV,28.8,39.6,49.8,29.4
2025-12-01,ELV,34.1,39.6,49.8,29.4
2026-01-01,ELV,35.2,39.6,49.8,29.4
2026-02-01,ELV,31.5,39.6,49.8,29.4
2026-03-01,ELV,48.6,39.6,49.8,29.4
2025-01-01,EME,10.1,10.0,13.3,6.8
2025-02-01,EME,10.0,10.0,13.3,6.8
2025-03-01,EME,11.5,10.0,13.3,6.8
2025-04-01,EME,12.5,10.0,13.3,6.8
2025-05-01,EME,9.8,10.0,13.3,6.8
2025-06-01,EME,9.2,10.0,13.3,6.8
2025-07-01,EME,8.8,10.0,13.3,6.8
2025-08-01,EME,6.6,10.0,13.3,6.8
2025-09-01,EME,20.3,10.0,13.3,6.8
2025-10-01,EME,12.1,10.0,13.3,6.8
2025-11-01,EME,7.9,10.0,13.3,6.8
2025-12-01,EME,7.9,10.0,13.3,6.8
2026-01-01,EME,6.9,10.0,13.3,6.8
2026-02-01,EME,8.0,10.0,13.3,6.8
2026-03-01,EME,8.1,10.0,13.3,6.8
2025-01-01,EMR,59.9,63.4,72.9,53.9
2025-02-01,EMR,49.8,63.4,72.9,53.9
2025-03-01,EMR,71.8,63.4,72.9,53.9
2025-04-01,EMR,72.6,63.4,72.9,53.9
2025-05-01,EMR,66.0,63.4,72.9,53.9
2025-06-01,EMR,60.4,63.4,72.9,53.9
2025-07-01,EMR,62.6,63.4,72.9,53.9
2025-08-01,EMR,77.3,63.4,72.9,53.9
2025-09-01,EMR,66.4,63.4,72.9,53.9
2025-10-01,EMR,53.8,63.4,72.9,53.9
2025-11-01,EMR,53.3,63.4,72.9,53.9
2025-12-01,EMR,50.1,63.4,72.9,53.9
2026-01-01,EMR,61.2,63.4,72.9,53.9
2026-02-01,EMR,84.2,63.4,72.9,53.9
2026-03-01,EMR,62.5,63.4,72.9,53.9
2025-01-01,ENZL,0.1,0.3,0.7,-0.2
2025-02-01,ENZL,0.1,0.3,0.7,-0.2
2025-03-01,ENZL,0.2,0.3,0.7,-0.2
2025-04-01,ENZL,0.2,0.3,0.7,-0.2
2025-05-01,ENZL,0.1,0.3,0.7,-0.2
2025-06-01,ENZL,0.1,0.3,0.7,-0.2
2025-07-01,ENZL,0.1,0.3,0.7,-0.2
2025-08-01,ENZL,0.1,0.3,0.7,-0.2
2025-09-01,ENZL,0.2,0.3,0.7,-0.2
2025-10-01,ENZL,0.1,0.3,0.7,-0.2
2025-11-01,ENZL,0.1,0.3,0.7,-0.2
2025-12-01,ENZL,0.3,0.3,0.7,-0.2
2026-01-01,ENZL,0.2,0.3,0.7,-0.2
2026-02-01,ENZL,1.9,0.3,0.7,-0.2
2026-03-01,ENZL,0.4,0.3,0.7,-0.2
2025-01-01,EOG,62.3,82.4,101.3,63.5
2025-02-01,EOG,51.8,82.4,101.3,63.5
2025-03-01,EOG,87.2,82.4,101.3,63.5
2025-04-01,EOG,95.4,82.4,101.3,63.5
2025-05-01,EOG,80.7,82.4,101.3,63.5
2025-06-01,EOG,88.0,82.4,101.3,63.5
2025-07-01,EOG,65.2,82.4,101.3,63.5
2025-08-01,EOG,56.5,82.4,101.3,63.5
2025-09-01,EOG,70.3,82.4,101.3,63.5
2025-10-01,EOG,93.9,82.4,101.3,63.5
2025-11-01,EOG,74.4,82.4,101.3,63.5
2025-12-01,EOG,82.9,82.4,101.3,63.5
2026-01-01,EOG,94.0,82.4,101.3,63.5
2026-02-01,EOG,103.8,82.4,101.3,63.5
2026-03-01,EOG,125.5,82.4,101.3,63.5
2025-01-01,EPAM,10.3,17.8,23.2,12.4
2025-02-01,EPAM,15.6,17.8,23.2,12.4
2025-03-01,EPAM,15.6,17.8,23.2,12.4
2025-04-01,EPAM,15.3,17.8,23.2,12.4
2025-05-01,EPAM,22.8,17.8,23.2,12.4
2025-06-01,EPAM,13.9,17.8,23.2,12.4
2025-07-01,EPAM,11.9,17.8,23.2,12.4
2025-08-01,EPAM,18.6,17.8,23.2,12.4
2025-09-01,EPAM,18.8,17.8,23.2,12.4
2025-10-01,EPAM,14.8,17.8,23.2,12.4
2025-11-01,EPAM,21.6,17.8,23.2,12.4
2025-12-01,EPAM,17.0,17.8,23.2,12.4
2026-01-01,EPAM,13.8,17.8,23.2,12.4
2026-02-01,EPAM,31.4,17.8,23.2,12.4
2026-03-01,EPAM,26.4,17.8,23.2,12.4
2025-01-01,EPHE,1.2,2.4,3.3,1.5
2025-02-01,EPHE,1.7,2.4,3.3,1.5
2025-03-01,EPHE,2.3,2.4,3.3,1.5
2025-04-01,EPHE,1.7,2.4,3.3,1.5
2025-05-01,EPHE,2.0,2.4,3.3,1.5
2025-06-01,EPHE,1.6,2.4,3.3,1.5
2025-07-01,EPHE,1.7,2.4,3.3,1.5
2025-08-01,EPHE,2.4,2.4,3.3,1.5
2025-09-01,EPHE,2.3,2.4,3.3,1.5
2025-10-01,EPHE,1.7,2.4,3.3,1.5
2025-11-01,EPHE,3.1,2.4,3.3,1.5
2025-12-01,EPHE,2.9,2.4,3.3,1.5
2026-01-01,EPHE,3.4,2.4,3.3,1.5
2026-02-01,EPHE,2.7,2.4,3.3,1.5
2026-03-01,EPHE,4.9,2.4,3.3,1.5
2025-01-01,EPOL,3.6,9.5,12.6,6.3
2025-02-01,EPOL,6.8,9.5,12.6,6.3
2025-03-01,EPOL,13.7,9.5,12.6,6.3
2025-04-01,EPOL,13.1,9.5,12.6,6.3
2025-05-01,EPOL,11.4,9.5,12.6,6.3
2025-06-01,EPOL,10.7,9.5,12.6,6.3
2025-07-01,EPOL,6.7,9.5,12.6,6.3
2025-08-01,EPOL,11.6,9.5,12.6,6.3
2025-09-01,EPOL,9.7,9.5,12.6,6.3
2025-10-01,EPOL,6.7,9.5,12.6,6.3
2025-11-01,EPOL,5.5,9.5,12.6,6.3
2025-12-01,EPOL,6.4,9.5,12.6,6.3
2026-01-01,EPOL,11.1,9.5,12.6,6.3
2026-02-01,EPOL,10.8,9.5,12.6,6.3
2026-03-01,EPOL,14.0,9.5,12.6,6.3
2025-01-01,EPU,0.3,1.4,2.7,0.0
2025-02-01,EPU,0.2,1.4,2.7,0.0
2025-03-01,EPU,4.0,1.4,2.7,0.0
2025-04-01,EPU,0.7,1.4,2.7,0.0
2025-05-01,EPU,0.6,1.4,2.7,0.0
2025-06-01,EPU,0.3,1.4,2.7,0.0
2025-07-01,EPU,0.4,1.4,2.7,0.0
2025-08-01,EPU,0.3,1.4,2.7,0.0
2025-09-01,EPU,0.7,1.4,2.7,0.0
2025-10-01,EPU,1.3,1.4,2.7,0.0
2025-11-01,EPU,0.8,1.4,2.7,0.0
2025-12-01,EPU,1.1,1.4,2.7,0.0
2026-01-01,EPU,4.2,1.4,2.7,0.0
2026-02-01,EPU,3.5,1.4,2.7,0.0
2026-03-01,EPU,2.5,1.4,2.7,0.0
2025-01-01,EQIX,10.8,12.3,14.9,9.8
2025-02-01,EQIX,10.3,12.3,14.9,9.8
2025-03-01,EQIX,17.3,12.3,14.9,9.8
2025-04-01,EQIX,13.6,12.3,14.9,9.8
2025-05-01,EQIX,10.6,12.3,14.9,9.8
2025-06-01,EQIX,16.9,12.3,14.9,9.8
2025-07-01,EQIX,13.5,12.3,14.9,9.8
2025-08-01,EQIX,8.3,12.3,14.9,9.8
2025-09-01,EQIX,10.5,12.3,14.9,9.8
2025-10-01,EQIX,11.1,12.3,14.9,9.8
2025-11-01,EQIX,10.1,12.3,14.9,9.8
2025-12-01,EQIX,12.8,12.3,14.9,9.8
2026-01-01,EQIX,10.9,12.3,14.9,9.8
2026-02-01,EQIX,14.9,12.3,14.9,9.8
2026-03-01,EQIX,13.6,12.3,14.9,9.8
2025-01-01,EQR,33.9,45.4,53.4,37.4
2025-02-01,EQR,29.5,45.4,53.4,37.4
2025-03-01,EQR,36.7,45.4,53.4,37.4
2025-04-01,EQR,47.4,45.4,53.4,37.4
2025-05-01,EQR,43.4,45.4,53.4,37.4
2025-06-01,EQR,39.3,45.4,53.4,37.4
2025-07-01,EQR,44.1,45.4,53.4,37.4
2025-08-01,EQR,46.5,45.4,53.4,37.4
2025-09-01,EQR,44.1,45.4,53.4,37.4
2025-10-01,EQR,59.5,45.4,53.4,37.4
2025-11-01,EQR,44.1,45.4,53.4,37.4
2025-12-01,EQR,49.5,45.4,53.4,37.4
2026-01-01,EQR,49.8,45.4,53.4,37.4
2026-02-01,EQR,59.9,45.4,53.4,37.4
2026-03-01,EQR,50.6,45.4,53.4,37.4
2025-01-01,EQT,170.3,177.6,207.7,147.5
2025-02-01,EQT,165.9,177.6,207.7,147.5
2025-03-01,EQT,160.7,177.6,207.7,147.5
2025-04-01,EQT,213.2,177.6,207.7,147.5
2025-05-01,EQT,148.4,177.6,207.7,147.5
2025-06-01,EQT,148.9,177.6,207.7,147.5
2025-07-01,EQT,222.3,177.6,207.7,147.5
2025-08-01,EQT,137.7,177.6,207.7,147.5
2025-09-01,EQT,186.9,177.6,207.7,147.5
2025-10-01,EQT,164.1,177.6,207.7,147.5
2025-11-01,EQT,149.5,177.6,207.7,147.5
2025-12-01,EQT,174.7,177.6,207.7,147.5
2026-01-01,EQT,251.4,177.6,207.7,147.5
2026-02-01,EQT,177.3,177.6,207.7,147.5
2026-03-01,EQT,189.3,177.6,207.7,147.5
2025-01-01,ERIE,4.2,3.4,4.2,2.6
2025-02-01,ERIE,2.5,3.4,4.2,2.6
2025-03-01,ERIE,2.8,3.4,4.2,2.6
2025-04-01,ERIE,3.6,3.4,4.2,2.6
2025-05-01,ERIE,2.7,3.4,4.2,2.6
2025-06-01,ERIE,2.9,3.4,4.2,2.6
2025-07-01,ERIE,3.3,3.4,4.2,2.6
2025-08-01,ERIE,2.7,3.4,4.2,2.6
2025-09-01,ERIE,2.9,3.4,4.2,2.6
2025-10-01,ERIE,3.2,3.4,4.2,2.6
2025-11-01,ERIE,2.7,3.4,4.2,2.6
2025-12-01,ERIE,3.8,3.4,4.2,2.6
2026-01-01,ERIE,3.6,3.4,4.2,2.6
2026-02-01,ERIE,4.3,3.4,4.2,2.6
2026-03-01,ERIE,5.6,3.4,4.2,2.6
2025-01-01,ES,61.0,56.6,64.2,48.9
2025-02-01,ES,61.3,56.6,64.2,48.9
2025-03-01,ES,49.6,56.6,64.2,48.9
2025-04-01,ES,69.3,56.6,64.2,48.9
2025-05-01,ES,56.9,56.6,64.2,48.9
2025-06-01,ES,53.8,56.6,64.2,48.9
2025-07-01,ES,44.0,56.6,64.2,48.9
2025-08-01,ES,47.8,56.6,64.2,48.9
2025-09-01,ES,72.7,56.6,64.2,48.9
2025-10-01,ES,57.7,56.6,64.2,48.9
2025-11-01,ES,60.4,56.6,64.2,48.9
2025-12-01,ES,53.1,56.6,64.2,48.9
2026-01-01,ES,47.5,56.6,64.2,48.9
2026-02-01,ES,56.7,56.6,64.2,48.9
2026-03-01,ES,57.8,56.6,64.2,48.9
2025-01-01,ESS,9.2,10.2,11.4,9.1
2025-02-01,ESS,9.5,10.2,11.4,9.1
2025-03-01,ESS,9.4,10.2,11.4,9.1
2025-04-01,ESS,11.3,10.2,11.4,9.1
2025-05-01,ESS,9.0,10.2,11.4,9.1
2025-06-01,ESS,10.1,10.2,11.4,9.1
2025-07-01,ESS,11.8,10.2,11.4,9.1
2025-08-01,ESS,10.4,10.2,11.4,9.1
2025-09-01,ESS,8.4,10.2,11.4,9.1
2025-10-01,ESS,11.5,10.2,11.4,9.1
2025-11-01,ESS,8.5,10.2,11.4,9.1
2025-12-01,ESS,10.8,10.2,11.4,9.1
2026-01-01,ESS,12.0,10.2,11.4,9.1
2026-02-01,ESS,11.1,10.2,11.4,9.1
2026-03-01,ESS,10.6,10.2,11.4,9.1
2025-01-01,ETN,73.0,59.0,70.3,47.7
2025-02-01,ETN,66.8,59.0,70.3,47.7
2025-03-01,ETN,84.6,59.0,70.3,47.7
2025-04-01,ETN,73.0,59.0,70.3,47.7
2025-05-01,ETN,51.7,59.0,70.3,47.7
2025-06-01,ETN,44.8,59.0,70.3,47.7
2025-07-01,ETN,46.3,59.0,70.3,47.7
2025-08-01,ETN,51.6,59.0,70.3,47.7
2025-09-01,ETN,48.7,59.0,70.3,47.7
2025-10-01,ETN,45.7,59.0,70.3,47.7
2025-11-01,ETN,60.6,59.0,70.3,47.7
2025-12-01,ETN,63.5,59.0,70.3,47.7
2026-01-01,ETN,60.5,59.0,70.3,47.7
2026-02-01,ETN,58.3,59.0,70.3,47.7
2026-03-01,ETN,58.7,59.0,70.3,47.7
2025-01-01,ETR,82.5,64.9,80.0,49.8
2025-02-01,ETR,69.2,64.9,80.0,49.8
2025-03-01,ETR,102.3,64.9,80.0,49.8
2025-04-01,ETR,91.4,64.9,80.0,49.8
2025-05-01,ETR,65.4,64.9,80.0,49.8
2025-06-01,ETR,55.8,64.9,80.0,49.8
2025-07-01,ETR,58.4,64.9,80.0,49.8
2025-08-01,ETR,53.6,64.9,80.0,49.8
2025-09-01,ETR,54.8,64.9,80.0,49.8
2025-10-01,ETR,64.3,64.9,80.0,49.8
2025-11-01,ETR,47.4,64.9,80.0,49.8
2025-12-01,ETR,59.9,64.9,80.0,49.8
2026-01-01,ETR,48.9,64.9,80.0,49.8
2026-02-01,ETR,56.9,64.9,80.0,49.8
2026-03-01,ETR,61.2,64.9,80.0,49.8
2025-01-01,EVRG,36.6,46.4,51.6,41.1
2025-02-01,EVRG,39.0,46.4,51.6,41.1
2025-03-01,EVRG,57.4,46.4,51.6,41.1
2025-04-01,EVRG,50.5,46.4,51.6,41.1
2025-05-01,EVRG,52.5,46.4,51.6,41.1
2025-06-01,EVRG,49.3,46.4,51.6,41.1
2025-07-01,EVRG,49.7,46.4,51.6,41.1
2025-08-01,EVRG,48.1,46.4,51.6,41.1
2025-09-01,EVRG,48.5,46.4,51.6,41.1
2025-10-01,EVRG,46.4,46.4,51.6,41.1
2025-11-01,EVRG,40.1,46.4,51.6,41.1
2025-12-01,EVRG,42.6,46.4,51.6,41.1
2026-01-01,EVRG,43.0,46.4,51.6,41.1
2026-02-01,EVRG,45.4,46.4,51.6,41.1
2026-03-01,EVRG,44.7,46.4,51.6,41.1
2025-01-01,EW,93.7,91.6,107.6,75.5
2025-02-01,EW,79.9,91.6,107.6,75.5
2025-03-01,EW,99.7,91.6,107.6,75.5
2025-04-01,EW,112.4,91.6,107.6,75.5
2025-05-01,EW,95.9,91.6,107.6,75.5
2025-06-01,EW,74.9,91.6,107.6,75.5
2025-07-01,EW,105.9,91.6,107.6,75.5
2025-08-01,EW,79.2,91.6,107.6,75.5
2025-09-01,EW,94.6,91.6,107.6,75.5
2025-10-01,EW,119.6,91.6,107.6,75.5
2025-11-01,EW,71.9,91.6,107.6,75.5
2025-12-01,EW,63.9,91.6,107.6,75.5
2026-01-01,EW,73.6,91.6,107.6,75.5
2026-02-01,EW,103.4,91.6,107.6,75.5
2026-03-01,EW,99.0,91.6,107.6,75.5
2025-01-01,EWA,20.7,70.5,104.4,36.6
2025-02-01,EWA,38.6,70.5,104.4,36.6
2025-03-01,EWA,46.4,70.5,104.4,36.6
2025-04-01,EWA,58.9,70.5,104.4,36.6
2025-05-01,EWA,28.1,70.5,104.4,36.6
2025-06-01,EWA,35.1,70.5,104.4,36.6
2025-07-01,EWA,54.3,70.5,104.4,36.6
2025-08-01,EWA,58.5,70.5,104.4,36.6
2025-09-01,EWA,74.6,70.5,104.4,36.6
2025-10-01,EWA,92.0,70.5,104.4,36.6
2025-11-01,EWA,86.2,70.5,104.4,36.6
2025-12-01,EWA,94.4,70.5,104.4,36.6
2026-01-01,EWA,109.8,70.5,104.4,36.6
2026-02-01,EWA,116.3,70.5,104.4,36.6
2026-03-01,EWA,138.3,70.5,104.4,36.6
2025-01-01,EWC,50.9,51.6,66.0,37.2
2025-02-01,EWC,45.1,51.6,66.0,37.2
2025-03-01,EWC,82.0,51.6,66.0,37.2
2025-04-01,EWC,71.9,51.6,66.0,37.2
2025-05-01,EWC,40.2,51.6,66.0,37.2
2025-06-01,EWC,48.3,51.6,66.0,37.2
2025-07-01,EWC,48.3,51.6,66.0,37.2
2025-08-01,EWC,50.2,51.6,66.0,37.2
2025-09-01,EWC,37.4,51.6,66.0,37.2
2025-10-01,EWC,36.2,51.6,66.0,37.2
2025-11-01,EWC,33.5,51.6,66.0,37.2
2025-12-01,EWC,41.9,51.6,66.0,37.2
2026-01-01,EWC,58.1,51.6,66.0,37.2
2026-02-01,EWC,52.4,51.6,66.0,37.2
2026-03-01,EWC,76.5,51.6,66.0,37.2
2025-01-01,EWD,4.2,3.0,4.5,1.5
2025-02-01,EWD,2.9,3.0,4.5,1.5
2025-03-01,EWD,4.8,3.0,4.5,1.5
2025-04-01,EWD,3.4,3.0,4.5,1.5
2025-05-01,EWD,3.9,3.0,4.5,1.5
2025-06-01,EWD,3.2,3.0,4.5,1.5
2025-07-01,EWD,6.3,3.0,4.5,1.5
2025-08-01,EWD,1.5,3.0,4.5,1.5
2025-09-01,EWD,1.0,3.0,4.5,1.5
2025-10-01,EWD,1.8,3.0,4.5,1.5
2025-11-01,EWD,1.0,3.0,4.5,1.5
2025-12-01,EWD,1.8,3.0,4.5,1.5
2026-01-01,EWD,2.3,3.0,4.5,1.5
2026-02-01,EWD,2.8,3.0,4.5,1.5
2026-03-01,EWD,4.1,3.0,4.5,1.5
2025-01-01,EWG,19.1,52.8,73.2,32.3
2025-02-01,EWG,28.4,52.8,73.2,32.3
2025-03-01,EWG,92.2,52.8,73.2,32.3
2025-04-01,EWG,89.4,52.8,73.2,32.3
2025-05-01,EWG,56.5,52.8,73.2,32.3
2025-06-01,EWG,65.1,52.8,73.2,32.3
2025-07-01,EWG,51.2,52.8,73.2,32.3
2025-08-01,EWG,37.2,52.8,73.2,32.3
2025-09-01,EWG,58.0,52.8,73.2,32.3
2025-10-01,EWG,49.8,52.8,73.2,32.3
2025-11-01,EWG,41.9,52.8,73.2,32.3
2025-12-01,EWG,42.5,52.8,73.2,32.3
2026-01-01,EWG,55.8,52.8,73.2,32.3
2026-02-01,EWG,26.4,52.8,73.2,32.3
2026-03-01,EWG,71.3,52.8,73.2,32.3
2025-01-01,EWH,51.7,79.9,109.6,50.2
2025-02-01,EWH,75.6,79.9,109.6,50.2
2025-03-01,EWH,99.2,79.9,109.6,50.2
2025-04-01,EWH,91.0,79.9,109.6,50.2
2025-05-01,EWH,58.0,79.9,109.6,50.2
2025-06-01,EWH,64.0,79.9,109.6,50.2
2025-07-01,EWH,83.6,79.9,109.6,50.2
2025-08-01,EWH,70.3,79.9,109.6,50.2
2025-09-01,EWH,67.5,79.9,109.6,50.2
2025-10-01,EWH,85.9,79.9,109.6,50.2
2025-11-01,EWH,50.4,79.9,109.6,50.2
2025-12-01,EWH,46.1,79.9,109.6,50.2
2026-01-01,EWH,79.4,79.9,109.6,50.2
2026-02-01,EWH,98.8,79.9,109.6,50.2
2026-03-01,EWH,169.6,79.9,109.6,50.2
2025-01-01,EWI,6.3,9.7,12.5,6.8
2025-02-01,EWI,8.3,9.7,12.5,6.8
2025-03-01,EWI,14.4,9.7,12.5,6.8
2025-04-01,EWI,14.3,9.7,12.5,6.8
2025-05-01,EWI,9.0,9.7,12.5,6.8
2025-06-01,EWI,5.8,9.7,12.5,6.8
2025-07-01,EWI,10.5,9.7,12.5,6.8
2025-08-01,EWI,7.5,9.7,12.5,6.8
2025-09-01,EWI,8.6,9.7,12.5,6.8
2025-10-01,EWI,10.2,9.7,12.5,6.8
2025-11-01,EWI,9.3,9.7,12.5,6.8
2025-12-01,EWI,8.5,9.7,12.5,6.8
2026-01-01,EWI,7.1,9.7,12.5,6.8
2026-02-01,EWI,9.3,9.7,12.5,6.8
2026-03-01,EWI,15.2,9.7,12.5,6.8
2025-01-01,EWJ,76.5,133.4,183.9,82.9
2025-02-01,EWJ,70.4,133.4,183.9,82.9
2025-03-01,EWJ,108.5,133.4,183.9,82.9
2025-04-01,EWJ,155.1,133.4,183.9,82.9
2025-05-01,EWJ,98.5,133.4,183.9,82.9
2025-06-01,EWJ,91.8,133.4,183.9,82.9
2025-07-01,EWJ,141.9,133.4,183.9,82.9
2025-08-01,EWJ,114.6,133.4,183.9,82.9
2025-09-01,EWJ,116.4,133.4,183.9,82.9
2025-10-01,EWJ,155.3,133.4,183.9,82.9
2025-11-01,EWJ,115.6,133.4,183.9,82.9
2025-12-01,EWJ,104.9,133.4,183.9,82.9
2026-01-01,EWJ,167.9,133.4,183.9,82.9
2026-02-01,EWJ,203.3,133.4,183.9,82.9
2026-03-01,EWJ,268.6,133.4,183.9,82.9
2025-01-01,EWK,0.3,0.7,1.2,0.2
2025-02-01,EWK,0.1,0.7,1.2,0.2
2025-03-01,EWK,0.2,0.7,1.2,0.2
2025-04-01,EWK,0.9,0.7,1.2,0.2
2025-05-01,EWK,1.4,0.7,1.2,0.2
2025-06-01,EWK,2.0,0.7,1.2,0.2
2025-07-01,EWK,0.8,0.7,1.2,0.2
2025-08-01,EWK,0.5,0.7,1.2,0.2
2025-09-01,EWK,1.2,0.7,1.2,0.2
2025-10-01,EWK,0.4,0.7,1.2,0.2
2025-11-01,EWK,0.2,0.7,1.2,0.2
2025-12-01,EWK,0.7,0.7,1.2,0.2
2026-01-01,EWK,0.2,0.7,1.2,0.2
2026-02-01,EWK,0.4,0.7,1.2,0.2
2026-03-01,EWK,1.0,0.7,1.2,0.2
2025-01-01,EWL,8.0,10.5,14.5,6.4
2025-02-01,EWL,6.4,10.5,14.5,6.4
2025-03-01,EWL,10.6,10.5,14.5,6.4
2025-04-01,EWL,13.3,10.5,14.5,6.4
2025-05-01,EWL,10.5,10.5,14.5,6.4
2025-06-01,EWL,8.2,10.5,14.5,6.4
2025-07-01,EWL,9.1,10.5,14.5,6.4
2025-08-01,EWL,10.5,10.5,14.5,6.4
2025-09-01,EWL,7.8,10.5,14.5,6.4
2025-10-01,EWL,7.4,10.5,14.5,6.4
2025-11-01,EWL,10.1,10.5,14.5,6.4
2025-12-01,EWL,10.3,10.5,14.5,6.4
2026-01-01,EWL,10.5,10.5,14.5,6.4
2026-02-01,EWL,9.8,10.5,14.5,6.4
2026-03-01,EWL,23.9,10.5,14.5,6.4
2025-01-01,EWM,7.2,6.6,9.0,4.2
2025-02-01,EWM,5.8,6.6,9.0,4.2
2025-03-01,EWM,7.7,6.6,9.0,4.2
2025-04-01,EWM,9.5,6.6,9.0,4.2
2025-05-01,EWM,4.6,6.6,9.0,4.2
2025-06-01,EWM,4.2,6.6,9.0,4.2
2025-07-01,EWM,4.1,6.6,9.0,4.2
2025-08-01,EWM,4.5,6.6,9.0,4.2
2025-09-01,EWM,4.9,6.6,9.0,4.2
2025-10-01,EWM,5.9,6.6,9.0,4.2
2025-11-01,EWM,5.3,6.6,9.0,4.2
2025-12-01,EWM,5.0,6.6,9.0,4.2
2026-01-01,EWM,9.9,6.6,9.0,4.2
2026-02-01,EWM,8.2,6.6,9.0,4.2
2026-03-01,EWM,12.3,6.6,9.0,4.2
2025-01-01,EWN,1.6,1.4,2.2,0.7
2025-02-01,EWN,1.9,1.4,2.2,0.7
2025-03-01,EWN,0.9,1.4,2.2,0.7
2025-04-01,EWN,0.7,1.4,2.2,0.7
2025-05-01,EWN,1.0,1.4,2.2,0.7
2025-06-01,EWN,0.8,1.4,2.2,0.7
2025-07-01,EWN,0.6,1.4,2.2,0.7
2025-08-01,EWN,0.6,1.4,2.2,0.7
2025-09-01,EWN,1.5,1.4,2.2,0.7
2025-10-01,EWN,2.2,1.4,2.2,0.7
2025-11-01,EWN,0.7,1.4,2.2,0.7
2025-12-01,EWN,1.6,1.4,2.2,0.7
2026-01-01,EWN,2.7,1.4,2.2,0.7
2026-02-01,EWN,2.2,1.4,2.2,0.7
2026-03-01,EWN,2.9,1.4,2.2,0.7
2025-01-01,EWO,0.6,1.3,2.0,0.5
2025-02-01,EWO,0.6,1.3,2.0,0.5
2025-03-01,EWO,3.0,1.3,2.0,0.5
2025-04-01,EWO,2.8,1.3,2.0,0.5
2025-05-01,EWO,1.6,1.3,2.0,0.5
2025-06-01,EWO,1.8,1.3,2.0,0.5
2025-07-01,EWO,1.1,1.3,2.0,0.5
2025-08-01,EWO,0.9,1.3,2.0,0.5
2025-09-01,EWO,0.5,1.3,2.0,0.5
2025-10-01,EWO,0.4,1.3,2.0,0.5
2025-11-01,EWO,0.6,1.3,2.0,0.5
2025-12-01,EWO,1.0,1.3,2.0,0.5
2026-01-01,EWO,1.4,1.3,2.0,0.5
2026-02-01,EWO,1.1,1.3,2.0,0.5
2026-03-01,EWO,1.3,1.3,2.0,0.5
2025-01-01,EWP,4.9,11.6,14.8,8.4
2025-02-01,EWP,9.8,11.6,14.8,8.4
2025-03-01,EWP,8.8,11.6,14.8,8.4
2025-04-01,EWP,12.7,11.6,14.8,8.4
2025-05-01,EWP,12.2,11.6,14.8,8.4
2025-06-01,EWP,11.4,11.6,14.8,8.4
2025-07-01,EWP,10.9,11.6,14.8,8.4
2025-08-01,EWP,8.2,11.6,14.8,8.4
2025-09-01,EWP,7.7,11.6,14.8,8.4
2025-10-01,EWP,14.8,11.6,14.8,8.4
2025-11-01,EWP,13.6,11.6,14.8,8.4
2025-12-01,EWP,15.9,11.6,14.8,8.4
2026-01-01,EWP,14.7,11.6,14.8,8.4
2026-02-01,EWP,11.4,11.6,14.8,8.4
2026-03-01,EWP,16.6,11.6,14.8,8.4
2025-01-01,EWQ,8.2,7.8,10.1,5.6
2025-02-01,EWQ,9.1,7.8,10.1,5.6
2025-03-01,EWQ,10.1,7.8,10.1,5.6
2025-04-01,EWQ,9.1,7.8,10.1,5.6
2025-05-01,EWQ,6.2,7.8,10.1,5.6
2025-06-01,EWQ,9.1,7.8,10.1,5.6
2025-07-01,EWQ,6.4,7.8,10.1,5.6
2025-08-01,EWQ,4.8,7.8,10.1,5.6
2025-09-01,EWQ,5.8,7.8,10.1,5.6
2025-10-01,EWQ,6.4,7.8,10.1,5.6
2025-11-01,EWQ,6.9,7.8,10.1,5.6
2025-12-01,EWQ,7.1,7.8,10.1,5.6
2026-01-01,EWQ,8.1,7.8,10.1,5.6
2026-02-01,EWQ,6.6,7.8,10.1,5.6
2026-03-01,EWQ,14.1,7.8,10.1,5.6
2025-01-01,EWS,9.9,16.0,21.6,10.4
2025-02-01,EWS,13.0,16.0,21.6,10.4
2025-03-01,EWS,13.2,16.0,21.6,10.4
2025-04-01,EWS,29.2,16.0,21.6,10.4
2025-05-01,EWS,12.9,16.0,21.6,10.4
2025-06-01,EWS,9.3,16.0,21.6,10.4
2025-07-01,EWS,13.1,16.0,21.6,10.4
2025-08-01,EWS,10.2,16.0,21.6,10.4
2025-09-01,EWS,12.1,16.0,21.6,10.4
2025-10-01,EWS,19.2,16.0,21.6,10.4
2025-11-01,EWS,19.5,16.0,21.6,10.4
2025-12-01,EWS,17.9,16.0,21.6,10.4
2026-01-01,EWS,17.3,16.0,21.6,10.4
2026-02-01,EWS,15.7,16.0,21.6,10.4
2026-03-01,EWS,25.9,16.0,21.6,10.4
2025-01-01,EWT,72.6,82.7,111.8,53.6
2025-02-01,EWT,49.0,82.7,111.8,53.6
2025-03-01,EWT,67.0,82.7,111.8,53.6
2025-04-01,EWT,84.9,82.7,111.8,53.6
2025-05-01,EWT,78.0,82.7,111.8,53.6
2025-06-01,EWT,82.2,82.7,111.8,53.6
2025-07-01,EWT,72.2,82.7,111.8,53.6
2025-08-01,EWT,54.7,82.7,111.8,53.6
2025-09-01,EWT,60.8,82.7,111.8,53.6
2025-10-01,EWT,82.2,82.7,111.8,53.6
2025-11-01,EWT,80.4,82.7,111.8,53.6
2025-12-01,EWT,67.7,82.7,111.8,53.6
2026-01-01,EWT,109.2,82.7,111.8,53.6
2026-02-01,EWT,103.0,82.7,111.8,53.6
2026-03-01,EWT,172.6,82.7,111.8,53.6
2025-01-01,EWU,32.9,41.4,50.9,32.0
2025-02-01,EWU,36.9,41.4,50.9,32.0
2025-03-01,EWU,32.1,41.4,50.9,32.0
2025-04-01,EWU,49.7,41.4,50.9,32.0
2025-05-01,EWU,33.1,41.4,50.9,32.0
2025-06-01,EWU,28.6,41.4,50.9,32.0
2025-07-01,EWU,36.1,41.4,50.9,32.0
2025-08-01,EWU,35.1,41.4,50.9,32.0
2025-09-01,EWU,50.3,41.4,50.9,32.0
2025-10-01,EWU,57.2,41.4,50.9,32.0
2025-11-01,EWU,43.3,41.4,50.9,32.0
2025-12-01,EWU,42.2,41.4,50.9,32.0
2026-01-01,EWU,34.8,41.4,50.9,32.0
2026-02-01,EWU,45.7,41.4,50.9,32.0
2026-03-01,EWU,60.2,41.4,50.9,32.0
2025-01-01,EWW,53.5,41.6,55.3,27.9
2025-02-01,EWW,56.3,41.6,55.3,27.9
2025-03-01,EWW,54.7,41.6,55.3,27.9
2025-04-01,EWW,76.6,41.6,55.3,27.9
2025-05-01,EWW,41.2,41.6,55.3,27.9
2025-06-01,EWW,34.8,41.6,55.3,27.9
2025-07-01,EWW,28.2,41.6,55.3,27.9
2025-08-01,EWW,24.5,41.6,55.3,27.9
2025-09-01,EWW,33.6,41.6,55.3,27.9
2025-10-01,EWW,40.3,41.6,55.3,27.9
2025-11-01,EWW,30.6,41.6,55.3,27.9
2025-12-01,EWW,27.9,41.6,55.3,27.9
2026-01-01,EWW,32.9,41.6,55.3,27.9
2026-02-01,EWW,39.8,41.6,55.3,27.9
2026-03-01,EWW,50.5,41.6,55.3,27.9
2025-01-01,EWY,73.1,156.6,317.8,-4.6
2025-02-01,EWY,60.9,156.6,317.8,-4.6
2025-03-01,EWY,68.1,156.6,317.8,-4.6
2025-04-01,EWY,85.2,156.6,317.8,-4.6
2025-05-01,EWY,67.3,156.6,317.8,-4.6
2025-06-01,EWY,113.9,156.6,317.8,-4.6
2025-07-01,EWY,87.9,156.6,317.8,-4.6
2025-08-01,EWY,75.7,156.6,317.8,-4.6
2025-09-01,EWY,81.8,156.6,317.8,-4.6
2025-10-01,EWY,133.6,156.6,317.8,-4.6
2025-11-01,EWY,161.6,156.6,317.8,-4.6
2025-12-01,EWY,126.7,156.6,317.8,-4.6
2026-01-01,EWY,185.1,156.6,317.8,-4.6
2026-02-01,EWY,315.9,156.6,317.8,-4.6
2026-03-01,EWY,695.0,156.6,317.8,-4.6
2025-01-01,EWZ,427.6,588.4,711.8,464.9
2025-02-01,EWZ,466.4,588.4,711.8,464.9
2025-03-01,EWZ,477.7,588.4,711.8,464.9
2025-04-01,EWZ,573.4,588.4,711.8,464.9
2025-05-01,EWZ,493.9,588.4,711.8,464.9
2025-06-01,EWZ,499.3,588.4,711.8,464.9
2025-07-01,EWZ,604.7,588.4,711.8,464.9
2025-08-01,EWZ,579.4,588.4,711.8,464.9
2025-09-01,EWZ,508.8,588.4,711.8,464.9
2025-10-01,EWZ,579.0,588.4,711.8,464.9
2025-11-01,EWZ,487.3,588.4,711.8,464.9
2025-12-01,EWZ,765.9,588.4,711.8,464.9
2026-01-01,EWZ,738.9,588.4,711.8,464.9
2026-02-01,EWZ,784.2,588.4,711.8,464.9
2026-03-01,EWZ,812.6,588.4,711.8,464.9
2025-01-01,EXC,129.1,154.6,182.2,126.9
2025-02-01,EXC,159.5,154.6,182.2,126.9
2025-03-01,EXC,169.9,154.6,182.2,126.9
2025-04-01,EXC,212.0,154.6,182.2,126.9
2025-05-01,EXC,161.9,154.6,182.2,126.9
2025-06-01,EXC,123.3,154.6,182.2,126.9
2025-07-01,EXC,119.9,154.6,182.2,126.9
2025-08-01,EXC,125.0,154.6,182.2,126.9
2025-09-01,EXC,117.2,154.6,182.2,126.9
2025-10-01,EXC,158.8,154.6,182.2,126.9
2025-11-01,EXC,155.6,154.6,182.2,126.9
2025-12-01,EXC,154.6,154.6,182.2,126.9
2026-01-01,EXC,151.3,154.6,182.2,126.9
2026-02-01,EXC,187.3,154.6,182.2,126.9
2026-03-01,EXC,193.2,154.6,182.2,126.9
2025-01-01,EXE,59.9,76.2,96.5,55.8
2025-02-01,EXE,56.7,76.2,96.5,55.8
2025-03-01,EXE,140.3,76.2,96.5,55.8
2025-04-01,EXE,91.1,76.2,96.5,55.8
2025-05-01,EXE,59.3,76.2,96.5,55.8
2025-06-01,EXE,59.1,76.2,96.5,55.8
2025-07-01,EXE,82.5,76.2,96.5,55.8
2025-08-01,EXE,65.5,76.2,96.5,55.8
2025-09-01,EXE,77.2,76.2,96.5,55.8
2025-10-01,EXE,72.9,76.2,96.5,55.8
2025-11-01,EXE,64.5,76.2,96.5,55.8
2025-12-01,EXE,67.5,76.2,96.5,55.8
2026-01-01,EXE,71.2,76.2,96.5,55.8
2026-02-01,EXE,80.1,76.2,96.5,55.8
2026-03-01,EXE,90.5,76.2,96.5,55.8
2025-01-01,EXPD,20.5,28.7,33.8,23.5
2025-02-01,EXPD,26.9,28.7,33.8,23.5
2025-03-01,EXPD,35.4,28.7,33.8,23.5
2025-04-01,EXPD,33.6,28.7,33.8,23.5
2025-05-01,EXPD,33.1,28.7,33.8,23.5
2025-06-01,EXPD,23.3,28.7,33.8,23.5
2025-07-01,EXPD,25.7,28.7,33.8,23.5
2025-08-01,EXPD,26.3,28.7,33.8,23.5
2025-09-01,EXPD,25.9,28.7,33.8,23.5
2025-10-01,EXPD,23.0,28.7,33.8,23.5
2025-11-01,EXPD,35.4,28.7,33.8,23.5
2025-12-01,EXPD,27.0,28.7,33.8,23.5
2026-01-01,EXPD,28.3,28.7,33.8,23.5
2026-02-01,EXPD,39.4,28.7,33.8,23.5
2026-03-01,EXPD,27.7,28.7,33.8,23.5
2025-01-01,EXPE,32.2,44.4,56.5,32.3
2025-02-01,EXPE,47.7,44.4,56.5,32.3
2025-03-01,EXPE,50.3,44.4,56.5,32.3
2025-04-01,EXPE,53.1,44.4,56.5,32.3
2025-05-01,EXPE,51.8,44.4,56.5,32.3
2025-06-01,EXPE,32.9,44.4,56.5,32.3
2025-07-01,EXPE,32.5,44.4,56.5,32.3
2025-08-01,EXPE,44.3,44.4,56.5,32.3
2025-09-01,EXPE,32.7,44.4,56.5,32.3
2025-10-01,EXPE,39.2,44.4,56.5,32.3
2025-11-01,EXPE,55.2,44.4,56.5,32.3
2025-12-01,EXPE,35.7,44.4,56.5,32.3
2026-01-01,EXPE,34.1,44.4,56.5,32.3
2026-02-01,EXPE,79.0,44.4,56.5,32.3
2026-03-01,EXPE,49.6,44.4,56.5,32.3
2025-01-01,EXR,27.6,25.0,27.7,22.3
2025-02-01,EXR,24.7,25.0,27.7,22.3
2025-03-01,EXR,26.6,25.0,27.7,22.3
2025-04-01,EXR,25.4,25.0,27.7,22.3
2025-05-01,EXR,18.9,25.0,27.7,22.3
2025-06-01,EXR,21.2,25.0,27.7,22.3
2025-07-01,EXR,26.9,25.0,27.7,22.3
2025-08-01,EXR,24.3,25.0,27.7,22.3
2025-09-01,EXR,22.6,25.0,27.7,22.3
2025-10-01,EXR,25.3,25.0,27.7,22.3
2025-11-01,EXR,21.5,25.0,27.7,22.3
2025-12-01,EXR,27.2,25.0,27.7,22.3
2026-01-01,EXR,28.9,25.0,27.7,22.3
2026-02-01,EXR,27.9,25.0,27.7,22.3
2026-03-01,EXR,25.6,25.0,27.7,22.3
2025-01-01,F,1330.7,1798.0,2549.4,1046.6
2025-02-01,F,1676.6,1798.0,2549.4,1046.6
2025-03-01,F,3011.3,1798.0,2549.4,1046.6
2025-04-01,F,3137.3,1798.0,2549.4,1046.6
2025-05-01,F,1983.1,1798.0,2549.4,1046.6
2025-06-01,F,2046.7,1798.0,2549.4,1046.6
2025-07-01,F,1672.1,1798.0,2549.4,1046.6
2025-08-01,F,1157.3,1798.0,2549.4,1046.6
2025-09-01,F,1243.5,1798.0,2549.4,1046.6
2025-10-01,F,3278.6,1798.0,2549.4,1046.6
2025-11-01,F,1278.7,1798.0,2549.4,1046.6
2025-12-01,F,977.3,1798.0,2549.4,1046.6
2026-01-01,F,1299.8,1798.0,2549.4,1046.6
2026-02-01,F,1401.6,1798.0,2549.4,1046.6
2026-03-01,F,1271.8,1798.0,2549.4,1046.6
2025-01-01,FANG,38.7,48.5,62.1,34.9
2025-02-01,FANG,50.7,48.5,62.1,34.9
2025-03-01,FANG,61.1,48.5,62.1,34.9
2025-04-01,FANG,61.2,48.5,62.1,34.9
2025-05-01,FANG,47.1,48.5,62.1,34.9
2025-06-01,FANG,56.5,48.5,62.1,34.9
2025-07-01,FANG,39.5,48.5,62.1,34.9
2025-08-01,FANG,42.2,48.5,62.1,34.9
2025-09-01,FANG,44.6,48.5,62.1,34.9
2025-10-01,FANG,39.8,48.5,62.1,34.9
2025-11-01,FANG,31.1,48.5,62.1,34.9
2025-12-01,FANG,38.9,48.5,62.1,34.9
2026-01-01,FANG,41.3,48.5,62.1,34.9
2026-02-01,FANG,44.4,48.5,62.1,34.9
2026-03-01,FANG,87.5,48.5,62.1,34.9
2025-01-01,FAST,132.1,145.6,171.8,119.5
2025-02-01,FAST,107.1,145.6,171.8,119.5
2025-03-01,FAST,154.8,145.6,171.8,119.5
2025-04-01,FAST,189.5,145.6,171.8,119.5
2025-05-01,FAST,116.9,145.6,171.8,119.5
2025-06-01,FAST,111.7,145.6,171.8,119.5
2025-07-01,FAST,153.1,145.6,171.8,119.5
2025-08-01,FAST,117.0,145.6,171.8,119.5
2025-09-01,FAST,128.4,145.6,171.8,119.5
2025-10-01,FAST,158.4,145.6,171.8,119.5
2025-11-01,FAST,128.2,145.6,171.8,119.5
2025-12-01,FAST,154.0,145.6,171.8,119.5
2026-01-01,FAST,191.1,145.6,171.8,119.5
2026-02-01,FAST,164.9,145.6,171.8,119.5
2026-03-01,FAST,170.9,145.6,171.8,119.5
2025-01-01,FCX,290.7,358.3,454.1,262.4
2025-02-01,FCX,276.3,358.3,454.1,262.4
2025-03-01,FCX,397.4,358.3,454.1,262.4
2025-04-01,FCX,469.4,358.3,454.1,262.4
2025-05-01,FCX,234.3,358.3,454.1,262.4
2025-06-01,FCX,230.2,358.3,454.1,262.4
2025-07-01,FCX,445.9,358.3,454.1,262.4
2025-08-01,FCX,218.8,358.3,454.1,262.4
2025-09-01,FCX,515.1,358.3,454.1,262.4
2025-10-01,FCX,399.9,358.3,454.1,262.4
2025-11-01,FCX,285.6,358.3,454.1,262.4
2025-12-01,FCX,328.9,358.3,454.1,262.4
2026-01-01,FCX,497.2,358.3,454.1,262.4
2026-02-01,FCX,353.2,358.3,454.1,262.4
2026-03-01,FCX,404.7,358.3,454.1,262.4
2025-01-01,FDS,6.9,12.3,18.7,6.0
2025-02-01,FDS,4.2,12.3,18.7,6.0
2025-03-01,FDS,6.8,12.3,18.7,6.0
2025-04-01,FDS,6.5,12.3,18.7,6.0
2025-05-01,FDS,6.7,12.3,18.7,6.0
2025-06-01,FDS,8.7,12.3,18.7,6.0
2025-07-01,FDS,6.9,12.3,18.7,6.0
2025-08-01,FDS,9.1,12.3,18.7,6.0
2025-09-01,FDS,16.5,12.3,18.7,6.0
2025-10-01,FDS,19.2,12.3,18.7,6.0
2025-11-01,FDS,17.5,12.3,18.7,6.0
2025-12-01,FDS,17.3,12.3,18.7,6.0
2026-01-01,FDS,12.0,12.3,18.7,6.0
2026-02-01,FDS,26.6,12.3,18.7,6.0
2026-03-01,FDS,19.6,12.3,18.7,6.0
2025-01-01,FDX,32.2,40.1,46.8,33.4
2025-02-01,FDX,32.5,40.1,46.8,33.4
2025-03-01,FDX,48.0,40.1,46.8,33.4
2025-04-01,FDX,40.7,40.1,46.8,33.4
2025-05-01,FDX,38.4,40.1,46.8,33.4
2025-06-01,FDX,52.4,40.1,46.8,33.4
2025-07-01,FDX,44.7,40.1,46.8,33.4
2025-08-01,FDX,35.5,40.1,46.8,33.4
2025-09-01,FDX,52.7,40.1,46.8,33.4
2025-10-01,FDX,34.5,40.1,46.8,33.4
2025-11-01,FDX,31.3,40.1,46.8,33.4
2025-12-01,FDX,37.2,40.1,46.8,33.4
2026-01-01,FDX,38.3,40.1,46.8,33.4
2026-02-01,FDX,37.8,40.1,46.8,33.4
2026-03-01,FDX,44.6,40.1,46.8,33.4
2025-01-01,FE,68.6,97.9,115.8,80.0
2025-02-01,FE,115.0,97.9,115.8,80.0
2025-03-01,FE,135.1,97.9,115.8,80.0
2025-04-01,FE,122.5,97.9,115.8,80.0
2025-05-01,FE,83.9,97.9,115.8,80.0
2025-06-01,FE,110.6,97.9,115.8,80.0
2025-07-01,FE,88.4,97.9,115.8,80.0
2025-08-01,FE,77.9,97.9,115.8,80.0
2025-09-01,FE,80.1,97.9,115.8,80.0
2025-10-01,FE,113.6,97.9,115.8,80.0
2025-11-01,FE,86.5,97.9,115.8,80.0
2025-12-01,FE,98.3,97.9,115.8,80.0
2026-01-01,FE,90.4,97.9,115.8,80.0
2026-02-01,FE,103.3,97.9,115.8,80.0
2026-03-01,FE,93.3,97.9,115.8,80.0
2025-01-01,FFIV,13.2,15.2,21.5,8.9
2025-02-01,FFIV,10.6,15.2,21.5,8.9
2025-03-01,FFIV,12.5,15.2,21.5,8.9
2025-04-01,FFIV,13.5,15.2,21.5,8.9
2025-05-01,FFIV,9.4,15.2,21.5,8.9
2025-06-01,FFIV,8.7,15.2,21.5,8.9
2025-07-01,FFIV,11.1,15.2,21.5,8.9
2025-08-01,FFIV,10.1,15.2,21.5,8.9
2025-09-01,FFIV,8.9,15.2,21.5,8.9
2025-10-01,FFIV,23.5,15.2,21.5,8.9
2025-11-01,FFIV,23.6,15.2,21.5,8.9
2025-12-01,FFIV,28.7,15.2,21.5,8.9
2026-01-01,FFIV,23.5,15.2,21.5,8.9
2026-02-01,FFIV,13.8,15.2,21.5,8.9
2026-03-01,FFIV,15.6,15.2,21.5,8.9
2025-01-01,FICO,4.4,6.0,7.7,4.2
2025-02-01,FICO,4.2,6.0,7.7,4.2
2025-03-01,FICO,3.9,6.0,7.7,4.2
2025-04-01,FICO,4.2,6.0,7.7,4.2
2025-05-01,FICO,7.3,6.0,7.7,4.2
2025-06-01,FICO,4.9,6.0,7.7,4.2
2025-07-01,FICO,8.4,6.0,7.7,4.2
2025-08-01,FICO,7.8,6.0,7.7,4.2
2025-09-01,FICO,5.6,6.0,7.7,4.2
2025-10-01,FICO,9.0,6.0,7.7,4.2
2025-11-01,FICO,4.0,6.0,7.7,4.2
2025-12-01,FICO,4.2,6.0,7.7,4.2
2026-01-01,FICO,6.0,6.0,7.7,4.2
2026-02-01,FICO,6.4,6.0,7.7,4.2
2026-03-01,FICO,8.2,6.0,7.7,4.2
2025-01-01,FIS,45.5,82.1,105.2,59.0
2025-02-01,FIS,92.0,82.1,105.2,59.0
2025-03-01,FIS,78.4,82.1,105.2,59.0
2025-04-01,FIS,103.8,82.1,105.2,59.0
2025-05-01,FIS,79.3,82.1,105.2,59.0
2025-06-01,FIS,60.3,82.1,105.2,59.0
2025-07-01,FIS,49.8,82.1,105.2,59.0
2025-08-01,FIS,88.0,82.1,105.2,59.0
2025-09-01,FIS,99.0,82.1,105.2,59.0
2025-10-01,FIS,90.9,82.1,105.2,59.0
2025-11-01,FIS,66.7,82.1,105.2,59.0
2025-12-01,FIS,58.2,82.1,105.2,59.0
2026-01-01,FIS,74.8,82.1,105.2,59.0
2026-02-01,FIS,116.1,82.1,105.2,59.0
2026-03-01,FIS,127.6,82.1,105.2,59.0
2025-01-01,FISV,49.9,137.7,204.2,71.2
2025-02-01,FISV,63.6,137.7,204.2,71.2
2025-03-01,FISV,68.0,137.7,204.2,71.2
2025-04-01,FISV,95.6,137.7,204.2,71.2
2025-05-01,FISV,137.4,137.7,204.2,71.2
2025-06-01,FISV,93.2,137.7,204.2,71.2
2025-07-01,FISV,135.1,137.7,204.2,71.2
2025-08-01,FISV,91.0,137.7,204.2,71.2
2025-09-01,FISV,96.9,137.7,204.2,71.2
2025-10-01,FISV,281.7,137.7,204.2,71.2
2025-11-01,FISV,180.1,137.7,204.2,71.2
2025-12-01,FISV,241.5,137.7,204.2,71.2
2026-01-01,FISV,186.2,137.7,204.2,71.2
2026-02-01,FISV,192.3,137.7,204.2,71.2
2026-03-01,FISV,133.1,137.7,204.2,71.2
2025-01-01,FITB,102.7,144.5,210.2,78.7
2025-02-01,FITB,74.0,144.5,210.2,78.7
2025-03-01,FITB,114.1,144.5,210.2,78.7
2025-04-01,FITB,128.6,144.5,210.2,78.7
2025-05-01,FITB,75.0,144.5,210.2,78.7
2025-06-01,FITB,105.4,144.5,210.2,78.7
2025-07-01,FITB,133.5,144.5,210.2,78.7
2025-08-01,FITB,74.7,144.5,210.2,78.7
2025-09-01,FITB,94.5,144.5,210.2,78.7
2025-10-01,FITB,228.2,144.5,210.2,78.7
2025-11-01,FITB,131.0,144.5,210.2,78.7
2025-12-01,FITB,146.7,144.5,210.2,78.7
2026-01-01,FITB,292.2,144.5,210.2,78.7
2026-02-01,FITB,236.0,144.5,210.2,78.7
2026-03-01,FITB,223.1,144.5,210.2,78.7
2025-01-01,FIX,10.0,9.9,12.3,7.5
2025-02-01,FIX,11.9,9.9,12.3,7.5
2025-03-01,FIX,12.3,9.9,12.3,7.5
2025-04-01,FIX,11.1,9.9,12.3,7.5
2025-05-01,FIX,7.5,9.9,12.3,7.5
2025-06-01,FIX,7.3,9.9,12.3,7.5
2025-07-01,FIX,8.9,9.9,12.3,7.5
2025-08-01,FIX,8.1,9.9,12.3,7.5
2025-09-01,FIX,8.5,9.9,12.3,7.5
2025-10-01,FIX,9.1,9.9,12.3,7.5
2025-11-01,FIX,10.2,9.9,12.3,7.5
2025-12-01,FIX,16.7,9.9,12.3,7.5
2026-01-01,FIX,8.1,9.9,12.3,7.5
2026-02-01,FIX,9.1,9.9,12.3,7.5
2026-03-01,FIX,9.4,9.9,12.3,7.5
2025-01-01,FOXA,63.4,79.1,91.7,66.5
2025-02-01,FOXA,87.5,79.1,91.7,66.5
2025-03-01,FOXA,96.5,79.1,91.7,66.5
2025-04-01,FOXA,88.9,79.1,91.7,66.5
2025-05-01,FOXA,90.4,79.1,91.7,66.5
2025-06-01,FOXA,75.2,79.1,91.7,66.5
2025-07-01,FOXA,64.9,79.1,91.7,66.5
2025-08-01,FOXA,75.9,79.1,91.7,66.5
2025-09-01,FOXA,97.3,79.1,91.7,66.5
2025-10-01,FOXA,65.2,79.1,91.7,66.5
2025-11-01,FOXA,64.8,79.1,91.7,66.5
2025-12-01,FOXA,75.6,79.1,91.7,66.5
2026-01-01,FOXA,63.2,79.1,91.7,66.5
2026-02-01,FOXA,96.6,79.1,91.7,66.5
2026-03-01,FOXA,82.8,79.1,91.7,66.5
2025-01-01,FRO,85.3,64.5,79.8,49.2
2025-02-01,FRO,56.8,64.5,79.8,49.2
2025-03-01,FRO,66.0,64.5,79.8,49.2
2025-04-01,FRO,65.9,64.5,79.8,49.2
2025-05-01,FRO,59.2,64.5,79.8,49.2
2025-06-01,FRO,67.5,64.5,79.8,49.2
2025-07-01,FRO,45.6,64.5,79.8,49.2
2025-08-01,FRO,48.4,64.5,79.8,49.2
2025-09-01,FRO,52.1,64.5,79.8,49.2
2025-10-01,FRO,58.1,64.5,79.8,49.2
2025-11-01,FRO,65.0,64.5,79.8,49.2
2025-12-01,FRO,55.4,64.5,79.8,49.2
2026-01-01,FRO,69.9,64.5,79.8,49.2
2026-02-01,FRO,64.2,64.5,79.8,49.2
2026-03-01,FRO,108.2,64.5,79.8,49.2
2025-01-01,FRT,14.1,15.4,17.8,13.0
2025-02-01,FRT,14.3,15.4,17.8,13.0
2025-03-01,FRT,17.4,15.4,17.8,13.0
2025-04-01,FRT,21.0,15.4,17.8,13.0
2025-05-01,FRT,15.3,15.4,17.8,13.0
2025-06-01,FRT,13.0,15.4,17.8,13.0
2025-07-01,FRT,17.0,15.4,17.8,13.0
2025-08-01,FRT,17.9,15.4,17.8,13.0
2025-09-01,FRT,12.8,15.4,17.8,13.0
2025-10-01,FRT,12.8,15.4,17.8,13.0
2025-11-01,FRT,12.7,15.4,17.8,13.0
2025-12-01,FRT,14.0,15.4,17.8,13.0
2026-01-01,FRT,15.9,15.4,17.8,13.0
2026-02-01,FRT,18.3,15.4,17.8,13.0
2026-03-01,FRT,14.8,15.4,17.8,13.0
2025-01-01,FSLR,46.5,63.8,88.2,39.5
2025-02-01,FSLR,55.3,63.8,88.2,39.5
2025-03-01,FSLR,65.8,63.8,88.2,39.5
2025-04-01,FSLR,92.2,63.8,88.2,39.5
2025-05-01,FSLR,125.3,63.8,88.2,39.5
2025-06-01,FSLR,100.2,63.8,88.2,39.5
2025-07-01,FSLR,72.0,63.8,88.2,39.5
2025-08-01,FSLR,72.3,63.8,88.2,39.5
2025-09-01,FSLR,46.3,63.8,88.2,39.5
2025-10-01,FSLR,54.6,63.8,88.2,39.5
2025-11-01,FSLR,40.2,63.8,88.2,39.5
2025-12-01,FSLR,41.0,63.8,88.2,39.5
2026-01-01,FSLR,50.6,63.8,88.2,39.5
2026-02-01,FSLR,57.4,63.8,88.2,39.5
2026-03-01,FSLR,37.2,63.8,88.2,39.5
2025-01-01,FTI,69.5,90.7,122.7,58.7
2025-02-01,FTI,73.1,90.7,122.7,58.7
2025-03-01,FTI,121.4,90.7,122.7,58.7
2025-04-01,FTI,123.2,90.7,122.7,58.7
2025-05-01,FTI,76.2,90.7,122.7,58.7
2025-06-01,FTI,88.6,90.7,122.7,58.7
2025-07-01,FTI,101.6,90.7,122.7,58.7
2025-08-01,FTI,55.2,90.7,122.7,58.7
2025-09-01,FTI,180.6,90.7,122.7,58.7
2025-10-01,FTI,98.7,90.7,122.7,58.7
2025-11-01,FTI,53.4,90.7,122.7,58.7
2025-12-01,FTI,64.7,90.7,122.7,58.7
2026-01-01,FTI,65.7,90.7,122.7,58.7
2026-02-01,FTI,83.7,90.7,122.7,58.7
2026-03-01,FTI,96.1,90.7,122.7,58.7
2025-01-01,FTNT,81.6,120.3,157.7,82.9
2025-02-01,FTNT,100.4,120.3,157.7,82.9
2025-03-01,FTNT,96.7,120.3,157.7,82.9
2025-04-01,FTNT,117.2,120.3,157.7,82.9
2025-05-01,FTNT,121.4,120.3,157.7,82.9
2025-06-01,FTNT,79.8,120.3,157.7,82.9
2025-07-01,FTNT,86.8,120.3,157.7,82.9
2025-08-01,FTNT,237.2,120.3,157.7,82.9
2025-09-01,FTNT,136.8,120.3,157.7,82.9
2025-10-01,FTNT,99.8,120.3,157.7,82.9
2025-11-01,FTNT,113.2,120.3,157.7,82.9
2025-12-01,FTNT,122.7,120.3,157.7,82.9
2026-01-01,FTNT,129.7,120.3,157.7,82.9
2026-02-01,FTNT,152.4,120.3,157.7,82.9
2026-03-01,FTNT,129.4,120.3,157.7,82.9
2025-01-01,FTV,56.5,78.3,94.4,62.3
2025-02-01,FTV,74.6,78.3,94.4,62.3
2025-03-01,FTV,70.0,78.3,94.4,62.3
2025-04-01,FTV,86.8,78.3,94.4,62.3
2025-05-01,FTV,114.6,78.3,94.4,62.3
2025-06-01,FTV,79.5,78.3,94.4,62.3
2025-07-01,FTV,92.9,78.3,94.4,62.3
2025-08-01,FTV,96.0,78.3,94.4,62.3
2025-09-01,FTV,79.6,78.3,94.4,62.3
2025-10-01,FTV,64.4,78.3,94.4,62.3
2025-11-01,FTV,60.1,78.3,94.4,62.3
2025-12-01,FTV,63.1,78.3,94.4,62.3
2026-01-01,FTV,68.9,78.3,94.4,62.3
2026-02-01,FTV,99.7,78.3,94.4,62.3
2026-03-01,FTV,68.6,78.3,94.4,62.3
2025-01-01,FXA,0.3,0.5,0.7,0.2
2025-02-01,FXA,0.3,0.5,0.7,0.2
2025-03-01,FXA,0.3,0.5,0.7,0.2
2025-04-01,FXA,0.8,0.5,0.7,0.2
2025-05-01,FXA,0.7,0.5,0.7,0.2
2025-06-01,FXA,0.6,0.5,0.7,0.2
2025-07-01,FXA,1.0,0.5,0.7,0.2
2025-08-01,FXA,0.3,0.5,0.7,0.2
2025-09-01,FXA,0.3,0.5,0.7,0.2
2025-10-01,FXA,0.2,0.5,0.7,0.2
2025-11-01,FXA,0.2,0.5,0.7,0.2
2025-12-01,FXA,0.3,0.5,0.7,0.2
2026-01-01,FXA,0.7,0.5,0.7,0.2
2026-02-01,FXA,0.6,0.5,0.7,0.2
2026-03-01,FXA,0.6,0.5,0.7,0.2
2025-01-01,FXB,0.3,0.3,0.5,0.2
2025-02-01,FXB,0.2,0.3,0.5,0.2
2025-03-01,FXB,0.4,0.3,0.5,0.2
2025-04-01,FXB,0.7,0.3,0.5,0.2
2025-05-01,FXB,0.4,0.3,0.5,0.2
2025-06-01,FXB,0.3,0.3,0.5,0.2
2025-07-01,FXB,0.3,0.3,0.5,0.2
2025-08-01,FXB,0.3,0.3,0.5,0.2
2025-09-01,FXB,0.4,0.3,0.5,0.2
2025-10-01,FXB,0.4,0.3,0.5,0.2
2025-11-01,FXB,0.3,0.3,0.5,0.2
2025-12-01,FXB,0.2,0.3,0.5,0.2
2026-01-01,FXB,0.3,0.3,0.5,0.2
2026-02-01,FXB,0.2,0.3,0.5,0.2
2026-03-01,FXB,0.5,0.3,0.5,0.2
2025-01-01,FXC,1.1,1.0,1.4,0.6
2025-02-01,FXC,1.4,1.0,1.4,0.6
2025-03-01,FXC,1.0,1.0,1.4,0.6
2025-04-01,FXC,1.4,1.0,1.4,0.6
2025-05-01,FXC,1.3,1.0,1.4,0.6
2025-06-01,FXC,0.9,1.0,1.4,0.6
2025-07-01,FXC,0.8,1.0,1.4,0.6
2025-08-01,FXC,0.6,1.0,1.4,0.6
2025-09-01,FXC,0.4,1.0,1.4,0.6
2025-10-01,FXC,0.7,1.0,1.4,0.6
2025-11-01,FXC,0.3,1.0,1.4,0.6
2025-12-01,FXC,0.6,1.0,1.4,0.6
2026-01-01,FXC,1.6,1.0,1.4,0.6
2026-02-01,FXC,1.7,1.0,1.4,0.6
2026-03-01,FXC,1.3,1.0,1.4,0.6
2025-01-01,FXE,1.6,3.4,5.3,1.5
2025-02-01,FXE,1.2,3.4,5.3,1.5
2025-03-01,FXE,2.5,3.4,5.3,1.5
2025-04-01,FXE,8.6,3.4,5.3,1.5
2025-05-01,FXE,3.8,3.4,5.3,1.5
2025-06-01,FXE,3.3,3.4,5.3,1.5
2025-07-01,FXE,5.3,3.4,5.3,1.5
2025-08-01,FXE,2.8,3.4,5.3,1.5
2025-09-01,FXE,2.4,3.4,5.3,1.5
2025-10-01,FXE,2.4,3.4,5.3,1.5
2025-11-01,FXE,1.6,3.4,5.3,1.5
2025-12-01,FXE,2.1,3.4,5.3,1.5
2026-01-01,FXE,3.5,3.4,5.3,1.5
2026-02-01,FXE,3.0,3.4,5.3,1.5
2026-03-01,FXE,6.0,3.4,5.3,1.5
2025-01-01,FXY,3.0,5.8,9.6,2.0
2025-02-01,FXY,4.8,5.8,9.6,2.0
2025-03-01,FXY,6.8,5.8,9.6,2.0
2025-04-01,FXY,18.5,5.8,9.6,2.0
2025-05-01,FXY,8.6,5.8,9.6,2.0
2025-06-01,FXY,4.5,5.8,9.6,2.0
2025-07-01,FXY,8.3,5.8,9.6,2.0
2025-08-01,FXY,4.1,5.8,9.6,2.0
2025-09-01,FXY,4.1,5.8,9.6,2.0
2025-10-01,FXY,4.2,5.8,9.6,2.0
2025-11-01,FXY,2.6,5.8,9.6,2.0
2025-12-01,FXY,4.6,5.8,9.6,2.0
2026-01-01,FXY,5.1,5.8,9.6,2.0
2026-02-01,FXY,4.0,5.8,9.6,2.0
2026-03-01,FXY,3.6,5.8,9.6,2.0
2025-01-01,GD,35.5,27.5,33.1,21.9
2025-02-01,GD,32.0,27.5,33.1,21.9
2025-03-01,GD,34.4,27.5,33.1,21.9
2025-04-01,GD,37.8,27.5,33.1,21.9
2025-05-01,GD,23.3,27.5,33.1,21.9
2025-06-01,GD,23.5,27.5,33.1,21.9
2025-07-01,GD,28.8,27.5,33.1,21.9
2025-08-01,GD,18.4,27.5,33.1,21.9
2025-09-01,GD,23.6,27.5,33.1,21.9
2025-10-01,GD,24.7,27.5,33.1,21.9
2025-11-01,GD,20.1,27.5,33.1,21.9
2025-12-01,GD,24.8,27.5,33.1,21.9
2026-01-01,GD,32.2,27.5,33.1,21.9
2026-02-01,GD,24.3,27.5,33.1,21.9
2026-03-01,GD,28.8,27.5,33.1,21.9
2025-01-01,GDDY,22.3,34.7,43.3,26.1
2025-02-01,GDDY,32.3,34.7,43.3,26.1
2025-03-01,GDDY,34.7,34.7,43.3,26.1
2025-04-01,GDDY,36.4,34.7,43.3,26.1
2025-05-01,GDDY,28.5,34.7,43.3,26.1
2025-06-01,GDDY,27.4,34.7,43.3,26.1
2025-07-01,GDDY,31.4,34.7,43.3,26.1
2025-08-01,GDDY,49.5,34.7,43.3,26.1
2025-09-01,GDDY,32.7,34.7,43.3,26.1
2025-10-01,GDDY,34.4,34.7,43.3,26.1
2025-11-01,GDDY,26.5,34.7,43.3,26.1
2025-12-01,GDDY,30.7,34.7,43.3,26.1
2026-01-01,GDDY,31.3,34.7,43.3,26.1
2026-02-01,GDDY,53.7,34.7,43.3,26.1
2026-03-01,GDDY,48.5,34.7,43.3,26.1
2025-01-01,GDX,344.3,495.4,621.1,369.7
2025-02-01,GDX,361.0,495.4,621.1,369.7
2025-03-01,GDX,388.7,495.4,621.1,369.7
2025-04-01,GDX,602.1,495.4,621.1,369.7
2025-05-01,GDX,462.7,495.4,621.1,369.7
2025-06-01,GDX,426.5,495.4,621.1,369.7
2025-07-01,GDX,414.3,495.4,621.1,369.7
2025-08-01,GDX,351.1,495.4,621.1,369.7
2025-09-01,GDX,521.8,495.4,621.1,369.7
2025-10-01,GDX,764.9,495.4,621.1,369.7
2025-11-01,GDX,466.9,495.4,621.1,369.7
2025-12-01,GDX,464.5,495.4,621.1,369.7
2026-01-01,GDX,618.8,495.4,621.1,369.7
2026-02-01,GDX,495.9,495.4,621.1,369.7
2026-03-01,GDX,697.0,495.4,621.1,369.7
2025-01-01,GDXJ,80.0,115.0,144.0,86.1
2025-02-01,GDXJ,85.4,115.0,144.0,86.1
2025-03-01,GDXJ,88.2,115.0,144.0,86.1
2025-04-01,GDXJ,144.1,115.0,144.0,86.1
2025-05-01,GDXJ,122.5,115.0,144.0,86.1
2025-06-01,GDXJ,93.3,115.0,144.0,86.1
2025-07-01,GDXJ,88.4,115.0,144.0,86.1
2025-08-01,GDXJ,93.2,115.0,144.0,86.1
2025-09-01,GDXJ,123.2,115.0,144.0,86.1
2025-10-01,GDXJ,186.2,115.0,144.0,86.1
2025-11-01,GDXJ,114.4,115.0,144.0,86.1
2025-12-01,GDXJ,105.7,115.0,144.0,86.1
2026-01-01,GDXJ,144.0,115.0,144.0,86.1
2026-02-01,GDXJ,108.6,115.0,144.0,86.1
2026-03-01,GDXJ,137.8,115.0,144.0,86.1
2025-01-01,GE,127.9,112.0,139.3,84.8
2025-02-01,GE,77.6,112.0,139.3,84.8
2025-03-01,GE,106.2,112.0,139.3,84.8
2025-04-01,GE,169.2,112.0,139.3,84.8
2025-05-01,GE,115.0,112.0,139.3,84.8
2025-06-01,GE,155.6,112.0,139.3,84.8
2025-07-01,GE,143.2,112.0,139.3,84.8
2025-08-01,GE,86.1,112.0,139.3,84.8
2025-09-01,GE,93.1,112.0,139.3,84.8
2025-10-01,GE,81.5,112.0,139.3,84.8
2025-11-01,GE,78.9,112.0,139.3,84.8
2025-12-01,GE,100.7,112.0,139.3,84.8
2026-01-01,GE,125.5,112.0,139.3,84.8
2026-02-01,GE,100.7,112.0,139.3,84.8
2026-03-01,GE,117.1,112.0,139.3,84.8
2025-01-01,GEHC,54.0,78.4,99.1,57.7
2025-02-01,GEHC,58.6,78.4,99.1,57.7
2025-03-01,GEHC,75.2,78.4,99.1,57.7
2025-04-01,GEHC,144.0,78.4,99.1,57.7
2025-05-01,GEHC,97.1,78.4,99.1,57.7
2025-06-01,GEHC,75.0,78.4,99.1,57.7
2025-07-01,GEHC,86.8,78.4,99.1,57.7
2025-08-01,GEHC,64.2,78.4,99.1,57.7
2025-09-01,GEHC,78.2,78.4,99.1,57.7
2025-10-01,GEHC,73.9,78.4,99.1,57.7
2025-11-01,GEHC,82.5,78.4,99.1,57.7
2025-12-01,GEHC,62.8,78.4,99.1,57.7
2026-01-01,GEHC,69.5,78.4,99.1,57.7
2026-02-01,GEHC,68.8,78.4,99.1,57.7
2026-03-01,GEHC,81.6,78.4,99.1,57.7
2025-01-01,GEN,61.2,96.3,123.5,69.1
2025-02-01,GEN,66.3,96.3,123.5,69.1
2025-03-01,GEN,98.8,96.3,123.5,69.1
2025-04-01,GEN,85.8,96.3,123.5,69.1
2025-05-01,GEN,114.1,96.3,123.5,69.1
2025-06-01,GEN,99.4,96.3,123.5,69.1
2025-07-01,GEN,66.2,96.3,123.5,69.1
2025-08-01,GEN,91.6,96.3,123.5,69.1
2025-09-01,GEN,74.7,96.3,123.5,69.1
2025-10-01,GEN,75.3,96.3,123.5,69.1
2025-11-01,GEN,104.2,96.3,123.5,69.1
2025-12-01,GEN,104.8,96.3,123.5,69.1
2026-01-01,GEN,97.2,96.3,123.5,69.1
2026-02-01,GEN,148.1,96.3,123.5,69.1
2026-03-01,GEN,158.3,96.3,123.5,69.1
2025-01-01,GEOS,0.9,3.9,6.2,1.6
2025-02-01,GEOS,1.6,3.9,6.2,1.6
2025-03-01,GEOS,1.3,3.9,6.2,1.6
2025-04-01,GEOS,1.2,3.9,6.2,1.6
2025-05-01,GEOS,1.1,3.9,6.2,1.6
2025-06-01,GEOS,9.4,3.9,6.2,1.6
2025-07-01,GEOS,4.4,3.9,6.2,1.6
2025-08-01,GEOS,4.5,3.9,6.2,1.6
2025-09-01,GEOS,3.4,3.9,6.2,1.6
2025-10-01,GEOS,6.0,3.9,6.2,1.6
2025-11-01,GEOS,5.4,3.9,6.2,1.6
2025-12-01,GEOS,4.5,3.9,6.2,1.6
2026-01-01,GEOS,4.5,3.9,6.2,1.6
2026-02-01,GEOS,6.1,3.9,6.2,1.6
2026-03-01,GEOS,4.3,3.9,6.2,1.6
2025-01-01,GEV,86.8,68.2,80.8,55.5
2025-02-01,GEV,67.4,68.2,80.8,55.5
2025-03-01,GEV,92.4,68.2,80.8,55.5
2025-04-01,GEV,88.3,68.2,80.8,55.5
2025-05-01,GEV,67.3,68.2,80.8,55.5
2025-06-01,GEV,59.2,68.2,80.8,55.5
2025-07-01,GEV,68.2,68.2,80.8,55.5
2025-08-01,GEV,50.9,68.2,80.8,55.5
2025-09-01,GEV,59.6,68.2,80.8,55.5
2025-10-01,GEV,73.7,68.2,80.8,55.5
2025-11-01,GEV,57.6,68.2,80.8,55.5
2025-12-01,GEV,75.4,68.2,80.8,55.5
2026-01-01,GEV,65.7,68.2,80.8,55.5
2026-02-01,GEV,51.7,68.2,80.8,55.5
2026-03-01,GEV,56.2,68.2,80.8,55.5
2025-01-01,GGB,176.0,299.7,407.9,191.6
2025-02-01,GGB,217.6,299.7,407.9,191.6
2025-03-01,GGB,189.9,299.7,407.9,191.6
2025-04-01,GGB,243.8,299.7,407.9,191.6
2025-05-01,GGB,283.4,299.7,407.9,191.6
2025-06-01,GGB,299.0,299.7,407.9,191.6
2025-07-01,GGB,298.8,299.7,407.9,191.6
2025-08-01,GGB,188.1,299.7,407.9,191.6
2025-09-01,GGB,292.5,299.7,407.9,191.6
2025-10-01,GGB,566.4,299.7,407.9,191.6
2025-11-01,GGB,249.8,299.7,407.9,191.6
2025-12-01,GGB,262.5,299.7,407.9,191.6
2026-01-01,GGB,320.2,299.7,407.9,191.6
2026-02-01,GGB,492.5,299.7,407.9,191.6
2026-03-01,GGB,388.4,299.7,407.9,191.6
2025-01-01,GILD,136.8,159.7,187.8,131.6
2025-02-01,GILD,159.9,159.7,187.8,131.6
2025-03-01,GILD,223.2,159.7,187.8,131.6
2025-04-01,GILD,206.9,159.7,187.8,131.6
2025-05-01,GILD,183.4,159.7,187.8,131.6
2025-06-01,GILD,183.5,159.7,187.8,131.6
2025-07-01,GILD,123.4,159.7,187.8,131.6
2025-08-01,GILD,131.2,159.7,187.8,131.6
2025-09-01,GILD,151.3,159.7,187.8,131.6
2025-10-01,GILD,170.8,159.7,187.8,131.6
2025-11-01,GILD,141.2,159.7,187.8,131.6
2025-12-01,GILD,145.3,159.7,187.8,131.6
2026-01-01,GILD,155.0,159.7,187.8,131.6
2026-02-01,GILD,150.4,159.7,187.8,131.6
2026-03-01,GILD,132.7,159.7,187.8,131.6
2025-01-01,GIS,86.8,134.3,168.9,99.6
2025-02-01,GIS,100.3,134.3,168.9,99.6
2025-03-01,GIS,168.2,134.3,168.9,99.6
2025-04-01,GIS,104.4,134.3,168.9,99.6
2025-05-01,GIS,100.9,134.3,168.9,99.6
2025-06-01,GIS,118.0,134.3,168.9,99.6
2025-07-01,GIS,131.2,134.3,168.9,99.6
2025-08-01,GIS,116.6,134.3,168.9,99.6
2025-09-01,GIS,136.5,134.3,168.9,99.6
2025-10-01,GIS,126.8,134.3,168.9,99.6
2025-11-01,GIS,112.6,134.3,168.9,99.6
2025-12-01,GIS,155.3,134.3,168.9,99.6
2026-01-01,GIS,172.0,134.3,168.9,99.6
2026-02-01,GIS,153.2,134.3,168.9,99.6
2026-03-01,GIS,222.6,134.3,168.9,99.6
2025-01-01,GL,10.8,12.3,14.7,9.9
2025-02-01,GL,12.4,12.3,14.7,9.9
2025-03-01,GL,15.2,12.3,14.7,9.9
2025-04-01,GL,15.1,12.3,14.7,9.9
2025-05-01,GL,14.1,12.3,14.7,9.9
2025-06-01,GL,9.7,12.3,14.7,9.9
2025-07-01,GL,17.2,12.3,14.7,9.9
2025-08-01,GL,12.5,12.3,14.7,9.9
2025-09-01,GL,10.8,12.3,14.7,9.9
2025-10-01,GL,14.5,12.3,14.7,9.9
2025-11-01,GL,9.8,12.3,14.7,9.9
2025-12-01,GL,11.0,12.3,14.7,9.9
2026-01-01,GL,10.3,12.3,14.7,9.9
2026-02-01,GL,9.7,12.3,14.7,9.9
2026-03-01,GL,10.3,12.3,14.7,9.9
2025-01-01,GLATF,6.4,10.3,13.4,7.2
2025-02-01,GLATF,7.4,10.3,13.4,7.2
2025-03-01,GLATF,7.4,10.3,13.4,7.2
2025-04-01,GLATF,12.4,10.3,13.4,7.2
2025-05-01,GLATF,8.0,10.3,13.4,7.2
2025-06-01,GLATF,9.9,10.3,13.4,7.2
2025-07-01,GLATF,8.7,10.3,13.4,7.2
2025-08-01,GLATF,7.6,10.3,13.4,7.2
2025-09-01,GLATF,8.6,10.3,13.4,7.2
2025-10-01,GLATF,15.9,10.3,13.4,7.2
2025-11-01,GLATF,8.6,10.3,13.4,7.2
2025-12-01,GLATF,12.4,10.3,13.4,7.2
2026-01-01,GLATF,17.2,10.3,13.4,7.2
2026-02-01,GLATF,11.0,10.3,13.4,7.2
2026-03-01,GLATF,11.6,10.3,13.4,7.2
2025-01-01,GLD,141.4,277.7,398.9,156.5
2025-02-01,GLD,179.0,277.7,398.9,156.5
2025-03-01,GLD,181.0,277.7,398.9,156.5
2025-04-01,GLD,354.3,277.7,398.9,156.5
2025-05-01,GLD,235.2,277.7,398.9,156.5
2025-06-01,GLD,199.6,277.7,398.9,156.5
2025-07-01,GLD,202.6,277.7,398.9,156.5
2025-08-01,GLD,178.6,277.7,398.9,156.5
2025-09-01,GLD,302.0,277.7,398.9,156.5
2025-10-01,GLD,553.0,277.7,398.9,156.5
2025-11-01,GLD,209.3,277.7,398.9,156.5
2025-12-01,GLD,232.1,277.7,398.9,156.5
2026-01-01,GLD,524.0,277.7,398.9,156.5
2026-02-01,GLD,307.0,277.7,398.9,156.5
2026-03-01,GLD,332.1,277.7,398.9,156.5
2025-01-01,GLW,128.6,150.7,206.5,94.9
2025-02-01,GLW,90.5,150.7,206.5,94.9
2025-03-01,GLW,143.4,150.7,206.5,94.9
2025-04-01,GLW,151.9,150.7,206.5,94.9
2025-05-01,GLW,109.9,150.7,206.5,94.9
2025-06-01,GLW,82.0,150.7,206.5,94.9
2025-07-01,GLW,112.4,150.7,206.5,94.9
2025-08-01,GLW,108.2,150.7,206.5,94.9
2025-09-01,GLW,213.9,150.7,206.5,94.9
2025-10-01,GLW,170.2,150.7,206.5,94.9
2025-11-01,GLW,126.3,150.7,206.5,94.9
2025-12-01,GLW,127.9,150.7,206.5,94.9
2026-01-01,GLW,156.1,150.7,206.5,94.9
2026-02-01,GLW,244.0,150.7,206.5,94.9
2026-03-01,GLW,286.4,150.7,206.5,94.9
2025-01-01,GM,224.5,213.8,278.8,148.8
2025-02-01,GM,203.6,213.8,278.8,148.8
2025-03-01,GM,394.7,213.8,278.8,148.8
2025-04-01,GM,316.3,213.8,278.8,148.8
2025-05-01,GM,201.9,213.8,278.8,148.8
2025-06-01,GM,200.1,213.8,278.8,148.8
2025-07-01,GM,230.9,213.8,278.8,148.8
2025-08-01,GM,139.7,213.8,278.8,148.8
2025-09-01,GM,156.1,213.8,278.8,148.8
2025-10-01,GM,247.6,213.8,278.8,148.8
2025-11-01,GM,163.3,213.8,278.8,148.8
2025-12-01,GM,199.4,213.8,278.8,148.8
2026-01-01,GM,189.3,213.8,278.8,148.8
2026-02-01,GM,153.3,213.8,278.8,148.8
2026-03-01,GM,172.2,213.8,278.8,148.8
2025-01-01,GNK,8.2,12.5,15.6,9.5
2025-02-01,GNK,12.9,12.5,15.6,9.5
2025-03-01,GNK,16.3,12.5,15.6,9.5
2025-04-01,GNK,16.4,12.5,15.6,9.5
2025-05-01,GNK,15.1,12.5,15.6,9.5
2025-06-01,GNK,14.7,12.5,15.6,9.5
2025-07-01,GNK,16.4,12.5,15.6,9.5
2025-08-01,GNK,12.2,12.5,15.6,9.5
2025-09-01,GNK,14.7,12.5,15.6,9.5
2025-10-01,GNK,11.3,12.5,15.6,9.5
2025-11-01,GNK,11.5,12.5,15.6,9.5
2025-12-01,GNK,9.5,12.5,15.6,9.5
2026-01-01,GNK,7.0,12.5,15.6,9.5
2026-02-01,GNK,8.9,12.5,15.6,9.5
2026-03-01,GNK,12.5,12.5,15.6,9.5
2025-01-01,GNRC,15.0,21.4,25.3,17.5
2025-02-01,GNRC,18.4,21.4,25.3,17.5
2025-03-01,GNRC,17.4,21.4,25.3,17.5
2025-04-01,GNRC,21.3,21.4,25.3,17.5
2025-05-01,GNRC,15.9,21.4,25.3,17.5
2025-06-01,GNRC,20.5,21.4,25.3,17.5
2025-07-01,GNRC,26.3,21.4,25.3,17.5
2025-08-01,GNRC,19.1,21.4,25.3,17.5
2025-09-01,GNRC,21.5,21.4,25.3,17.5
2025-10-01,GNRC,28.7,21.4,25.3,17.5
2025-11-01,GNRC,22.0,21.4,25.3,17.5
2025-12-01,GNRC,22.0,21.4,25.3,17.5
2026-01-01,GNRC,21.7,21.4,25.3,17.5
2026-02-01,GNRC,27.8,21.4,25.3,17.5
2026-03-01,GNRC,23.1,21.4,25.3,17.5
2025-01-01,GOOGL,500.3,741.6,861.9,621.3
2025-02-01,GOOGL,629.4,741.6,861.9,621.3
2025-03-01,GOOGL,732.2,741.6,861.9,621.3
2025-04-01,GOOGL,842.7,741.6,861.9,621.3
2025-05-01,GOOGL,942.5,741.6,861.9,621.3
2025-06-01,GOOGL,847.4,741.6,861.9,621.3
2025-07-01,GOOGL,860.1,741.6,861.9,621.3
2025-08-01,GOOGL,617.6,741.6,861.9,621.3
2025-09-01,GOOGL,829.5,741.6,861.9,621.3
2025-10-01,GOOGL,729.6,741.6,861.9,621.3
2025-11-01,GOOGL,855.3,741.6,861.9,621.3
2025-12-01,GOOGL,678.2,741.6,861.9,621.3
2026-01-01,GOOGL,621.6,741.6,861.9,621.3
2026-02-01,GOOGL,809.0,741.6,861.9,621.3
2026-03-01,GOOGL,627.1,741.6,861.9,621.3
2025-01-01,GPC,31.3,28.6,35.2,22.1
2025-02-01,GPC,31.3,28.6,35.2,22.1
2025-03-01,GPC,33.7,28.6,35.2,22.1
2025-04-01,GPC,35.1,28.6,35.2,22.1
2025-05-01,GPC,26.7,28.6,35.2,22.1
2025-06-01,GPC,20.6,28.6,35.2,22.1
2025-07-01,GPC,28.7,28.6,35.2,22.1
2025-08-01,GPC,20.9,28.6,35.2,22.1
2025-09-01,GPC,28.8,28.6,35.2,22.1
2025-10-01,GPC,25.5,28.6,35.2,22.1
2025-11-01,GPC,22.4,28.6,35.2,22.1
2025-12-01,GPC,23.6,28.6,35.2,22.1
2026-01-01,GPC,22.5,28.6,35.2,22.1
2026-02-01,GPC,31.7,28.6,35.2,22.1
2026-03-01,GPC,45.9,28.6,35.2,22.1
2025-01-01,GPN,30.3,59.1,77.4,40.8
2025-02-01,GPN,39.8,59.1,77.4,40.8
2025-03-01,GPN,53.7,59.1,77.4,40.8
2025-04-01,GPN,102.1,59.1,77.4,40.8
2025-05-01,GPN,72.0,59.1,77.4,40.8
2025-06-01,GPN,59.5,59.1,77.4,40.8
2025-07-01,GPN,46.1,59.1,77.4,40.8
2025-08-01,GPN,54.2,59.1,77.4,40.8
2025-09-01,GPN,54.4,59.1,77.4,40.8
2025-10-01,GPN,42.7,59.1,77.4,40.8
2025-11-01,GPN,44.4,59.1,77.4,40.8
2025-12-01,GPN,57.5,59.1,77.4,40.8
2026-01-01,GPN,66.6,59.1,77.4,40.8
2026-02-01,GPN,87.8,59.1,77.4,40.8
2026-03-01,GPN,75.3,59.1,77.4,40.8
2025-01-01,GREK,0.4,1.8,2.7,0.9
2025-02-01,GREK,0.5,1.8,2.7,0.9
2025-03-01,GREK,1.3,1.8,2.7,0.9
2025-04-01,GREK,1.7,1.8,2.7,0.9
2025-05-01,GREK,0.9,1.8,2.7,0.9
2025-06-01,GREK,1.8,1.8,2.7,0.9
2025-07-01,GREK,1.6,1.8,2.7,0.9
2025-08-01,GREK,2.2,1.8,2.7,0.9
2025-09-01,GREK,3.1,1.8,2.7,0.9
2025-10-01,GREK,2.3,1.8,2.7,0.9
2025-11-01,GREK,1.6,1.8,2.7,0.9
2025-12-01,GREK,1.5,1.8,2.7,0.9
2026-01-01,GREK,2.1,1.8,2.7,0.9
2026-02-01,GREK,2.0,1.8,2.7,0.9
2026-03-01,GREK,3.9,1.8,2.7,0.9
2025-01-01,GRMN,13.6,19.6,22.8,16.5
2025-02-01,GRMN,19.7,19.6,22.8,16.5
2025-03-01,GRMN,24.2,19.6,22.8,16.5
2025-04-01,GRMN,25.9,19.6,22.8,16.5
2025-05-01,GRMN,17.3,19.6,22.8,16.5
2025-06-01,GRMN,17.9,19.6,22.8,16.5
2025-07-01,GRMN,19.0,19.6,22.8,16.5
2025-08-01,GRMN,17.0,19.6,22.8,16.5
2025-09-01,GRMN,18.0,19.6,22.8,16.5
2025-10-01,GRMN,19.0,19.6,22.8,16.5
2025-11-01,GRMN,21.7,19.6,22.8,16.5
2025-12-01,GRMN,22.4,19.6,22.8,16.5
2026-01-01,GRMN,18.2,19.6,22.8,16.5
2026-02-01,GRMN,23.8,19.6,22.8,16.5
2026-03-01,GRMN,17.2,19.6,22.8,16.5
2025-01-01,GS,53.2,48.8,58.5,39.1
2025-02-01,GS,47.6,48.8,58.5,39.1
2025-03-01,GS,63.3,48.8,58.5,39.1
2025-04-01,GS,74.6,48.8,58.5,39.1
2025-05-01,GS,48.4,48.8,58.5,39.1
2025-06-01,GS,42.6,48.8,58.5,39.1
2025-07-01,GS,48.0,48.8,58.5,39.1
2025-08-01,GS,34.8,48.8,58.5,39.1
2025-09-01,GS,37.3,48.8,58.5,39.1
2025-10-01,GS,49.0,48.8,58.5,39.1
2025-11-01,GS,37.6,48.8,58.5,39.1
2025-12-01,GS,45.3,48.8,58.5,39.1
2026-01-01,GS,49.8,48.8,58.5,39.1
2026-02-01,GS,49.4,48.8,58.5,39.1
2026-03-01,GS,50.3,48.8,58.5,39.1
2025-01-01,GWW,6.2,6.0,6.9,5.1
2025-02-01,GWW,5.3,6.0,6.9,5.1
2025-03-01,GWW,5.9,6.0,6.9,5.1
2025-04-01,GWW,6.4,6.0,6.9,5.1
2025-05-01,GWW,5.0,6.0,6.9,5.1
2025-06-01,GWW,4.5,6.0,6.9,5.1
2025-07-01,GWW,7.1,6.0,6.9,5.1
2025-08-01,GWW,7.4,6.0,6.9,5.1
2025-09-01,GWW,6.5,6.0,6.9,5.1
2025-10-01,GWW,6.7,6.0,6.9,5.1
2025-11-01,GWW,5.2,6.0,6.9,5.1
2025-12-01,GWW,6.5,6.0,6.9,5.1
2026-01-01,GWW,4.8,6.0,6.9,5.1
2026-02-01,GWW,6.9,6.0,6.9,5.1
2026-03-01,GWW,4.9,6.0,6.9,5.1
2025-01-01,HAL,234.4,282.9,346.4,219.5
2025-02-01,HAL,178.6,282.9,346.4,219.5
2025-03-01,HAL,291.2,282.9,346.4,219.5
2025-04-01,HAL,320.4,282.9,346.4,219.5
2025-05-01,HAL,319.3,282.9,346.4,219.5
2025-06-01,HAL,318.1,282.9,346.4,219.5
2025-07-01,HAL,347.2,282.9,346.4,219.5
2025-08-01,HAL,225.5,282.9,346.4,219.5
2025-09-01,HAL,292.8,282.9,346.4,219.5
2025-10-01,HAL,327.2,282.9,346.4,219.5
2025-11-01,HAL,183.4,282.9,346.4,219.5
2025-12-01,HAL,215.4,282.9,346.4,219.5
2026-01-01,HAL,341.4,282.9,346.4,219.5
2026-02-01,HAL,221.7,282.9,346.4,219.5
2026-03-01,HAL,394.9,282.9,346.4,219.5
2025-01-01,HAS,25.0,39.6,48.3,31.0
2025-02-01,HAS,35.9,39.6,48.3,31.0
2025-03-01,HAS,39.6,39.6,48.3,31.0
2025-04-01,HAS,54.8,39.6,48.3,31.0
2025-05-01,HAS,41.7,39.6,48.3,31.0
2025-06-01,HAS,42.2,39.6,48.3,31.0
2025-07-01,HAS,58.8,39.6,48.3,31.0
2025-08-01,HAS,35.5,39.6,48.3,31.0
2025-09-01,HAS,33.2,39.6,48.3,31.0
2025-10-01,HAS,44.8,39.6,48.3,31.0
2025-11-01,HAS,36.0,39.6,48.3,31.0
2025-12-01,HAS,32.6,39.6,48.3,31.0
2026-01-01,HAS,34.7,39.6,48.3,31.0
2026-02-01,HAS,46.0,39.6,48.3,31.0
2026-03-01,HAS,32.5,39.6,48.3,31.0
2025-01-01,HBAN,385.3,588.5,745.1,432.0
2025-02-01,HBAN,411.7,588.5,745.1,432.0
2025-03-01,HBAN,547.6,588.5,745.1,432.0
2025-04-01,HBAN,477.1,588.5,745.1,432.0
2025-05-01,HBAN,438.1,588.5,745.1,432.0
2025-06-01,HBAN,568.3,588.5,745.1,432.0
2025-07-01,HBAN,856.6,588.5,745.1,432.0
2025-08-01,HBAN,533.0,588.5,745.1,432.0
2025-09-01,HBAN,602.0,588.5,745.1,432.0
2025-10-01,HBAN,881.9,588.5,745.1,432.0
2025-11-01,HBAN,510.7,588.5,745.1,432.0
2025-12-01,HBAN,475.0,588.5,745.1,432.0
2026-01-01,HBAN,845.1,588.5,745.1,432.0
2026-02-01,HBAN,637.7,588.5,745.1,432.0
2026-03-01,HBAN,604.1,588.5,745.1,432.0
2025-01-01,HCA,34.6,29.1,33.8,24.3
2025-02-01,HCA,33.3,29.1,33.8,24.3
2025-03-01,HCA,32.1,29.1,33.8,24.3
2025-04-01,HCA,36.8,29.1,33.8,24.3
2025-05-01,HCA,31.9,29.1,33.8,24.3
2025-06-01,HCA,28.7,29.1,33.8,24.3
2025-07-01,HCA,34.7,29.1,33.8,24.3
2025-08-01,HCA,23.6,29.1,33.8,24.3
2025-09-01,HCA,27.3,29.1,33.8,24.3
2025-10-01,HCA,31.8,29.1,33.8,24.3
2025-11-01,HCA,25.2,29.1,33.8,24.3
2025-12-01,HCA,27.4,29.1,33.8,24.3
2026-01-01,HCA,23.0,29.1,33.8,24.3
2026-02-01,HCA,22.3,29.1,33.8,24.3
2026-03-01,HCA,22.7,29.1,33.8,24.3
2025-01-01,HD,63.5,78.6,88.9,68.3
2025-02-01,HD,64.6,78.6,88.9,68.3
2025-03-01,HD,84.8,78.6,88.9,68.3
2025-04-01,HD,82.9,78.6,88.9,68.3
2025-05-01,HD,68.0,78.6,88.9,68.3
2025-06-01,HD,74.5,78.6,88.9,68.3
2025-07-01,HD,72.3,78.6,88.9,68.3
2025-08-01,HD,74.5,78.6,88.9,68.3
2025-09-01,HD,79.9,78.6,88.9,68.3
2025-10-01,HD,68.6,78.6,88.9,68.3
2025-11-01,HD,85.6,78.6,88.9,68.3
2025-12-01,HD,100.8,78.6,88.9,68.3
2026-01-01,HD,90.0,78.6,88.9,68.3
2026-02-01,HD,78.4,78.6,88.9,68.3
2026-03-01,HD,89.2,78.6,88.9,68.3
2025-01-01,HIG,33.1,32.9,36.0,29.8
2025-02-01,HIG,35.1,32.9,36.0,29.8
2025-03-01,HIG,37.0,32.9,36.0,29.8
2025-04-01,HIG,35.3,32.9,36.0,29.8
2025-05-01,HIG,35.3,32.9,36.0,29.8
2025-06-01,HIG,30.5,32.9,36.0,29.8
2025-07-01,HIG,35.5,32.9,36.0,29.8
2025-08-01,HIG,27.7,32.9,36.0,29.8
2025-09-01,HIG,31.4,32.9,36.0,29.8
2025-10-01,HIG,35.7,32.9,36.0,29.8
2025-11-01,HIG,25.8,32.9,36.0,29.8
2025-12-01,HIG,34.3,32.9,36.0,29.8
2026-01-01,HIG,29.6,32.9,36.0,29.8
2026-02-01,HIG,33.8,32.9,36.0,29.8
2026-03-01,HIG,32.7,32.9,36.0,29.8
2025-01-01,HII,9.0,11.8,14.9,8.6
2025-02-01,HII,19.4,11.8,14.9,8.6
2025-03-01,HII,17.7,11.8,14.9,8.6
2025-04-01,HII,16.3,11.8,14.9,8.6
2025-05-01,HII,10.9,11.8,14.9,8.6
2025-06-01,HII,10.2,11.8,14.9,8.6
2025-07-01,HII,10.7,11.8,14.9,8.6
2025-08-01,HII,8.8,11.8,14.9,8.6
2025-09-01,HII,10.0,11.8,14.9,8.6
2025-10-01,HII,10.4,11.8,14.9,8.6
2025-11-01,HII,8.4,11.8,14.9,8.6
2025-12-01,HII,10.3,11.8,14.9,8.6
2026-01-01,HII,12.6,11.8,14.9,8.6
2026-02-01,HII,11.5,11.8,14.9,8.6
2026-03-01,HII,10.8,11.8,14.9,8.6
2025-01-01,HLT,27.4,39.7,48.5,30.8
2025-02-01,HLT,31.3,39.7,48.5,30.8
2025-03-01,HLT,51.5,39.7,48.5,30.8
2025-04-01,HLT,63.5,39.7,48.5,30.8
2025-05-01,HLT,40.6,39.7,48.5,30.8
2025-06-01,HLT,43.0,39.7,48.5,30.8
2025-07-01,HLT,41.1,39.7,48.5,30.8
2025-08-01,HLT,30.4,39.7,48.5,30.8
2025-09-01,HLT,36.1,39.7,48.5,30.8
2025-10-01,HLT,43.1,39.7,48.5,30.8
2025-11-01,HLT,30.4,39.7,48.5,30.8
2025-12-01,HLT,34.7,39.7,48.5,30.8
2026-01-01,HLT,37.8,39.7,48.5,30.8
2026-02-01,HLT,40.9,39.7,48.5,30.8
2026-03-01,HLT,40.9,39.7,48.5,30.8
2025-01-01,HLX,28.0,36.7,45.4,28.0
2025-02-01,HLX,26.8,36.7,45.4,28.0
2025-03-01,HLX,48.0,36.7,45.4,28.0
2025-04-01,HLX,50.3,36.7,45.4,28.0
2025-05-01,HLX,35.1,36.7,45.4,28.0
2025-06-01,HLX,28.5,36.7,45.4,28.0
2025-07-01,HLX,48.2,36.7,45.4,28.0
2025-08-01,HLX,29.1,36.7,45.4,28.0
2025-09-01,HLX,28.7,36.7,45.4,28.0
2025-10-01,HLX,34.6,36.7,45.4,28.0
2025-11-01,HLX,26.2,36.7,45.4,28.0
2025-12-01,HLX,38.0,36.7,45.4,28.0
2026-01-01,HLX,33.2,36.7,45.4,28.0
2026-02-01,HLX,49.4,36.7,45.4,28.0
2026-03-01,HLX,44.2,36.7,45.4,28.0
2025-01-01,HOLX,46.9,59.2,77.4,41.0
2025-02-01,HOLX,45.8,59.2,77.4,41.0
2025-03-01,HOLX,54.6,59.2,77.4,41.0
2025-04-01,HOLX,72.0,59.2,77.4,41.0
2025-05-01,HOLX,102.2,59.2,77.4,41.0
2025-06-01,HOLX,53.1,59.2,77.4,41.0
2025-07-01,HOLX,41.7,59.2,77.4,41.0
2025-08-01,HOLX,35.5,59.2,77.4,41.0
2025-09-01,HOLX,46.1,59.2,77.4,41.0
2025-10-01,HOLX,90.4,59.2,77.4,41.0
2025-11-01,HOLX,64.7,59.2,77.4,41.0
2025-12-01,HOLX,61.5,59.2,77.4,41.0
2026-01-01,HOLX,48.1,59.2,77.4,41.0
2026-02-01,HOLX,49.0,59.2,77.4,41.0
2026-03-01,HOLX,71.0,59.2,77.4,41.0
2025-01-01,HON,74.5,89.7,105.9,73.5
2025-02-01,HON,97.8,89.7,105.9,73.5
2025-03-01,HON,103.8,89.7,105.9,73.5
2025-04-01,HON,118.8,89.7,105.9,73.5
2025-05-01,HON,89.9,89.7,105.9,73.5
2025-06-01,HON,64.0,89.7,105.9,73.5
2025-07-01,HON,85.1,89.7,105.9,73.5
2025-08-01,HON,68.2,89.7,105.9,73.5
2025-09-01,HON,104.8,89.7,105.9,73.5
2025-10-01,HON,112.6,89.7,105.9,73.5
2025-11-01,HON,76.6,89.7,105.9,73.5
2025-12-01,HON,81.1,89.7,105.9,73.5
2026-01-01,HON,103.2,89.7,105.9,73.5
2026-02-01,HON,73.9,89.7,105.9,73.5
2026-03-01,HON,87.0,89.7,105.9,73.5
2025-01-01,HOOD,422.2,758.3,989.8,526.7
2025-02-01,HOOD,684.0,758.3,989.8,526.7
2025-03-01,HOOD,1054.3,758.3,989.8,526.7
2025-04-01,HOOD,1031.9,758.3,989.8,526.7
2025-05-01,HOOD,816.4,758.3,989.8,526.7
2025-06-01,HOOD,833.7,758.3,989.8,526.7
2025-07-01,HOOD,1160.0,758.3,989.8,526.7
2025-08-01,HOOD,823.5,758.3,989.8,526.7
2025-09-01,HOOD,1039.0,758.3,989.8,526.7
2025-10-01,HOOD,610.9,758.3,989.8,526.7
2025-11-01,HOOD,600.3,758.3,989.8,526.7
2025-12-01,HOOD,501.8,758.3,989.8,526.7
2026-01-01,HOOD,429.6,758.3,989.8,526.7
2026-02-01,HOOD,763.9,758.3,989.8,526.7
2026-03-01,HOOD,569.5,758.3,989.8,526.7
2025-01-01,HPE,330.5,457.0,615.7,298.4
2025-02-01,HPE,213.6,457.0,615.7,298.4
2025-03-01,HPE,568.7,457.0,615.7,298.4
2025-04-01,HPE,516.2,457.0,615.7,298.4
2025-05-01,HPE,321.8,457.0,615.7,298.4
2025-06-01,HPE,412.3,457.0,615.7,298.4
2025-07-01,HPE,394.6,457.0,615.7,298.4
2025-08-01,HPE,346.2,457.0,615.7,298.4
2025-09-01,HPE,542.1,457.0,615.7,298.4
2025-10-01,HPE,878.3,457.0,615.7,298.4
2025-11-01,HPE,559.7,457.0,615.7,298.4
2025-12-01,HPE,564.9,457.0,615.7,298.4
2026-01-01,HPE,335.5,457.0,615.7,298.4
2026-02-01,HPE,338.2,457.0,615.7,298.4
2026-03-01,HPE,452.0,457.0,615.7,298.4
2025-01-01,HPQ,122.1,239.6,331.7,147.5
2025-02-01,HPQ,131.1,239.6,331.7,147.5
2025-03-01,HPQ,176.5,239.6,331.7,147.5
2025-04-01,HPQ,224.3,239.6,331.7,147.5
2025-05-01,HPQ,188.0,239.6,331.7,147.5
2025-06-01,HPQ,194.6,239.6,331.7,147.5
2025-07-01,HPQ,162.4,239.6,331.7,147.5
2025-08-01,HPQ,181.4,239.6,331.7,147.5
2025-09-01,HPQ,193.3,239.6,331.7,147.5
2025-10-01,HPQ,290.8,239.6,331.7,147.5
2025-11-01,HPQ,260.1,239.6,331.7,147.5
2025-12-01,HPQ,270.5,239.6,331.7,147.5
2026-01-01,HPQ,356.1,239.6,331.7,147.5
2026-02-01,HPQ,438.8,239.6,331.7,147.5
2026-03-01,HPQ,402.1,239.6,331.7,147.5
2025-01-01,HRL,56.5,82.3,101.0,63.6
2025-02-01,HRL,62.1,82.3,101.0,63.6
2025-03-01,HRL,66.8,82.3,101.0,63.6
2025-04-01,HRL,63.8,82.3,101.0,63.6
2025-05-01,HRL,67.4,82.3,101.0,63.6
2025-06-01,HRL,60.4,82.3,101.0,63.6
2025-07-01,HRL,73.5,82.3,101.0,63.6
2025-08-01,HRL,88.4,82.3,101.0,63.6
2025-09-01,HRL,87.2,82.3,101.0,63.6
2025-10-01,HRL,113.5,82.3,101.0,63.6
2025-11-01,HRL,89.2,82.3,101.0,63.6
2025-12-01,HRL,115.6,82.3,101.0,63.6
2026-01-01,HRL,99.4,82.3,101.0,63.6
2026-02-01,HRL,96.4,82.3,101.0,63.6
2026-03-01,HRL,88.6,82.3,101.0,63.6
2025-01-01,HSIC,27.6,33.0,39.4,26.5
2025-02-01,HSIC,50.1,33.0,39.4,26.5
2025-03-01,HSIC,35.7,33.0,39.4,26.5
2025-04-01,HSIC,29.2,33.0,39.4,26.5
2025-05-01,HSIC,36.0,33.0,39.4,26.5
2025-06-01,HSIC,32.9,33.0,39.4,26.5
2025-07-01,HSIC,36.2,33.0,39.4,26.5
2025-08-01,HSIC,43.3,33.0,39.4,26.5
2025-09-01,HSIC,32.0,33.0,39.4,26.5
2025-10-01,HSIC,32.0,33.0,39.4,26.5
2025-11-01,HSIC,31.5,33.0,39.4,26.5
2025-12-01,HSIC,26.3,33.0,39.4,26.5
2026-01-01,HSIC,24.5,33.0,39.4,26.5
2026-02-01,HSIC,31.9,33.0,39.4,26.5
2026-03-01,HSIC,26.5,33.0,39.4,26.5
2025-01-01,HST,148.8,188.2,218.3,158.1
2025-02-01,HST,170.5,188.2,218.3,158.1
2025-03-01,HST,210.4,188.2,218.3,158.1
2025-04-01,HST,245.9,188.2,218.3,158.1
2025-05-01,HST,243.2,188.2,218.3,158.1
2025-06-01,HST,189.1,188.2,218.3,158.1
2025-07-01,HST,200.0,188.2,218.3,158.1
2025-08-01,HST,209.8,188.2,218.3,158.1
2025-09-01,HST,191.9,188.2,218.3,158.1
2025-10-01,HST,142.6,188.2,218.3,158.1
2025-11-01,HST,182.9,188.2,218.3,158.1
2025-12-01,HST,156.1,188.2,218.3,158.1
2026-01-01,HST,165.4,188.2,218.3,158.1
2026-02-01,HST,172.0,188.2,218.3,158.1
2026-03-01,HST,192.7,188.2,218.3,158.1
2025-01-01,HSY,38.1,36.9,42.3,31.6
2025-02-01,HSY,45.6,36.9,42.3,31.6
2025-03-01,HSY,36.1,36.9,42.3,31.6
2025-04-01,HSY,32.3,36.9,42.3,31.6
2025-05-01,HSY,41.1,36.9,42.3,31.6
2025-06-01,HSY,34.5,36.9,42.3,31.6
2025-07-01,HSY,42.7,36.9,42.3,31.6
2025-08-01,HSY,29.6,36.9,42.3,31.6
2025-09-01,HSY,28.9,36.9,42.3,31.6
2025-10-01,HSY,38.6,36.9,42.3,31.6
2025-11-01,HSY,35.1,36.9,42.3,31.6
2025-12-01,HSY,31.6,36.9,42.3,31.6
2026-01-01,HSY,36.8,36.9,42.3,31.6
2026-02-01,HSY,48.4,36.9,42.3,31.6
2026-03-01,HSY,35.9,36.9,42.3,31.6
2025-01-01,HUBB,11.0,11.9,14.0,9.8
2025-02-01,HUBB,13.6,11.9,14.0,9.8
2025-03-01,HUBB,15.0,11.9,14.0,9.8
2025-04-01,HUBB,15.0,11.9,14.0,9.8
2025-05-01,HUBB,15.3,11.9,14.0,9.8
2025-06-01,HUBB,10.2,11.9,14.0,9.8
2025-07-01,HUBB,13.1,11.9,14.0,9.8
2025-08-01,HUBB,9.6,11.9,14.0,9.8
2025-09-01,HUBB,10.5,11.9,14.0,9.8
2025-10-01,HUBB,13.5,11.9,14.0,9.8
2025-11-01,HUBB,9.8,11.9,14.0,9.8
2025-12-01,HUBB,9.8,11.9,14.0,9.8
2026-01-01,HUBB,10.0,11.9,14.0,9.8
2026-02-01,HUBB,9.9,11.9,14.0,9.8
2026-03-01,HUBB,11.1,11.9,14.0,9.8
2025-01-01,HUM,30.4,37.0,43.0,31.0
2025-02-01,HUM,36.3,37.0,43.0,31.0
2025-03-01,HUM,28.3,37.0,43.0,31.0
2025-04-01,HUM,41.3,37.0,43.0,31.0
2025-05-01,HUM,40.7,37.0,43.0,31.0
2025-06-01,HUM,33.1,37.0,43.0,31.0
2025-07-01,HUM,42.1,37.0,43.0,31.0
2025-08-01,HUM,29.1,37.0,43.0,31.0
2025-09-01,HUM,43.4,37.0,43.0,31.0
2025-10-01,HUM,43.7,37.0,43.0,31.0
2025-11-01,HUM,32.7,37.0,43.0,31.0
2025-12-01,HUM,30.3,37.0,43.0,31.0
2026-01-01,HUM,41.8,37.0,43.0,31.0
2026-02-01,HUM,47.0,37.0,43.0,31.0
2026-03-01,HUM,34.0,37.0,43.0,31.0
2025-01-01,HWM,55.6,55.6,65.1,46.0
2025-02-01,HWM,54.0,55.6,65.1,46.0
2025-03-01,HWM,65.5,55.6,65.1,46.0
2025-04-01,HWM,63.6,55.6,65.1,46.0
2025-05-01,HWM,63.6,55.6,65.1,46.0
2025-06-01,HWM,77.5,55.6,65.1,46.0
2025-07-01,HWM,64.3,55.6,65.1,46.0
2025-08-01,HWM,52.9,55.6,65.1,46.0
2025-09-01,HWM,45.8,55.6,65.1,46.0
2025-10-01,HWM,44.8,55.6,65.1,46.0
2025-11-01,HWM,40.1,55.6,65.1,46.0
2025-12-01,HWM,46.1,55.6,65.1,46.0
2026-01-01,HWM,54.1,55.6,65.1,46.0
2026-02-01,HWM,56.2,55.6,65.1,46.0
2026-03-01,HWM,50.2,55.6,65.1,46.0
2025-01-01,HYD,16.9,17.4,23.1,11.8
2025-02-01,HYD,8.5,17.4,23.1,11.8
2025-03-01,HYD,19.4,17.4,23.1,11.8
2025-04-01,HYD,32.0,17.4,23.1,11.8
2025-05-01,HYD,20.6,17.4,23.1,11.8
2025-06-01,HYD,16.3,17.4,23.1,11.8
2025-07-01,HYD,18.2,17.4,23.1,11.8
2025-08-01,HYD,16.5,17.4,23.1,11.8
2025-09-01,HYD,14.8,17.4,23.1,11.8
2025-10-01,HYD,9.6,17.4,23.1,11.8
2025-11-01,HYD,11.7,17.4,23.1,11.8
2025-12-01,HYD,21.2,17.4,23.1,11.8
2026-01-01,HYD,21.0,17.4,23.1,11.8
2026-02-01,HYD,12.1,17.4,23.1,11.8
2026-03-01,HYD,21.2,17.4,23.1,11.8
2025-01-01,HYG,655.6,886.0,1188.1,583.9
2025-02-01,HYG,567.0,886.0,1188.1,583.9
2025-03-01,HYG,1021.9,886.0,1188.1,583.9
2025-04-01,HYG,1591.9,886.0,1188.1,583.9
2025-05-01,HYG,803.5,886.0,1188.1,583.9
2025-06-01,HYG,719.1,886.0,1188.1,583.9
2025-07-01,HYG,670.4,886.0,1188.1,583.9
2025-08-01,HYG,708.3,886.0,1188.1,583.9
2025-09-01,HYG,736.5,886.0,1188.1,583.9
2025-10-01,HYG,1092.1,886.0,1188.1,583.9
2025-11-01,HYG,848.5,886.0,1188.1,583.9
2025-12-01,HYG,724.9,886.0,1188.1,583.9
2026-01-01,HYG,706.4,886.0,1188.1,583.9
2026-02-01,HYG,807.7,886.0,1188.1,583.9
2026-03-01,HYG,1534.7,886.0,1188.1,583.9
2025-01-01,IBKR,135.5,129.6,173.3,85.9
2025-02-01,IBKR,168.3,129.6,173.3,85.9
2025-03-01,IBKR,212.1,129.6,173.3,85.9
2025-04-01,IBKR,206.9,129.6,173.3,85.9
2025-05-01,IBKR,103.6,129.6,173.3,85.9
2025-06-01,IBKR,104.7,129.6,173.3,85.9
2025-07-01,IBKR,129.8,129.6,173.3,85.9
2025-08-01,IBKR,197.7,129.6,173.3,85.9
2025-09-01,IBKR,111.2,129.6,173.3,85.9
2025-10-01,IBKR,110.6,129.6,173.3,85.9
2025-11-01,IBKR,82.6,129.6,173.3,85.9
2025-12-01,IBKR,75.3,129.6,173.3,85.9
2026-01-01,IBKR,106.6,129.6,173.3,85.9
2026-02-01,IBKR,93.9,129.6,173.3,85.9
2026-03-01,IBKR,105.1,129.6,173.3,85.9
2025-01-01,IBM,92.4,103.3,123.9,82.7
2025-02-01,IBM,94.1,103.3,123.9,82.7
2025-03-01,IBM,100.9,103.3,123.9,82.7
2025-04-01,IBM,120.8,103.3,123.9,82.7
2025-05-01,IBM,78.2,103.3,123.9,82.7
2025-06-01,IBM,74.4,103.3,123.9,82.7
2025-07-01,IBM,109.1,103.3,123.9,82.7
2025-08-01,IBM,105.0,103.3,123.9,82.7
2025-09-01,IBM,110.3,103.3,123.9,82.7
2025-10-01,IBM,140.5,103.3,123.9,82.7
2025-11-01,IBM,85.9,103.3,123.9,82.7
2025-12-01,IBM,78.4,103.3,123.9,82.7
2026-01-01,IBM,93.2,103.3,123.9,82.7
2026-02-01,IBM,143.5,103.3,123.9,82.7
2026-03-01,IBM,118.3,103.3,123.9,82.7
2025-01-01,ICE,63.8,68.8,84.3,53.4
2025-02-01,ICE,54.7,68.8,84.3,53.4
2025-03-01,ICE,71.5,68.8,84.3,53.4
2025-04-01,ICE,82.2,68.8,84.3,53.4
2025-05-01,ICE,64.2,68.8,84.3,53.4
2025-06-01,ICE,46.4,68.8,84.3,53.4
2025-07-01,ICE,47.6,68.8,84.3,53.4
2025-08-01,ICE,62.1,68.8,84.3,53.4
2025-09-01,ICE,65.1,68.8,84.3,53.4
2025-10-01,ICE,103.0,68.8,84.3,53.4
2025-11-01,ICE,65.2,68.8,84.3,53.4
2025-12-01,ICE,67.6,68.8,84.3,53.4
2026-01-01,ICE,65.5,68.8,84.3,53.4
2026-02-01,ICE,98.2,68.8,84.3,53.4
2026-03-01,ICE,72.7,68.8,84.3,53.4
2025-01-01,ICL,15.8,20.3,28.8,11.9
2025-02-01,ICL,22.2,20.3,28.8,11.9
2025-03-01,ICL,15.3,20.3,28.8,11.9
2025-04-01,ICL,19.1,20.3,28.8,11.9
2025-05-01,ICL,15.1,20.3,28.8,11.9
2025-06-01,ICL,16.1,20.3,28.8,11.9
2025-07-01,ICL,14.9,20.3,28.8,11.9
2025-08-01,ICL,15.7,20.3,28.8,11.9
2025-09-01,ICL,14.0,20.3,28.8,11.9
2025-10-01,ICL,13.6,20.3,28.8,11.9
2025-11-01,ICL,17.6,20.3,28.8,11.9
2025-12-01,ICL,23.2,20.3,28.8,11.9
2026-01-01,ICL,27.2,20.3,28.8,11.9
2026-02-01,ICL,29.3,20.3,28.8,11.9
2026-03-01,ICL,45.9,20.3,28.8,11.9
2025-01-01,IDXX,13.9,12.7,16.2,9.2
2025-02-01,IDXX,14.1,12.7,16.2,9.2
2025-03-01,IDXX,15.4,12.7,16.2,9.2
2025-04-01,IDXX,23.1,12.7,16.2,9.2
2025-05-01,IDXX,14.9,12.7,16.2,9.2
2025-06-01,IDXX,9.6,12.7,16.2,9.2
2025-07-01,IDXX,11.7,12.7,16.2,9.2
2025-08-01,IDXX,14.6,12.7,16.2,9.2
2025-09-01,IDXX,8.7,12.7,16.2,9.2
2025-10-01,IDXX,10.0,12.7,16.2,9.2
2025-11-01,IDXX,12.9,12.7,16.2,9.2
2025-12-01,IDXX,11.5,12.7,16.2,9.2
2026-01-01,IDXX,9.5,12.7,16.2,9.2
2026-02-01,IDXX,10.5,12.7,16.2,9.2
2026-03-01,IDXX,10.6,12.7,16.2,9.2
2025-01-01,IEF,101.9,186.2,246.8,125.6
2025-02-01,IEF,116.3,186.2,246.8,125.6
2025-03-01,IEF,168.9,186.2,246.8,125.6
2025-04-01,IEF,341.9,186.2,246.8,125.6
2025-05-01,IEF,196.5,186.2,246.8,125.6
2025-06-01,IEF,158.8,186.2,246.8,125.6
2025-07-01,IEF,144.2,186.2,246.8,125.6
2025-08-01,IEF,153.6,186.2,246.8,125.6
2025-09-01,IEF,183.8,186.2,246.8,125.6
2025-10-01,IEF,183.2,186.2,246.8,125.6
2025-11-01,IEF,206.3,186.2,246.8,125.6
2025-12-01,IEF,161.3,186.2,246.8,125.6
2026-01-01,IEF,189.7,186.2,246.8,125.6
2026-02-01,IEF,174.1,186.2,246.8,125.6
2026-03-01,IEF,299.8,186.2,246.8,125.6
2025-01-01,IEX,8.6,14.6,17.5,11.8
2025-02-01,IEX,12.1,14.6,17.5,11.8
2025-03-01,IEX,13.2,14.6,17.5,11.8
2025-04-01,IEX,17.9,14.6,17.5,11.8
2025-05-01,IEX,12.7,14.6,17.5,11.8
2025-06-01,IEX,14.3,14.6,17.5,11.8
2025-07-01,IEX,16.8,14.6,17.5,11.8
2025-08-01,IEX,16.1,14.6,17.5,11.8
2025-09-01,IEX,15.6,14.6,17.5,11.8
2025-10-01,IEX,14.5,14.6,17.5,11.8
2025-11-01,IEX,11.8,14.6,17.5,11.8
2025-12-01,IEX,13.4,14.6,17.5,11.8
2026-01-01,IEX,13.6,14.6,17.5,11.8
2026-02-01,IEX,19.5,14.6,17.5,11.8
2026-03-01,IEX,19.0,14.6,17.5,11.8
2025-01-01,IFF,27.1,40.4,47.7,33.1
2025-02-01,IFF,33.3,40.4,47.7,33.1
2025-03-01,IFF,41.0,40.4,47.7,33.1
2025-04-01,IFF,42.1,40.4,47.7,33.1
2025-05-01,IFF,37.4,40.4,47.7,33.1
2025-06-01,IFF,30.7,40.4,47.7,33.1
2025-07-01,IFF,36.6,40.4,47.7,33.1
2025-08-01,IFF,50.7,40.4,47.7,33.1
2025-09-01,IFF,49.4,40.4,47.7,33.1
2025-10-01,IFF,48.2,40.4,47.7,33.1
2025-11-01,IFF,49.9,40.4,47.7,33.1
2025-12-01,IFF,47.9,40.4,47.7,33.1
2026-01-01,IFF,33.0,40.4,47.7,33.1
2026-02-01,IFF,36.5,40.4,47.7,33.1
2026-03-01,IFF,40.1,40.4,47.7,33.1
2025-01-01,INCY,27.7,40.2,45.9,34.4
2025-02-01,INCY,35.0,40.2,45.9,34.4
2025-03-01,INCY,44.8,40.2,45.9,34.4
2025-04-01,INCY,46.3,40.2,45.9,34.4
2025-05-01,INCY,37.8,40.2,45.9,34.4
2025-06-01,INCY,43.1,40.2,45.9,34.4
2025-07-01,INCY,37.1,40.2,45.9,34.4
2025-08-01,INCY,35.8,40.2,45.9,34.4
2025-09-01,INCY,38.2,40.2,45.9,34.4
2025-10-01,INCY,50.8,40.2,45.9,34.4
2025-11-01,INCY,44.6,40.2,45.9,34.4
2025-12-01,INCY,46.1,40.2,45.9,34.4
2026-01-01,INCY,41.2,40.2,45.9,34.4
2026-02-01,INCY,37.3,40.2,45.9,34.4
2026-03-01,INCY,35.1,40.2,45.9,34.4
2025-01-01,INDA,106.3,141.5,185.0,98.1
2025-02-01,INDA,113.6,141.5,185.0,98.1
2025-03-01,INDA,141.4,141.5,185.0,98.1
2025-04-01,INDA,206.4,141.5,185.0,98.1
2025-05-01,INDA,160.1,141.5,185.0,98.1
2025-06-01,INDA,114.9,141.5,185.0,98.1
2025-07-01,INDA,139.0,141.5,185.0,98.1
2025-08-01,INDA,137.4,141.5,185.0,98.1
2025-09-01,INDA,90.6,141.5,185.0,98.1
2025-10-01,INDA,120.6,141.5,185.0,98.1
2025-11-01,INDA,100.9,141.5,185.0,98.1
2025-12-01,INDA,118.3,141.5,185.0,98.1
2026-01-01,INDA,129.7,141.5,185.0,98.1
2026-02-01,INDA,175.5,141.5,185.0,98.1
2026-03-01,INDA,259.0,141.5,185.0,98.1
2025-01-01,INTC,1473.1,2099.1,2623.8,1574.3
2025-02-01,INTC,2309.5,2099.1,2623.8,1574.3
2025-03-01,INTC,2204.8,2099.1,2623.8,1574.3
2025-04-01,INTC,2422.9,2099.1,2623.8,1574.3
2025-05-01,INTC,1397.6,2099.1,2623.8,1574.3
2025-06-01,INTC,1853.6,2099.1,2623.8,1574.3
2025-07-01,INTC,1842.4,2099.1,2623.8,1574.3
2025-08-01,INTC,2840.3,2099.1,2623.8,1574.3
2025-09-01,INTC,2703.4,2099.1,2623.8,1574.3
2025-10-01,INTC,2783.0,2099.1,2623.8,1574.3
2025-11-01,INTC,1483.7,2099.1,2623.8,1574.3
2025-12-01,INTC,1627.5,2099.1,2623.8,1574.3
2026-01-01,INTC,2945.8,2099.1,2623.8,1574.3
2026-02-01,INTC,1719.7,2099.1,2623.8,1574.3
2026-03-01,INTC,1787.1,2099.1,2623.8,1574.3
2025-01-01,INTU,34.1,46.0,64.5,27.4
2025-02-01,INTU,40.7,46.0,64.5,27.4
2025-03-01,INTU,37.3,46.0,64.5,27.4
2025-04-01,INTU,39.3,46.0,64.5,27.4
2025-05-01,INTU,41.0,46.0,64.5,27.4
2025-06-01,INTU,31.7,46.0,64.5,27.4
2025-07-01,INTU,31.9,46.0,64.5,27.4
2025-08-01,INTU,44.9,46.0,64.5,27.4
2025-09-01,INTU,43.6,46.0,64.5,27.4
2025-10-01,INTU,37.3,46.0,64.5,27.4
2025-11-01,INTU,35.1,46.0,64.5,27.4
2025-12-01,INTU,37.7,46.0,64.5,27.4
2026-01-01,INTU,58.5,46.0,64.5,27.4
2026-02-01,INTU,102.9,46.0,64.5,27.4
2026-03-01,INTU,77.1,46.0,64.5,27.4
2025-01-01,INVH,64.1,94.0,126.0,62.0
2025-02-01,INVH,51.3,94.0,126.0,62.0
2025-03-01,INVH,69.6,94.0,126.0,62.0
2025-04-01,INVH,69.7,94.0,126.0,62.0
2025-05-01,INVH,70.1,94.0,126.0,62.0
2025-06-01,INVH,71.1,94.0,126.0,62.0
2025-07-01,INVH,74.1,94.0,126.0,62.0
2025-08-01,INVH,76.9,94.0,126.0,62.0
2025-09-01,INVH,97.0,94.0,126.0,62.0
2025-10-01,INVH,114.1,94.0,126.0,62.0
2025-11-01,INVH,89.6,94.0,126.0,62.0
2025-12-01,INVH,115.0,94.0,126.0,62.0
2026-01-01,INVH,154.1,94.0,126.0,62.0
2026-02-01,INVH,132.9,94.0,126.0,62.0
2026-03-01,INVH,155.1,94.0,126.0,62.0
2025-01-01,IP,145.9,123.3,172.5,74.1
2025-02-01,IP,290.0,123.3,172.5,74.1
2025-03-01,IP,146.3,123.3,172.5,74.1
2025-04-01,IP,101.8,123.3,172.5,74.1
2025-05-01,IP,102.2,123.3,172.5,74.1
2025-06-01,IP,73.1,123.3,172.5,74.1
2025-07-01,IP,103.9,123.3,172.5,74.1
2025-08-01,IP,88.0,123.3,172.5,74.1
2025-09-01,IP,79.6,123.3,172.5,74.1
2025-10-01,IP,114.6,123.3,172.5,74.1
2025-11-01,IP,97.7,123.3,172.5,74.1
2025-12-01,IP,95.5,123.3,172.5,74.1
2026-01-01,IP,149.5,123.3,172.5,74.1
2026-02-01,IP,145.5,123.3,172.5,74.1
2026-03-01,IP,134.1,123.3,172.5,74.1
2025-01-01,IQV,27.8,37.9,50.7,25.2
2025-02-01,IQV,28.6,37.9,50.7,25.2
2025-03-01,IQV,32.7,37.9,50.7,25.2
2025-04-01,IQV,48.3,37.9,50.7,25.2
2025-05-01,IQV,56.7,37.9,50.7,25.2
2025-06-01,IQV,49.4,37.9,50.7,25.2
2025-07-01,IQV,49.9,37.9,50.7,25.2
2025-08-01,IQV,26.8,37.9,50.7,25.2
2025-09-01,IQV,24.6,37.9,50.7,25.2
2025-10-01,IQV,41.4,37.9,50.7,25.2
2025-11-01,IQV,26.8,37.9,50.7,25.2
2025-12-01,IQV,29.2,37.9,50.7,25.2
2026-01-01,IQV,25.0,37.9,50.7,25.2
2026-02-01,IQV,67.4,37.9,50.7,25.2
2026-03-01,IQV,34.2,37.9,50.7,25.2
2025-01-01,IR,47.9,65.6,80.7,50.6
2025-02-01,IR,51.4,65.6,80.7,50.6
2025-03-01,IR,55.2,65.6,80.7,50.6
2025-04-01,IR,82.7,65.6,80.7,50.6
2025-05-01,IR,75.2,65.6,80.7,50.6
2025-06-01,IR,42.7,65.6,80.7,50.6
2025-07-01,IR,60.6,65.6,80.7,50.6
2025-08-01,IR,68.4,65.6,80.7,50.6
2025-09-01,IR,82.9,65.6,80.7,50.6
2025-10-01,IR,74.0,65.6,80.7,50.6
2025-11-01,IR,60.7,65.6,80.7,50.6
2025-12-01,IR,51.0,65.6,80.7,50.6
2026-01-01,IR,62.9,65.6,80.7,50.6
2026-02-01,IR,102.1,65.6,80.7,50.6
2026-03-01,IR,66.5,65.6,80.7,50.6
2025-01-01,IRM,39.3,37.6,44.9,30.3
2025-02-01,IRM,44.2,37.6,44.9,30.3
2025-03-01,IRM,46.6,37.6,44.9,30.3
2025-04-01,IRM,40.5,37.6,44.9,30.3
2025-05-01,IRM,34.3,37.6,44.9,30.3
2025-06-01,IRM,35.5,37.6,44.9,30.3
2025-07-01,IRM,24.5,37.6,44.9,30.3
2025-08-01,IRM,31.7,37.6,44.9,30.3
2025-09-01,IRM,34.9,37.6,44.9,30.3
2025-10-01,IRM,27.3,37.6,44.9,30.3
2025-11-01,IRM,50.7,37.6,44.9,30.3
2025-12-01,IRM,44.6,37.6,44.9,30.3
2026-01-01,IRM,39.4,37.6,44.9,30.3
2026-02-01,IRM,44.4,37.6,44.9,30.3
2026-03-01,IRM,30.2,37.6,44.9,30.3
2025-01-01,ISRG,40.2,42.3,52.2,32.5
2025-02-01,ISRG,27.5,42.3,52.2,32.5
2025-03-01,ISRG,55.9,42.3,52.2,32.5
2025-04-01,ISRG,55.2,42.3,52.2,32.5
2025-05-01,ISRG,29.4,42.3,52.2,32.5
2025-06-01,ISRG,35.9,42.3,52.2,32.5
2025-07-01,ISRG,43.8,42.3,52.2,32.5
2025-08-01,ISRG,40.4,42.3,52.2,32.5
2025-09-01,ISRG,55.6,42.3,52.2,32.5
2025-10-01,ISRG,59.4,42.3,52.2,32.5
2025-11-01,ISRG,38.8,42.3,52.2,32.5
2025-12-01,ISRG,32.3,42.3,52.2,32.5
2026-01-01,ISRG,41.7,42.3,52.2,32.5
2026-02-01,ISRG,40.2,42.3,52.2,32.5
2026-03-01,ISRG,35.2,42.3,52.2,32.5
2025-01-01,IT,9.0,22.5,32.8,12.2
2025-02-01,IT,9.7,22.5,32.8,12.2
2025-03-01,IT,16.8,22.5,32.8,12.2
2025-04-01,IT,15.5,22.5,32.8,12.2
2025-05-01,IT,12.3,22.5,32.8,12.2
2025-06-01,IT,17.7,22.5,32.8,12.2
2025-07-01,IT,19.2,22.5,32.8,12.2
2025-08-01,IT,38.2,22.5,32.8,12.2
2025-09-01,IT,35.8,22.5,32.8,12.2
2025-10-01,IT,25.0,22.5,32.8,12.2
2025-11-01,IT,19.1,22.5,32.8,12.2
2025-12-01,IT,21.0,22.5,32.8,12.2
2026-01-01,IT,19.8,22.5,32.8,12.2
2026-02-01,IT,45.2,22.5,32.8,12.2
2026-03-01,IT,32.8,22.5,32.8,12.2
2025-01-01,ITW,17.9,24.1,29.1,19.0
2025-02-01,ITW,20.7,24.1,29.1,19.0
2025-03-01,ITW,26.4,24.1,29.1,19.0
2025-04-01,ITW,30.8,24.1,29.1,19.0
2025-05-01,ITW,23.2,24.1,29.1,19.0
2025-06-01,ITW,17.2,24.1,29.1,19.0
2025-07-01,ITW,23.1,24.1,29.1,19.0
2025-08-01,ITW,19.5,24.1,29.1,19.0
2025-09-01,ITW,17.4,24.1,29.1,19.0
2025-10-01,ITW,29.6,24.1,29.1,19.0
2025-11-01,ITW,21.8,24.1,29.1,19.0
2025-12-01,ITW,23.6,24.1,29.1,19.0
2026-01-01,ITW,27.4,24.1,29.1,19.0
2026-02-01,ITW,34.7,24.1,29.1,19.0
2026-03-01,ITW,27.0,24.1,29.1,19.0
2025-01-01,IVZ,89.8,113.2,143.5,82.9
2025-02-01,IVZ,74.3,113.2,143.5,82.9
2025-03-01,IVZ,120.7,113.2,143.5,82.9
2025-04-01,IVZ,159.4,113.2,143.5,82.9
2025-05-01,IVZ,94.3,113.2,143.5,82.9
2025-06-01,IVZ,101.6,113.2,143.5,82.9
2025-07-01,IVZ,185.0,113.2,143.5,82.9
2025-08-01,IVZ,93.1,113.2,143.5,82.9
2025-09-01,IVZ,86.9,113.2,143.5,82.9
2025-10-01,IVZ,139.6,113.2,143.5,82.9
2025-11-01,IVZ,72.6,113.2,143.5,82.9
2025-12-01,IVZ,118.2,113.2,143.5,82.9
2026-01-01,IVZ,128.2,113.2,143.5,82.9
2026-02-01,IVZ,110.7,113.2,143.5,82.9
2026-03-01,IVZ,109.2,113.2,143.5,82.9
2025-01-01,IWD,58.5,64.1,84.4,43.9
2025-02-01,IWD,26.6,64.1,84.4,43.9
2025-03-01,IWD,52.1,64.1,84.4,43.9
2025-04-01,IWD,68.1,64.1,84.4,43.9
2025-05-01,IWD,51.2,64.1,84.4,43.9
2025-06-01,IWD,48.1,64.1,84.4,43.9
2025-07-01,IWD,49.8,64.1,84.4,43.9
2025-08-01,IWD,41.0,64.1,84.4,43.9
2025-09-01,IWD,55.8,64.1,84.4,43.9
2025-10-01,IWD,78.6,64.1,84.4,43.9
2025-11-01,IWD,87.6,64.1,84.4,43.9
2025-12-01,IWD,93.6,64.1,84.4,43.9
2026-01-01,IWD,84.3,64.1,84.4,43.9
2026-02-01,IWD,61.7,64.1,84.4,43.9
2026-03-01,IWD,99.6,64.1,84.4,43.9
2025-01-01,IWF,35.6,38.1,56.2,20.0
2025-02-01,IWF,23.1,38.1,56.2,20.0
2025-03-01,IWF,42.1,38.1,56.2,20.0
2025-04-01,IWF,53.2,38.1,56.2,20.0
2025-05-01,IWF,28.9,38.1,56.2,20.0
2025-06-01,IWF,22.5,38.1,56.2,20.0
2025-07-01,IWF,23.5,38.1,56.2,20.0
2025-08-01,IWF,18.4,38.1,56.2,20.0
2025-09-01,IWF,24.6,38.1,56.2,20.0
2025-10-01,IWF,31.3,38.1,56.2,20.0
2025-11-01,IWF,27.3,38.1,56.2,20.0
2025-12-01,IWF,40.4,38.1,56.2,20.0
2026-01-01,IWF,46.4,38.1,56.2,20.0
2026-02-01,IWF,71.2,38.1,56.2,20.0
2026-03-01,IWF,82.4,38.1,56.2,20.0
2025-01-01,IWM,515.2,772.3,943.1,601.4
2025-02-01,IWM,454.0,772.3,943.1,601.4
2025-03-01,IWM,696.9,772.3,943.1,601.4
2025-04-01,IWM,984.3,772.3,943.1,601.4
2025-05-01,IWM,599.4,772.3,943.1,601.4
2025-06-01,IWM,680.6,772.3,943.1,601.4
2025-07-01,IWM,784.5,772.3,943.1,601.4
2025-08-01,IWM,709.3,772.3,943.1,601.4
2025-09-01,IWM,847.5,772.3,943.1,601.4
2025-10-01,IWM,871.4,772.3,943.1,601.4
2025-11-01,IWM,921.3,772.3,943.1,601.4
2025-12-01,IWM,773.0,772.3,943.1,601.4
2026-01-01,IWM,777.1,772.3,943.1,601.4
2026-02-01,IWM,761.1,772.3,943.1,601.4
2026-03-01,IWM,1146.9,772.3,943.1,601.4
2025-01-01,J,13.3,18.7,23.1,14.2
2025-02-01,J,19.2,18.7,23.1,14.2
2025-03-01,J,21.4,18.7,23.1,14.2
2025-04-01,J,18.3,18.7,23.1,14.2
2025-05-01,J,20.4,18.7,23.1,14.2
2025-06-01,J,13.2,18.7,23.1,14.2
2025-07-01,J,14.1,18.7,23.1,14.2
2025-08-01,J,15.2,18.7,23.1,14.2
2025-09-01,J,14.3,18.7,23.1,14.2
2025-10-01,J,28.4,18.7,23.1,14.2
2025-11-01,J,22.8,18.7,23.1,14.2
2025-12-01,J,22.5,18.7,23.1,14.2
2026-01-01,J,13.9,18.7,23.1,14.2
2026-02-01,J,22.6,18.7,23.1,14.2
2026-03-01,J,19.9,18.7,23.1,14.2
2025-01-01,JBHT,21.1,24.3,30.1,18.6
2025-02-01,JBHT,15.5,24.3,30.1,18.6
2025-03-01,JBHT,23.4,24.3,30.1,18.6
2025-04-01,JBHT,34.8,24.3,30.1,18.6
2025-05-01,JBHT,26.4,24.3,30.1,18.6
2025-06-01,JBHT,18.1,24.3,30.1,18.6
2025-07-01,JBHT,25.4,24.3,30.1,18.6
2025-08-01,JBHT,21.8,24.3,30.1,18.6
2025-09-01,JBHT,25.0,24.3,30.1,18.6
2025-10-01,JBHT,38.1,24.3,30.1,18.6
2025-11-01,JBHT,22.8,24.3,30.1,18.6
2025-12-01,JBHT,26.2,24.3,30.1,18.6
2026-01-01,JBHT,21.4,24.3,30.1,18.6
2026-02-01,JBHT,22.0,24.3,30.1,18.6
2026-03-01,JBHT,20.0,24.3,30.1,18.6
2025-01-01,JBL,29.5,28.2,33.6,22.7
2025-02-01,JBL,20.5,28.2,33.6,22.7
2025-03-01,JBL,34.0,28.2,33.6,22.7
2025-04-01,JBL,32.9,28.2,33.6,22.7
2025-05-01,JBL,20.7,28.2,33.6,22.7
2025-06-01,JBL,38.9,28.2,33.6,22.7
2025-07-01,JBL,28.6,28.2,33.6,22.7
2025-08-01,JBL,28.6,28.2,33.6,22.7
2025-09-01,JBL,34.8,28.2,33.6,22.7
2025-10-01,JBL,28.7,28.2,33.6,22.7
2025-11-01,JBL,21.4,28.2,33.6,22.7
2025-12-01,JBL,29.6,28.2,33.6,22.7
2026-01-01,JBL,22.9,28.2,33.6,22.7
2026-02-01,JBL,21.1,28.2,33.6,22.7
2026-03-01,JBL,28.3,28.2,33.6,22.7
2025-01-01,JCI,81.5,98.6,110.3,87.0
2025-02-01,JCI,97.0,98.6,110.3,87.0
2025-03-01,JCI,99.3,98.6,110.3,87.0
2025-04-01,JCI,97.3,98.6,110.3,87.0
2025-05-01,JCI,104.7,98.6,110.3,87.0
2025-06-01,JCI,93.7,98.6,110.3,87.0
2025-07-01,JCI,106.1,98.6,110.3,87.0
2025-08-01,JCI,106.2,98.6,110.3,87.0
2025-09-01,JCI,85.0,98.6,110.3,87.0
2025-10-01,JCI,80.7,98.6,110.3,87.0
2025-11-01,JCI,102.0,98.6,110.3,87.0
2025-12-01,JCI,112.1,98.6,110.3,87.0
2026-01-01,JCI,122.6,98.6,110.3,87.0
2026-02-01,JCI,108.0,98.6,110.3,87.0
2026-03-01,JCI,86.0,98.6,110.3,87.0
2025-01-01,JKHY,10.9,16.5,21.5,11.6
2025-02-01,JKHY,12.2,16.5,21.5,11.6
2025-03-01,JKHY,15.8,16.5,21.5,11.6
2025-04-01,JKHY,13.5,16.5,21.5,11.6
2025-05-01,JKHY,16.0,16.5,21.5,11.6
2025-06-01,JKHY,10.1,16.5,21.5,11.6
2025-07-01,JKHY,9.7,16.5,21.5,11.6
2025-08-01,JKHY,18.0,16.5,21.5,11.6
2025-09-01,JKHY,20.1,16.5,21.5,11.6
2025-10-01,JKHY,26.4,16.5,21.5,11.6
2025-11-01,JKHY,17.2,16.5,21.5,11.6
2025-12-01,JKHY,17.4,16.5,21.5,11.6
2026-01-01,JKHY,13.9,16.5,21.5,11.6
2026-02-01,JKHY,25.3,16.5,21.5,11.6
2026-03-01,JKHY,20.6,16.5,21.5,11.6
2025-01-01,JNJ,192.8,183.1,200.9,165.4
2025-02-01,JNJ,170.0,183.1,200.9,165.4
2025-03-01,JNJ,186.8,183.1,200.9,165.4
2025-04-01,JNJ,236.8,183.1,200.9,165.4
2025-05-01,JNJ,174.3,183.1,200.9,165.4
2025-06-01,JNJ,159.0,183.1,200.9,165.4
2025-07-01,JNJ,187.6,183.1,200.9,165.4
2025-08-01,JNJ,174.9,183.1,200.9,165.4
2025-09-01,JNJ,180.8,183.1,200.9,165.4
2025-10-01,JNJ,195.1,183.1,200.9,165.4
2025-11-01,JNJ,174.2,183.1,200.9,165.4
2025-12-01,JNJ,176.4,183.1,200.9,165.4
2026-01-01,JNJ,191.4,183.1,200.9,165.4
2026-02-01,JNJ,181.3,183.1,200.9,165.4
2026-03-01,JNJ,162.8,183.1,200.9,165.4
2025-01-01,JNK,56.5,96.7,137.1,56.3
2025-02-01,JNK,50.7,96.7,137.1,56.3
2025-03-01,JNK,83.7,96.7,137.1,56.3
2025-04-01,JNK,174.7,96.7,137.1,56.3
2025-05-01,JNK,81.3,96.7,137.1,56.3
2025-06-01,JNK,82.5,96.7,137.1,56.3
2025-07-01,JNK,87.9,96.7,137.1,56.3
2025-08-01,JNK,77.0,96.7,137.1,56.3
2025-09-01,JNK,84.3,96.7,137.1,56.3
2025-10-01,JNK,110.3,96.7,137.1,56.3
2025-11-01,JNK,99.3,96.7,137.1,56.3
2025-12-01,JNK,95.7,96.7,137.1,56.3
2026-01-01,JNK,69.1,96.7,137.1,56.3
2026-02-01,JNK,78.0,96.7,137.1,56.3
2026-03-01,JNK,204.2,96.7,137.1,56.3
2025-01-01,JPM,209.8,201.7,241.8,161.6
2025-02-01,JPM,156.6,201.7,241.8,161.6
2025-03-01,JPM,265.2,201.7,241.8,161.6
2025-04-01,JPM,287.4,201.7,241.8,161.6
2025-05-01,JPM,165.1,201.7,241.8,161.6
2025-06-01,JPM,174.4,201.7,241.8,161.6
2025-07-01,JPM,198.6,201.7,241.8,161.6
2025-08-01,JPM,148.8,201.7,241.8,161.6
2025-09-01,JPM,182.6,201.7,241.8,161.6
2025-10-01,JPM,189.4,201.7,241.8,161.6
2025-11-01,JPM,150.2,201.7,241.8,161.6
2025-12-01,JPM,211.6,201.7,241.8,161.6
2026-01-01,JPM,243.5,201.7,241.8,161.6
2026-02-01,JPM,203.1,201.7,241.8,161.6
2026-03-01,JPM,231.2,201.7,241.8,161.6
2025-01-01,KDP,154.8,286.6,372.6,200.6
2025-02-01,KDP,299.9,286.6,372.6,200.6
2025-03-01,KDP,293.5,286.6,372.6,200.6
2025-04-01,KDP,295.5,286.6,372.6,200.6
2025-05-01,KDP,286.2,286.6,372.6,200.6
2025-06-01,KDP,206.7,286.6,372.6,200.6
2025-07-01,KDP,233.9,286.6,372.6,200.6
2025-08-01,KDP,313.2,286.6,372.6,200.6
2025-09-01,KDP,478.6,286.6,372.6,200.6
2025-10-01,KDP,450.1,286.6,372.6,200.6
2025-11-01,KDP,307.6,286.6,372.6,200.6
2025-12-01,KDP,310.7,286.6,372.6,200.6
2026-01-01,KDP,215.4,286.6,372.6,200.6
2026-02-01,KDP,213.3,286.6,372.6,200.6
2026-03-01,KDP,212.2,286.6,372.6,200.6
2025-01-01,KEY,276.5,384.0,510.9,257.1
2025-02-01,KEY,208.7,384.0,510.9,257.1
2025-03-01,KEY,346.0,384.0,510.9,257.1
2025-04-01,KEY,368.2,384.0,510.9,257.1
2025-05-01,KEY,260.2,384.0,510.9,257.1
2025-06-01,KEY,263.2,384.0,510.9,257.1
2025-07-01,KEY,620.8,384.0,510.9,257.1
2025-08-01,KEY,562.5,384.0,510.9,257.1
2025-09-01,KEY,615.0,384.0,510.9,257.1
2025-10-01,KEY,494.6,384.0,510.9,257.1
2025-11-01,KEY,346.8,384.0,510.9,257.1
2025-12-01,KEY,340.0,384.0,510.9,257.1
2026-01-01,KEY,325.7,384.0,510.9,257.1
2026-02-01,KEY,333.0,384.0,510.9,257.1
2026-03-01,KEY,342.8,384.0,510.9,257.1
2025-01-01,KEYS,17.1,23.4,28.7,18.1
2025-02-01,KEYS,24.2,23.4,28.7,18.1
2025-03-01,KEYS,20.3,23.4,28.7,18.1
2025-04-01,KEYS,24.2,23.4,28.7,18.1
2025-05-01,KEYS,22.5,23.4,28.7,18.1
2025-06-01,KEYS,16.4,23.4,28.7,18.1
2025-07-01,KEYS,16.8,23.4,28.7,18.1
2025-08-01,KEYS,21.9,23.4,28.7,18.1
2025-09-01,KEYS,21.0,23.4,28.7,18.1
2025-10-01,KEYS,26.5,23.4,28.7,18.1
2025-11-01,KEYS,28.1,23.4,28.7,18.1
2025-12-01,KEYS,23.6,23.4,28.7,18.1
2026-01-01,KEYS,20.6,23.4,28.7,18.1
2026-02-01,KEYS,34.8,23.4,28.7,18.1
2026-03-01,KEYS,33.8,23.4,28.7,18.1
2025-01-01,KHC,180.2,293.6,357.0,230.2
2025-02-01,KHC,217.6,293.6,357.0,230.2
2025-03-01,KHC,247.5,293.6,357.0,230.2
2025-04-01,KHC,235.3,293.6,357.0,230.2
2025-05-01,KHC,235.0,293.6,357.0,230.2
2025-06-01,KHC,289.4,293.6,357.0,230.2
2025-07-01,KHC,395.7,293.6,357.0,230.2
2025-08-01,KHC,246.1,293.6,357.0,230.2
2025-09-01,KHC,380.7,293.6,357.0,230.2
2025-10-01,KHC,346.6,293.6,357.0,230.2
2025-11-01,KHC,313.6,293.6,357.0,230.2
2025-12-01,KHC,279.1,293.6,357.0,230.2
2026-01-01,KHC,339.4,293.6,357.0,230.2
2026-02-01,KHC,306.6,293.6,357.0,230.2
2026-03-01,KHC,371.1,293.6,357.0,230.2
2025-01-01,KIM,92.1,101.8,120.3,83.3
2025-02-01,KIM,79.4,101.8,120.3,83.3
2025-03-01,KIM,117.5,101.8,120.3,83.3
2025-04-01,KIM,143.7,101.8,120.3,83.3
2025-05-01,KIM,93.9,101.8,120.3,83.3
2025-06-01,KIM,85.6,101.8,120.3,83.3
2025-07-01,KIM,92.9,101.8,120.3,83.3
2025-08-01,KIM,81.7,101.8,120.3,83.3
2025-09-01,KIM,77.4,101.8,120.3,83.3
2025-10-01,KIM,107.6,101.8,120.3,83.3
2025-11-01,KIM,101.6,101.8,120.3,83.3
2025-12-01,KIM,95.9,101.8,120.3,83.3
2026-01-01,KIM,108.4,101.8,120.3,83.3
2026-02-01,KIM,129.4,101.8,120.3,83.3
2026-03-01,KIM,118.6,101.8,120.3,83.3
2025-01-01,KKR,70.7,107.8,149.0,66.6
2025-02-01,KKR,104.9,107.8,149.0,66.6
2025-03-01,KKR,149.0,107.8,149.0,66.6
2025-04-01,KKR,162.1,107.8,149.0,66.6
2025-05-01,KKR,91.4,107.8,149.0,66.6
2025-06-01,KKR,70.0,107.8,149.0,66.6
2025-07-01,KKR,74.4,107.8,149.0,66.6
2025-08-01,KKR,66.0,107.8,149.0,66.6
2025-09-01,KKR,82.5,107.8,149.0,66.6
2025-10-01,KKR,105.8,107.8,149.0,66.6
2025-11-01,KKR,95.0,107.8,149.0,66.6
2025-12-01,KKR,84.2,107.8,149.0,66.6
2026-01-01,KKR,88.5,107.8,149.0,66.6
2026-02-01,KKR,207.0,107.8,149.0,66.6
2026-03-01,KKR,168.7,107.8,149.0,66.6
2025-01-01,KLAC,26.2,22.7,26.3,19.1
2025-02-01,KLAC,18.5,22.7,26.3,19.1
2025-03-01,KLAC,21.7,22.7,26.3,19.1
2025-04-01,KLAC,31.5,22.7,26.3,19.1
2025-05-01,KLAC,24.0,22.7,26.3,19.1
2025-06-01,KLAC,25.8,22.7,26.3,19.1
2025-07-01,KLAC,20.8,22.7,26.3,19.1
2025-08-01,KLAC,20.1,22.7,26.3,19.1
2025-09-01,KLAC,19.4,22.7,26.3,19.1
2025-10-01,KLAC,25.7,22.7,26.3,19.1
2025-11-01,KLAC,20.8,22.7,26.3,19.1
2025-12-01,KLAC,17.7,22.7,26.3,19.1
2026-01-01,KLAC,25.3,22.7,26.3,19.1
2026-02-01,KLAC,21.0,22.7,26.3,19.1
2026-03-01,KLAC,21.9,22.7,26.3,19.1
2025-01-01,KMB,44.4,74.5,113.2,35.8
2025-02-01,KMB,40.5,74.5,113.2,35.8
2025-03-01,KMB,46.6,74.5,113.2,35.8
2025-04-01,KMB,51.0,74.5,113.2,35.8
2025-05-01,KMB,51.9,74.5,113.2,35.8
2025-06-01,KMB,48.6,74.5,113.2,35.8
2025-07-01,KMB,48.1,74.5,113.2,35.8
2025-08-01,KMB,49.9,74.5,113.2,35.8
2025-09-01,KMB,53.6,74.5,113.2,35.8
2025-10-01,KMB,57.3,74.5,113.2,35.8
2025-11-01,KMB,167.7,74.5,113.2,35.8
2025-12-01,KMB,116.2,74.5,113.2,35.8
2026-01-01,KMB,140.2,74.5,113.2,35.8
2026-02-01,KMB,104.0,74.5,113.2,35.8
2026-03-01,KMB,105.6,74.5,113.2,35.8
2025-01-01,KMI,339.2,293.6,328.8,258.4
2025-02-01,KMI,274.9,293.6,328.8,258.4
2025-03-01,KMI,258.9,293.6,328.8,258.4
2025-04-01,KMI,337.2,293.6,328.8,258.4
2025-05-01,KMI,265.6,293.6,328.8,258.4
2025-06-01,KMI,261.1,293.6,328.8,258.4
2025-07-01,KMI,341.5,293.6,328.8,258.4
2025-08-01,KMI,321.8,293.6,328.8,258.4
2025-09-01,KMI,258.4,293.6,328.8,258.4
2025-10-01,KMI,336.9,293.6,328.8,258.4
2025-11-01,KMI,279.2,293.6,328.8,258.4
2025-12-01,KMI,243.8,293.6,328.8,258.4
2026-01-01,KMI,316.7,293.6,328.8,258.4
2026-02-01,KMI,257.0,293.6,328.8,258.4
2026-03-01,KMI,302.6,293.6,328.8,258.4
2025-01-01,KO,323.5,352.4,391.9,313.0
2025-02-01,KO,346.1,352.4,391.9,313.0
2025-03-01,KO,422.9,352.4,391.9,313.0
2025-04-01,KO,408.2,352.4,391.9,313.0
2025-05-01,KO,305.5,352.4,391.9,313.0
2025-06-01,KO,325.0,352.4,391.9,313.0
2025-07-01,KO,358.6,352.4,391.9,313.0
2025-08-01,KO,271.3,352.4,391.9,313.0
2025-09-01,KO,389.6,352.4,391.9,313.0
2025-10-01,KO,360.0,352.4,391.9,313.0
2025-11-01,KO,312.9,352.4,391.9,313.0
2025-12-01,KO,346.2,352.4,391.9,313.0
2026-01-01,KO,369.9,352.4,391.9,313.0
2026-02-01,KO,390.4,352.4,391.9,313.0
2026-03-01,KO,353.3,352.4,391.9,313.0
2025-01-01,KR,103.1,145.7,173.7,117.7
2025-02-01,KR,106.3,145.7,173.7,117.7
2025-03-01,KR,151.1,145.7,173.7,117.7
2025-04-01,KR,213.2,145.7,173.7,117.7
2025-05-01,KR,141.1,145.7,173.7,117.7
2025-06-01,KR,179.0,145.7,173.7,117.7
2025-07-01,KR,132.6,145.7,173.7,117.7
2025-08-01,KR,139.2,145.7,173.7,117.7
2025-09-01,KR,178.5,145.7,173.7,117.7
2025-10-01,KR,141.5,145.7,173.7,117.7
2025-11-01,KR,114.4,145.7,173.7,117.7
2025-12-01,KR,149.6,145.7,173.7,117.7
2026-01-01,KR,137.3,145.7,173.7,117.7
2026-02-01,KR,128.7,145.7,173.7,117.7
2026-03-01,KR,160.8,145.7,173.7,117.7
2025-01-01,KVUE,235.3,577.4,844.0,310.8
2025-02-01,KVUE,335.3,577.4,844.0,310.8
2025-03-01,KVUE,327.3,577.4,844.0,310.8
2025-04-01,KVUE,386.1,577.4,844.0,310.8
2025-05-01,KVUE,396.1,577.4,844.0,310.8
2025-06-01,KVUE,409.1,577.4,844.0,310.8
2025-07-01,KVUE,403.7,577.4,844.0,310.8
2025-08-01,KVUE,356.2,577.4,844.0,310.8
2025-09-01,KVUE,879.7,577.4,844.0,310.8
2025-10-01,KVUE,749.1,577.4,844.0,310.8
2025-11-01,KVUE,1006.8,577.4,844.0,310.8
2025-12-01,KVUE,714.3,577.4,844.0,310.8
2026-01-01,KVUE,983.5,577.4,844.0,310.8
2026-02-01,KVUE,1014.6,577.4,844.0,310.8
2026-03-01,KVUE,506.7,577.4,844.0,310.8
2025-01-01,L,13.4,16.1,17.7,14.4
2025-02-01,L,14.6,16.1,17.7,14.4
2025-03-01,L,17.6,16.1,17.7,14.4
2025-04-01,L,17.3,16.1,17.7,14.4
2025-05-01,L,14.4,16.1,17.7,14.4
2025-06-01,L,18.1,16.1,17.7,14.4
2025-07-01,L,17.5,16.1,17.7,14.4
2025-08-01,L,16.1,16.1,17.7,14.4
2025-09-01,L,17.6,16.1,17.7,14.4
2025-10-01,L,16.5,16.1,17.7,14.4
2025-11-01,L,15.2,16.1,17.7,14.4
2025-12-01,L,18.5,16.1,17.7,14.4
2026-01-01,L,14.1,16.1,17.7,14.4
2026-02-01,L,15.2,16.1,17.7,14.4
2026-03-01,L,14.2,16.1,17.7,14.4
2025-01-01,LDOS,26.4,23.8,30.4,17.1
2025-02-01,LDOS,34.0,23.8,30.4,17.1
2025-03-01,LDOS,35.1,23.8,30.4,17.1
2025-04-01,LDOS,34.0,23.8,30.4,17.1
2025-05-01,LDOS,30.6,23.8,30.4,17.1
2025-06-01,LDOS,24.4,23.8,30.4,17.1
2025-07-01,LDOS,17.2,23.8,30.4,17.1
2025-08-01,LDOS,18.6,23.8,30.4,17.1
2025-09-01,LDOS,18.4,23.8,30.4,17.1
2025-10-01,LDOS,16.6,23.8,30.4,17.1
2025-11-01,LDOS,16.2,23.8,30.4,17.1
2025-12-01,LDOS,17.6,23.8,30.4,17.1
2026-01-01,LDOS,18.7,23.8,30.4,17.1
2026-02-01,LDOS,23.9,23.8,30.4,17.1
2026-03-01,LDOS,26.1,23.8,30.4,17.1
2025-01-01,LEN,71.4,78.1,106.2,50.0
2025-02-01,LEN,61.8,78.1,106.2,50.0
2025-03-01,LEN,70.7,78.1,106.2,50.0
2025-04-01,LEN,65.7,78.1,106.2,50.0
2025-05-01,LEN,51.3,78.1,106.2,50.0
2025-06-01,LEN,68.1,78.1,106.2,50.0
2025-07-01,LEN,69.7,78.1,106.2,50.0
2025-08-01,LEN,65.7,78.1,106.2,50.0
2025-09-01,LEN,89.0,78.1,106.2,50.0
2025-10-01,LEN,83.3,78.1,106.2,50.0
2025-11-01,LEN,165.7,78.1,106.2,50.0
2025-12-01,LEN,122.6,78.1,106.2,50.0
2026-01-01,LEN,67.7,78.1,106.2,50.0
2026-02-01,LEN,47.8,78.1,106.2,50.0
2026-03-01,LEN,72.2,78.1,106.2,50.0
2025-01-01,LH,11.4,14.7,18.1,11.3
2025-02-01,LH,11.2,14.7,18.1,11.3
2025-03-01,LH,14.9,14.7,18.1,11.3
2025-04-01,LH,21.2,14.7,18.1,11.3
2025-05-01,LH,15.5,14.7,18.1,11.3
2025-06-01,LH,13.7,14.7,18.1,11.3
2025-07-01,LH,18.8,14.7,18.1,11.3
2025-08-01,LH,10.3,14.7,18.1,11.3
2025-09-01,LH,9.9,14.7,18.1,11.3
2025-10-01,LH,18.0,14.7,18.1,11.3
2025-11-01,LH,19.4,14.7,18.1,11.3
2025-12-01,LH,13.8,14.7,18.1,11.3
2026-01-01,LH,16.0,14.7,18.1,11.3
2026-02-01,LH,14.7,14.7,18.1,11.3
2026-03-01,LH,11.3,14.7,18.1,11.3
2025-01-01,LHX,25.1,27.9,33.4,22.5
2025-02-01,LHX,27.6,27.9,33.4,22.5
2025-03-01,LHX,26.6,27.9,33.4,22.5
2025-04-01,LHX,36.5,27.9,33.4,22.5
2025-05-01,LHX,37.5,27.9,33.4,22.5
2025-06-01,LHX,27.9,27.9,33.4,22.5
2025-07-01,LHX,28.5,27.9,33.4,22.5
2025-08-01,LHX,23.7,27.9,33.4,22.5
2025-09-01,LHX,22.0,27.9,33.4,22.5
2025-10-01,LHX,26.1,27.9,33.4,22.5
2025-11-01,LHX,22.3,27.9,33.4,22.5
2025-12-01,LHX,21.1,27.9,33.4,22.5
2026-01-01,LHX,38.3,27.9,33.4,22.5
2026-02-01,LHX,24.0,27.9,33.4,22.5
2026-03-01,LHX,31.6,27.9,33.4,22.5
2025-01-01,LII,7.6,9.0,10.4,7.6
2025-02-01,LII,7.3,9.0,10.4,7.6
2025-03-01,LII,9.8,9.0,10.4,7.6
2025-04-01,LII,10.5,9.0,10.4,7.6
2025-05-01,LII,8.1,9.0,10.4,7.6
2025-06-01,LII,7.3,9.0,10.4,7.6
2025-07-01,LII,8.6,9.0,10.4,7.6
2025-08-01,LII,7.4,9.0,10.4,7.6
2025-09-01,LII,8.4,9.0,10.4,7.6
2025-10-01,LII,12.3,9.0,10.4,7.6
2025-11-01,LII,8.3,9.0,10.4,7.6
2025-12-01,LII,9.0,9.0,10.4,7.6
2026-01-01,LII,10.1,9.0,10.4,7.6
2026-02-01,LII,10.0,9.0,10.4,7.6
2026-03-01,LII,9.4,9.0,10.4,7.6
2025-01-01,LIN,47.4,47.5,57.5,37.5
2025-02-01,LIN,39.5,47.5,57.5,37.5
2025-03-01,LIN,54.9,47.5,57.5,37.5
2025-04-01,LIN,51.6,47.5,57.5,37.5
2025-05-01,LIN,40.7,47.5,57.5,37.5
2025-06-01,LIN,38.4,47.5,57.5,37.5
2025-07-01,LIN,33.9,47.5,57.5,37.5
2025-08-01,LIN,33.3,47.5,57.5,37.5
2025-09-01,LIN,37.1,47.5,57.5,37.5
2025-10-01,LIN,47.9,47.5,57.5,37.5
2025-11-01,LIN,55.2,47.5,57.5,37.5
2025-12-01,LIN,67.9,47.5,57.5,37.5
2026-01-01,LIN,47.5,47.5,57.5,37.5
2026-02-01,LIN,56.4,47.5,57.5,37.5
2026-03-01,LIN,59.8,47.5,57.5,37.5
2025-01-01,LLY,77.1,78.9,99.2,58.6
2025-02-01,LLY,69.2,78.9,99.2,58.6
2025-03-01,LLY,73.4,78.9,99.2,58.6
2025-04-01,LLY,84.3,78.9,99.2,58.6
2025-05-01,LLY,107.2,78.9,99.2,58.6
2025-06-01,LLY,64.4,78.9,99.2,58.6
2025-07-01,LLY,71.9,78.9,99.2,58.6
2025-08-01,LLY,140.4,78.9,99.2,58.6
2025-09-01,LLY,73.1,78.9,99.2,58.6
2025-10-01,LLY,78.6,78.9,99.2,58.6
2025-11-01,LLY,87.1,78.9,99.2,58.6
2025-12-01,LLY,65.9,78.9,99.2,58.6
2026-01-01,LLY,59.1,78.9,99.2,58.6
2026-02-01,LLY,72.5,78.9,99.2,58.6
2026-03-01,LLY,58.7,78.9,99.2,58.6
2025-01-01,LMT,29.0,33.4,39.2,27.6
2025-02-01,LMT,32.4,33.4,39.2,27.6
2025-03-01,LMT,38.6,33.4,39.2,27.6
2025-04-01,LMT,34.6,33.4,39.2,27.6
2025-05-01,LMT,28.1,33.4,39.2,27.6
2025-06-01,LMT,35.4,33.4,39.2,27.6
2025-07-01,LMT,44.4,33.4,39.2,27.6
2025-08-01,LMT,32.0,33.4,39.2,27.6
2025-09-01,LMT,28.4,33.4,39.2,27.6
2025-10-01,LMT,30.1,33.4,39.2,27.6
2025-11-01,LMT,24.8,33.4,39.2,27.6
2025-12-01,LMT,29.2,33.4,39.2,27.6
2026-01-01,LMT,45.2,33.4,39.2,27.6
2026-02-01,LMT,30.2,33.4,39.2,27.6
2026-03-01,LMT,38.0,33.4,39.2,27.6
2025-01-01,LNT,28.7,43.3,51.2,35.5
2025-02-01,LNT,39.0,43.3,51.2,35.5
2025-03-01,LNT,46.5,43.3,51.2,35.5
2025-04-01,LNT,43.4,43.3,51.2,35.5
2025-05-01,LNT,50.6,43.3,51.2,35.5
2025-06-01,LNT,35.6,43.3,51.2,35.5
2025-07-01,LNT,41.9,43.3,51.2,35.5
2025-08-01,LNT,42.3,43.3,51.2,35.5
2025-09-01,LNT,35.6,43.3,51.2,35.5
2025-10-01,LNT,47.4,43.3,51.2,35.5
2025-11-01,LNT,42.1,43.3,51.2,35.5
2025-12-01,LNT,39.3,43.3,51.2,35.5
2026-01-01,LNT,46.4,43.3,51.2,35.5
2026-02-01,LNT,66.0,43.3,51.2,35.5
2026-03-01,LNT,45.9,43.3,51.2,35.5
2025-01-01,LOW,44.8,57.5,63.0,52.1
2025-02-01,LOW,49.2,57.5,63.0,52.1
2025-03-01,LOW,58.0,57.5,63.0,52.1
2025-04-01,LOW,60.2,57.5,63.0,52.1
2025-05-01,LOW,58.8,57.5,63.0,52.1
2025-06-01,LOW,53.6,57.5,63.0,52.1
2025-07-01,LOW,56.4,57.5,63.0,52.1
2025-08-01,LOW,66.6,57.5,63.0,52.1
2025-09-01,LOW,59.8,57.5,63.0,52.1
2025-10-01,LOW,54.9,57.5,63.0,52.1
2025-11-01,LOW,67.4,57.5,63.0,52.1
2025-12-01,LOW,60.5,57.5,63.0,52.1
2026-01-01,LOW,59.6,57.5,63.0,52.1
2026-02-01,LOW,55.7,57.5,63.0,52.1
2026-03-01,LOW,57.1,57.5,63.0,52.1
2025-01-01,LQD,455.5,646.6,816.9,476.2
2025-02-01,LQD,451.9,646.6,816.9,476.2
2025-03-01,LQD,663.6,646.6,816.9,476.2
2025-04-01,LQD,715.1,646.6,816.9,476.2
2025-05-01,LQD,565.8,646.6,816.9,476.2
2025-06-01,LQD,556.2,646.6,816.9,476.2
2025-07-01,LQD,542.6,646.6,816.9,476.2
2025-08-01,LQD,557.4,646.6,816.9,476.2
2025-09-01,LQD,660.7,646.6,816.9,476.2
2025-10-01,LQD,733.3,646.6,816.9,476.2
2025-11-01,LQD,711.4,646.6,816.9,476.2
2025-12-01,LQD,555.5,646.6,816.9,476.2
2026-01-01,LQD,645.7,646.6,816.9,476.2
2026-02-01,LQD,652.3,646.6,816.9,476.2
2026-03-01,LQD,1181.5,646.6,816.9,476.2
2025-01-01,LRCX,259.6,243.2,275.0,211.5
2025-02-01,LRCX,244.3,243.2,275.0,211.5
2025-03-01,LRCX,245.3,243.2,275.0,211.5
2025-04-01,LRCX,328.1,243.2,275.0,211.5
2025-05-01,LRCX,211.2,243.2,275.0,211.5
2025-06-01,LRCX,213.9,243.2,275.0,211.5
2025-07-01,LRCX,224.9,243.2,275.0,211.5
2025-08-01,LRCX,241.9,243.2,275.0,211.5
2025-09-01,LRCX,247.9,243.2,275.0,211.5
2025-10-01,LRCX,270.7,243.2,275.0,211.5
2025-11-01,LRCX,215.3,243.2,275.0,211.5
2025-12-01,LRCX,219.9,243.2,275.0,211.5
2026-01-01,LRCX,283.7,243.2,275.0,211.5
2026-02-01,LRCX,203.7,243.2,275.0,211.5
2026-03-01,LRCX,232.7,243.2,275.0,211.5
2025-01-01,LULU,33.4,71.3,107.1,35.4
2025-02-01,LULU,28.8,71.3,107.1,35.4
2025-03-01,LULU,52.6,71.3,107.1,35.4
2025-04-01,LULU,61.0,71.3,107.1,35.4
2025-05-01,LULU,36.1,71.3,107.1,35.4
2025-06-01,LULU,91.3,71.3,107.1,35.4
2025-07-01,LULU,68.5,71.3,107.1,35.4
2025-08-01,LULU,71.6,71.3,107.1,35.4
2025-09-01,LULU,168.9,71.3,107.1,35.4
2025-10-01,LULU,91.3,71.3,107.1,35.4
2025-11-01,LULU,62.3,71.3,107.1,35.4
2025-12-01,LULU,123.1,71.3,107.1,35.4
2026-01-01,LULU,59.1,71.3,107.1,35.4
2026-02-01,LULU,39.7,71.3,107.1,35.4
2026-03-01,LULU,67.7,71.3,107.1,35.4
2025-01-01,LUV,170.9,223.0,277.9,168.2
2025-02-01,LUV,163.6,223.0,277.9,168.2
2025-03-01,LUV,316.0,223.0,277.9,168.2
2025-04-01,LUV,334.2,223.0,277.9,168.2
2025-05-01,LUV,244.6,223.0,277.9,168.2
2025-06-01,LUV,224.1,223.0,277.9,168.2
2025-07-01,LUV,289.9,223.0,277.9,168.2
2025-08-01,LUV,154.9,223.0,277.9,168.2
2025-09-01,LUV,203.2,223.0,277.9,168.2
2025-10-01,LUV,226.7,223.0,277.9,168.2
2025-11-01,LUV,141.2,223.0,277.9,168.2
2025-12-01,LUV,240.6,223.0,277.9,168.2
2026-01-01,LUV,205.0,223.0,277.9,168.2
2026-02-01,LUV,200.5,223.0,277.9,168.2
2026-03-01,LUV,207.3,223.0,277.9,168.2
2025-01-01,LVS,111.4,114.3,136.9,91.8
2025-02-01,LVS,112.9,114.3,136.9,91.8
2025-03-01,LVS,109.8,114.3,136.9,91.8
2025-04-01,LVS,165.7,114.3,136.9,91.8
2025-05-01,LVS,129.3,114.3,136.9,91.8
2025-06-01,LVS,92.6,114.3,136.9,91.8
2025-07-01,LVS,118.6,114.3,136.9,91.8
2025-08-01,LVS,81.1,114.3,136.9,91.8
2025-09-01,LVS,114.3,114.3,136.9,91.8
2025-10-01,LVS,137.4,114.3,136.9,91.8
2025-11-01,LVS,103.2,114.3,136.9,91.8
2025-12-01,LVS,108.7,114.3,136.9,91.8
2026-01-01,LVS,146.0,114.3,136.9,91.8
2026-02-01,LVS,100.2,114.3,136.9,91.8
2026-03-01,LVS,80.8,114.3,136.9,91.8
2025-01-01,LW,47.0,50.8,67.5,34.0
2025-02-01,LW,58.4,50.8,67.5,34.0
2025-03-01,LW,52.4,50.8,67.5,34.0
2025-04-01,LW,57.0,50.8,67.5,34.0
2025-05-01,LW,37.6,50.8,67.5,34.0
2025-06-01,LW,33.6,50.8,67.5,34.0
2025-07-01,LW,64.9,50.8,67.5,34.0
2025-08-01,LW,29.5,50.8,67.5,34.0
2025-09-01,LW,38.7,50.8,67.5,34.0
2025-10-01,LW,46.8,50.8,67.5,34.0
2025-11-01,LW,28.8,50.8,67.5,34.0
2025-12-01,LW,69.1,50.8,67.5,34.0
2026-01-01,LW,59.6,50.8,67.5,34.0
2026-02-01,LW,40.1,50.8,67.5,34.0
2026-03-01,LW,92.1,50.8,67.5,34.0
2025-01-01,LYB,56.6,104.7,143.7,65.7
2025-02-01,LYB,45.0,104.7,143.7,65.7
2025-03-01,LYB,72.1,104.7,143.7,65.7
2025-04-01,LYB,108.6,104.7,143.7,65.7
2025-05-01,LYB,78.7,104.7,143.7,65.7
2025-06-01,LYB,88.8,104.7,143.7,65.7
2025-07-01,LYB,88.8,104.7,143.7,65.7
2025-08-01,LYB,107.5,104.7,143.7,65.7
2025-09-01,LYB,108.0,104.7,143.7,65.7
2025-10-01,LYB,105.1,104.7,143.7,65.7
2025-11-01,LYB,102.0,104.7,143.7,65.7
2025-12-01,LYB,123.0,104.7,143.7,65.7
2026-01-01,LYB,130.1,104.7,143.7,65.7
2026-02-01,LYB,128.3,104.7,143.7,65.7
2026-03-01,LYB,217.1,104.7,143.7,65.7
2025-01-01,LYV,34.5,55.1,64.2,45.9
2025-02-01,LYV,50.6,55.1,64.2,45.9
2025-03-01,LYV,61.4,55.1,64.2,45.9
2025-04-01,LYV,53.8,55.1,64.2,45.9
2025-05-01,LYV,56.4,55.1,64.2,45.9
2025-06-01,LYV,62.4,55.1,64.2,45.9
2025-07-01,LYV,42.1,55.1,64.2,45.9
2025-08-01,LYV,43.6,55.1,64.2,45.9
2025-09-01,LYV,55.7,55.1,64.2,45.9
2025-10-01,LYV,56.5,55.1,64.2,45.9
2025-11-01,LYV,72.3,55.1,64.2,45.9
2025-12-01,LYV,60.0,55.1,64.2,45.9
2026-01-01,LYV,53.0,55.1,64.2,45.9
2026-02-01,LYV,61.4,55.1,64.2,45.9
2026-03-01,LYV,63.6,55.1,64.2,45.9
2025-01-01,MA,57.4,61.7,72.7,50.7
2025-02-01,MA,43.5,61.7,72.7,50.7
2025-03-01,MA,65.7,61.7,72.7,50.7
2025-04-01,MA,69.0,61.7,72.7,50.7
2025-05-01,MA,48.3,61.7,72.7,50.7
2025-06-01,MA,67.2,61.7,72.7,50.7
2025-07-01,MA,56.4,61.7,72.7,50.7
2025-08-01,MA,53.6,61.7,72.7,50.7
2025-09-01,MA,56.6,61.7,72.7,50.7
2025-10-01,MA,63.2,61.7,72.7,50.7
2025-11-01,MA,51.7,61.7,72.7,50.7
2025-12-01,MA,56.7,61.7,72.7,50.7
2026-01-01,MA,86.9,61.7,72.7,50.7
2026-02-01,MA,79.0,61.7,72.7,50.7
2026-03-01,MA,70.7,61.7,72.7,50.7
2025-01-01,MAA,12.8,19.3,22.1,16.5
2025-02-01,MAA,16.8,19.3,22.1,16.5
2025-03-01,MAA,17.5,19.3,22.1,16.5
2025-04-01,MAA,24.0,19.3,22.1,16.5
2025-05-01,MAA,17.3,19.3,22.1,16.5
2025-06-01,MAA,21.4,19.3,22.1,16.5
2025-07-01,MAA,20.5,19.3,22.1,16.5
2025-08-01,MAA,18.1,19.3,22.1,16.5
2025-09-01,MAA,16.2,19.3,22.1,16.5
2025-10-01,MAA,22.6,19.3,22.1,16.5
2025-11-01,MAA,19.7,19.3,22.1,16.5
2025-12-01,MAA,22.6,19.3,22.1,16.5
2026-01-01,MAA,18.7,19.3,22.1,16.5
2026-02-01,MAA,21.0,19.3,22.1,16.5
2026-03-01,MAA,19.3,19.3,22.1,16.5
2025-01-01,MAR,28.6,33.7,39.6,27.7
2025-02-01,MAR,34.0,33.7,39.6,27.7
2025-03-01,MAR,41.3,33.7,39.6,27.7
2025-04-01,MAR,52.0,33.7,39.6,27.7
2025-05-01,MAR,32.3,33.7,39.6,27.7
2025-06-01,MAR,30.8,33.7,39.6,27.7
2025-07-01,MAR,29.0,33.7,39.6,27.7
2025-08-01,MAR,28.4,33.7,39.6,27.7
2025-09-01,MAR,29.1,33.7,39.6,27.7
2025-10-01,MAR,33.4,33.7,39.6,27.7
2025-11-01,MAR,32.1,33.7,39.6,27.7
2025-12-01,MAR,34.3,33.7,39.6,27.7
2026-01-01,MAR,30.2,33.7,39.6,27.7
2026-02-01,MAR,36.2,33.7,39.6,27.7
2026-03-01,MAR,33.1,33.7,39.6,27.7
2025-01-01,MAS,26.5,47.8,56.7,38.9
2025-02-01,MAS,30.5,47.8,56.7,38.9
2025-03-01,MAS,46.3,47.8,56.7,38.9
2025-04-01,MAS,62.8,47.8,56.7,38.9
2025-05-01,MAS,47.4,47.8,56.7,38.9
2025-06-01,MAS,44.3,47.8,56.7,38.9
2025-07-01,MAS,50.0,47.8,56.7,38.9
2025-08-01,MAS,47.6,47.8,56.7,38.9
2025-09-01,MAS,49.6,47.8,56.7,38.9
2025-10-01,MAS,46.9,47.8,56.7,38.9
2025-11-01,MAS,51.3,47.8,56.7,38.9
2025-12-01,MAS,52.6,47.8,56.7,38.9
2026-01-01,MAS,45.2,47.8,56.7,38.9
2026-02-01,MAS,60.2,47.8,56.7,38.9
2026-03-01,MAS,54.3,47.8,56.7,38.9
2025-01-01,MCD,60.4,70.4,79.0,61.8
2025-02-01,MCD,68.1,70.4,79.0,61.8
2025-03-01,MCD,78.1,70.4,79.0,61.8
2025-04-01,MCD,92.0,70.4,79.0,61.8
2025-05-01,MCD,60.9,70.4,79.0,61.8
2025-06-01,MCD,81.5,70.4,79.0,61.8
2025-07-01,MCD,77.2,70.4,79.0,61.8
2025-08-01,MCD,72.3,70.4,79.0,61.8
2025-09-01,MCD,65.2,70.4,79.0,61.8
2025-10-01,MCD,62.4,70.4,79.0,61.8
2025-11-01,MCD,63.0,70.4,79.0,61.8
2025-12-01,MCD,72.8,70.4,79.0,61.8
2026-01-01,MCD,62.8,70.4,79.0,61.8
2026-02-01,MCD,70.7,70.4,79.0,61.8
2026-03-01,MCD,67.9,70.4,79.0,61.8
2025-01-01,MCHI,59.6,64.9,83.6,46.3
2025-02-01,MCHI,84.3,64.9,83.6,46.3
2025-03-01,MCHI,75.3,64.9,83.6,46.3
2025-04-01,MCHI,79.3,64.9,83.6,46.3
2025-05-01,MCHI,49.9,64.9,83.6,46.3
2025-06-01,MCHI,36.5,64.9,83.6,46.3
2025-07-01,MCHI,51.3,64.9,83.6,46.3
2025-08-01,MCHI,53.5,64.9,83.6,46.3
2025-09-01,MCHI,66.4,64.9,83.6,46.3
2025-10-01,MCHI,77.9,64.9,83.6,46.3
2025-11-01,MCHI,44.0,64.9,83.6,46.3
2025-12-01,MCHI,52.1,64.9,83.6,46.3
2026-01-01,MCHI,62.5,64.9,83.6,46.3
2026-02-01,MCHI,65.3,64.9,83.6,46.3
2026-03-01,MCHI,112.3,64.9,83.6,46.3
2025-01-01,MCHP,163.9,196.5,235.7,157.3
2025-02-01,MCHP,217.2,196.5,235.7,157.3
2025-03-01,MCHP,225.8,196.5,235.7,157.3
2025-04-01,MCHP,320.9,196.5,235.7,157.3
2025-05-01,MCHP,212.7,196.5,235.7,157.3
2025-06-01,MCHP,194.1,196.5,235.7,157.3
2025-07-01,MCHP,178.6,196.5,235.7,157.3
2025-08-01,MCHP,200.2,196.5,235.7,157.3
2025-09-01,MCHP,146.8,196.5,235.7,157.3
2025-10-01,MCHP,164.0,196.5,235.7,157.3
2025-11-01,MCHP,176.9,196.5,235.7,157.3
2025-12-01,MCHP,188.6,196.5,235.7,157.3
2026-01-01,MCHP,186.8,196.5,235.7,157.3
2026-02-01,MCHP,186.9,196.5,235.7,157.3
2026-03-01,MCHP,186.4,196.5,235.7,157.3
2025-01-01,MCK,13.3,16.9,20.6,13.2
2025-02-01,MCK,17.0,16.9,20.6,13.2
2025-03-01,MCK,19.4,16.9,20.6,13.2
2025-04-01,MCK,24.9,16.9,20.6,13.2
2025-05-01,MCK,23.6,16.9,20.6,13.2
2025-06-01,MCK,15.2,16.9,20.6,13.2
2025-07-01,MCK,13.2,16.9,20.6,13.2
2025-08-01,MCK,20.6,16.9,20.6,13.2
2025-09-01,MCK,15.7,16.9,20.6,13.2
2025-10-01,MCK,14.1,16.9,20.6,13.2
2025-11-01,MCK,14.8,16.9,20.6,13.2
2025-12-01,MCK,16.2,16.9,20.6,13.2
2026-01-01,MCK,11.7,16.9,20.6,13.2
2026-02-01,MCK,17.4,16.9,20.6,13.2
2026-03-01,MCK,16.4,16.9,20.6,13.2
2025-01-01,MCO,12.1,18.8,25.7,11.9
2025-02-01,MCO,18.2,18.8,25.7,11.9
2025-03-01,MCO,19.1,18.8,25.7,11.9
2025-04-01,MCO,23.6,18.8,25.7,11.9
2025-05-01,MCO,13.2,18.8,25.7,11.9
2025-06-01,MCO,12.3,18.8,25.7,11.9
2025-07-01,MCO,17.5,18.8,25.7,11.9
2025-08-01,MCO,12.8,18.8,25.7,11.9
2025-09-01,MCO,16.5,18.8,25.7,11.9
2025-10-01,MCO,22.1,18.8,25.7,11.9
2025-11-01,MCO,14.2,18.8,25.7,11.9
2025-12-01,MCO,17.1,18.8,25.7,11.9
2026-01-01,MCO,14.5,18.8,25.7,11.9
2026-02-01,MCO,38.0,18.8,25.7,11.9
2026-03-01,MCO,30.2,18.8,25.7,11.9
2025-01-01,MDLZ,206.3,194.4,229.6,159.1
2025-02-01,MDLZ,225.7,194.4,229.6,159.1
2025-03-01,MDLZ,215.3,194.4,229.6,159.1
2025-04-01,MDLZ,204.8,194.4,229.6,159.1
2025-05-01,MDLZ,150.7,194.4,229.6,159.1
2025-06-01,MDLZ,132.1,194.4,229.6,159.1
2025-07-01,MDLZ,177.8,194.4,229.6,159.1
2025-08-01,MDLZ,151.9,194.4,229.6,159.1
2025-09-01,MDLZ,157.1,194.4,229.6,159.1
2025-10-01,MDLZ,184.9,194.4,229.6,159.1
2025-11-01,MDLZ,172.9,194.4,229.6,159.1
2025-12-01,MDLZ,257.0,194.4,229.6,159.1
2026-01-01,MDLZ,231.7,194.4,229.6,159.1
2026-02-01,MDLZ,217.3,194.4,229.6,159.1
2026-03-01,MDLZ,229.5,194.4,229.6,159.1
2025-01-01,MDT,155.0,157.2,171.6,142.9
2025-02-01,MDT,134.5,157.2,171.6,142.9
2025-03-01,MDT,175.1,157.2,171.6,142.9
2025-04-01,MDT,153.3,157.2,171.6,142.9
2025-05-01,MDT,168.4,157.2,171.6,142.9
2025-06-01,MDT,171.4,157.2,171.6,142.9
2025-07-01,MDT,151.4,157.2,171.6,142.9
2025-08-01,MDT,155.5,157.2,171.6,142.9
2025-09-01,MDT,153.7,157.2,171.6,142.9
2025-10-01,MDT,145.3,157.2,171.6,142.9
2025-11-01,MDT,157.4,157.2,171.6,142.9
2025-12-01,MDT,127.1,157.2,171.6,142.9
2026-01-01,MDT,158.5,157.2,171.6,142.9
2026-02-01,MDT,176.5,157.2,171.6,142.9
2026-03-01,MDT,177.5,157.2,171.6,142.9
2025-01-01,MDY,17.7,20.5,27.7,13.4
2025-02-01,MDY,17.4,20.5,27.7,13.4
2025-03-01,MDY,21.9,20.5,27.7,13.4
2025-04-01,MDY,38.1,20.5,27.7,13.4
2025-05-01,MDY,16.2,20.5,27.7,13.4
2025-06-01,MDY,16.1,20.5,27.7,13.4
2025-07-01,MDY,14.6,20.5,27.7,13.4
2025-08-01,MDY,15.2,20.5,27.7,13.4
2025-09-01,MDY,14.9,20.5,27.7,13.4
2025-10-01,MDY,19.4,20.5,27.7,13.4
2025-11-01,MDY,20.8,20.5,27.7,13.4
2025-12-01,MDY,19.1,20.5,27.7,13.4
2026-01-01,MDY,19.8,20.5,27.7,13.4
2026-02-01,MDY,19.0,20.5,27.7,13.4
2026-03-01,MDY,37.0,20.5,27.7,13.4
2025-01-01,MET,70.1,72.8,82.2,63.3
2025-02-01,MET,69.5,72.8,82.2,63.3
2025-03-01,MET,75.7,72.8,82.2,63.3
2025-04-01,MET,92.3,72.8,82.2,63.3
2025-05-01,MET,61.9,72.8,82.2,63.3
2025-06-01,MET,56.7,72.8,82.2,63.3
2025-07-01,MET,61.2,72.8,82.2,63.3
2025-08-01,MET,69.9,72.8,82.2,63.3
2025-09-01,MET,78.2,72.8,82.2,63.3
2025-10-01,MET,66.4,72.8,82.2,63.3
2025-11-01,MET,76.3,72.8,82.2,63.3
2025-12-01,MET,73.3,72.8,82.2,63.3
2026-01-01,MET,70.4,72.8,82.2,63.3
2026-02-01,MET,85.6,72.8,82.2,63.3
2026-03-01,MET,84.6,72.8,82.2,63.3
2025-01-01,META,317.9,321.4,388.6,254.2
2025-02-01,META,298.4,321.4,388.6,254.2
2025-03-01,META,363.4,321.4,388.6,254.2
2025-04-01,META,451.4,321.4,388.6,254.2
2025-05-01,META,292.5,321.4,388.6,254.2
2025-06-01,META,254.8,321.4,388.6,254.2
2025-07-01,META,273.1,321.4,388.6,254.2
2025-08-01,META,224.5,321.4,388.6,254.2
2025-09-01,META,234.4,321.4,388.6,254.2
2025-10-01,META,411.8,321.4,388.6,254.2
2025-11-01,META,416.3,321.4,388.6,254.2
2025-12-01,META,335.3,321.4,388.6,254.2
2026-01-01,META,364.7,321.4,388.6,254.2
2026-02-01,META,255.2,321.4,388.6,254.2
2026-03-01,META,319.6,321.4,388.6,254.2
2025-01-01,MGM,94.7,104.8,120.5,89.2
2025-02-01,MGM,103.3,104.8,120.5,89.2
2025-03-01,MGM,122.2,104.8,120.5,89.2
2025-04-01,MGM,144.3,104.8,120.5,89.2
2025-05-01,MGM,113.6,104.8,120.5,89.2
2025-06-01,MGM,99.5,104.8,120.5,89.2
2025-07-01,MGM,109.0,104.8,120.5,89.2
2025-08-01,MGM,85.0,104.8,120.5,89.2
2025-09-01,MGM,100.0,104.8,120.5,89.2
2025-10-01,MGM,118.5,104.8,120.5,89.2
2025-11-01,MGM,94.1,104.8,120.5,89.2
2025-12-01,MGM,79.9,104.8,120.5,89.2
2026-01-01,MGM,92.4,104.8,120.5,89.2
2026-02-01,MGM,108.7,104.8,120.5,89.2
2026-03-01,MGM,105.0,104.8,120.5,89.2
2025-01-01,MKC,43.2,56.6,70.9,42.2
2025-02-01,MKC,35.1,56.6,70.9,42.2
2025-03-01,MKC,55.1,56.6,70.9,42.2
2025-04-01,MKC,51.2,56.6,70.9,42.2
2025-05-01,MKC,52.3,56.6,70.9,42.2
2025-06-01,MKC,48.1,56.6,70.9,42.2
2025-07-01,MKC,48.9,56.6,70.9,42.2
2025-08-01,MKC,49.0,56.6,70.9,42.2
2025-09-01,MKC,54.1,56.6,70.9,42.2
2025-10-01,MKC,65.9,56.6,70.9,42.2
2025-11-01,MKC,44.7,56.6,70.9,42.2
2025-12-01,MKC,57.6,56.6,70.9,42.2
2026-01-01,MKC,94.2,56.6,70.9,42.2
2026-02-01,MKC,66.9,56.6,70.9,42.2
2026-03-01,MKC,79.1,56.6,70.9,42.2
2025-01-01,MLM,7.1,9.5,11.7,7.4
2025-02-01,MLM,11.6,9.5,11.7,7.4
2025-03-01,MLM,14.7,9.5,11.7,7.4
2025-04-01,MLM,11.0,9.5,11.7,7.4
2025-05-01,MLM,9.3,9.5,11.7,7.4
2025-06-01,MLM,8.1,9.5,11.7,7.4
2025-07-01,MLM,7.6,9.5,11.7,7.4
2025-08-01,MLM,9.4,9.5,11.7,7.4
2025-09-01,MLM,7.6,9.5,11.7,7.4
2025-10-01,MLM,7.3,9.5,11.7,7.4
2025-11-01,MLM,8.7,9.5,11.7,7.4
2025-12-01,MLM,8.6,9.5,11.7,7.4
2026-01-01,MLM,8.3,9.5,11.7,7.4
2026-02-01,MLM,11.3,9.5,11.7,7.4
2026-03-01,MLM,12.8,9.5,11.7,7.4
2025-01-01,MMM,93.2,75.0,90.2,59.8
2025-02-01,MMM,68.7,75.0,90.2,59.8
2025-03-01,MMM,88.3,75.0,90.2,59.8
2025-04-01,MMM,99.6,75.0,90.2,59.8
2025-05-01,MMM,65.9,75.0,90.2,59.8
2025-06-01,MMM,55.9,75.0,90.2,59.8
2025-07-01,MMM,90.8,75.0,90.2,59.8
2025-08-01,MMM,63.4,75.0,90.2,59.8
2025-09-01,MMM,57.5,75.0,90.2,59.8
2025-10-01,MMM,74.6,75.0,90.2,59.8
2025-11-01,MMM,58.8,75.0,90.2,59.8
2025-12-01,MMM,52.1,75.0,90.2,59.8
2026-01-01,MMM,85.4,75.0,90.2,59.8
2026-02-01,MMM,78.3,75.0,90.2,59.8
2026-03-01,MMM,90.6,75.0,90.2,59.8
2025-01-01,MNST,129.8,122.2,131.9,112.5
2025-02-01,MNST,129.6,122.2,131.9,112.5
2025-03-01,MNST,123.1,122.2,131.9,112.5
2025-04-01,MNST,132.4,122.2,131.9,112.5
2025-05-01,MNST,119.2,122.2,131.9,112.5
2025-06-01,MNST,121.0,122.2,131.9,112.5
2025-07-01,MNST,115.8,122.2,131.9,112.5
2025-08-01,MNST,139.5,122.2,131.9,112.5
2025-09-01,MNST,108.6,122.2,131.9,112.5
2025-10-01,MNST,115.9,122.2,131.9,112.5
2025-11-01,MNST,118.1,122.2,131.9,112.5
2025-12-01,MNST,110.5,122.2,131.9,112.5
2026-01-01,MNST,110.3,122.2,131.9,112.5
2026-02-01,MNST,140.8,122.2,131.9,112.5
2026-03-01,MNST,121.8,122.2,131.9,112.5
2025-01-01,MO,158.6,190.5,222.8,158.2
2025-02-01,MO,137.7,190.5,222.8,158.2
2025-03-01,MO,245.2,190.5,222.8,158.2
2025-04-01,MO,243.3,190.5,222.8,158.2
2025-05-01,MO,162.5,190.5,222.8,158.2
2025-06-01,MO,178.5,190.5,222.8,158.2
2025-07-01,MO,211.7,190.5,222.8,158.2
2025-08-01,MO,156.2,190.5,222.8,158.2
2025-09-01,MO,174.7,190.5,222.8,158.2
2025-10-01,MO,197.4,190.5,222.8,158.2
2025-11-01,MO,159.5,190.5,222.8,158.2
2025-12-01,MO,198.6,190.5,222.8,158.2
2026-01-01,MO,229.1,190.5,222.8,158.2
2026-02-01,MO,175.8,190.5,222.8,158.2
2026-03-01,MO,215.8,190.5,222.8,158.2
2025-01-01,MOH,10.7,27.7,39.9,15.5
2025-02-01,MOH,18.7,27.7,39.9,15.5
2025-03-01,MOH,14.4,27.7,39.9,15.5
2025-04-01,MOH,19.5,27.7,39.9,15.5
2025-05-01,MOH,12.4,27.7,39.9,15.5
2025-06-01,MOH,11.6,27.7,39.9,15.5
2025-07-01,MOH,47.3,27.7,39.9,15.5
2025-08-01,MOH,32.0,27.7,39.9,15.5
2025-09-01,MOH,25.9,27.7,39.9,15.5
2025-10-01,MOH,37.3,27.7,39.9,15.5
2025-11-01,MOH,38.2,27.7,39.9,15.5
2025-12-01,MOH,30.4,27.7,39.9,15.5
2026-01-01,MOH,28.2,27.7,39.9,15.5
2026-02-01,MOH,46.0,27.7,39.9,15.5
2026-03-01,MOH,41.1,27.7,39.9,15.5
2025-01-01,MOS,93.7,131.6,174.9,88.3
2025-02-01,MOS,124.5,131.6,174.9,88.3
2025-03-01,MOS,127.1,131.6,174.9,88.3
2025-04-01,MOS,120.1,131.6,174.9,88.3
2025-05-01,MOS,113.9,131.6,174.9,88.3
2025-06-01,MOS,123.1,131.6,174.9,88.3
2025-07-01,MOS,94.7,131.6,174.9,88.3
2025-08-01,MOS,112.2,131.6,174.9,88.3
2025-09-01,MOS,88.7,131.6,174.9,88.3
2025-10-01,MOS,119.5,131.6,174.9,88.3
2025-11-01,MOS,146.3,131.6,174.9,88.3
2025-12-01,MOS,160.9,131.6,174.9,88.3
2026-01-01,MOS,150.7,131.6,174.9,88.3
2026-02-01,MOS,121.2,131.6,174.9,88.3
2026-03-01,MOS,271.0,131.6,174.9,88.3
2025-01-01,MP,58.0,207.4,335.8,79.0
2025-02-01,MP,68.8,207.4,335.8,79.0
2025-03-01,MP,71.5,207.4,335.8,79.0
2025-04-01,MP,187.6,207.4,335.8,79.0
2025-05-01,MP,120.6,207.4,335.8,79.0
2025-06-01,MP,283.1,207.4,335.8,79.0
2025-07-01,MP,481.0,207.4,335.8,79.0
2025-08-01,MP,264.3,207.4,335.8,79.0
2025-09-01,MP,259.2,207.4,335.8,79.0
2025-10-01,MP,454.8,207.4,335.8,79.0
2025-11-01,MP,224.4,207.4,335.8,79.0
2025-12-01,MP,132.5,207.4,335.8,79.0
2026-01-01,MP,216.0,207.4,335.8,79.0
2026-02-01,MP,115.7,207.4,335.8,79.0
2026-03-01,MP,121.3,207.4,335.8,79.0
2025-01-01,MPC,55.6,50.5,59.8,41.2
2025-02-01,MPC,54.8,50.5,59.8,41.2
2025-03-01,MPC,61.2,50.5,59.8,41.2
2025-04-01,MPC,64.8,50.5,59.8,41.2
2025-05-01,MPC,53.6,50.5,59.8,41.2
2025-06-01,MPC,56.9,50.5,59.8,41.2
2025-07-01,MPC,44.1,50.5,59.8,41.2
2025-08-01,MPC,38.6,50.5,59.8,41.2
2025-09-01,MPC,41.7,50.5,59.8,41.2
2025-10-01,MPC,35.9,50.5,59.8,41.2
2025-11-01,MPC,42.4,50.5,59.8,41.2
2025-12-01,MPC,50.3,50.5,59.8,41.2
2026-01-01,MPC,45.5,50.5,59.8,41.2
2026-02-01,MPC,46.0,50.5,59.8,41.2
2026-03-01,MPC,66.6,50.5,59.8,41.2
2025-01-01,MPWR,17.0,14.7,18.5,10.9
2025-02-01,MPWR,18.0,14.7,18.5,10.9
2025-03-01,MPWR,19.3,14.7,18.5,10.9
2025-04-01,MPWR,25.2,14.7,18.5,10.9
2025-05-01,MPWR,15.1,14.7,18.5,10.9
2025-06-01,MPWR,11.3,14.7,18.5,10.9
2025-07-01,MPWR,11.7,14.7,18.5,10.9
2025-08-01,MPWR,13.2,14.7,18.5,10.9
2025-09-01,MPWR,10.3,14.7,18.5,10.9
2025-10-01,MPWR,14.6,14.7,18.5,10.9
2025-11-01,MPWR,13.4,14.7,18.5,10.9
2025-12-01,MPWR,16.0,14.7,18.5,10.9
2026-01-01,MPWR,11.5,14.7,18.5,10.9
2026-02-01,MPWR,13.0,14.7,18.5,10.9
2026-03-01,MPWR,11.4,14.7,18.5,10.9
2025-01-01,MRK,219.8,291.8,344.7,238.8
2025-02-01,MRK,376.8,291.8,344.7,238.8
2025-03-01,MRK,366.4,291.8,344.7,238.8
2025-04-01,MRK,371.3,291.8,344.7,238.8
2025-05-01,MRK,304.6,291.8,344.7,238.8
2025-06-01,MRK,356.9,291.8,344.7,238.8
2025-07-01,MRK,295.9,291.8,344.7,238.8
2025-08-01,MRK,230.6,291.8,344.7,238.8
2025-09-01,MRK,273.2,291.8,344.7,238.8
2025-10-01,MRK,262.4,291.8,344.7,238.8
2025-11-01,MRK,290.9,291.8,344.7,238.8
2025-12-01,MRK,309.0,291.8,344.7,238.8
2026-01-01,MRK,252.5,291.8,344.7,238.8
2026-02-01,MRK,258.5,291.8,344.7,238.8
2026-03-01,MRK,216.1,291.8,344.7,238.8
2025-01-01,MRNA,251.9,225.4,262.9,187.9
2025-02-01,MRNA,241.1,225.4,262.9,187.9
2025-03-01,MRNA,205.7,225.4,262.9,187.9
2025-04-01,MRNA,188.6,225.4,262.9,187.9
2025-05-01,MRNA,298.8,225.4,262.9,187.9
2025-06-01,MRNA,186.5,225.4,262.9,187.9
2025-07-01,MRNA,200.7,225.4,262.9,187.9
2025-08-01,MRNA,197.0,225.4,262.9,187.9
2025-09-01,MRNA,260.6,225.4,262.9,187.9
2025-10-01,MRNA,251.7,225.4,262.9,187.9
2025-11-01,MRNA,201.2,225.4,262.9,187.9
2025-12-01,MRNA,223.9,225.4,262.9,187.9
2026-01-01,MRNA,295.0,225.4,262.9,187.9
2026-02-01,MRNA,196.5,225.4,262.9,187.9
2026-03-01,MRNA,182.0,225.4,262.9,187.9
2025-01-01,MRSH,41.7,53.0,63.5,42.6
2025-02-01,MRSH,41.0,53.0,63.5,42.6
2025-03-01,MRSH,42.0,53.0,63.5,42.6
2025-04-01,MRSH,59.1,53.0,63.5,42.6
2025-05-01,MRSH,38.4,53.0,63.5,42.6
2025-06-01,MRSH,44.9,53.0,63.5,42.6
2025-07-01,MRSH,59.8,53.0,63.5,42.6
2025-08-01,MRSH,45.6,53.0,63.5,42.6
2025-09-01,MRSH,48.4,53.0,63.5,42.6
2025-10-01,MRSH,72.8,53.0,63.5,42.6
2025-11-01,MRSH,52.5,53.0,63.5,42.6
2025-12-01,MRSH,57.2,53.0,63.5,42.6
2026-01-01,MRSH,55.5,53.0,63.5,42.6
2026-02-01,MRSH,67.0,53.0,63.5,42.6
2026-03-01,MRSH,65.8,53.0,63.5,42.6
2025-01-01,MS,150.0,134.0,161.7,106.2
2025-02-01,MS,107.0,134.0,161.7,106.2
2025-03-01,MS,176.7,134.0,161.7,106.2
2025-04-01,MS,195.6,134.0,161.7,106.2
2025-05-01,MS,126.0,134.0,161.7,106.2
2025-06-01,MS,109.1,134.0,161.7,106.2
2025-07-01,MS,123.7,134.0,161.7,106.2
2025-08-01,MS,93.5,134.0,161.7,106.2
2025-09-01,MS,118.1,134.0,161.7,106.2
2025-10-01,MS,133.1,134.0,161.7,106.2
2025-11-01,MS,107.1,134.0,161.7,106.2
2025-12-01,MS,112.7,134.0,161.7,106.2
2026-01-01,MS,141.5,134.0,161.7,106.2
2026-02-01,MS,157.6,134.0,161.7,106.2
2026-03-01,MS,155.4,134.0,161.7,106.2
2025-01-01,MSCI,9.6,12.9,15.8,10.1
2025-02-01,MSCI,12.0,12.9,15.8,10.1
2025-03-01,MSCI,12.1,12.9,15.8,10.1
2025-04-01,MSCI,13.8,12.9,15.8,10.1
2025-05-01,MSCI,9.5,12.9,15.8,10.1
2025-06-01,MSCI,10.1,12.9,15.8,10.1
2025-07-01,MSCI,19.1,12.9,15.8,10.1
2025-08-01,MSCI,12.8,12.9,15.8,10.1
2025-09-01,MSCI,16.2,12.9,15.8,10.1
2025-10-01,MSCI,14.1,12.9,15.8,10.1
2025-11-01,MSCI,11.2,12.9,15.8,10.1
2025-12-01,MSCI,14.9,12.9,15.8,10.1
2026-01-01,MSCI,9.3,12.9,15.8,10.1
2026-02-01,MSCI,17.0,12.9,15.8,10.1
2026-03-01,MSCI,11.7,12.9,15.8,10.1
2025-01-01,MSFT,462.5,514.3,628.5,400.1
2025-02-01,MSFT,432.5,514.3,628.5,400.1
2025-03-01,MSFT,491.8,514.3,628.5,400.1
2025-04-01,MSFT,563.1,514.3,628.5,400.1
2025-05-01,MSFT,476.9,514.3,628.5,400.1
2025-06-01,MSFT,401.3,514.3,628.5,400.1
2025-07-01,MSFT,396.9,514.3,628.5,400.1
2025-08-01,MSFT,454.9,514.3,628.5,400.1
2025-09-01,MSFT,424.0,514.3,628.5,400.1
2025-10-01,MSFT,468.5,514.3,628.5,400.1
2025-11-01,MSFT,479.5,514.3,628.5,400.1
2025-12-01,MSFT,496.6,514.3,628.5,400.1
2026-01-01,MSFT,684.1,514.3,628.5,400.1
2026-02-01,MSFT,800.3,514.3,628.5,400.1
2026-03-01,MSFT,699.9,514.3,628.5,400.1
2025-01-01,MSI,15.0,21.5,26.8,16.3
2025-02-01,MSI,17.5,21.5,26.8,16.3
2025-03-01,MSI,17.2,21.5,26.8,16.3
2025-04-01,MSI,19.6,21.5,26.8,16.3
2025-05-01,MSI,23.5,21.5,26.8,16.3
2025-06-01,MSI,18.4,21.5,26.8,16.3
2025-07-01,MSI,17.5,21.5,26.8,16.3
2025-08-01,MSI,22.6,21.5,26.8,16.3
2025-09-01,MSI,18.4,21.5,26.8,16.3
2025-10-01,MSI,17.5,21.5,26.8,16.3
2025-11-01,MSI,31.3,21.5,26.8,16.3
2025-12-01,MSI,34.6,21.5,26.8,16.3
2026-01-01,MSI,23.0,21.5,26.8,16.3
2026-02-01,MSI,24.0,21.5,26.8,16.3
2026-03-01,MSI,23.3,21.5,26.8,16.3
2025-01-01,MTB,27.6,24.9,29.7,20.2
2025-02-01,MTB,21.0,24.9,29.7,20.2
2025-03-01,MTB,35.2,24.9,29.7,20.2
2025-04-01,MTB,29.7,24.9,29.7,20.2
2025-05-01,MTB,23.3,24.9,29.7,20.2
2025-06-01,MTB,24.5,24.9,29.7,20.2
2025-07-01,MTB,25.1,24.9,29.7,20.2
2025-08-01,MTB,18.4,24.9,29.7,20.2
2025-09-01,MTB,21.9,24.9,29.7,20.2
2025-10-01,MTB,31.6,24.9,29.7,20.2
2025-11-01,MTB,16.7,24.9,29.7,20.2
2025-12-01,MTB,20.5,24.9,29.7,20.2
2026-01-01,MTB,25.0,24.9,29.7,20.2
2026-02-01,MTB,25.9,24.9,29.7,20.2
2026-03-01,MTB,26.4,24.9,29.7,20.2
2025-01-01,MTCH,74.6,95.3,118.9,71.7
2025-02-01,MTCH,117.9,95.3,118.9,71.7
2025-03-01,MTCH,110.2,95.3,118.9,71.7
2025-04-01,MTCH,93.4,95.3,118.9,71.7
2025-05-01,MTCH,116.7,95.3,118.9,71.7
2025-06-01,MTCH,83.0,95.3,118.9,71.7
2025-07-01,MTCH,82.6,95.3,118.9,71.7
2025-08-01,MTCH,101.3,95.3,118.9,71.7
2025-09-01,MTCH,89.2,95.3,118.9,71.7
2025-10-01,MTCH,80.4,95.3,118.9,71.7
2025-11-01,MTCH,77.0,95.3,118.9,71.7
2025-12-01,MTCH,71.2,95.3,118.9,71.7
2026-01-01,MTCH,73.0,95.3,118.9,71.7
2026-02-01,MTCH,95.3,95.3,118.9,71.7
2026-03-01,MTCH,161.7,95.3,118.9,71.7
2025-01-01,MTD,2.3,3.3,4.2,2.5
2025-02-01,MTD,3.0,3.3,4.2,2.5
2025-03-01,MTD,2.9,3.3,4.2,2.5
2025-04-01,MTD,5.5,3.3,4.2,2.5
2025-05-01,MTD,5.0,3.3,4.2,2.5
2025-06-01,MTD,3.3,3.3,4.2,2.5
2025-07-01,MTD,3.4,3.3,4.2,2.5
2025-08-01,MTD,3.1,3.3,4.2,2.5
2025-09-01,MTD,2.8,3.3,4.2,2.5
2025-10-01,MTD,3.4,3.3,4.2,2.5
2025-11-01,MTD,3.0,3.3,4.2,2.5
2025-12-01,MTD,2.9,3.3,4.2,2.5
2026-01-01,MTD,2.7,3.3,4.2,2.5
2026-02-01,MTD,2.9,3.3,4.2,2.5
2026-03-01,MTD,3.9,3.3,4.2,2.5
2025-01-01,MTUM,20.4,20.0,25.4,14.6
2025-02-01,MTUM,18.9,20.0,25.4,14.6
2025-03-01,MTUM,37.0,20.0,25.4,14.6
2025-04-01,MTUM,20.1,20.0,25.4,14.6
2025-05-01,MTUM,22.2,20.0,25.4,14.6
2025-06-01,MTUM,23.5,20.0,25.4,14.6
2025-07-01,MTUM,20.7,20.0,25.4,14.6
2025-08-01,MTUM,16.7,20.0,25.4,14.6
2025-09-01,MTUM,17.4,20.0,25.4,14.6
2025-10-01,MTUM,17.5,20.0,25.4,14.6
2025-11-01,MTUM,22.5,20.0,25.4,14.6
2025-12-01,MTUM,13.2,20.0,25.4,14.6
2026-01-01,MTUM,15.2,20.0,25.4,14.6
2026-02-01,MTUM,15.3,20.0,25.4,14.6
2026-03-01,MTUM,19.4,20.0,25.4,14.6
2025-01-01,MU,530.7,558.1,707.8,408.4
2025-02-01,MU,349.2,558.1,707.8,408.4
2025-03-01,MU,489.8,558.1,707.8,408.4
2025-04-01,MU,620.1,558.1,707.8,408.4
2025-05-01,MU,374.8,558.1,707.8,408.4
2025-06-01,MU,506.3,558.1,707.8,408.4
2025-07-01,MU,485.9,558.1,707.8,408.4
2025-08-01,MU,378.7,558.1,707.8,408.4
2025-09-01,MU,576.1,558.1,707.8,408.4
2025-10-01,MU,551.2,558.1,707.8,408.4
2025-11-01,MU,537.1,558.1,707.8,408.4
2025-12-01,MU,579.4,558.1,707.8,408.4
2026-01-01,MU,749.9,558.1,707.8,408.4
2026-02-01,MU,671.7,558.1,707.8,408.4
2026-03-01,MU,949.5,558.1,707.8,408.4
2025-01-01,MUB,91.2,100.9,137.1,64.7
2025-02-01,MUB,68.1,100.9,137.1,64.7
2025-03-01,MUB,107.8,100.9,137.1,64.7
2025-04-01,MUB,217.7,100.9,137.1,64.7
2025-05-01,MUB,116.5,100.9,137.1,64.7
2025-06-01,MUB,107.2,100.9,137.1,64.7
2025-07-01,MUB,126.2,100.9,137.1,64.7
2025-08-01,MUB,96.7,100.9,137.1,64.7
2025-09-01,MUB,103.1,100.9,137.1,64.7
2025-10-01,MUB,78.3,100.9,137.1,64.7
2025-11-01,MUB,82.5,100.9,137.1,64.7
2025-12-01,MUB,72.5,100.9,137.1,64.7
2026-01-01,MUB,86.1,100.9,137.1,64.7
2026-02-01,MUB,57.8,100.9,137.1,64.7
2026-03-01,MUB,94.3,100.9,137.1,64.7
2025-01-01,NCLH,171.3,336.6,413.9,259.3
2025-02-01,NCLH,214.6,336.6,413.9,259.3
2025-03-01,NCLH,333.1,336.6,413.9,259.3
2025-04-01,NCLH,367.7,336.6,413.9,259.3
2025-05-01,NCLH,298.9,336.6,413.9,259.3
2025-06-01,NCLH,325.2,336.6,413.9,259.3
2025-07-01,NCLH,338.0,336.6,413.9,259.3
2025-08-01,NCLH,276.9,336.6,413.9,259.3
2025-09-01,NCLH,346.3,336.6,413.9,259.3
2025-10-01,NCLH,311.5,336.6,413.9,259.3
2025-11-01,NCLH,373.2,336.6,413.9,259.3
2025-12-01,NCLH,359.0,336.6,413.9,259.3
2026-01-01,NCLH,377.9,336.6,413.9,259.3
2026-02-01,NCLH,446.9,336.6,413.9,259.3
2026-03-01,NCLH,498.4,336.6,413.9,259.3
2025-01-01,NDAQ,56.9,73.3,92.3,54.2
2025-02-01,NDAQ,48.1,73.3,92.3,54.2
2025-03-01,NDAQ,66.3,73.3,92.3,54.2
2025-04-01,NDAQ,78.8,73.3,92.3,54.2
2025-05-01,NDAQ,86.3,73.3,92.3,54.2
2025-06-01,NDAQ,70.4,73.3,92.3,54.2
2025-07-01,NDAQ,76.7,73.3,92.3,54.2
2025-08-01,NDAQ,53.6,73.3,92.3,54.2
2025-09-01,NDAQ,90.3,73.3,92.3,54.2
2025-10-01,NDAQ,72.8,73.3,92.3,54.2
2025-11-01,NDAQ,45.9,73.3,92.3,54.2
2025-12-01,NDAQ,83.8,73.3,92.3,54.2
2026-01-01,NDAQ,69.4,73.3,92.3,54.2
2026-02-01,NDAQ,128.5,73.3,92.3,54.2
2026-03-01,NDAQ,70.1,73.3,92.3,54.2
2025-01-01,NDSN,7.4,7.9,9.6,6.1
2025-02-01,NDSN,6.3,7.9,9.6,6.1
2025-03-01,NDSN,6.9,7.9,9.6,6.1
2025-04-01,NDSN,9.5,7.9,9.6,6.1
2025-05-01,NDSN,7.7,7.9,9.6,6.1
2025-06-01,NDSN,10.1,7.9,9.6,6.1
2025-07-01,NDSN,6.9,7.9,9.6,6.1
2025-08-01,NDSN,8.3,7.9,9.6,6.1
2025-09-01,NDSN,6.0,7.9,9.6,6.1
2025-10-01,NDSN,6.4,7.9,9.6,6.1
2025-11-01,NDSN,5.8,7.9,9.6,6.1
2025-12-01,NDSN,12.2,7.9,9.6,6.1
2026-01-01,NDSN,8.4,7.9,9.6,6.1
2026-02-01,NDSN,9.4,7.9,9.6,6.1
2026-03-01,NDSN,6.8,7.9,9.6,6.1
2025-01-01,NEE,241.5,226.1,260.9,191.4
2025-02-01,NEE,203.0,226.1,260.9,191.4
2025-03-01,NEE,259.5,226.1,260.9,191.4
2025-04-01,NEE,277.0,226.1,260.9,191.4
2025-05-01,NEE,313.1,226.1,260.9,191.4
2025-06-01,NEE,228.3,226.1,260.9,191.4
2025-07-01,NEE,231.2,226.1,260.9,191.4
2025-08-01,NEE,195.7,226.1,260.9,191.4
2025-09-01,NEE,209.3,226.1,260.9,191.4
2025-10-01,NEE,239.0,226.1,260.9,191.4
2025-11-01,NEE,179.5,226.1,260.9,191.4
2025-12-01,NEE,210.5,226.1,260.9,191.4
2026-01-01,NEE,196.5,226.1,260.9,191.4
2026-02-01,NEE,198.3,226.1,260.9,191.4
2026-03-01,NEE,200.5,226.1,260.9,191.4
2025-01-01,NEM,165.5,234.7,284.3,185.2
2025-02-01,NEM,223.4,234.7,284.3,185.2
2025-03-01,NEM,228.4,234.7,284.3,185.2
2025-04-01,NEM,350.2,234.7,284.3,185.2
2025-05-01,NEM,254.7,234.7,284.3,185.2
2025-06-01,NEM,257.6,234.7,284.3,185.2
2025-07-01,NEM,275.3,234.7,284.3,185.2
2025-08-01,NEM,177.1,234.7,284.3,185.2
2025-09-01,NEM,263.4,234.7,284.3,185.2
2025-10-01,NEM,287.4,234.7,284.3,185.2
2025-11-01,NEM,177.4,234.7,284.3,185.2
2025-12-01,NEM,192.5,234.7,284.3,185.2
2026-01-01,NEM,206.4,234.7,284.3,185.2
2026-02-01,NEM,184.8,234.7,284.3,185.2
2026-03-01,NEM,256.3,234.7,284.3,185.2
2025-01-01,NFLX,903.4,876.3,1079.1,673.4
2025-02-01,NFLX,714.3,876.3,1079.1,673.4
2025-03-01,NFLX,1138.4,876.3,1079.1,673.4
2025-04-01,NFLX,1229.6,876.3,1079.1,673.4
2025-05-01,NFLX,752.1,876.3,1079.1,673.4
2025-06-01,NFLX,550.0,876.3,1079.1,673.4
2025-07-01,NFLX,866.7,876.3,1079.1,673.4
2025-08-01,NFLX,578.2,876.3,1079.1,673.4
2025-09-01,NFLX,620.0,876.3,1079.1,673.4
2025-10-01,NFLX,1021.0,876.3,1079.1,673.4
2025-11-01,NFLX,726.0,876.3,1079.1,673.4
2025-12-01,NFLX,1021.7,876.3,1079.1,673.4
2026-01-01,NFLX,1048.0,876.3,1079.1,673.4
2026-02-01,NFLX,1039.2,876.3,1079.1,673.4
2026-03-01,NFLX,894.1,876.3,1079.1,673.4
2025-01-01,NI,76.7,88.7,103.9,73.5
2025-02-01,NI,81.5,88.7,103.9,73.5
2025-03-01,NI,112.6,88.7,103.9,73.5
2025-04-01,NI,112.1,88.7,103.9,73.5
2025-05-01,NI,93.3,88.7,103.9,73.5
2025-06-01,NI,86.4,88.7,103.9,73.5
2025-07-01,NI,89.4,88.7,103.9,73.5
2025-08-01,NI,78.3,88.7,103.9,73.5
2025-09-01,NI,112.3,88.7,103.9,73.5
2025-10-01,NI,103.5,88.7,103.9,73.5
2025-11-01,NI,69.7,88.7,103.9,73.5
2025-12-01,NI,68.5,88.7,103.9,73.5
2026-01-01,NI,76.7,88.7,103.9,73.5
2026-02-01,NI,93.1,88.7,103.9,73.5
2026-03-01,NI,72.8,88.7,103.9,73.5
2025-01-01,NKE,244.2,341.9,436.0,247.9
2025-02-01,NKE,287.3,341.9,436.0,247.9
2025-03-01,NKE,365.1,341.9,436.0,247.9
2025-04-01,NKE,574.3,341.9,436.0,247.9
2025-05-01,NKE,316.7,341.9,436.0,247.9
2025-06-01,NKE,413.3,341.9,436.0,247.9
2025-07-01,NKE,323.8,341.9,436.0,247.9
2025-08-01,NKE,189.0,341.9,436.0,247.9
2025-09-01,NKE,302.9,341.9,436.0,247.9
2025-10-01,NKE,352.3,341.9,436.0,247.9
2025-11-01,NKE,289.9,341.9,436.0,247.9
2025-12-01,NKE,504.7,341.9,436.0,247.9
2026-01-01,NKE,323.2,341.9,436.0,247.9
2026-02-01,NKE,286.6,341.9,436.0,247.9
2026-03-01,NKE,330.9,341.9,436.0,247.9
2025-01-01,NOC,17.4,18.8,23.1,14.5
2025-02-01,NOC,20.7,18.8,23.1,14.5
2025-03-01,NOC,22.8,18.8,23.1,14.5
2025-04-01,NOC,30.7,18.8,23.1,14.5
2025-05-01,NOC,21.0,18.8,23.1,14.5
2025-06-01,NOC,16.3,18.8,23.1,14.5
2025-07-01,NOC,17.4,18.8,23.1,14.5
2025-08-01,NOC,15.0,18.8,23.1,14.5
2025-09-01,NOC,15.9,18.8,23.1,14.5
2025-10-01,NOC,17.7,18.8,23.1,14.5
2025-11-01,NOC,13.8,18.8,23.1,14.5
2025-12-01,NOC,13.9,18.8,23.1,14.5
2026-01-01,NOC,23.8,18.8,23.1,14.5
2026-02-01,NOC,17.4,18.8,23.1,14.5
2026-03-01,NOC,18.2,18.8,23.1,14.5
2025-01-01,NORW,0.3,0.7,2.2,-0.8
2025-02-01,NORW,0.1,0.7,2.2,-0.8
2025-03-01,NORW,0.3,0.7,2.2,-0.8
2025-04-01,NORW,0.4,0.7,2.2,-0.8
2025-05-01,NORW,0.2,0.7,2.2,-0.8
2025-06-01,NORW,0.5,0.7,2.2,-0.8
2025-07-01,NORW,0.3,0.7,2.2,-0.8
2025-08-01,NORW,0.2,0.7,2.2,-0.8
2025-09-01,NORW,0.2,0.7,2.2,-0.8
2025-10-01,NORW,0.2,0.7,2.2,-0.8
2025-11-01,NORW,0.2,0.7,2.2,-0.8
2025-12-01,NORW,0.1,0.7,2.2,-0.8
2026-01-01,NORW,0.3,0.7,2.2,-0.8
2026-02-01,NORW,0.4,0.7,2.2,-0.8
2026-03-01,NORW,6.1,0.7,2.2,-0.8
2025-01-01,NOV,63.9,89.3,104.7,74.0
2025-02-01,NOV,88.4,89.3,104.7,74.0
2025-03-01,NOV,120.7,89.3,104.7,74.0
2025-04-01,NOV,103.7,89.3,104.7,74.0
2025-05-01,NOV,72.6,89.3,104.7,74.0
2025-06-01,NOV,90.6,89.3,104.7,74.0
2025-07-01,NOV,92.6,89.3,104.7,74.0
2025-08-01,NOV,67.4,89.3,104.7,74.0
2025-09-01,NOV,78.7,89.3,104.7,74.0
2025-10-01,NOV,98.8,89.3,104.7,74.0
2025-11-01,NOV,84.0,89.3,104.7,74.0
2025-12-01,NOV,75.7,89.3,104.7,74.0
2026-01-01,NOV,93.9,89.3,104.7,74.0
2026-02-01,NOV,99.0,89.3,104.7,74.0
2026-03-01,NOV,107.8,89.3,104.7,74.0
2025-01-01,NOW,171.7,213.5,304.1,122.9
2025-02-01,NOW,152.4,213.5,304.1,122.9
2025-03-01,NOW,225.0,213.5,304.1,122.9
2025-04-01,NOW,240.1,213.5,304.1,122.9
2025-05-01,NOW,146.5,213.5,304.1,122.9
2025-06-01,NOW,112.2,213.5,304.1,122.9
2025-07-01,NOW,169.9,213.5,304.1,122.9
2025-08-01,NOW,200.8,213.5,304.1,122.9
2025-09-01,NOW,147.6,213.5,304.1,122.9
2025-10-01,NOW,154.6,213.5,304.1,122.9
2025-11-01,NOW,147.5,213.5,304.1,122.9
2025-12-01,NOW,209.3,213.5,304.1,122.9
2026-01-01,NOW,323.8,213.5,304.1,122.9
2026-02-01,NOW,460.5,213.5,304.1,122.9
2026-03-01,NOW,351.5,213.5,304.1,122.9
2025-01-01,NRG,69.8,57.1,70.2,44.0
2025-02-01,NRG,52.2,57.1,70.2,44.0
2025-03-01,NRG,72.1,57.1,70.2,44.0
2025-04-01,NRG,58.8,57.1,70.2,44.0
2025-05-01,NRG,81.5,57.1,70.2,44.0
2025-06-01,NRG,68.7,57.1,70.2,44.0
2025-07-01,NRG,59.3,57.1,70.2,44.0
2025-08-01,NRG,59.9,57.1,70.2,44.0
2025-09-01,NRG,50.0,57.1,70.2,44.0
2025-10-01,NRG,50.1,57.1,70.2,44.0
2025-11-01,NRG,40.3,57.1,70.2,44.0
2025-12-01,NRG,37.1,57.1,70.2,44.0
2026-01-01,NRG,40.0,57.1,70.2,44.0
2026-02-01,NRG,44.3,57.1,70.2,44.0
2026-03-01,NRG,70.4,57.1,70.2,44.0
2025-01-01,NSC,25.9,30.9,41.1,20.7
2025-02-01,NSC,21.9,30.9,41.1,20.7
2025-03-01,NSC,26.2,30.9,41.1,20.7
2025-04-01,NSC,32.4,30.9,41.1,20.7
2025-05-01,NSC,26.9,30.9,41.1,20.7
2025-06-01,NSC,25.5,30.9,41.1,20.7
2025-07-01,NSC,61.3,30.9,41.1,20.7
2025-08-01,NSC,45.3,30.9,41.1,20.7
2025-09-01,NSC,37.3,30.9,41.1,20.7
2025-10-01,NSC,27.0,30.9,41.1,20.7
2025-11-01,NSC,26.1,30.9,41.1,20.7
2025-12-01,NSC,28.4,30.9,41.1,20.7
2026-01-01,NSC,21.7,30.9,41.1,20.7
2026-02-01,NSC,27.1,30.9,41.1,20.7
2026-03-01,NSC,27.3,30.9,41.1,20.7
2025-01-01,NTAP,27.4,43.8,51.0,36.5
2025-02-01,NTAP,40.5,43.8,51.0,36.5
2025-03-01,NTAP,54.2,43.8,51.0,36.5
2025-04-01,NTAP,50.7,43.8,51.0,36.5
2025-05-01,NTAP,45.2,43.8,51.0,36.5
2025-06-01,NTAP,48.8,43.8,51.0,36.5
2025-07-01,NTAP,32.1,43.8,51.0,36.5
2025-08-01,NTAP,40.6,43.8,51.0,36.5
2025-09-01,NTAP,46.7,43.8,51.0,36.5
2025-10-01,NTAP,40.4,43.8,51.0,36.5
2025-11-01,NTAP,44.5,43.8,51.0,36.5
2025-12-01,NTAP,37.6,43.8,51.0,36.5
2026-01-01,NTAP,52.0,43.8,51.0,36.5
2026-02-01,NTAP,48.4,43.8,51.0,36.5
2026-03-01,NTAP,48.8,43.8,51.0,36.5
2025-01-01,NTRS,24.2,27.7,36.6,18.9
2025-02-01,NTRS,23.5,27.7,36.6,18.9
2025-03-01,NTRS,29.1,27.7,36.6,18.9
2025-04-01,NTRS,34.4,27.7,36.6,18.9
2025-05-01,NTRS,32.9,27.7,36.6,18.9
2025-06-01,NTRS,54.6,27.7,36.6,18.9
2025-07-01,NTRS,37.5,27.7,36.6,18.9
2025-08-01,NTRS,21.4,27.7,36.6,18.9
2025-09-01,NTRS,25.3,27.7,36.6,18.9
2025-10-01,NTRS,26.7,27.7,36.6,18.9
2025-11-01,NTRS,17.7,27.7,36.6,18.9
2025-12-01,NTRS,21.4,27.7,36.6,18.9
2026-01-01,NTRS,21.0,27.7,36.6,18.9
2026-02-01,NTRS,22.3,27.7,36.6,18.9
2026-03-01,NTRS,23.0,27.7,36.6,18.9
2025-01-01,NUE,53.1,42.2,54.1,30.3
2025-02-01,NUE,55.2,42.2,54.1,30.3
2025-03-01,NUE,66.9,42.2,54.1,30.3
2025-04-01,NUE,52.5,42.2,54.1,30.3
2025-05-01,NUE,44.6,42.2,54.1,30.3
2025-06-01,NUE,58.1,42.2,54.1,30.3
2025-07-01,NUE,41.0,42.2,54.1,30.3
2025-08-01,NUE,25.8,42.2,54.1,30.3
2025-09-01,NUE,38.9,42.2,54.1,30.3
2025-10-01,NUE,36.3,42.2,54.1,30.3
2025-11-01,NUE,25.4,42.2,54.1,30.3
2025-12-01,NUE,33.4,42.2,54.1,30.3
2026-01-01,NUE,37.9,42.2,54.1,30.3
2026-02-01,NUE,35.5,42.2,54.1,30.3
2026-03-01,NUE,30.1,42.2,54.1,30.3
2025-01-01,NVDA,5948.4,4396.3,5441.7,3350.8
2025-02-01,NVDA,4755.2,4396.3,5441.7,3350.8
2025-03-01,NVDA,6178.0,4396.3,5441.7,3350.8
2025-04-01,NVDA,6811.0,4396.3,5441.7,3350.8
2025-05-01,NVDA,4756.8,4396.3,5441.7,3350.8
2025-06-01,NVDA,3821.3,4396.3,5441.7,3350.8
2025-07-01,NVDA,3596.8,4396.3,5441.7,3350.8
2025-08-01,NVDA,3608.9,4396.3,5441.7,3350.8
2025-09-01,NVDA,3890.5,4396.3,5441.7,3350.8
2025-10-01,NVDA,4031.0,4396.3,5441.7,3350.8
2025-11-01,NVDA,4160.2,4396.3,5441.7,3350.8
2025-12-01,NVDA,3629.7,4396.3,5441.7,3350.8
2026-01-01,NVDA,3292.2,4396.3,5441.7,3350.8
2026-02-01,NVDA,3745.5,4396.3,5441.7,3350.8
2026-03-01,NVDA,3799.8,4396.3,5441.7,3350.8
2025-01-01,NVR,0.6,0.5,0.6,0.4
2025-02-01,NVR,0.5,0.5,0.6,0.4
2025-03-01,NVR,0.6,0.5,0.6,0.4
2025-04-01,NVR,0.5,0.5,0.6,0.4
2025-05-01,NVR,0.4,0.5,0.6,0.4
2025-06-01,NVR,0.5,0.5,0.6,0.4
2025-07-01,NVR,0.4,0.5,0.6,0.4
2025-08-01,NVR,0.3,0.5,0.6,0.4
2025-09-01,NVR,0.4,0.5,0.6,0.4
2025-10-01,NVR,0.5,0.5,0.6,0.4
2025-11-01,NVR,0.4,0.5,0.6,0.4
2025-12-01,NVR,0.5,0.5,0.6,0.4
2026-01-01,NVR,0.7,0.5,0.6,0.4
2026-02-01,NVR,0.5,0.5,0.6,0.4
2026-03-01,NVR,0.6,0.5,0.6,0.4
2025-01-01,NWSA,48.6,75.0,89.2,60.9
2025-02-01,NWSA,64.4,75.0,89.2,60.9
2025-03-01,NWSA,82.6,75.0,89.2,60.9
2025-04-01,NWSA,75.3,75.0,89.2,60.9
2025-05-01,NWSA,70.3,75.0,89.2,60.9
2025-06-01,NWSA,75.0,75.0,89.2,60.9
2025-07-01,NWSA,54.5,75.0,89.2,60.9
2025-08-01,NWSA,70.5,75.0,89.2,60.9
2025-09-01,NWSA,104.9,75.0,89.2,60.9
2025-10-01,NWSA,77.9,75.0,89.2,60.9
2025-11-01,NWSA,84.0,75.0,89.2,60.9
2025-12-01,NWSA,78.7,75.0,89.2,60.9
2026-01-01,NWSA,60.7,75.0,89.2,60.9
2026-02-01,NWSA,96.4,75.0,89.2,60.9
2026-03-01,NWSA,82.0,75.0,89.2,60.9
2025-01-01,NXPI,48.3,59.5,70.1,48.9
2025-02-01,NXPI,66.7,59.5,70.1,48.9
2025-03-01,NXPI,63.0,59.5,70.1,48.9
2025-04-01,NXPI,90.8,59.5,70.1,48.9
2025-05-01,NXPI,61.1,59.5,70.1,48.9
2025-06-01,NXPI,47.3,59.5,70.1,48.9
2025-07-01,NXPI,60.3,59.5,70.1,48.9
2025-08-01,NXPI,54.2,59.5,70.1,48.9
2025-09-01,NXPI,47.3,59.5,70.1,48.9
2025-10-01,NXPI,63.1,59.5,70.1,48.9
2025-11-01,NXPI,49.7,59.5,70.1,48.9
2025-12-01,NXPI,66.0,59.5,70.1,48.9
2026-01-01,NXPI,54.7,59.5,70.1,48.9
2026-02-01,NXPI,62.2,59.5,70.1,48.9
2026-03-01,NXPI,56.4,59.5,70.1,48.9
2025-01-01,O,97.7,120.4,133.5,107.3
2025-02-01,O,95.7,120.4,133.5,107.3
2025-03-01,O,128.8,120.4,133.5,107.3
2025-04-01,O,139.7,120.4,133.5,107.3
2025-05-01,O,110.6,120.4,133.5,107.3
2025-06-01,O,116.4,120.4,133.5,107.3
2025-07-01,O,113.1,120.4,133.5,107.3
2025-08-01,O,111.9,120.4,133.5,107.3
2025-09-01,O,117.7,120.4,133.5,107.3
2025-10-01,O,113.6,120.4,133.5,107.3
2025-11-01,O,123.5,120.4,133.5,107.3
2025-12-01,O,138.4,120.4,133.5,107.3
2026-01-01,O,131.0,120.4,133.5,107.3
2026-02-01,O,134.1,120.4,133.5,107.3
2026-03-01,O,131.9,120.4,133.5,107.3
2025-01-01,ODFL,26.9,42.2,49.1,35.3
2025-02-01,ODFL,39.2,42.2,49.1,35.3
2025-03-01,ODFL,40.7,42.2,49.1,35.3
2025-04-01,ODFL,46.7,42.2,49.1,35.3
2025-05-01,ODFL,36.3,42.2,49.1,35.3
2025-06-01,ODFL,35.6,42.2,49.1,35.3
2025-07-01,ODFL,39.8,42.2,49.1,35.3
2025-08-01,ODFL,40.2,42.2,49.1,35.3
2025-09-01,ODFL,44.0,42.2,49.1,35.3
2025-10-01,ODFL,47.3,42.2,49.1,35.3
2025-11-01,ODFL,39.4,42.2,49.1,35.3
2025-12-01,ODFL,54.0,42.2,49.1,35.3
2026-01-01,ODFL,38.2,42.2,49.1,35.3
2026-02-01,ODFL,53.7,42.2,49.1,35.3
2026-03-01,ODFL,48.9,42.2,49.1,35.3
2025-01-01,OEF,4.6,14.0,29.0,-1.0
2025-02-01,OEF,12.0,14.0,29.0,-1.0
2025-03-01,OEF,9.4,14.0,29.0,-1.0
2025-04-01,OEF,11.1,14.0,29.0,-1.0
2025-05-01,OEF,11.3,14.0,29.0,-1.0
2025-06-01,OEF,6.0,14.0,29.0,-1.0
2025-07-01,OEF,4.5,14.0,29.0,-1.0
2025-08-01,OEF,5.0,14.0,29.0,-1.0
2025-09-01,OEF,20.6,14.0,29.0,-1.0
2025-10-01,OEF,11.2,14.0,29.0,-1.0
2025-11-01,OEF,10.9,14.0,29.0,-1.0
2025-12-01,OEF,9.0,14.0,29.0,-1.0
2026-01-01,OEF,11.1,14.0,29.0,-1.0
2026-02-01,OEF,14.3,14.0,29.0,-1.0
2026-03-01,OEF,66.3,14.0,29.0,-1.0
2025-01-01,OKE,80.3,85.8,96.2,75.4
2025-02-01,OKE,78.1,85.8,96.2,75.4
2025-03-01,OKE,81.9,85.8,96.2,75.4
2025-04-01,OKE,97.5,85.8,96.2,75.4
2025-05-01,OKE,76.2,85.8,96.2,75.4
2025-06-01,OKE,86.1,85.8,96.2,75.4
2025-07-01,OKE,70.6,85.8,96.2,75.4
2025-08-01,OKE,76.1,85.8,96.2,75.4
2025-09-01,OKE,81.4,85.8,96.2,75.4
2025-10-01,OKE,87.7,85.8,96.2,75.4
2025-11-01,OKE,86.3,85.8,96.2,75.4
2025-12-01,OKE,82.4,85.8,96.2,75.4
2026-01-01,OKE,92.9,85.8,96.2,75.4
2026-02-01,OKE,97.9,85.8,96.2,75.4
2026-03-01,OKE,111.9,85.8,96.2,75.4
2025-01-01,OMC,44.9,85.3,108.9,61.7
2025-02-01,OMC,59.7,85.3,108.9,61.7
2025-03-01,OMC,98.3,85.3,108.9,61.7
2025-04-01,OMC,72.7,85.3,108.9,61.7
2025-05-01,OMC,51.3,85.3,108.9,61.7
2025-06-01,OMC,100.0,85.3,108.9,61.7
2025-07-01,OMC,101.6,85.3,108.9,61.7
2025-08-01,OMC,71.1,85.3,108.9,61.7
2025-09-01,OMC,73.4,85.3,108.9,61.7
2025-10-01,OMC,93.8,85.3,108.9,61.7
2025-11-01,OMC,77.5,85.3,108.9,61.7
2025-12-01,OMC,126.1,85.3,108.9,61.7
2026-01-01,OMC,75.1,85.3,108.9,61.7
2026-02-01,OMC,125.4,85.3,108.9,61.7
2026-03-01,OMC,103.0,85.3,108.9,61.7
2025-01-01,ON,182.2,193.3,216.0,170.6
2025-02-01,ON,195.7,193.3,216.0,170.6
2025-03-01,ON,184.0,193.3,216.0,170.6
2025-04-01,ON,245.3,193.3,216.0,170.6
2025-05-01,ON,214.8,193.3,216.0,170.6
2025-06-01,ON,213.5,193.3,216.0,170.6
2025-07-01,ON,193.2,193.3,216.0,170.6
2025-08-01,ON,201.6,193.3,216.0,170.6
2025-09-01,ON,157.6,193.3,216.0,170.6
2025-10-01,ON,212.3,193.3,216.0,170.6
2025-11-01,ON,174.2,193.3,216.0,170.6
2025-12-01,ON,197.3,193.3,216.0,170.6
2026-01-01,ON,184.2,193.3,216.0,170.6
2026-02-01,ON,188.1,193.3,216.0,170.6
2026-03-01,ON,153.6,193.3,216.0,170.6
2025-01-01,ORCL,298.6,402.1,591.0,213.1
2025-02-01,ORCL,159.9,402.1,591.0,213.1
2025-03-01,ORCL,259.2,402.1,591.0,213.1
2025-04-01,ORCL,223.4,402.1,591.0,213.1
2025-05-01,ORCL,173.7,402.1,591.0,213.1
2025-06-01,ORCL,359.5,402.1,591.0,213.1
2025-07-01,ORCL,269.8,402.1,591.0,213.1
2025-08-01,ORCL,218.4,402.1,591.0,213.1
2025-09-01,ORCL,771.9,402.1,591.0,213.1
2025-10-01,ORCL,483.2,402.1,591.0,213.1
2025-11-01,ORCL,447.1,402.1,591.0,213.1
2025-12-01,ORCL,691.0,402.1,591.0,213.1
2026-01-01,ORCL,470.0,402.1,591.0,213.1
2026-02-01,ORCL,578.7,402.1,591.0,213.1
2026-03-01,ORCL,596.4,402.1,591.0,213.1
2025-01-01,ORLY,97.3,115.4,135.4,95.3
2025-02-01,ORLY,99.4,115.4,135.4,95.3
2025-03-01,ORLY,120.1,115.4,135.4,95.3
2025-04-01,ORLY,177.4,115.4,135.4,95.3
2025-05-01,ORLY,118.0,115.4,135.4,95.3
2025-06-01,ORLY,109.8,115.4,135.4,95.3
2025-07-01,ORLY,102.1,115.4,135.4,95.3
2025-08-01,ORLY,90.8,115.4,135.4,95.3
2025-09-01,ORLY,105.7,115.4,135.4,95.3
2025-10-01,ORLY,113.2,115.4,135.4,95.3
2025-11-01,ORLY,99.9,115.4,135.4,95.3
2025-12-01,ORLY,117.8,115.4,135.4,95.3
2026-01-01,ORLY,120.8,115.4,135.4,95.3
2026-02-01,ORLY,131.8,115.4,135.4,95.3
2026-03-01,ORLY,124.3,115.4,135.4,95.3
2025-01-01,OTIS,43.1,61.1,75.4,46.9
2025-02-01,OTIS,42.3,61.1,75.4,46.9
2025-03-01,OTIS,52.2,61.1,75.4,46.9
2025-04-01,OTIS,71.0,61.1,75.4,46.9
2025-05-01,OTIS,64.4,61.1,75.4,46.9
2025-06-01,OTIS,45.0,61.1,75.4,46.9
2025-07-01,OTIS,66.8,61.1,75.4,46.9
2025-08-01,OTIS,82.8,61.1,75.4,46.9
2025-09-01,OTIS,60.6,61.1,75.4,46.9
2025-10-01,OTIS,50.0,61.1,75.4,46.9
2025-11-01,OTIS,44.7,61.1,75.4,46.9
2025-12-01,OTIS,56.5,61.1,75.4,46.9
2026-01-01,OTIS,68.5,61.1,75.4,46.9
2026-02-01,OTIS,81.2,61.1,75.4,46.9
2026-03-01,OTIS,85.2,61.1,75.4,46.9
2025-01-01,OXY,197.7,250.4,321.6,179.1
2025-02-01,OXY,220.7,250.4,321.6,179.1
2025-03-01,OXY,258.3,250.4,321.6,179.1
2025-04-01,OXY,329.2,250.4,321.6,179.1
2025-05-01,OXY,219.7,250.4,321.6,179.1
2025-06-01,OXY,286.7,250.4,321.6,179.1
2025-07-01,OXY,225.4,250.4,321.6,179.1
2025-08-01,OXY,205.9,250.4,321.6,179.1
2025-09-01,OXY,196.2,250.4,321.6,179.1
2025-10-01,OXY,274.1,250.4,321.6,179.1
2025-11-01,OXY,172.1,250.4,321.6,179.1
2025-12-01,OXY,200.0,250.4,321.6,179.1
2026-01-01,OXY,240.8,250.4,321.6,179.1
2026-02-01,OXY,241.8,250.4,321.6,179.1
2026-03-01,OXY,465.5,250.4,321.6,179.1
2025-01-01,PAM,6.3,5.5,7.7,3.2
2025-02-01,PAM,4.9,5.5,7.7,3.2
2025-03-01,PAM,3.9,5.5,7.7,3.2
2025-04-01,PAM,5.3,5.5,7.7,3.2
2025-05-01,PAM,4.2,5.5,7.7,3.2
2025-06-01,PAM,3.2,5.5,7.7,3.2
2025-07-01,PAM,5.2,5.5,7.7,3.2
2025-08-01,PAM,5.6,5.5,7.7,3.2
2025-09-01,PAM,10.6,5.5,7.7,3.2
2025-10-01,PAM,10.6,5.5,7.7,3.2
2025-11-01,PAM,5.3,5.5,7.7,3.2
2025-12-01,PAM,2.8,5.5,7.7,3.2
2026-01-01,PAM,4.1,5.5,7.7,3.2
2026-02-01,PAM,3.9,5.5,7.7,3.2
2026-03-01,PAM,5.6,5.5,7.7,3.2
2025-01-01,PANW,122.8,144.0,203.4,84.7
2025-02-01,PANW,116.2,144.0,203.4,84.7
2025-03-01,PANW,101.9,144.0,203.4,84.7
2025-04-01,PANW,125.9,144.0,203.4,84.7
2025-05-01,PANW,121.8,144.0,203.4,84.7
2025-06-01,PANW,83.9,144.0,203.4,84.7
2025-07-01,PANW,167.4,144.0,203.4,84.7
2025-08-01,PANW,228.1,144.0,203.4,84.7
2025-09-01,PANW,119.7,144.0,203.4,84.7
2025-10-01,PANW,107.4,144.0,203.4,84.7
2025-11-01,PANW,125.0,144.0,203.4,84.7
2025-12-01,PANW,116.2,144.0,203.4,84.7
2026-01-01,PANW,129.8,144.0,203.4,84.7
2026-02-01,PANW,335.0,144.0,203.4,84.7
2026-03-01,PANW,171.0,144.0,203.4,84.7
2025-01-01,PAYC,9.3,18.7,30.2,7.2
2025-02-01,PAYC,13.2,18.7,30.2,7.2
2025-03-01,PAYC,16.5,18.7,30.2,7.2
2025-04-01,PAYC,12.5,18.7,30.2,7.2
2025-05-01,PAYC,12.5,18.7,30.2,7.2
2025-06-01,PAYC,13.2,18.7,30.2,7.2
2025-07-01,PAYC,11.2,18.7,30.2,7.2
2025-08-01,PAYC,14.8,18.7,30.2,7.2
2025-09-01,PAYC,14.3,18.7,30.2,7.2
2025-10-01,PAYC,14.8,18.7,30.2,7.2
2025-11-01,PAYC,17.1,18.7,30.2,7.2
2025-12-01,PAYC,16.9,18.7,30.2,7.2
2026-01-01,PAYC,19.8,18.7,30.2,7.2
2026-02-01,PAYC,49.0,18.7,30.2,7.2
2026-03-01,PAYC,46.2,18.7,30.2,7.2
2025-01-01,PAYX,38.1,58.2,76.3,40.1
2025-02-01,PAYX,30.4,58.2,76.3,40.1
2025-03-01,PAYX,54.7,58.2,76.3,40.1
2025-04-01,PAYX,52.3,58.2,76.3,40.1
2025-05-01,PAYX,31.7,58.2,76.3,40.1
2025-06-01,PAYX,52.1,58.2,76.3,40.1
2025-07-01,PAYX,49.2,58.2,76.3,40.1
2025-08-01,PAYX,46.5,58.2,76.3,40.1
2025-09-01,PAYX,66.3,58.2,76.3,40.1
2025-10-01,PAYX,64.4,58.2,76.3,40.1
2025-11-01,PAYX,56.8,58.2,76.3,40.1
2025-12-01,PAYX,81.4,58.2,76.3,40.1
2026-01-01,PAYX,64.8,58.2,76.3,40.1
2026-02-01,PAYX,87.3,58.2,76.3,40.1
2026-03-01,PAYX,92.9,58.2,76.3,40.1
2025-01-01,PBR,233.4,473.7,610.9,336.6
2025-02-01,PBR,337.1,473.7,610.9,336.6
2025-03-01,PBR,381.3,473.7,610.9,336.6
2025-04-01,PBR,648.1,473.7,610.9,336.6
2025-05-01,PBR,430.0,473.7,610.9,336.6
2025-06-01,PBR,550.3,473.7,610.9,336.6
2025-07-01,PBR,429.1,473.7,610.9,336.6
2025-08-01,PBR,472.0,473.7,610.9,336.6
2025-09-01,PBR,461.8,473.7,610.9,336.6
2025-10-01,PBR,564.9,473.7,610.9,336.6
2025-11-01,PBR,394.5,473.7,610.9,336.6
2025-12-01,PBR,366.0,473.7,610.9,336.6
2026-01-01,PBR,553.8,473.7,610.9,336.6
2026-02-01,PBR,422.3,473.7,610.9,336.6
2026-03-01,PBR,814.5,473.7,610.9,336.6
2025-01-01,PCAR,48.4,62.1,73.2,51.0
2025-02-01,PCAR,45.2,62.1,73.2,51.0
2025-03-01,PCAR,67.4,62.1,73.2,51.0
2025-04-01,PCAR,82.6,62.1,73.2,51.0
2025-05-01,PCAR,54.5,62.1,73.2,51.0
2025-06-01,PCAR,49.1,62.1,73.2,51.0
2025-07-01,PCAR,77.5,62.1,73.2,51.0
2025-08-01,PCAR,46.2,62.1,73.2,51.0
2025-09-01,PCAR,63.6,62.1,73.2,51.0
2025-10-01,PCAR,66.1,62.1,73.2,51.0
2025-11-01,PCAR,60.1,62.1,73.2,51.0
2025-12-01,PCAR,72.3,62.1,73.2,51.0
2026-01-01,PCAR,66.4,62.1,73.2,51.0
2026-02-01,PCAR,69.8,62.1,73.2,51.0
2026-03-01,PCAR,58.9,62.1,73.2,51.0
2025-01-01,PCG,618.4,482.9,588.2,377.5
2025-02-01,PCG,442.9,482.9,588.2,377.5
2025-03-01,PCG,356.5,482.9,588.2,377.5
2025-04-01,PCG,387.0,482.9,588.2,377.5
2025-05-01,PCG,281.4,482.9,588.2,377.5
2025-06-01,PCG,731.1,482.9,588.2,377.5
2025-07-01,PCG,529.1,482.9,588.2,377.5
2025-08-01,PCG,549.4,482.9,588.2,377.5
2025-09-01,PCG,533.0,482.9,588.2,377.5
2025-10-01,PCG,503.3,482.9,588.2,377.5
2025-11-01,PCG,525.0,482.9,588.2,377.5
2025-12-01,PCG,430.7,482.9,588.2,377.5
2026-01-01,PCG,450.0,482.9,588.2,377.5
2026-02-01,PCG,409.4,482.9,588.2,377.5
2026-03-01,PCG,503.3,482.9,588.2,377.5
2025-01-01,PEG,47.4,59.3,67.1,51.5
2025-02-01,PEG,50.0,59.3,67.1,51.5
2025-03-01,PEG,70.3,59.3,67.1,51.5
2025-04-01,PEG,64.4,59.3,67.1,51.5
2025-05-01,PEG,73.2,59.3,67.1,51.5
2025-06-01,PEG,59.4,59.3,67.1,51.5
2025-07-01,PEG,52.6,59.3,67.1,51.5
2025-08-01,PEG,57.9,59.3,67.1,51.5
2025-09-01,PEG,54.3,59.3,67.1,51.5
2025-10-01,PEG,61.7,59.3,67.1,51.5
2025-11-01,PEG,48.7,59.3,67.1,51.5
2025-12-01,PEG,65.0,59.3,67.1,51.5
2026-01-01,PEG,66.9,59.3,67.1,51.5
2026-02-01,PEG,51.1,59.3,67.1,51.5
2026-03-01,PEG,63.6,59.3,67.1,51.5
2025-01-01,PEP,131.5,168.6,194.1,143.1
2025-02-01,PEP,147.5,168.6,194.1,143.1
2025-03-01,PEP,156.0,168.6,194.1,143.1
2025-04-01,PEP,188.3,168.6,194.1,143.1
2025-05-01,PEP,177.5,168.6,194.1,143.1
2025-06-01,PEP,223.9,168.6,194.1,143.1
2025-07-01,PEP,214.1,168.6,194.1,143.1
2025-08-01,PEP,161.8,168.6,194.1,143.1
2025-09-01,PEP,169.1,168.6,194.1,143.1
2025-10-01,PEP,162.0,168.6,194.1,143.1
2025-11-01,PEP,137.9,168.6,194.1,143.1
2025-12-01,PEP,171.4,168.6,194.1,143.1
2026-01-01,PEP,168.6,168.6,194.1,143.1
2026-02-01,PEP,180.0,168.6,194.1,143.1
2026-03-01,PEP,136.3,168.6,194.1,143.1
2025-01-01,PFE,718.3,1035.7,1298.0,773.3
2025-02-01,PFE,789.1,1035.7,1298.0,773.3
2025-03-01,PFE,1211.7,1035.7,1298.0,773.3
2025-04-01,PFE,1215.9,1035.7,1298.0,773.3
2025-05-01,PFE,962.1,1035.7,1298.0,773.3
2025-06-01,PFE,750.6,1035.7,1298.0,773.3
2025-07-01,PFE,883.5,1035.7,1298.0,773.3
2025-08-01,PFE,911.3,1035.7,1298.0,773.3
2025-09-01,PFE,1100.9,1035.7,1298.0,773.3
2025-10-01,PFE,1410.2,1035.7,1298.0,773.3
2025-11-01,PFE,1760.4,1035.7,1298.0,773.3
2025-12-01,PFE,1038.2,1035.7,1298.0,773.3
2026-01-01,PFE,990.5,1035.7,1298.0,773.3
2026-02-01,PFE,896.9,1035.7,1298.0,773.3
2026-03-01,PFE,876.4,1035.7,1298.0,773.3
2025-01-01,PFF,90.0,74.5,92.6,56.5
2025-02-01,PFF,59.1,74.5,92.6,56.5
2025-03-01,PFF,63.8,74.5,92.6,56.5
2025-04-01,PFF,126.2,74.5,92.6,56.5
2025-05-01,PFF,67.3,74.5,92.6,56.5
2025-06-01,PFF,57.1,74.5,92.6,56.5
2025-07-01,PFF,85.0,74.5,92.6,56.5
2025-08-01,PFF,58.1,74.5,92.6,56.5
2025-09-01,PFF,62.0,74.5,92.6,56.5
2025-10-01,PFF,69.8,74.5,92.6,56.5
2025-11-01,PFF,67.9,74.5,92.6,56.5
2025-12-01,PFF,76.7,74.5,92.6,56.5
2026-01-01,PFF,70.1,74.5,92.6,56.5
2026-02-01,PFF,64.3,74.5,92.6,56.5
2026-03-01,PFF,96.2,74.5,92.6,56.5
2025-01-01,PFG,26.3,29.3,34.4,24.2
2025-02-01,PFG,32.5,29.3,34.4,24.2
2025-03-01,PFG,30.6,29.3,34.4,24.2
2025-04-01,PFG,41.0,29.3,34.4,24.2
2025-05-01,PFG,24.6,29.3,34.4,24.2
2025-06-01,PFG,22.9,29.3,34.4,24.2
2025-07-01,PFG,27.7,29.3,34.4,24.2
2025-08-01,PFG,24.2,29.3,34.4,24.2
2025-09-01,PFG,26.5,29.3,34.4,24.2
2025-10-01,PFG,26.1,29.3,34.4,24.2
2025-11-01,PFG,26.4,29.3,34.4,24.2
2025-12-01,PFG,26.7,29.3,34.4,24.2
2026-01-01,PFG,31.2,29.3,34.4,24.2
2026-02-01,PFG,36.9,29.3,34.4,24.2
2026-03-01,PFG,36.4,29.3,34.4,24.2
2025-01-01,PG,147.6,185.1,221.4,148.7
2025-02-01,PG,138.2,185.1,221.4,148.7
2025-03-01,PG,182.5,185.1,221.4,148.7
2025-04-01,PG,212.1,185.1,221.4,148.7
2025-05-01,PG,150.9,185.1,221.4,148.7
2025-06-01,PG,163.0,185.1,221.4,148.7
2025-07-01,PG,196.1,185.1,221.4,148.7
2025-08-01,PG,139.4,185.1,221.4,148.7
2025-09-01,PG,153.9,185.1,221.4,148.7
2025-10-01,PG,169.4,185.1,221.4,148.7
2025-11-01,PG,176.4,185.1,221.4,148.7
2025-12-01,PG,234.4,185.1,221.4,148.7
2026-01-01,PG,242.0,185.1,221.4,148.7
2026-02-01,PG,222.0,185.1,221.4,148.7
2026-03-01,PG,242.2,185.1,221.4,148.7
2025-01-01,PGR,53.7,68.4,80.2,56.6
2025-02-01,PGR,48.2,68.4,80.2,56.6
2025-03-01,PGR,74.9,68.4,80.2,56.6
2025-04-01,PGR,75.4,68.4,80.2,56.6
2025-05-01,PGR,55.7,68.4,80.2,56.6
2025-06-01,PGR,81.1,68.4,80.2,56.6
2025-07-01,PGR,84.3,68.4,80.2,56.6
2025-08-01,PGR,59.3,68.4,80.2,56.6
2025-09-01,PGR,58.0,68.4,80.2,56.6
2025-10-01,PGR,88.8,68.4,80.2,56.6
2025-11-01,PGR,66.1,68.4,80.2,56.6
2025-12-01,PGR,65.5,68.4,80.2,56.6
2026-01-01,PGR,79.4,68.4,80.2,56.6
2026-02-01,PGR,64.6,68.4,80.2,56.6
2026-03-01,PGR,66.5,68.4,80.2,56.6
2025-01-01,PH,13.3,14.6,18.0,11.3
2025-02-01,PH,12.7,14.6,18.0,11.3
2025-03-01,PH,21.0,14.6,18.0,11.3
2025-04-01,PH,21.4,14.6,18.0,11.3
2025-05-01,PH,15.1,14.6,18.0,11.3
2025-06-01,PH,12.6,14.6,18.0,11.3
2025-07-01,PH,11.1,14.6,18.0,11.3
2025-08-01,PH,16.7,14.6,18.0,11.3
2025-09-01,PH,11.3,14.6,18.0,11.3
2025-10-01,PH,11.4,14.6,18.0,11.3
2025-11-01,PH,16.0,14.6,18.0,11.3
2025-12-01,PH,11.8,14.6,18.0,11.3
2026-01-01,PH,13.5,14.6,18.0,11.3
2026-02-01,PH,12.9,14.6,18.0,11.3
2026-03-01,PH,18.6,14.6,18.0,11.3
2025-01-01,PHM,45.0,43.0,49.8,36.1
2025-02-01,PHM,42.6,43.0,49.8,36.1
2025-03-01,PHM,50.1,43.0,49.8,36.1
2025-04-01,PHM,49.9,43.0,49.8,36.1
2025-05-01,PHM,37.6,43.0,49.8,36.1
2025-06-01,PHM,37.2,43.0,49.8,36.1
2025-07-01,PHM,52.8,43.0,49.8,36.1
2025-08-01,PHM,41.4,43.0,49.8,36.1
2025-09-01,PHM,43.9,43.0,49.8,36.1
2025-10-01,PHM,56.9,43.0,49.8,36.1
2025-11-01,PHM,33.0,43.0,49.8,36.1
2025-12-01,PHM,38.8,43.0,49.8,36.1
2026-01-01,PHM,38.9,43.0,49.8,36.1
2026-02-01,PHM,35.5,43.0,49.8,36.1
2026-03-01,PHM,37.6,43.0,49.8,36.1
2025-01-01,PKG,19.4,18.1,21.1,15.1
2025-02-01,PKG,16.2,18.1,21.1,15.1
2025-03-01,PKG,21.2,18.1,21.1,15.1
2025-04-01,PKG,21.0,18.1,21.1,15.1
2025-05-01,PKG,16.4,18.1,21.1,15.1
2025-06-01,PKG,14.6,18.1,21.1,15.1
2025-07-01,PKG,16.4,18.1,21.1,15.1
2025-08-01,PKG,16.3,18.1,21.1,15.1
2025-09-01,PKG,13.8,18.1,21.1,15.1
2025-10-01,PKG,17.7,18.1,21.1,15.1
2025-11-01,PKG,14.3,18.1,21.1,15.1
2025-12-01,PKG,17.9,18.1,21.1,15.1
2026-01-01,PKG,21.8,18.1,21.1,15.1
2026-02-01,PKG,20.2,18.1,21.1,15.1
2026-03-01,PKG,24.1,18.1,21.1,15.1
2025-01-01,PLD,91.0,82.6,104.8,60.3
2025-02-01,PLD,59.2,82.6,104.8,60.3
2025-03-01,PLD,87.3,82.6,104.8,60.3
2025-04-01,PLD,153.4,82.6,104.8,60.3
2025-05-01,PLD,95.4,82.6,104.8,60.3
2025-06-01,PLD,78.9,82.6,104.8,60.3
2025-07-01,PLD,99.2,82.6,104.8,60.3
2025-08-01,PLD,66.5,82.6,104.8,60.3
2025-09-01,PLD,72.9,82.6,104.8,60.3
2025-10-01,PLD,78.5,82.6,104.8,60.3
2025-11-01,PLD,68.9,82.6,104.8,60.3
2025-12-01,PLD,71.1,82.6,104.8,60.3
2026-01-01,PLD,76.7,82.6,104.8,60.3
2026-02-01,PLD,60.6,82.6,104.8,60.3
2026-03-01,PLD,73.7,82.6,104.8,60.3
2025-01-01,PLTR,1374.1,1483.9,2014.9,952.9
2025-02-01,PLTR,2356.2,1483.9,2014.9,952.9
2025-03-01,PLTR,2206.1,1483.9,2014.9,952.9
2025-04-01,PLTR,2370.6,1483.9,2014.9,952.9
2025-05-01,PLTR,2054.8,1483.9,2014.9,952.9
2025-06-01,PLTR,1747.7,1483.9,2014.9,952.9
2025-07-01,PLTR,1246.1,1483.9,2014.9,952.9
2025-08-01,PLTR,1747.6,1483.9,2014.9,952.9
2025-09-01,PLTR,1215.8,1483.9,2014.9,952.9
2025-10-01,PLTR,1088.1,1483.9,2014.9,952.9
2025-11-01,PLTR,1195.9,1483.9,2014.9,952.9
2025-12-01,PLTR,758.8,1483.9,2014.9,952.9
2026-01-01,PLTR,790.6,1483.9,2014.9,952.9
2026-02-01,PLTR,1207.2,1483.9,2014.9,952.9
2026-03-01,PLTR,1008.9,1483.9,2014.9,952.9
2025-01-01,PM,98.3,124.5,149.2,99.8
2025-02-01,PM,137.2,124.5,149.2,99.8
2025-03-01,PM,130.3,124.5,149.2,99.8
2025-04-01,PM,162.3,124.5,149.2,99.8
2025-05-01,PM,112.9,124.5,149.2,99.8
2025-06-01,PM,103.1,124.5,149.2,99.8
2025-07-01,PM,144.8,124.5,149.2,99.8
2025-08-01,PM,104.4,124.5,149.2,99.8
2025-09-01,PM,120.2,124.5,149.2,99.8
2025-10-01,PM,185.9,124.5,149.2,99.8
2025-11-01,PM,105.6,124.5,149.2,99.8
2025-12-01,PM,128.4,124.5,149.2,99.8
2026-01-01,PM,108.4,124.5,149.2,99.8
2026-02-01,PM,105.6,124.5,149.2,99.8
2026-03-01,PM,108.2,124.5,149.2,99.8
2025-01-01,PNC,50.0,47.4,58.5,36.3
2025-02-01,PNC,34.0,47.4,58.5,36.3
2025-03-01,PNC,55.5,47.4,58.5,36.3
2025-04-01,PNC,65.8,47.4,58.5,36.3
2025-05-01,PNC,43.3,47.4,58.5,36.3
2025-06-01,PNC,40.6,47.4,58.5,36.3
2025-07-01,PNC,57.6,47.4,58.5,36.3
2025-08-01,PNC,33.5,47.4,58.5,36.3
2025-09-01,PNC,30.8,47.4,58.5,36.3
2025-10-01,PNC,54.3,47.4,58.5,36.3
2025-11-01,PNC,35.0,47.4,58.5,36.3
2025-12-01,PNC,38.2,47.4,58.5,36.3
2026-01-01,PNC,61.4,47.4,58.5,36.3
2026-02-01,PNC,49.5,47.4,58.5,36.3
2026-03-01,PNC,58.5,47.4,58.5,36.3
2025-01-01,PNR,24.8,30.8,38.4,23.3
2025-02-01,PNR,28.7,30.8,38.4,23.3
2025-03-01,PNR,37.3,30.8,38.4,23.3
2025-04-01,PNR,43.7,30.8,38.4,23.3
2025-05-01,PNR,24.8,30.8,38.4,23.3
2025-06-01,PNR,23.5,30.8,38.4,23.3
2025-07-01,PNR,43.8,30.8,38.4,23.3
2025-08-01,PNR,27.7,30.8,38.4,23.3
2025-09-01,PNR,22.6,30.8,38.4,23.3
2025-10-01,PNR,28.9,30.8,38.4,23.3
2025-11-01,PNR,23.2,30.8,38.4,23.3
2025-12-01,PNR,23.4,30.8,38.4,23.3
2026-01-01,PNR,35.2,30.8,38.4,23.3
2026-02-01,PNR,41.6,30.8,38.4,23.3
2026-03-01,PNR,33.1,30.8,38.4,23.3
2025-01-01,PNW,21.6,24.9,27.8,22.0
2025-02-01,PNW,18.4,24.9,27.8,22.0
2025-03-01,PNW,24.7,24.9,27.8,22.0
2025-04-01,PNW,29.5,24.9,27.8,22.0
2025-05-01,PNW,23.6,24.9,27.8,22.0
2025-06-01,PNW,26.2,24.9,27.8,22.0
2025-07-01,PNW,24.7,24.9,27.8,22.0
2025-08-01,PNW,22.5,24.9,27.8,22.0
2025-09-01,PNW,21.2,24.9,27.8,22.0
2025-10-01,PNW,26.3,24.9,27.8,22.0
2025-11-01,PNW,28.4,24.9,27.8,22.0
2025-12-01,PNW,24.9,24.9,27.8,22.0
2026-01-01,PNW,26.2,24.9,27.8,22.0
2026-02-01,PNW,26.2,24.9,27.8,22.0
2026-03-01,PNW,28.4,24.9,27.8,22.0
2025-01-01,PODD,11.1,16.0,19.4,12.7
2025-02-01,PODD,13.8,16.0,19.4,12.7
2025-03-01,PODD,18.7,16.0,19.4,12.7
2025-04-01,PODD,16.9,16.0,19.4,12.7
2025-05-01,PODD,20.3,16.0,19.4,12.7
2025-06-01,PODD,16.9,16.0,19.4,12.7
2025-07-01,PODD,12.6,16.0,19.4,12.7
2025-08-01,PODD,14.6,16.0,19.4,12.7
2025-09-01,PODD,13.8,16.0,19.4,12.7
2025-10-01,PODD,11.3,16.0,19.4,12.7
2025-11-01,PODD,15.1,16.0,19.4,12.7
2025-12-01,PODD,14.8,16.0,19.4,12.7
2026-01-01,PODD,18.3,16.0,19.4,12.7
2026-02-01,PODD,22.1,16.0,19.4,12.7
2026-03-01,PODD,20.8,16.0,19.4,12.7
2025-01-01,POOL,7.1,13.0,16.6,9.4
2025-02-01,POOL,8.4,13.0,16.6,9.4
2025-03-01,POOL,8.5,13.0,16.6,9.4
2025-04-01,POOL,12.3,13.0,16.6,9.4
2025-05-01,POOL,11.2,13.0,16.6,9.4
2025-06-01,POOL,14.7,13.0,16.6,9.4
2025-07-01,POOL,13.8,13.0,16.6,9.4
2025-08-01,POOL,9.4,13.0,16.6,9.4
2025-09-01,POOL,11.6,13.0,16.6,9.4
2025-10-01,POOL,14.4,13.0,16.6,9.4
2025-11-01,POOL,19.6,13.0,16.6,9.4
2025-12-01,POOL,14.0,13.0,16.6,9.4
2026-01-01,POOL,15.7,13.0,16.6,9.4
2026-02-01,POOL,19.3,13.0,16.6,9.4
2026-03-01,POOL,15.6,13.0,16.6,9.4
2025-01-01,POWA,0.1,0.1,0.1,0.0
2025-02-01,POWA,0.1,0.1,0.1,0.0
2025-03-01,POWA,0.1,0.1,0.1,0.0
2025-04-01,POWA,0.1,0.1,0.1,0.0
2025-05-01,POWA,0.1,0.1,0.1,0.0
2025-06-01,POWA,0.1,0.1,0.1,0.0
2025-07-01,POWA,0.0,0.1,0.1,0.0
2025-08-01,POWA,0.1,0.1,0.1,0.0
2025-09-01,POWA,0.0,0.1,0.1,0.0
2025-10-01,POWA,0.1,0.1,0.1,0.0
2025-11-01,POWA,0.1,0.1,0.1,0.0
2025-12-01,POWA,0.1,0.1,0.1,0.0
2026-01-01,POWA,0.1,0.1,0.1,0.0
2026-02-01,POWA,0.1,0.1,0.1,0.0
2026-03-01,POWA,0.1,0.1,0.1,0.0
2025-01-01,PPG,43.8,42.5,48.3,36.7
2025-02-01,PPG,37.8,42.5,48.3,36.7
2025-03-01,PPG,50.8,42.5,48.3,36.7
2025-04-01,PPG,53.3,42.5,48.3,36.7
2025-05-01,PPG,37.7,42.5,48.3,36.7
2025-06-01,PPG,36.8,42.5,48.3,36.7
2025-07-01,PPG,43.4,42.5,48.3,36.7
2025-08-01,PPG,31.8,42.5,48.3,36.7
2025-09-01,PPG,39.9,42.5,48.3,36.7
2025-10-01,PPG,40.5,42.5,48.3,36.7
2025-11-01,PPG,43.1,42.5,48.3,36.7
2025-12-01,PPG,40.2,42.5,48.3,36.7
2026-01-01,PPG,47.1,42.5,48.3,36.7
2026-02-01,PPG,39.3,42.5,48.3,36.7
2026-03-01,PPG,50.8,42.5,48.3,36.7
2025-01-01,PPL,84.4,130.1,167.8,92.3
2025-02-01,PPL,94.4,130.1,167.8,92.3
2025-03-01,PPL,122.1,130.1,167.8,92.3
2025-04-01,PPL,136.7,130.1,167.8,92.3
2025-05-01,PPL,115.6,130.1,167.8,92.3
2025-06-01,PPL,88.9,130.1,167.8,92.3
2025-07-01,PPL,138.7,130.1,167.8,92.3
2025-08-01,PPL,146.7,130.1,167.8,92.3
2025-09-01,PPL,93.8,130.1,167.8,92.3
2025-10-01,PPL,115.5,130.1,167.8,92.3
2025-11-01,PPL,133.2,130.1,167.8,92.3
2025-12-01,PPL,144.0,130.1,167.8,92.3
2026-01-01,PPL,129.4,130.1,167.8,92.3
2026-02-01,PPL,249.4,130.1,167.8,92.3
2026-03-01,PPL,161.2,130.1,167.8,92.3
2025-01-01,PPLT,3.1,10.3,18.5,2.2
2025-02-01,PPLT,4.2,10.3,18.5,2.2
2025-03-01,PPLT,4.0,10.3,18.5,2.2
2025-04-01,PPLT,4.8,10.3,18.5,2.2
2025-05-01,PPLT,5.4,10.3,18.5,2.2
2025-06-01,PPLT,13.0,10.3,18.5,2.2
2025-07-01,PPLT,9.0,10.3,18.5,2.2
2025-08-01,PPLT,4.2,10.3,18.5,2.2
2025-09-01,PPLT,9.7,10.3,18.5,2.2
2025-10-01,PPLT,11.4,10.3,18.5,2.2
2025-11-01,PPLT,5.5,10.3,18.5,2.2
2025-12-01,PPLT,26.4,10.3,18.5,2.2
2026-01-01,PPLT,32.2,10.3,18.5,2.2
2026-02-01,PPLT,11.8,10.3,18.5,2.2
2026-03-01,PPLT,9.6,10.3,18.5,2.2
2025-01-01,PRU,32.4,37.9,44.3,31.5
2025-02-01,PRU,35.1,37.9,44.3,31.5
2025-03-01,PRU,40.2,37.9,44.3,31.5
2025-04-01,PRU,44.5,37.9,44.3,31.5
2025-05-01,PRU,38.6,37.9,44.3,31.5
2025-06-01,PRU,31.7,37.9,44.3,31.5
2025-07-01,PRU,34.2,37.9,44.3,31.5
2025-08-01,PRU,34.7,37.9,44.3,31.5
2025-09-01,PRU,34.4,37.9,44.3,31.5
2025-10-01,PRU,33.9,37.9,44.3,31.5
2025-11-01,PRU,34.2,37.9,44.3,31.5
2025-12-01,PRU,34.0,37.9,44.3,31.5
2026-01-01,PRU,36.8,37.9,44.3,31.5
2026-02-01,PRU,54.0,37.9,44.3,31.5
2026-03-01,PRU,50.3,37.9,44.3,31.5
2025-01-01,PSA,14.5,19.6,24.3,15.0
2025-02-01,PSA,12.1,19.6,24.3,15.0
2025-03-01,PSA,16.7,19.6,24.3,15.0
2025-04-01,PSA,20.3,19.6,24.3,15.0
2025-05-01,PSA,15.8,19.6,24.3,15.0
2025-06-01,PSA,16.8,19.6,24.3,15.0
2025-07-01,PSA,20.5,19.6,24.3,15.0
2025-08-01,PSA,14.5,19.6,24.3,15.0
2025-09-01,PSA,18.8,19.6,24.3,15.0
2025-10-01,PSA,22.3,19.6,24.3,15.0
2025-11-01,PSA,17.7,19.6,24.3,15.0
2025-12-01,PSA,27.1,19.6,24.3,15.0
2026-01-01,PSA,24.3,19.6,24.3,15.0
2026-02-01,PSA,23.6,19.6,24.3,15.0
2026-03-01,PSA,28.1,19.6,24.3,15.0
2025-01-01,PSKY,185.1,223.9,333.4,114.5
2025-02-01,PSKY,174.4,223.9,333.4,114.5
2025-03-01,PSKY,198.9,223.9,333.4,114.5
2025-04-01,PSKY,181.7,223.9,333.4,114.5
2025-05-01,PSKY,145.9,223.9,333.4,114.5
2025-06-01,PSKY,159.1,223.9,333.4,114.5
2025-07-01,PSKY,248.2,223.9,333.4,114.5
2025-08-01,PSKY,581.6,223.9,333.4,114.5
2025-09-01,PSKY,262.7,223.9,333.4,114.5
2025-10-01,PSKY,115.7,223.9,333.4,114.5
2025-11-01,PSKY,157.5,223.9,333.4,114.5
2025-12-01,PSKY,247.1,223.9,333.4,114.5
2026-01-01,PSKY,137.5,223.9,333.4,114.5
2026-02-01,PSKY,259.7,223.9,333.4,114.5
2026-03-01,PSKY,292.2,223.9,333.4,114.5
2025-01-01,PSX,60.9,62.1,75.6,48.5
2025-02-01,PSX,81.6,62.1,75.6,48.5
2025-03-01,PSX,70.7,62.1,75.6,48.5
2025-04-01,PSX,77.8,62.1,75.6,48.5
2025-05-01,PSX,73.2,62.1,75.6,48.5
2025-06-01,PSX,78.1,62.1,75.6,48.5
2025-07-01,PSX,59.2,62.1,75.6,48.5
2025-08-01,PSX,41.8,62.1,75.6,48.5
2025-09-01,PSX,62.2,62.1,75.6,48.5
2025-10-01,PSX,49.2,62.1,75.6,48.5
2025-11-01,PSX,42.5,62.1,75.6,48.5
2025-12-01,PSX,51.6,62.1,75.6,48.5
2026-01-01,PSX,49.5,62.1,75.6,48.5
2026-02-01,PSX,52.1,62.1,75.6,48.5
2026-03-01,PSX,81.0,62.1,75.6,48.5
2025-01-01,PTC,17.3,21.0,25.8,16.2
2025-02-01,PTC,26.8,21.0,25.8,16.2
2025-03-01,PTC,22.0,21.0,25.8,16.2
2025-04-01,PTC,20.8,21.0,25.8,16.2
2025-05-01,PTC,18.8,21.0,25.8,16.2
2025-06-01,PTC,17.6,21.0,25.8,16.2
2025-07-01,PTC,33.3,21.0,25.8,16.2
2025-08-01,PTC,18.2,21.0,25.8,16.2
2025-09-01,PTC,17.9,21.0,25.8,16.2
2025-10-01,PTC,14.9,21.0,25.8,16.2
2025-11-01,PTC,20.3,21.0,25.8,16.2
2025-12-01,PTC,18.5,21.0,25.8,16.2
2026-01-01,PTC,17.7,21.0,25.8,16.2
2026-02-01,PTC,27.5,21.0,25.8,16.2
2026-03-01,PTC,23.7,21.0,25.8,16.2
2025-01-01,PWR,29.7,25.4,30.8,20.1
2025-02-01,PWR,37.4,25.4,30.8,20.1
2025-03-01,PWR,36.2,25.4,30.8,20.1
2025-04-01,PWR,28.4,25.4,30.8,20.1
2025-05-01,PWR,27.4,25.4,30.8,20.1
2025-06-01,PWR,22.8,25.4,30.8,20.1
2025-07-01,PWR,25.8,25.4,30.8,20.1
2025-08-01,PWR,21.0,25.4,30.8,20.1
2025-09-01,PWR,20.2,25.4,30.8,20.1
2025-10-01,PWR,25.3,25.4,30.8,20.1
2025-11-01,PWR,19.9,25.4,30.8,20.1
2025-12-01,PWR,19.2,25.4,30.8,20.1
2026-01-01,PWR,20.6,25.4,30.8,20.1
2026-02-01,PWR,23.0,25.4,30.8,20.1
2026-03-01,PWR,25.0,25.4,30.8,20.1
2025-01-01,PYPL,164.1,307.2,445.6,168.9
2025-02-01,PYPL,300.4,307.2,445.6,168.9
2025-03-01,PYPL,240.8,307.2,445.6,168.9
2025-04-01,PYPL,270.8,307.2,445.6,168.9
2025-05-01,PYPL,187.5,307.2,445.6,168.9
2025-06-01,PYPL,195.6,307.2,445.6,168.9
2025-07-01,PYPL,260.8,307.2,445.6,168.9
2025-08-01,PYPL,200.4,307.2,445.6,168.9
2025-09-01,PYPL,270.1,307.2,445.6,168.9
2025-10-01,PYPL,445.2,307.2,445.6,168.9
2025-11-01,PYPL,294.7,307.2,445.6,168.9
2025-12-01,PYPL,332.9,307.2,445.6,168.9
2026-01-01,PYPL,312.2,307.2,445.6,168.9
2026-02-01,PYPL,763.2,307.2,445.6,168.9
2026-03-01,PYPL,384.1,307.2,445.6,168.9
2025-10-01,Q,0.7,50.3,65.2,35.4
2025-11-01,Q,72.0,50.3,65.2,35.4
2025-12-01,Q,43.9,50.3,65.2,35.4
2026-01-01,Q,47.7,50.3,65.2,35.4
2026-02-01,Q,56.9,50.3,65.2,35.4
2026-03-01,Q,46.0,50.3,65.2,35.4
2025-01-01,QAT,0.2,0.8,1.6,-0.0
2025-02-01,QAT,0.1,0.8,1.6,-0.0
2025-03-01,QAT,0.7,0.8,1.6,-0.0
2025-04-01,QAT,0.9,0.8,1.6,-0.0
2025-05-01,QAT,2.0,0.8,1.6,-0.0
2025-06-01,QAT,3.1,0.8,1.6,-0.0
2025-07-01,QAT,0.9,0.8,1.6,-0.0
2025-08-01,QAT,0.6,0.8,1.6,-0.0
2025-09-01,QAT,0.8,0.8,1.6,-0.0
2025-10-01,QAT,0.3,0.8,1.6,-0.0
2025-11-01,QAT,0.3,0.8,1.6,-0.0
2025-12-01,QAT,0.2,0.8,1.6,-0.0
2026-01-01,QAT,0.2,0.8,1.6,-0.0
2026-02-01,QAT,0.2,0.8,1.6,-0.0
2026-03-01,QAT,1.3,0.8,1.6,-0.0
2025-01-01,QCOM,149.8,191.0,230.5,151.5
2025-02-01,QCOM,162.8,191.0,230.5,151.5
2025-03-01,QCOM,153.2,191.0,230.5,151.5
2025-04-01,QCOM,220.1,191.0,230.5,151.5
2025-05-01,QCOM,194.5,191.0,230.5,151.5
2025-06-01,QCOM,168.0,191.0,230.5,151.5
2025-07-01,QCOM,177.0,191.0,230.5,151.5
2025-08-01,QCOM,152.9,191.0,230.5,151.5
2025-09-01,QCOM,161.3,191.0,230.5,151.5
2025-10-01,QCOM,267.4,191.0,230.5,151.5
2025-11-01,QCOM,196.5,191.0,230.5,151.5
2025-12-01,QCOM,164.0,191.0,230.5,151.5
2026-01-01,QCOM,186.6,191.0,230.5,151.5
2026-02-01,QCOM,228.2,191.0,230.5,151.5
2026-03-01,QCOM,272.3,191.0,230.5,151.5
2025-01-01,QQQ,677.0,1077.7,1323.0,832.4
2025-02-01,QQQ,585.2,1077.7,1323.0,832.4
2025-03-01,QQQ,981.9,1077.7,1323.0,832.4
2025-04-01,QQQ,1366.2,1077.7,1323.0,832.4
2025-05-01,QQQ,993.3,1077.7,1323.0,832.4
2025-06-01,QQQ,924.9,1077.7,1323.0,832.4
2025-07-01,QQQ,922.0,1077.7,1323.0,832.4
2025-08-01,QQQ,964.9,1077.7,1323.0,832.4
2025-09-01,QQQ,1132.9,1077.7,1323.0,832.4
2025-10-01,QQQ,1324.9,1077.7,1323.0,832.4
2025-11-01,QQQ,1227.8,1077.7,1323.0,832.4
2025-12-01,QQQ,1064.4,1077.7,1323.0,832.4
2026-01-01,QQQ,1085.3,1077.7,1323.0,832.4
2026-02-01,QQQ,1306.7,1077.7,1323.0,832.4
2026-03-01,QQQ,1533.9,1077.7,1323.0,832.4
2025-01-01,QUAL,27.3,35.6,46.5,24.6
2025-02-01,QUAL,29.7,35.6,46.5,24.6
2025-03-01,QUAL,35.9,35.6,46.5,24.6
2025-04-01,QUAL,44.7,35.6,46.5,24.6
2025-05-01,QUAL,29.6,35.6,46.5,24.6
2025-06-01,QUAL,21.1,35.6,46.5,24.6
2025-07-01,QUAL,28.7,35.6,46.5,24.6
2025-08-01,QUAL,21.3,35.6,46.5,24.6
2025-09-01,QUAL,43.0,35.6,46.5,24.6
2025-10-01,QUAL,34.4,35.6,46.5,24.6
2025-11-01,QUAL,63.6,35.6,46.5,24.6
2025-12-01,QUAL,31.7,35.6,46.5,24.6
2026-01-01,QUAL,33.9,35.6,46.5,24.6
2026-02-01,QUAL,36.7,35.6,46.5,24.6
2026-03-01,QUAL,52.9,35.6,46.5,24.6
2025-01-01,RCL,49.3,49.9,57.8,42.0
2025-02-01,RCL,48.5,49.9,57.8,42.0
2025-03-01,RCL,67.1,49.9,57.8,42.0
2025-04-01,RCL,61.6,49.9,57.8,42.0
2025-05-01,RCL,39.0,49.9,57.8,42.0
2025-06-01,RCL,55.7,49.9,57.8,42.0
2025-07-01,RCL,50.5,49.9,57.8,42.0
2025-08-01,RCL,42.0,49.9,57.8,42.0
2025-09-01,RCL,39.5,49.9,57.8,42.0
2025-10-01,RCL,48.5,49.9,57.8,42.0
2025-11-01,RCL,45.6,49.9,57.8,42.0
2025-12-01,RCL,48.1,49.9,57.8,42.0
2026-01-01,RCL,52.8,49.9,57.8,42.0
2026-02-01,RCL,41.4,49.9,57.8,42.0
2026-03-01,RCL,57.7,49.9,57.8,42.0
2025-01-01,REG,18.7,24.1,26.9,21.2
2025-02-01,REG,18.9,24.1,26.9,21.2
2025-03-01,REG,23.7,24.1,26.9,21.2
2025-04-01,REG,27.8,24.1,26.9,21.2
2025-05-01,REG,21.1,24.1,26.9,21.2
2025-06-01,REG,22.2,24.1,26.9,21.2
2025-07-01,REG,24.8,24.1,26.9,21.2
2025-08-01,REG,25.1,24.1,26.9,21.2
2025-09-01,REG,24.5,24.1,26.9,21.2
2025-10-01,REG,23.1,24.1,26.9,21.2
2025-11-01,REG,22.4,24.1,26.9,21.2
2025-12-01,REG,26.6,24.1,26.9,21.2
2026-01-01,REG,26.5,24.1,26.9,21.2
2026-02-01,REG,26.9,24.1,26.9,21.2
2026-03-01,REG,27.8,24.1,26.9,21.2
2025-01-01,REGN,17.8,21.1,25.9,16.4
2025-02-01,REGN,17.9,21.1,25.9,16.4
2025-03-01,REGN,20.9,21.1,25.9,16.4
2025-04-01,REGN,25.7,21.1,25.9,16.4
2025-05-01,REGN,31.1,21.1,25.9,16.4
2025-06-01,REGN,27.8,21.1,25.9,16.4
2025-07-01,REGN,19.7,21.1,25.9,16.4
2025-08-01,REGN,21.4,21.1,25.9,16.4
2025-09-01,REGN,22.6,21.1,25.9,16.4
2025-10-01,REGN,25.5,21.1,25.9,16.4
2025-11-01,REGN,21.4,21.1,25.9,16.4
2025-12-01,REGN,19.2,21.1,25.9,16.4
2026-01-01,REGN,18.5,21.1,25.9,16.4
2026-02-01,REGN,14.3,21.1,25.9,16.4
2026-03-01,REGN,12.6,21.1,25.9,16.4
2025-01-01,RF,176.3,303.1,476.9,129.3
2025-02-01,RF,134.6,303.1,476.9,129.3
2025-03-01,RF,208.9,303.1,476.9,129.3
2025-04-01,RF,234.3,303.1,476.9,129.3
2025-05-01,RF,139.2,303.1,476.9,129.3
2025-06-01,RF,203.0,303.1,476.9,129.3
2025-07-01,RF,305.7,303.1,476.9,129.3
2025-08-01,RF,324.2,303.1,476.9,129.3
2025-09-01,RF,408.0,303.1,476.9,129.3
2025-10-01,RF,854.7,303.1,476.9,129.3
2025-11-01,RF,333.5,303.1,476.9,129.3
2025-12-01,RF,221.1,303.1,476.9,129.3
2026-01-01,RF,320.3,303.1,476.9,129.3
2026-02-01,RF,269.6,303.1,476.9,129.3
2026-03-01,RF,336.4,303.1,476.9,129.3
2025-01-01,RIG,509.1,823.5,1076.4,570.7
2025-02-01,RIG,604.5,823.5,1076.4,570.7
2025-03-01,RIG,794.2,823.5,1076.4,570.7
2025-04-01,RIG,1023.4,823.5,1076.4,570.7
2025-05-01,RIG,789.1,823.5,1076.4,570.7
2025-06-01,RIG,962.1,823.5,1076.4,570.7
2025-07-01,RIG,698.2,823.5,1076.4,570.7
2025-08-01,RIG,471.3,823.5,1076.4,570.7
2025-09-01,RIG,894.2,823.5,1076.4,570.7
2025-10-01,RIG,1372.6,823.5,1076.4,570.7
2025-11-01,RIG,760.9,823.5,1076.4,570.7
2025-12-01,RIG,629.9,823.5,1076.4,570.7
2026-01-01,RIG,693.9,823.5,1076.4,570.7
2026-02-01,RIG,1306.9,823.5,1076.4,570.7
2026-03-01,RIG,811.0,823.5,1076.4,570.7
2025-01-01,RJF,26.7,26.9,32.2,21.6
2025-02-01,RJF,25.4,26.9,32.2,21.6
2025-03-01,RJF,33.9,26.9,32.2,21.6
2025-04-01,RJF,39.8,26.9,32.2,21.6
2025-05-01,RJF,22.0,26.9,32.2,21.6
2025-06-01,RJF,23.0,26.9,32.2,21.6
2025-07-01,RJF,24.6,26.9,32.2,21.6
2025-08-01,RJF,18.0,26.9,32.2,21.6
2025-09-01,RJF,24.9,26.9,32.2,21.6
2025-10-01,RJF,30.2,26.9,32.2,21.6
2025-11-01,RJF,21.3,26.9,32.2,21.6
2025-12-01,RJF,28.1,26.9,32.2,21.6
2026-01-01,RJF,25.0,26.9,32.2,21.6
2026-02-01,RJF,31.5,26.9,32.2,21.6
2026-03-01,RJF,28.6,26.9,32.2,21.6
2025-01-01,RL,13.4,15.5,19.9,11.1
2025-02-01,RL,16.9,15.5,19.9,11.1
2025-03-01,RL,23.7,15.5,19.9,11.1
2025-04-01,RL,27.1,15.5,19.9,11.1
2025-05-01,RL,17.4,15.5,19.9,11.1
2025-06-01,RL,14.4,15.5,19.9,11.1
2025-07-01,RL,13.3,15.5,19.9,11.1
2025-08-01,RL,15.2,15.5,19.9,11.1
2025-09-01,RL,13.8,15.5,19.9,11.1
2025-10-01,RL,10.7,15.5,19.9,11.1
2025-11-01,RL,13.4,15.5,19.9,11.1
2025-12-01,RL,15.3,15.5,19.9,11.1
2026-01-01,RL,9.7,15.5,19.9,11.1
2026-02-01,RL,14.8,15.5,19.9,11.1
2026-03-01,RL,13.5,15.5,19.9,11.1
2025-01-01,RMD,19.4,21.2,24.4,18.1
2025-02-01,RMD,18.5,21.2,24.4,18.1
2025-03-01,RMD,19.4,21.2,24.4,18.1
2025-04-01,RMD,30.0,21.2,24.4,18.1
2025-05-01,RMD,19.1,21.2,24.4,18.1
2025-06-01,RMD,15.8,21.2,24.4,18.1
2025-07-01,RMD,20.8,21.2,24.4,18.1
2025-08-01,RMD,22.1,21.2,24.4,18.1
2025-09-01,RMD,19.9,21.2,24.4,18.1
2025-10-01,RMD,24.6,21.2,24.4,18.1
2025-11-01,RMD,22.3,21.2,24.4,18.1
2025-12-01,RMD,20.2,21.2,24.4,18.1
2026-01-01,RMD,20.4,21.2,24.4,18.1
2026-02-01,RMD,23.3,21.2,24.4,18.1
2026-03-01,RMD,22.4,21.2,24.4,18.1
2025-01-01,ROK,13.7,19.1,23.0,15.3
2025-02-01,ROK,19.1,19.1,23.0,15.3
2025-03-01,ROK,18.9,19.1,23.0,15.3
2025-04-01,ROK,24.3,19.1,23.0,15.3
2025-05-01,ROK,22.5,19.1,23.0,15.3
2025-06-01,ROK,16.2,19.1,23.0,15.3
2025-07-01,ROK,18.2,19.1,23.0,15.3
2025-08-01,ROK,22.8,19.1,23.0,15.3
2025-09-01,ROK,15.5,19.1,23.0,15.3
2025-10-01,ROK,15.6,19.1,23.0,15.3
2025-11-01,ROK,23.0,19.1,23.0,15.3
2025-12-01,ROK,16.6,19.1,23.0,15.3
2026-01-01,ROK,13.6,19.1,23.0,15.3
2026-02-01,ROK,26.5,19.1,23.0,15.3
2026-03-01,ROK,20.9,19.1,23.0,15.3
2025-01-01,ROKU,55.3,75.3,89.8,60.9
2025-02-01,ROKU,89.3,75.3,89.8,60.9
2025-03-01,ROKU,81.2,75.3,89.8,60.9
2025-04-01,ROKU,95.6,75.3,89.8,60.9
2025-05-01,ROKU,98.1,75.3,89.8,60.9
2025-06-01,ROKU,77.6,75.3,89.8,60.9
2025-07-01,ROKU,67.4,75.3,89.8,60.9
2025-08-01,ROKU,89.7,75.3,89.8,60.9
2025-09-01,ROKU,70.2,75.3,89.8,60.9
2025-10-01,ROKU,76.6,75.3,89.8,60.9
2025-11-01,ROKU,54.7,75.3,89.8,60.9
2025-12-01,ROKU,64.8,75.3,89.8,60.9
2026-01-01,ROKU,58.3,75.3,89.8,60.9
2026-02-01,ROKU,91.7,75.3,89.8,60.9
2026-03-01,ROKU,60.4,75.3,89.8,60.9
2025-01-01,ROL,31.7,45.6,58.8,32.4
2025-02-01,ROL,35.7,45.6,58.8,32.4
2025-03-01,ROL,41.6,45.6,58.8,32.4
2025-04-01,ROL,53.8,45.6,58.8,32.4
2025-05-01,ROL,41.8,45.6,58.8,32.4
2025-06-01,ROL,34.7,45.6,58.8,32.4
2025-07-01,ROL,36.1,45.6,58.8,32.4
2025-08-01,ROL,29.2,45.6,58.8,32.4
2025-09-01,ROL,38.0,45.6,58.8,32.4
2025-10-01,ROL,42.4,45.6,58.8,32.4
2025-11-01,ROL,62.9,45.6,58.8,32.4
2025-12-01,ROL,53.9,45.6,58.8,32.4
2026-01-01,ROL,43.2,45.6,58.8,32.4
2026-02-01,ROL,79.0,45.6,58.8,32.4
2026-03-01,ROL,62.5,45.6,58.8,32.4
2025-01-01,ROP,14.1,19.4,27.9,10.9
2025-02-01,ROP,11.7,19.4,27.9,10.9
2025-03-01,ROP,13.0,19.4,27.9,10.9
2025-04-01,ROP,15.0,19.4,27.9,10.9
2025-05-01,ROP,11.2,19.4,27.9,10.9
2025-06-01,ROP,10.1,19.4,27.9,10.9
2025-07-01,ROP,14.1,19.4,27.9,10.9
2025-08-01,ROP,15.3,19.4,27.9,10.9
2025-09-01,ROP,18.4,19.4,27.9,10.9
2025-10-01,ROP,26.1,19.4,27.9,10.9
2025-11-01,ROP,17.4,19.4,27.9,10.9
2025-12-01,ROP,23.0,19.4,27.9,10.9
2026-01-01,ROP,31.6,19.4,27.9,10.9
2026-02-01,ROP,40.6,19.4,27.9,10.9
2026-03-01,ROP,29.5,19.4,27.9,10.9
2025-01-01,ROST,46.6,59.5,71.1,47.8
2025-02-01,ROST,46.1,59.5,71.1,47.8
2025-03-01,ROST,82.5,59.5,71.1,47.8
2025-04-01,ROST,70.4,59.5,71.1,47.8
2025-05-01,ROST,75.3,59.5,71.1,47.8
2025-06-01,ROST,71.4,59.5,71.1,47.8
2025-07-01,ROST,55.6,59.5,71.1,47.8
2025-08-01,ROST,69.2,59.5,71.1,47.8
2025-09-01,ROST,54.0,59.5,71.1,47.8
2025-10-01,ROST,46.7,59.5,71.1,47.8
2025-11-01,ROST,56.7,59.5,71.1,47.8
2025-12-01,ROST,57.2,59.5,71.1,47.8
2026-01-01,ROST,48.0,59.5,71.1,47.8
2026-02-01,ROST,45.6,59.5,71.1,47.8
2026-03-01,ROST,64.6,59.5,71.1,47.8
2025-01-01,RSG,20.2,27.8,32.3,23.4
2025-02-01,RSG,20.0,27.8,32.3,23.4
2025-03-01,RSG,24.8,27.8,32.3,23.4
2025-04-01,RSG,36.0,27.8,32.3,23.4
2025-05-01,RSG,28.2,27.8,32.3,23.4
2025-06-01,RSG,25.7,27.8,32.3,23.4
2025-07-01,RSG,32.6,27.8,32.3,23.4
2025-08-01,RSG,24.1,27.8,32.3,23.4
2025-09-01,RSG,24.8,27.8,32.3,23.4
2025-10-01,RSG,30.6,27.8,32.3,23.4
2025-11-01,RSG,30.6,27.8,32.3,23.4
2025-12-01,RSG,33.3,27.8,32.3,23.4
2026-01-01,RSG,29.0,27.8,32.3,23.4
2026-02-01,RSG,29.8,27.8,32.3,23.4
2026-03-01,RSG,26.3,27.8,32.3,23.4
2025-01-01,RSP,165.8,281.8,373.4,190.2
2025-02-01,RSP,148.0,281.8,373.4,190.2
2025-03-01,RSP,190.0,281.8,373.4,190.2
2025-04-01,RSP,280.0,281.8,373.4,190.2
2025-05-01,RSP,165.5,281.8,373.4,190.2
2025-06-01,RSP,215.2,281.8,373.4,190.2
2025-07-01,RSP,264.8,281.8,373.4,190.2
2025-08-01,RSP,245.8,281.8,373.4,190.2
2025-09-01,RSP,299.1,281.8,373.4,190.2
2025-10-01,RSP,350.8,281.8,373.4,190.2
2025-11-01,RSP,438.3,281.8,373.4,190.2
2025-12-01,RSP,283.2,281.8,373.4,190.2
2026-01-01,RSP,359.9,281.8,373.4,190.2
2026-02-01,RSP,443.2,281.8,373.4,190.2
2026-03-01,RSP,379.3,281.8,373.4,190.2
2025-01-01,RTX,93.8,108.4,126.6,90.1
2025-02-01,RTX,96.4,108.4,126.6,90.1
2025-03-01,RTX,112.8,108.4,126.6,90.1
2025-04-01,RTX,136.2,108.4,126.6,90.1
2025-05-01,RTX,102.2,108.4,126.6,90.1
2025-06-01,RTX,132.2,108.4,126.6,90.1
2025-07-01,RTX,105.0,108.4,126.6,90.1
2025-08-01,RTX,80.5,108.4,126.6,90.1
2025-09-01,RTX,91.3,108.4,126.6,90.1
2025-10-01,RTX,119.3,108.4,126.6,90.1
2025-11-01,RTX,77.8,108.4,126.6,90.1
2025-12-01,RTX,96.2,108.4,126.6,90.1
2026-01-01,RTX,123.7,108.4,126.6,90.1
2026-02-01,RTX,129.8,108.4,126.6,90.1
2026-03-01,RTX,126.4,108.4,126.6,90.1
2025-01-01,RVTY,18.2,26.1,31.1,21.2
2025-02-01,RVTY,17.5,26.1,31.1,21.2
2025-03-01,RVTY,21.8,26.1,31.1,21.2
2025-04-01,RVTY,33.5,26.1,31.1,21.2
2025-05-01,RVTY,26.2,26.1,31.1,21.2
2025-06-01,RVTY,21.7,26.1,31.1,21.2
2025-07-01,RVTY,32.2,26.1,31.1,21.2
2025-08-01,RVTY,23.5,26.1,31.1,21.2
2025-09-01,RVTY,27.3,26.1,31.1,21.2
2025-10-01,RVTY,30.3,26.1,31.1,21.2
2025-11-01,RVTY,33.8,26.1,31.1,21.2
2025-12-01,RVTY,24.9,26.1,31.1,21.2
2026-01-01,RVTY,29.5,26.1,31.1,21.2
2026-02-01,RVTY,27.8,26.1,31.1,21.2
2026-03-01,RVTY,23.3,26.1,31.1,21.2
2025-01-01,SBAC,16.4,19.5,24.5,14.4
2025-02-01,SBAC,14.6,19.5,24.5,14.4
2025-03-01,SBAC,19.3,19.5,24.5,14.4
2025-04-01,SBAC,27.5,19.5,24.5,14.4
2025-05-01,SBAC,17.0,19.5,24.5,14.4
2025-06-01,SBAC,13.2,19.5,24.5,14.4
2025-07-01,SBAC,15.4,19.5,24.5,14.4
2025-08-01,SBAC,20.2,19.5,24.5,14.4
2025-09-01,SBAC,32.1,19.5,24.5,14.4
2025-10-01,SBAC,25.0,19.5,24.5,14.4
2025-11-01,SBAC,17.7,19.5,24.5,14.4
2025-12-01,SBAC,16.1,19.5,24.5,14.4
2026-01-01,SBAC,15.7,19.5,24.5,14.4
2026-02-01,SBAC,20.1,19.5,24.5,14.4
2026-03-01,SBAC,20.2,19.5,24.5,14.4
2025-01-01,SBLK,35.9,31.3,40.2,22.4
2025-02-01,SBLK,47.6,31.3,40.2,22.4
2025-03-01,SBLK,47.8,31.3,40.2,22.4
2025-04-01,SBLK,34.4,31.3,40.2,22.4
2025-05-01,SBLK,24.2,31.3,40.2,22.4
2025-06-01,SBLK,36.3,31.3,40.2,22.4
2025-07-01,SBLK,30.8,31.3,40.2,22.4
2025-08-01,SBLK,21.4,31.3,40.2,22.4
2025-09-01,SBLK,24.3,31.3,40.2,22.4
2025-10-01,SBLK,19.2,31.3,40.2,22.4
2025-11-01,SBLK,19.4,31.3,40.2,22.4
2025-12-01,SBLK,30.4,31.3,40.2,22.4
2026-01-01,SBLK,28.2,31.3,40.2,22.4
2026-02-01,SBLK,30.2,31.3,40.2,22.4
2026-03-01,SBLK,41.3,31.3,40.2,22.4
2025-01-01,SBUX,205.3,206.8,241.2,172.3
2025-02-01,SBUX,179.7,206.8,241.2,172.3
2025-03-01,SBUX,208.2,206.8,241.2,172.3
2025-04-01,SBUX,298.0,206.8,241.2,172.3
2025-05-01,SBUX,235.7,206.8,241.2,172.3
2025-06-01,SBUX,179.2,206.8,241.2,172.3
2025-07-01,SBUX,226.9,206.8,241.2,172.3
2025-08-01,SBUX,180.6,206.8,241.2,172.3
2025-09-01,SBUX,194.3,206.8,241.2,172.3
2025-10-01,SBUX,225.8,206.8,241.2,172.3
2025-11-01,SBUX,199.2,206.8,241.2,172.3
2025-12-01,SBUX,195.1,206.8,241.2,172.3
2026-01-01,SBUX,238.5,206.8,241.2,172.3
2026-02-01,SBUX,145.3,206.8,241.2,172.3
2026-03-01,SBUX,180.0,206.8,241.2,172.3
2025-01-01,SCHP,76.0,78.1,97.5,58.7
2025-02-01,SCHP,49.7,78.1,97.5,58.7
2025-03-01,SCHP,67.0,78.1,97.5,58.7
2025-04-01,SCHP,89.9,78.1,97.5,58.7
2025-05-01,SCHP,66.1,78.1,97.5,58.7
2025-06-01,SCHP,109.1,78.1,97.5,58.7
2025-07-01,SCHP,62.6,78.1,97.5,58.7
2025-08-01,SCHP,58.4,78.1,97.5,58.7
2025-09-01,SCHP,64.8,78.1,97.5,58.7
2025-10-01,SCHP,83.9,78.1,97.5,58.7
2025-11-01,SCHP,58.2,78.1,97.5,58.7
2025-12-01,SCHP,95.1,78.1,97.5,58.7
2026-01-01,SCHP,118.7,78.1,97.5,58.7
2026-02-01,SCHP,71.3,78.1,97.5,58.7
2026-03-01,SCHP,97.4,78.1,97.5,58.7
2025-01-01,SCHW,180.6,202.0,243.9,160.0
2025-02-01,SCHW,292.4,202.0,243.9,160.0
2025-03-01,SCHW,214.5,202.0,243.9,160.0
2025-04-01,SCHW,275.7,202.0,243.9,160.0
2025-05-01,SCHW,161.5,202.0,243.9,160.0
2025-06-01,SCHW,151.9,202.0,243.9,160.0
2025-07-01,SCHW,193.1,202.0,243.9,160.0
2025-08-01,SCHW,166.6,202.0,243.9,160.0
2025-09-01,SCHW,216.3,202.0,243.9,160.0
2025-10-01,SCHW,200.3,202.0,243.9,160.0
2025-11-01,SCHW,157.3,202.0,243.9,160.0
2025-12-01,SCHW,193.2,202.0,243.9,160.0
2026-01-01,SCHW,185.5,202.0,243.9,160.0
2026-02-01,SCHW,270.7,202.0,243.9,160.0
2026-03-01,SCHW,178.6,202.0,243.9,160.0
2025-01-01,SD,5.0,6.8,8.3,5.3
2025-02-01,SD,4.3,6.8,8.3,5.3
2025-03-01,SD,8.0,6.8,8.3,5.3
2025-04-01,SD,7.5,6.8,8.3,5.3
2025-05-01,SD,6.7,6.8,8.3,5.3
2025-06-01,SD,8.2,6.8,8.3,5.3
2025-07-01,SD,5.9,6.8,8.3,5.3
2025-08-01,SD,6.7,6.8,8.3,5.3
2025-09-01,SD,5.9,6.8,8.3,5.3
2025-10-01,SD,6.1,6.8,8.3,5.3
2025-11-01,SD,7.5,6.8,8.3,5.3
2025-12-01,SD,7.2,6.8,8.3,5.3
2026-01-01,SD,6.2,6.8,8.3,5.3
2026-02-01,SD,6.0,6.8,8.3,5.3
2026-03-01,SD,10.8,6.8,8.3,5.3
2025-01-01,SDY,7.4,5.6,7.0,4.3
2025-02-01,SDY,5.4,5.6,7.0,4.3
2025-03-01,SDY,6.1,5.6,7.0,4.3
2025-04-01,SDY,7.0,5.6,7.0,4.3
2025-05-01,SDY,4.8,5.6,7.0,4.3
2025-06-01,SDY,5.0,5.6,7.0,4.3
2025-07-01,SDY,4.8,5.6,7.0,4.3
2025-08-01,SDY,4.2,5.6,7.0,4.3
2025-09-01,SDY,6.0,5.6,7.0,4.3
2025-10-01,SDY,5.2,5.6,7.0,4.3
2025-11-01,SDY,5.6,5.6,7.0,4.3
2025-12-01,SDY,5.6,5.6,7.0,4.3
2026-01-01,SDY,9.2,5.6,7.0,4.3
2026-02-01,SDY,3.9,5.6,7.0,4.3
2026-03-01,SDY,4.7,5.6,7.0,4.3
2025-01-01,SHW,33.7,37.9,43.2,32.7
2025-02-01,SHW,34.9,37.9,43.2,32.7
2025-03-01,SHW,42.0,37.9,43.2,32.7
2025-04-01,SHW,43.3,37.9,43.2,32.7
2025-05-01,SHW,28.6,37.9,43.2,32.7
2025-06-01,SHW,31.9,37.9,43.2,32.7
2025-07-01,SHW,39.0,37.9,43.2,32.7
2025-08-01,SHW,41.7,37.9,43.2,32.7
2025-09-01,SHW,38.4,37.9,43.2,32.7
2025-10-01,SHW,50.9,37.9,43.2,32.7
2025-11-01,SHW,37.8,37.9,43.2,32.7
2025-12-01,SHW,35.2,37.9,43.2,32.7
2026-01-01,SHW,37.7,37.9,43.2,32.7
2026-02-01,SHW,34.6,37.9,43.2,32.7
2026-03-01,SHW,37.4,37.9,43.2,32.7
2025-01-01,SHY,65.0,87.0,111.7,62.2
2025-02-01,SHY,61.0,87.0,111.7,62.2
2025-03-01,SHY,80.3,87.0,111.7,62.2
2025-04-01,SHY,145.5,87.0,111.7,62.2
2025-05-01,SHY,78.5,87.0,111.7,62.2
2025-06-01,SHY,63.6,87.0,111.7,62.2
2025-07-01,SHY,73.3,87.0,111.7,62.2
2025-08-01,SHY,79.2,87.0,111.7,62.2
2025-09-01,SHY,71.5,87.0,111.7,62.2
2025-10-01,SHY,99.4,87.0,111.7,62.2
2025-11-01,SHY,87.0,87.0,111.7,62.2
2025-12-01,SHY,79.4,87.0,111.7,62.2
2026-01-01,SHY,85.7,87.0,111.7,62.2
2026-02-01,SHY,85.6,87.0,111.7,62.2
2026-03-01,SHY,141.8,87.0,111.7,62.2
2025-01-01,SILJ,57.5,139.6,205.9,73.3
2025-02-01,SILJ,53.4,139.6,205.9,73.3
2025-03-01,SILJ,76.6,139.6,205.9,73.3
2025-04-01,SILJ,77.4,139.6,205.9,73.3
2025-05-01,SILJ,57.6,139.6,205.9,73.3
2025-06-01,SILJ,118.7,139.6,205.9,73.3
2025-07-01,SILJ,154.1,139.6,205.9,73.3
2025-08-01,SILJ,135.0,139.6,205.9,73.3
2025-09-01,SILJ,164.6,139.6,205.9,73.3
2025-10-01,SILJ,194.1,139.6,205.9,73.3
2025-11-01,SILJ,119.8,139.6,205.9,73.3
2025-12-01,SILJ,214.4,139.6,205.9,73.3
2026-01-01,SILJ,292.4,139.6,205.9,73.3
2026-02-01,SILJ,203.2,139.6,205.9,73.3
2026-03-01,SILJ,163.4,139.6,205.9,73.3
2025-01-01,SJM,19.7,36.4,47.2,25.6
2025-02-01,SJM,27.0,36.4,47.2,25.6
2025-03-01,SJM,29.9,36.4,47.2,25.6
2025-04-01,SJM,26.0,36.4,47.2,25.6
2025-05-01,SJM,21.6,36.4,47.2,25.6
2025-06-01,SJM,57.5,36.4,47.2,25.6
2025-07-01,SJM,46.3,36.4,47.2,25.6
2025-08-01,SJM,44.7,36.4,47.2,25.6
2025-09-01,SJM,47.1,36.4,47.2,25.6
2025-10-01,SJM,34.3,36.4,47.2,25.6
2025-11-01,SJM,35.0,36.4,47.2,25.6
2025-12-01,SJM,31.4,36.4,47.2,25.6
2026-01-01,SJM,31.5,36.4,47.2,25.6
2026-02-01,SJM,51.1,36.4,47.2,25.6
2026-03-01,SJM,42.9,36.4,47.2,25.6
2025-01-01,SLB,305.6,353.9,432.6,275.1
2025-02-01,SLB,247.7,353.9,432.6,275.1
2025-03-01,SLB,372.2,353.9,432.6,275.1
2025-04-01,SLB,483.4,353.9,432.6,275.1
2025-05-01,SLB,273.2,353.9,432.6,275.1
2025-06-01,SLB,320.5,353.9,432.6,275.1
2025-07-01,SLB,407.6,353.9,432.6,275.1
2025-08-01,SLB,256.9,353.9,432.6,275.1
2025-09-01,SLB,378.0,353.9,432.6,275.1
2025-10-01,SLB,402.4,353.9,432.6,275.1
2025-11-01,SLB,266.0,353.9,432.6,275.1
2025-12-01,SLB,290.8,353.9,432.6,275.1
2026-01-01,SLB,481.6,353.9,432.6,275.1
2026-02-01,SLB,335.1,353.9,432.6,275.1
2026-03-01,SLB,460.2,353.9,432.6,275.1
2025-01-01,SLV,382.7,880.3,1646.7,113.9
2025-02-01,SLV,391.8,880.3,1646.7,113.9
2025-03-01,SLV,433.3,880.3,1646.7,113.9
2025-04-01,SLV,582.8,880.3,1646.7,113.9
2025-05-01,SLV,279.6,880.3,1646.7,113.9
2025-06-01,SLV,487.8,880.3,1646.7,113.9
2025-07-01,SLV,511.5,880.3,1646.7,113.9
2025-08-01,SLV,314.5,880.3,1646.7,113.9
2025-09-01,SLV,617.5,880.3,1646.7,113.9
2025-10-01,SLV,1115.7,880.3,1646.7,113.9
2025-11-01,SLV,499.6,880.3,1646.7,113.9
2025-12-01,SLV,1458.1,880.3,1646.7,113.9
2026-01-01,SLV,3287.4,880.3,1646.7,113.9
2026-02-01,SLV,1818.5,880.3,1646.7,113.9
2026-03-01,SLV,1061.7,880.3,1646.7,113.9
2025-01-01,SM,29.4,68.1,106.7,29.5
2025-02-01,SM,40.9,68.1,106.7,29.5
2025-03-01,SM,58.2,68.1,106.7,29.5
2025-04-01,SM,57.3,68.1,106.7,29.5
2025-05-01,SM,52.6,68.1,106.7,29.5
2025-06-01,SM,48.4,68.1,106.7,29.5
2025-07-01,SM,43.6,68.1,106.7,29.5
2025-08-01,SM,40.7,68.1,106.7,29.5
2025-09-01,SM,43.2,68.1,106.7,29.5
2025-10-01,SM,60.1,68.1,106.7,29.5
2025-11-01,SM,70.5,68.1,106.7,29.5
2025-12-01,SM,58.3,68.1,106.7,29.5
2026-01-01,SM,111.4,68.1,106.7,29.5
2026-02-01,SM,167.0,68.1,106.7,29.5
2026-03-01,SM,145.2,68.1,106.7,29.5
2025-01-01,SMCI,660.1,895.3,1343.5,447.0
2025-02-01,SMCI,2375.8,895.3,1343.5,447.0
2025-03-01,SMCI,1392.7,895.3,1343.5,447.0
2025-04-01,SMCI,975.1,895.3,1343.5,447.0
2025-05-01,SMCI,1177.3,895.3,1343.5,447.0
2025-06-01,SMCI,844.9,895.3,1343.5,447.0
2025-07-01,SMCI,821.9,895.3,1343.5,447.0
2025-08-01,SMCI,704.9,895.3,1343.5,447.0
2025-09-01,SMCI,569.2,895.3,1343.5,447.0
2025-10-01,SMCI,727.2,895.3,1343.5,447.0
2025-11-01,SMCI,574.1,895.3,1343.5,447.0
2025-12-01,SMCI,451.6,895.3,1343.5,447.0
2026-01-01,SMCI,643.3,895.3,1343.5,447.0
2026-02-01,SMCI,656.3,895.3,1343.5,447.0
2026-03-01,SMCI,954.2,895.3,1343.5,447.0
2025-01-01,SMH,145.0,165.8,200.0,131.6
2025-02-01,SMH,111.8,165.8,200.0,131.6
2025-03-01,SMH,156.0,165.8,200.0,131.6
2025-04-01,SMH,241.9,165.8,200.0,131.6
2025-05-01,SMH,142.3,165.8,200.0,131.6
2025-06-01,SMH,167.6,165.8,200.0,131.6
2025-07-01,SMH,163.0,165.8,200.0,131.6
2025-08-01,SMH,154.7,165.8,200.0,131.6
2025-09-01,SMH,176.6,165.8,200.0,131.6
2025-10-01,SMH,185.0,165.8,200.0,131.6
2025-11-01,SMH,184.6,165.8,200.0,131.6
2025-12-01,SMH,118.9,165.8,200.0,131.6
2026-01-01,SMH,143.2,165.8,200.0,131.6
2026-02-01,SMH,160.3,165.8,200.0,131.6
2026-03-01,SMH,227.7,165.8,200.0,131.6
2025-01-01,SNA,7.5,7.4,9.1,5.8
2025-02-01,SNA,7.6,7.4,9.1,5.8
2025-03-01,SNA,9.1,7.4,9.1,5.8
2025-04-01,SNA,11.2,7.4,9.1,5.8
2025-05-01,SNA,6.2,7.4,9.1,5.8
2025-06-01,SNA,7.1,7.4,9.1,5.8
2025-07-01,SNA,8.0,7.4,9.1,5.8
2025-08-01,SNA,4.9,7.4,9.1,5.8
2025-09-01,SNA,6.6,7.4,9.1,5.8
2025-10-01,SNA,8.6,7.4,9.1,5.8
2025-11-01,SNA,5.2,7.4,9.1,5.8
2025-12-01,SNA,6.4,7.4,9.1,5.8
2026-01-01,SNA,5.6,7.4,9.1,5.8
2026-02-01,SNA,8.0,7.4,9.1,5.8
2026-03-01,SNA,9.0,7.4,9.1,5.8
2025-02-01,SNDK,70.8,177.4,310.5,44.2
2025-03-01,SNDK,79.6,177.4,310.5,44.2
2025-04-01,SNDK,77.1,177.4,310.5,44.2
2025-05-01,SNDK,49.7,177.4,310.5,44.2
2025-06-01,SNDK,74.9,177.4,310.5,44.2
2025-07-01,SNDK,45.1,177.4,310.5,44.2
2025-08-01,SNDK,55.3,177.4,310.5,44.2
2025-09-01,SNDK,159.0,177.4,310.5,44.2
2025-10-01,SNDK,187.9,177.4,310.5,44.2
2025-11-01,SNDK,319.8,177.4,310.5,44.2
2025-12-01,SNDK,176.3,177.4,310.5,44.2
2026-01-01,SNDK,355.7,177.4,310.5,44.2
2026-02-01,SNDK,426.9,177.4,310.5,44.2
2026-03-01,SNDK,390.3,177.4,310.5,44.2
2025-01-01,SNPS,22.4,40.7,60.4,21.1
2025-02-01,SNPS,22.3,40.7,60.4,21.1
2025-03-01,SNPS,28.8,40.7,60.4,21.1
2025-04-01,SNPS,30.5,40.7,60.4,21.1
2025-05-01,SNPS,29.0,40.7,60.4,21.1
2025-06-01,SNPS,23.9,40.7,60.4,21.1
2025-07-01,SNPS,53.4,40.7,60.4,21.1
2025-08-01,SNPS,22.0,40.7,60.4,21.1
2025-09-01,SNPS,100.8,40.7,60.4,21.1
2025-10-01,SNPS,47.7,40.7,60.4,21.1
2025-11-01,SNPS,42.4,40.7,60.4,21.1
2025-12-01,SNPS,49.2,40.7,60.4,21.1
2026-01-01,SNPS,36.6,40.7,60.4,21.1
2026-02-01,SNPS,53.0,40.7,60.4,21.1
2026-03-01,SNPS,45.2,40.7,60.4,21.1
2025-01-01,SO,105.2,112.5,125.5,99.6
2025-02-01,SO,96.1,112.5,125.5,99.6
2025-03-01,SO,106.2,112.5,125.5,99.6
2025-04-01,SO,98.7,112.5,125.5,99.6
2025-05-01,SO,115.6,112.5,125.5,99.6
2025-06-01,SO,109.3,112.5,125.5,99.6
2025-07-01,SO,116.0,112.5,125.5,99.6
2025-08-01,SO,97.3,112.5,125.5,99.6
2025-09-01,SO,105.8,112.5,125.5,99.6
2025-10-01,SO,115.3,112.5,125.5,99.6
2025-11-01,SO,122.1,112.5,125.5,99.6
2025-12-01,SO,133.0,112.5,125.5,99.6
2026-01-01,SO,106.4,112.5,125.5,99.6
2026-02-01,SO,146.9,112.5,125.5,99.6
2026-03-01,SO,114.4,112.5,125.5,99.6
2025-01-01,SOLV,20.4,22.8,27.3,18.4
2025-02-01,SOLV,19.7,22.8,27.3,18.4
2025-03-01,SOLV,26.2,22.8,27.3,18.4
2025-04-01,SOLV,26.2,22.8,27.3,18.4
2025-05-01,SOLV,27.7,22.8,27.3,18.4
2025-06-01,SOLV,16.4,22.8,27.3,18.4
2025-07-01,SOLV,13.9,22.8,27.3,18.4
2025-08-01,SOLV,28.0,22.8,27.3,18.4
2025-09-01,SOLV,23.8,22.8,27.3,18.4
2025-10-01,SOLV,20.3,22.8,27.3,18.4
2025-11-01,SOLV,24.0,22.8,27.3,18.4
2025-12-01,SOLV,23.4,22.8,27.3,18.4
2026-01-01,SOLV,19.3,22.8,27.3,18.4
2026-02-01,SOLV,23.0,22.8,27.3,18.4
2026-03-01,SOLV,30.2,22.8,27.3,18.4
2025-01-01,SOYB,0.7,1.4,2.5,0.3
2025-02-01,SOYB,0.8,1.4,2.5,0.3
2025-03-01,SOYB,0.4,1.4,2.5,0.3
2025-04-01,SOYB,0.5,1.4,2.5,0.3
2025-05-01,SOYB,0.5,1.4,2.5,0.3
2025-06-01,SOYB,0.8,1.4,2.5,0.3
2025-07-01,SOYB,0.5,1.4,2.5,0.3
2025-08-01,SOYB,0.5,1.4,2.5,0.3
2025-09-01,SOYB,1.4,1.4,2.5,0.3
2025-10-01,SOYB,2.7,1.4,2.5,0.3
2025-11-01,SOYB,3.4,1.4,2.5,0.3
2025-12-01,SOYB,3.3,1.4,2.5,0.3
2026-01-01,SOYB,1.0,1.4,2.5,0.3
2026-02-01,SOYB,1.3,1.4,2.5,0.3
2026-03-01,SOYB,3.0,1.4,2.5,0.3
2025-01-01,SPG,25.6,33.4,39.1,27.6
2025-02-01,SPG,26.1,33.4,39.1,27.6
2025-03-01,SPG,40.8,33.4,39.1,27.6
2025-04-01,SPG,43.6,33.4,39.1,27.6
2025-05-01,SPG,37.8,33.4,39.1,27.6
2025-06-01,SPG,31.4,33.4,39.1,27.6
2025-07-01,SPG,29.3,33.4,39.1,27.6
2025-08-01,SPG,33.1,33.4,39.1,27.6
2025-09-01,SPG,41.9,33.4,39.1,27.6
2025-10-01,SPG,30.5,33.4,39.1,27.6
2025-11-01,SPG,25.1,33.4,39.1,27.6
2025-12-01,SPG,30.9,33.4,39.1,27.6
2026-01-01,SPG,31.8,33.4,39.1,27.6
2026-02-01,SPG,32.2,33.4,39.1,27.6
2026-03-01,SPG,38.9,33.4,39.1,27.6
2025-01-01,SPGI,24.9,33.5,47.4,19.5
2025-02-01,SPGI,27.1,33.5,47.4,19.5
2025-03-01,SPGI,32.0,33.5,47.4,19.5
2025-04-01,SPGI,32.1,33.5,47.4,19.5
2025-05-01,SPGI,23.4,33.5,47.4,19.5
2025-06-01,SPGI,24.4,33.5,47.4,19.5
2025-07-01,SPGI,22.0,33.5,47.4,19.5
2025-08-01,SPGI,24.6,33.5,47.4,19.5
2025-09-01,SPGI,32.7,33.5,47.4,19.5
2025-10-01,SPGI,40.0,33.5,47.4,19.5
2025-11-01,SPGI,29.9,33.5,47.4,19.5
2025-12-01,SPGI,33.1,33.5,47.4,19.5
2026-01-01,SPGI,29.6,33.5,47.4,19.5
2026-02-01,SPGI,81.6,33.5,47.4,19.5
2026-03-01,SPGI,46.8,33.5,47.4,19.5
2025-01-01,SPHB,5.1,7.6,9.5,5.7
2025-02-01,SPHB,4.4,7.6,9.5,5.7
2025-03-01,SPHB,8.4,7.6,9.5,5.7
2025-04-01,SPHB,12.2,7.6,9.5,5.7
2025-05-01,SPHB,8.2,7.6,9.5,5.7
2025-06-01,SPHB,6.1,7.6,9.5,5.7
2025-07-01,SPHB,8.3,7.6,9.5,5.7
2025-08-01,SPHB,7.7,7.6,9.5,5.7
2025-09-01,SPHB,7.9,7.6,9.5,5.7
2025-10-01,SPHB,8.4,7.6,9.5,5.7
2025-11-01,SPHB,7.1,7.6,9.5,5.7
2025-12-01,SPHB,8.0,7.6,9.5,5.7
2026-01-01,SPHB,5.5,7.6,9.5,5.7
2026-02-01,SPHB,6.1,7.6,9.5,5.7
2026-03-01,SPHB,10.1,7.6,9.5,5.7
2025-01-01,SPLV,30.9,60.7,80.7,40.7
2025-02-01,SPLV,26.8,60.7,80.7,40.7
2025-03-01,SPLV,46.4,60.7,80.7,40.7
2025-04-01,SPLV,95.0,60.7,80.7,40.7
2025-05-01,SPLV,49.4,60.7,80.7,40.7
2025-06-01,SPLV,36.8,60.7,80.7,40.7
2025-07-01,SPLV,50.1,60.7,80.7,40.7
2025-08-01,SPLV,64.9,60.7,80.7,40.7
2025-09-01,SPLV,46.8,60.7,80.7,40.7
2025-10-01,SPLV,68.6,60.7,80.7,40.7
2025-11-01,SPLV,77.9,60.7,80.7,40.7
2025-12-01,SPLV,77.5,60.7,80.7,40.7
2026-01-01,SPLV,83.0,60.7,80.7,40.7
2026-02-01,SPLV,71.5,60.7,80.7,40.7
2026-03-01,SPLV,81.2,60.7,80.7,40.7
2025-01-01,SPY,995.5,1569.2,1900.0,1238.4
2025-02-01,SPY,871.6,1569.2,1900.0,1238.4
2025-03-01,SPY,1496.6,1569.2,1900.0,1238.4
2025-04-01,SPY,2237.0,1569.2,1900.0,1238.4
2025-05-01,SPY,1402.2,1569.2,1900.0,1238.4
2025-06-01,SPY,1495.4,1569.2,1900.0,1238.4
2025-07-01,SPY,1479.9,1569.2,1900.0,1238.4
2025-08-01,SPY,1424.1,1569.2,1900.0,1238.4
2025-09-01,SPY,1606.4,1569.2,1900.0,1238.4
2025-10-01,SPY,1781.8,1569.2,1900.0,1238.4
2025-11-01,SPY,1664.7,1569.2,1900.0,1238.4
2025-12-01,SPY,1656.2,1569.2,1900.0,1238.4
2026-01-01,SPY,1600.5,1569.2,1900.0,1238.4
2026-02-01,SPY,1615.0,1569.2,1900.0,1238.4
2026-03-01,SPY,2084.6,1569.2,1900.0,1238.4
2025-01-01,SRE,100.9,86.4,101.8,71.0
2025-02-01,SRE,114.6,86.4,101.8,71.0
2025-03-01,SRE,115.0,86.4,101.8,71.0
2025-04-01,SRE,104.7,86.4,101.8,71.0
2025-05-01,SRE,78.2,86.4,101.8,71.0
2025-06-01,SRE,82.6,86.4,101.8,71.0
2025-07-01,SRE,70.1,86.4,101.8,71.0
2025-08-01,SRE,73.0,86.4,101.8,71.0
2025-09-01,SRE,100.7,86.4,101.8,71.0
2025-10-01,SRE,71.1,86.4,101.8,71.0
2025-11-01,SRE,78.7,86.4,101.8,71.0
2025-12-01,SRE,73.9,86.4,101.8,71.0
2026-01-01,SRE,85.6,86.4,101.8,71.0
2026-02-01,SRE,77.7,86.4,101.8,71.0
2026-03-01,SRE,74.2,86.4,101.8,71.0
2025-01-01,STE,9.0,13.4,16.6,10.2
2025-02-01,STE,9.6,13.4,16.6,10.2
2025-03-01,STE,13.3,13.4,16.6,10.2
2025-04-01,STE,13.3,13.4,16.6,10.2
2025-05-01,STE,16.0,13.4,16.6,10.2
2025-06-01,STE,10.8,13.4,16.6,10.2
2025-07-01,STE,14.4,13.4,16.6,10.2
2025-08-01,STE,11.4,13.4,16.6,10.2
2025-09-01,STE,11.9,13.4,16.6,10.2
2025-10-01,STE,13.6,13.4,16.6,10.2
2025-11-01,STE,14.8,13.4,16.6,10.2
2025-12-01,STE,12.8,13.4,16.6,10.2
2026-01-01,STE,10.0,13.4,16.6,10.2
2026-02-01,STE,20.5,13.4,16.6,10.2
2026-03-01,STE,19.5,13.4,16.6,10.2
2025-01-01,STIP,11.8,18.6,25.4,11.8
2025-02-01,STIP,14.8,18.6,25.4,11.8
2025-03-01,STIP,11.8,18.6,25.4,11.8
2025-04-01,STIP,23.0,18.6,25.4,11.8
2025-05-01,STIP,21.4,18.6,25.4,11.8
2025-06-01,STIP,11.9,18.6,25.4,11.8
2025-07-01,STIP,17.1,18.6,25.4,11.8
2025-08-01,STIP,10.2,18.6,25.4,11.8
2025-09-01,STIP,15.8,18.6,25.4,11.8
2025-10-01,STIP,14.8,18.6,25.4,11.8
2025-11-01,STIP,21.8,18.6,25.4,11.8
2025-12-01,STIP,16.9,18.6,25.4,11.8
2026-01-01,STIP,26.6,18.6,25.4,11.8
2026-02-01,STIP,25.9,18.6,25.4,11.8
2026-03-01,STIP,35.3,18.6,25.4,11.8
2025-01-01,STLA,182.7,355.6,487.3,224.0
2025-02-01,STLA,248.1,355.6,487.3,224.0
2025-03-01,STLA,430.8,355.6,487.3,224.0
2025-04-01,STLA,501.3,355.6,487.3,224.0
2025-05-01,STLA,259.1,355.6,487.3,224.0
2025-06-01,STLA,312.5,355.6,487.3,224.0
2025-07-01,STLA,684.9,355.6,487.3,224.0
2025-08-01,STLA,245.8,355.6,487.3,224.0
2025-09-01,STLA,343.8,355.6,487.3,224.0
2025-10-01,STLA,442.1,355.6,487.3,224.0
2025-11-01,STLA,270.2,355.6,487.3,224.0
2025-12-01,STLA,221.5,355.6,487.3,224.0
2026-01-01,STLA,281.2,355.6,487.3,224.0
2026-02-01,STLA,391.1,355.6,487.3,224.0
2026-03-01,STLA,467.5,355.6,487.3,224.0
2025-01-01,STLD,35.3,30.1,35.6,24.6
2025-02-01,STLD,33.1,30.1,35.6,24.6
2025-03-01,STLD,45.8,30.1,35.6,24.6
2025-04-01,STLD,35.2,30.1,35.6,24.6
2025-05-01,STLD,29.0,30.1,35.6,24.6
2025-06-01,STLD,31.4,30.1,35.6,24.6
2025-07-01,STLD,28.7,30.1,35.6,24.6
2025-08-01,STLD,25.9,30.1,35.6,24.6
2025-09-01,STLD,28.5,30.1,35.6,24.6
2025-10-01,STLD,29.5,30.1,35.6,24.6
2025-11-01,STLD,21.8,30.1,35.6,24.6
2025-12-01,STLD,27.6,30.1,35.6,24.6
2026-01-01,STLD,27.5,30.1,35.6,24.6
2026-02-01,STLD,26.1,30.1,35.6,24.6
2026-03-01,STLD,25.8,30.1,35.6,24.6
2025-01-01,STNG,22.7,21.8,25.6,17.9
2025-02-01,STNG,18.3,21.8,25.6,17.9
2025-03-01,STNG,21.9,21.8,25.6,17.9
2025-04-01,STNG,22.3,21.8,25.6,17.9
2025-05-01,STNG,15.9,21.8,25.6,17.9
2025-06-01,STNG,23.4,21.8,25.6,17.9
2025-07-01,STNG,27.7,21.8,25.6,17.9
2025-08-01,STNG,21.0,21.8,25.6,17.9
2025-09-01,STNG,23.7,21.8,25.6,17.9
2025-10-01,STNG,17.4,21.8,25.6,17.9
2025-11-01,STNG,17.1,21.8,25.6,17.9
2025-12-01,STNG,20.8,21.8,25.6,17.9
2026-01-01,STNG,22.4,21.8,25.6,17.9
2026-02-01,STNG,20.3,21.8,25.6,17.9
2026-03-01,STNG,30.8,21.8,25.6,17.9
2025-01-01,STT,42.5,42.6,50.6,34.6
2025-02-01,STT,35.2,42.6,50.6,34.6
2025-03-01,STT,46.8,42.6,50.6,34.6
2025-04-01,STT,56.9,42.6,50.6,34.6
2025-05-01,STT,36.6,42.6,50.6,34.6
2025-06-01,STT,37.3,42.6,50.6,34.6
2025-07-01,STT,51.9,42.6,50.6,34.6
2025-08-01,STT,32.5,42.6,50.6,34.6
2025-09-01,STT,36.0,42.6,50.6,34.6
2025-10-01,STT,53.0,42.6,50.6,34.6
2025-11-01,STT,28.8,42.6,50.6,34.6
2025-12-01,STT,45.5,42.6,50.6,34.6
2026-01-01,STT,47.9,42.6,50.6,34.6
2026-02-01,STT,36.8,42.6,50.6,34.6
2026-03-01,STT,46.3,42.6,50.6,34.6
2025-01-01,STX,74.5,84.7,104.0,65.5
2025-02-01,STX,52.3,84.7,104.0,65.5
2025-03-01,STX,69.2,84.7,104.0,65.5
2025-04-01,STX,115.9,84.7,104.0,65.5
2025-05-01,STX,86.4,84.7,104.0,65.5
2025-06-01,STX,84.7,84.7,104.0,65.5
2025-07-01,STX,98.7,84.7,104.0,65.5
2025-08-01,STX,55.2,84.7,104.0,65.5
2025-09-01,STX,89.0,84.7,104.0,65.5
2025-10-01,STX,123.9,84.7,104.0,65.5
2025-11-01,STX,75.4,84.7,104.0,65.5
2025-12-01,STX,84.9,84.7,104.0,65.5
2026-01-01,STX,99.4,84.7,104.0,65.5
2026-02-01,STX,74.9,84.7,104.0,65.5
2026-03-01,STX,77.8,84.7,104.0,65.5
2025-01-01,STZ,57.0,51.2,61.2,41.3
2025-02-01,STZ,61.0,51.2,61.2,41.3
2025-03-01,STZ,51.8,51.2,61.2,41.3
2025-04-01,STZ,50.6,51.2,61.2,41.3
2025-05-01,STZ,35.1,51.2,61.2,41.3
2025-06-01,STZ,51.3,51.2,61.2,41.3
2025-07-01,STZ,49.5,51.2,61.2,41.3
2025-08-01,STZ,38.0,51.2,61.2,41.3
2025-09-01,STZ,67.6,51.2,61.2,41.3
2025-10-01,STZ,65.3,51.2,61.2,41.3
2025-11-01,STZ,42.6,51.2,61.2,41.3
2025-12-01,STZ,54.9,51.2,61.2,41.3
2026-01-01,STZ,60.8,51.2,61.2,41.3
2026-02-01,STZ,45.5,51.2,61.2,41.3
2026-03-01,STZ,36.8,51.2,61.2,41.3
2025-01-01,SW,58.3,95.6,119.4,71.8
2025-02-01,SW,73.3,95.6,119.4,71.8
2025-03-01,SW,91.2,95.6,119.4,71.8
2025-04-01,SW,87.4,95.6,119.4,71.8
2025-05-01,SW,70.0,95.6,119.4,71.8
2025-06-01,SW,77.1,95.6,119.4,71.8
2025-07-01,SW,77.9,95.6,119.4,71.8
2025-08-01,SW,86.4,95.6,119.4,71.8
2025-09-01,SW,87.5,95.6,119.4,71.8
2025-10-01,SW,122.5,95.6,119.4,71.8
2025-11-01,SW,102.8,95.6,119.4,71.8
2025-12-01,SW,108.9,95.6,119.4,71.8
2026-01-01,SW,107.7,95.6,119.4,71.8
2026-02-01,SW,147.0,95.6,119.4,71.8
2026-03-01,SW,133.3,95.6,119.4,71.8
2025-01-01,SWK,32.2,44.5,58.3,30.6
2025-02-01,SWK,36.9,44.5,58.3,30.6
2025-03-01,SWK,38.6,44.5,58.3,30.6
2025-04-01,SWK,83.3,44.5,58.3,30.6
2025-05-01,SWK,70.0,44.5,58.3,30.6
2025-06-01,SWK,43.7,44.5,58.3,30.6
2025-07-01,SWK,50.9,44.5,58.3,30.6
2025-08-01,SWK,40.1,44.5,58.3,30.6
2025-09-01,SWK,44.0,44.5,58.3,30.6
2025-10-01,SWK,43.5,44.5,58.3,30.6
2025-11-01,SWK,34.7,44.5,58.3,30.6
2025-12-01,SWK,33.9,44.5,58.3,30.6
2026-01-01,SWK,33.8,44.5,58.3,30.6
2026-02-01,SWK,42.0,44.5,58.3,30.6
2026-03-01,SWK,36.9,44.5,58.3,30.6
2025-01-01,SWKS,48.6,68.5,83.4,53.6
2025-02-01,SWKS,83.7,68.5,83.4,53.6
2025-03-01,SWKS,78.6,68.5,83.4,53.6
2025-04-01,SWKS,91.7,68.5,83.4,53.6
2025-05-01,SWKS,91.0,68.5,83.4,53.6
2025-06-01,SWKS,64.9,68.5,83.4,53.6
2025-07-01,SWKS,47.9,68.5,83.4,53.6
2025-08-01,SWKS,54.0,68.5,83.4,53.6
2025-09-01,SWKS,58.4,68.5,83.4,53.6
2025-10-01,SWKS,65.4,68.5,83.4,53.6
2025-11-01,SWKS,63.7,68.5,83.4,53.6
2025-12-01,SWKS,52.6,68.5,83.4,53.6
2026-01-01,SWKS,90.5,68.5,83.4,53.6
2026-02-01,SWKS,70.8,68.5,83.4,53.6
2026-03-01,SWKS,68.4,68.5,83.4,53.6
2025-01-01,SYF,67.6,82.0,99.4,64.6
2025-02-01,SYF,76.9,82.0,99.4,64.6
2025-03-01,SYF,109.8,82.0,99.4,64.6
2025-04-01,SYF,121.8,82.0,99.4,64.6
2025-05-01,SYF,76.4,82.0,99.4,64.6
2025-06-01,SYF,68.7,82.0,99.4,64.6
2025-07-01,SYF,75.8,82.0,99.4,64.6
2025-08-01,SYF,66.0,82.0,99.4,64.6
2025-09-01,SYF,66.7,82.0,99.4,64.6
2025-10-01,SYF,82.0,82.0,99.4,64.6
2025-11-01,SYF,69.9,82.0,99.4,64.6
2025-12-01,SYF,64.2,82.0,99.4,64.6
2026-01-01,SYF,104.4,82.0,99.4,64.6
2026-02-01,SYF,97.9,82.0,99.4,64.6
2026-03-01,SYF,83.3,82.0,99.4,64.6
2025-01-01,SYK,32.0,32.9,39.8,25.9
2025-02-01,SYK,22.9,32.9,39.8,25.9
2025-03-01,SYK,32.8,32.9,39.8,25.9
2025-04-01,SYK,41.4,32.9,39.8,25.9
2025-05-01,SYK,28.8,32.9,39.8,25.9
2025-06-01,SYK,23.8,32.9,39.8,25.9
2025-07-01,SYK,26.0,32.9,39.8,25.9
2025-08-01,SYK,26.0,32.9,39.8,25.9
2025-09-01,SYK,26.8,32.9,39.8,25.9
2025-10-01,SYK,35.3,32.9,39.8,25.9
2025-11-01,SYK,34.6,32.9,39.8,25.9
2025-12-01,SYK,35.0,32.9,39.8,25.9
2026-01-01,SYK,39.9,32.9,39.8,25.9
2026-02-01,SYK,39.3,32.9,39.8,25.9
2026-03-01,SYK,47.5,32.9,39.8,25.9
2025-01-01,SYY,71.7,69.9,79.4,60.4
2025-02-01,SYY,75.3,69.9,79.4,60.4
2025-03-01,SYY,73.6,69.9,79.4,60.4
2025-04-01,SYY,79.0,69.9,79.4,60.4
2025-05-01,SYY,60.0,69.9,79.4,60.4
2025-06-01,SYY,56.7,69.9,79.4,60.4
2025-07-01,SYY,65.7,69.9,79.4,60.4
2025-08-01,SYY,62.4,69.9,79.4,60.4
2025-09-01,SYY,63.8,69.9,79.4,60.4
2025-10-01,SYY,69.5,69.9,79.4,60.4
2025-11-01,SYY,58.6,69.9,79.4,60.4
2025-12-01,SYY,62.6,69.9,79.4,60.4
2026-01-01,SYY,88.2,69.9,79.4,60.4
2026-02-01,SYY,75.0,69.9,79.4,60.4
2026-03-01,SYY,87.1,69.9,79.4,60.4
2025-01-01,T,789.5,845.4,1054.4,636.3
2025-02-01,T,759.2,845.4,1054.4,636.3
2025-03-01,T,978.9,845.4,1054.4,636.3
2025-04-01,T,902.4,845.4,1054.4,636.3
2025-05-01,T,699.7,845.4,1054.4,636.3
2025-06-01,T,617.4,845.4,1054.4,636.3
2025-07-01,T,726.6,845.4,1054.4,636.3
2025-08-01,T,620.8,845.4,1054.4,636.3
2025-09-01,T,638.9,845.4,1054.4,636.3
2025-10-01,T,1441.9,845.4,1054.4,636.3
2025-11-01,T,953.5,845.4,1054.4,636.3
2025-12-01,T,748.2,845.4,1054.4,636.3
2026-01-01,T,985.7,845.4,1054.4,636.3
2026-02-01,T,836.9,845.4,1054.4,636.3
2026-03-01,T,924.9,845.4,1054.4,636.3
2025-01-01,TAGS,0.0,0.1,0.5,-0.2
2025-02-01,TAGS,0.1,0.1,0.5,-0.2
2025-03-01,TAGS,0.0,0.1,0.5,-0.2
2025-04-01,TAGS,0.1,0.1,0.5,-0.2
2025-05-01,TAGS,0.0,0.1,0.5,-0.2
2025-06-01,TAGS,0.1,0.1,0.5,-0.2
2025-07-01,TAGS,0.0,0.1,0.5,-0.2
2025-08-01,TAGS,0.0,0.1,0.5,-0.2
2025-09-01,TAGS,0.0,0.1,0.5,-0.2
2025-10-01,TAGS,0.1,0.1,0.5,-0.2
2025-11-01,TAGS,0.1,0.1,0.5,-0.2
2025-12-01,TAGS,0.1,0.1,0.5,-0.2
2026-01-01,TAGS,0.1,0.1,0.5,-0.2
2026-02-01,TAGS,0.2,0.1,0.5,-0.2
2026-03-01,TAGS,1.4,0.1,0.5,-0.2
2025-01-01,TAP,33.8,56.3,66.7,45.8
2025-02-01,TAP,48.7,56.3,66.7,45.8
2025-03-01,TAP,51.3,56.3,66.7,45.8
2025-04-01,TAP,49.6,56.3,66.7,45.8
2025-05-01,TAP,63.4,56.3,66.7,45.8
2025-06-01,TAP,52.8,56.3,66.7,45.8
2025-07-01,TAP,50.2,56.3,66.7,45.8
2025-08-01,TAP,54.6,56.3,66.7,45.8
2025-09-01,TAP,56.4,56.3,66.7,45.8
2025-10-01,TAP,49.4,56.3,66.7,45.8
2025-11-01,TAP,82.1,56.3,66.7,45.8
2025-12-01,TAP,67.1,56.3,66.7,45.8
2026-01-01,TAP,58.2,56.3,66.7,45.8
2026-02-01,TAP,66.3,56.3,66.7,45.8
2026-03-01,TAP,62.2,56.3,66.7,45.8
2025-01-01,TDG,4.7,6.6,7.9,5.3
2025-02-01,TDG,5.4,6.6,7.9,5.3
2025-03-01,TDG,5.4,6.6,7.9,5.3
2025-04-01,TDG,7.0,6.6,7.9,5.3
2025-05-01,TDG,6.6,6.6,7.9,5.3
2025-06-01,TDG,5.4,6.6,7.9,5.3
2025-07-01,TDG,4.7,6.6,7.9,5.3
2025-08-01,TDG,9.0,6.6,7.9,5.3
2025-09-01,TDG,7.7,6.6,7.9,5.3
2025-10-01,TDG,6.5,6.6,7.9,5.3
2025-11-01,TDG,6.1,6.6,7.9,5.3
2025-12-01,TDG,6.8,6.6,7.9,5.3
2026-01-01,TDG,6.8,6.6,7.9,5.3
2026-02-01,TDG,8.5,6.6,7.9,5.3
2026-03-01,TDG,8.4,6.6,7.9,5.3
2025-01-01,TDW,20.2,19.2,23.5,14.9
2025-02-01,TDW,21.2,19.2,23.5,14.9
2025-03-01,TDW,29.5,19.2,23.5,14.9
2025-04-01,TDW,27.0,19.2,23.5,14.9
2025-05-01,TDW,17.8,19.2,23.5,14.9
2025-06-01,TDW,19.4,19.2,23.5,14.9
2025-07-01,TDW,18.0,19.2,23.5,14.9
2025-08-01,TDW,21.2,19.2,23.5,14.9
2025-09-01,TDW,15.4,19.2,23.5,14.9
2025-10-01,TDW,16.3,19.2,23.5,14.9
2025-11-01,TDW,18.3,19.2,23.5,14.9
2025-12-01,TDW,14.0,19.2,23.5,14.9
2026-01-01,TDW,14.2,19.2,23.5,14.9
2026-02-01,TDW,15.3,19.2,23.5,14.9
2026-03-01,TDW,20.1,19.2,23.5,14.9
2025-01-01,TDY,5.3,6.9,8.2,5.5
2025-02-01,TDY,4.4,6.9,8.2,5.5
2025-03-01,TDY,6.3,6.9,8.2,5.5
2025-04-01,TDY,7.0,6.9,8.2,5.5
2025-05-01,TDY,6.9,6.9,8.2,5.5
2025-06-01,TDY,7.6,6.9,8.2,5.5
2025-07-01,TDY,10.0,6.9,8.2,5.5
2025-08-01,TDY,6.0,6.9,8.2,5.5
2025-09-01,TDY,5.9,6.9,8.2,5.5
2025-10-01,TDY,6.9,6.9,8.2,5.5
2025-11-01,TDY,8.0,6.9,8.2,5.5
2025-12-01,TDY,6.3,6.9,8.2,5.5
2026-01-01,TDY,9.0,6.9,8.2,5.5
2026-02-01,TDY,6.8,6.9,8.2,5.5
2026-03-01,TDY,6.4,6.9,8.2,5.5
2025-01-01,TECH,19.2,44.3,53.3,35.2
2025-02-01,TECH,34.5,44.3,53.3,35.2
2025-03-01,TECH,41.3,44.3,53.3,35.2
2025-04-01,TECH,47.7,44.3,53.3,35.2
2025-05-01,TECH,59.4,44.3,53.3,35.2
2025-06-01,TECH,44.3,44.3,53.3,35.2
2025-07-01,TECH,45.0,44.3,53.3,35.2
2025-08-01,TECH,46.2,44.3,53.3,35.2
2025-09-01,TECH,51.7,44.3,53.3,35.2
2025-10-01,TECH,51.2,44.3,53.3,35.2
2025-11-01,TECH,40.0,44.3,53.3,35.2
2025-12-01,TECH,35.4,44.3,53.3,35.2
2026-01-01,TECH,47.0,44.3,53.3,35.2
2026-02-01,TECH,50.8,44.3,53.3,35.2
2026-03-01,TECH,48.5,44.3,53.3,35.2
2025-01-01,TECK,55.5,89.2,119.4,58.9
2025-02-01,TECK,60.0,89.2,119.4,58.9
2025-03-01,TECK,84.2,89.2,119.4,58.9
2025-04-01,TECK,98.2,89.2,119.4,58.9
2025-05-01,TECK,65.3,89.2,119.4,58.9
2025-06-01,TECK,63.7,89.2,119.4,58.9
2025-07-01,TECK,123.2,89.2,119.4,58.9
2025-08-01,TECK,64.2,89.2,119.4,58.9
2025-09-01,TECK,176.3,89.2,119.4,58.9
2025-10-01,TECK,94.8,89.2,119.4,58.9
2025-11-01,TECK,68.8,89.2,119.4,58.9
2025-12-01,TECK,93.6,89.2,119.4,58.9
2026-01-01,TECK,91.9,89.2,119.4,58.9
2026-02-01,TECK,78.4,89.2,119.4,58.9
2026-03-01,TECK,107.9,89.2,119.4,58.9
2025-01-01,TEL,35.1,39.9,45.8,34.0
2025-02-01,TEL,29.0,39.9,45.8,34.0
2025-03-01,TEL,39.1,39.9,45.8,34.0
2025-04-01,TEL,50.6,39.9,45.8,34.0
2025-05-01,TEL,34.3,39.9,45.8,34.0
2025-06-01,TEL,34.6,39.9,45.8,34.0
2025-07-01,TEL,45.4,39.9,45.8,34.0
2025-08-01,TEL,35.0,39.9,45.8,34.0
2025-09-01,TEL,34.7,39.9,45.8,34.0
2025-10-01,TEL,41.1,39.9,45.8,34.0
2025-11-01,TEL,39.6,39.9,45.8,34.0
2025-12-01,TEL,41.4,39.9,45.8,34.0
2026-01-01,TEL,42.1,39.9,45.8,34.0
2026-02-01,TEL,45.2,39.9,45.8,34.0
2026-03-01,TEL,49.6,39.9,45.8,34.0
2025-01-01,TER,58.1,72.6,87.5,57.6
2025-02-01,TER,44.8,72.6,87.5,57.6
2025-03-01,TER,81.1,72.6,87.5,57.6
2025-04-01,TER,92.5,72.6,87.5,57.6
2025-05-01,TER,55.3,72.6,87.5,57.6
2025-06-01,TER,67.7,72.6,87.5,57.6
2025-07-01,TER,100.7,72.6,87.5,57.6
2025-08-01,TER,75.7,72.6,87.5,57.6
2025-09-01,TER,86.4,72.6,87.5,57.6
2025-10-01,TER,83.9,72.6,87.5,57.6
2025-11-01,TER,66.4,72.6,87.5,57.6
2025-12-01,TER,61.6,72.6,87.5,57.6
2026-01-01,TER,57.5,72.6,87.5,57.6
2026-02-01,TER,80.9,72.6,87.5,57.6
2026-03-01,TER,70.7,72.6,87.5,57.6
2025-01-01,TFC,157.9,179.6,218.4,140.7
2025-02-01,TFC,121.7,179.6,218.4,140.7
2025-03-01,TFC,204.9,179.6,218.4,140.7
2025-04-01,TFC,288.7,179.6,218.4,140.7
2025-05-01,TFC,161.3,179.6,218.4,140.7
2025-06-01,TFC,143.8,179.6,218.4,140.7
2025-07-01,TFC,179.9,179.6,218.4,140.7
2025-08-01,TFC,144.0,179.6,218.4,140.7
2025-09-01,TFC,166.3,179.6,218.4,140.7
2025-10-01,TFC,196.8,179.6,218.4,140.7
2025-11-01,TFC,154.4,179.6,218.4,140.7
2025-12-01,TFC,160.7,179.6,218.4,140.7
2026-01-01,TFC,208.6,179.6,218.4,140.7
2026-02-01,TFC,178.8,179.6,218.4,140.7
2026-03-01,TFC,214.0,179.6,218.4,140.7
2025-01-01,TGT,99.8,149.5,179.0,120.0
2025-02-01,TGT,112.7,149.5,179.0,120.0
2025-03-01,TGT,191.5,149.5,179.0,120.0
2025-04-01,TGT,191.7,149.5,179.0,120.0
2025-05-01,TGT,171.4,149.5,179.0,120.0
2025-06-01,TGT,129.5,149.5,179.0,120.0
2025-07-01,TGT,113.7,149.5,179.0,120.0
2025-08-01,TGT,164.7,149.5,179.0,120.0
2025-09-01,TGT,190.3,149.5,179.0,120.0
2025-10-01,TGT,168.1,149.5,179.0,120.0
2025-11-01,TGT,150.5,149.5,179.0,120.0
2025-12-01,TGT,155.9,149.5,179.0,120.0
2026-01-01,TGT,126.3,149.5,179.0,120.0
2026-02-01,TGT,122.5,149.5,179.0,120.0
2026-03-01,TGT,143.4,149.5,179.0,120.0
2025-01-01,THD,0.8,1.9,2.7,1.1
2025-02-01,THD,1.1,1.9,2.7,1.1
2025-03-01,THD,1.3,1.9,2.7,1.1
2025-04-01,THD,2.2,1.9,2.7,1.1
2025-05-01,THD,1.4,1.9,2.7,1.1
2025-06-01,THD,2.2,1.9,2.7,1.1
2025-07-01,THD,2.4,1.9,2.7,1.1
2025-08-01,THD,2.0,1.9,2.7,1.1
2025-09-01,THD,1.3,1.9,2.7,1.1
2025-10-01,THD,2.0,1.9,2.7,1.1
2025-11-01,THD,0.9,1.9,2.7,1.1
2025-12-01,THD,1.4,1.9,2.7,1.1
2026-01-01,THD,3.1,1.9,2.7,1.1
2026-02-01,THD,2.5,1.9,2.7,1.1
2026-03-01,THD,3.6,1.9,2.7,1.1
2025-01-01,TIP,51.3,55.8,66.2,45.3
2025-02-01,TIP,36.5,55.8,66.2,45.3
2025-03-01,TIP,44.2,55.8,66.2,45.3
2025-04-01,TIP,61.2,55.8,66.2,45.3
2025-05-01,TIP,41.8,55.8,66.2,45.3
2025-06-01,TIP,48.9,55.8,66.2,45.3
2025-07-01,TIP,58.7,55.8,66.2,45.3
2025-08-01,TIP,55.4,55.8,66.2,45.3
2025-09-01,TIP,77.6,55.8,66.2,45.3
2025-10-01,TIP,63.7,55.8,66.2,45.3
2025-11-01,TIP,59.5,55.8,66.2,45.3
2025-12-01,TIP,61.4,55.8,66.2,45.3
2026-01-01,TIP,55.8,55.8,66.2,45.3
2026-02-01,TIP,47.2,55.8,66.2,45.3
2026-03-01,TIP,68.9,55.8,66.2,45.3
2025-01-01,TJX,87.1,108.1,122.6,93.6
2025-02-01,TJX,90.4,108.1,122.6,93.6
2025-03-01,TJX,114.9,108.1,122.6,93.6
2025-04-01,TJX,145.4,108.1,122.6,93.6
2025-05-01,TJX,123.6,108.1,122.6,93.6
2025-06-01,TJX,105.2,108.1,122.6,93.6
2025-07-01,TJX,101.1,108.1,122.6,93.6
2025-08-01,TJX,116.3,108.1,122.6,93.6
2025-09-01,TJX,99.1,108.1,122.6,93.6
2025-10-01,TJX,102.1,108.1,122.6,93.6
2025-11-01,TJX,122.5,108.1,122.6,93.6
2025-12-01,TJX,98.1,108.1,122.6,93.6
2026-01-01,TJX,112.4,108.1,122.6,93.6
2026-02-01,TJX,107.9,108.1,122.6,93.6
2026-03-01,TJX,95.8,108.1,122.6,93.6
2025-01-01,TKO,16.4,25.2,34.5,16.0
2025-02-01,TKO,30.1,25.2,34.5,16.0
2025-03-01,TKO,55.0,25.2,34.5,16.0
2025-04-01,TKO,25.9,25.2,34.5,16.0
2025-05-01,TKO,21.6,25.2,34.5,16.0
2025-06-01,TKO,20.0,25.2,34.5,16.0
2025-07-01,TKO,16.6,25.2,34.5,16.0
2025-08-01,TKO,21.9,25.2,34.5,16.0
2025-09-01,TKO,30.5,25.2,34.5,16.0
2025-10-01,TKO,25.3,25.2,34.5,16.0
2025-11-01,TKO,25.7,25.2,34.5,16.0
2025-12-01,TKO,24.7,25.2,34.5,16.0
2026-01-01,TKO,19.5,25.2,34.5,16.0
2026-02-01,TKO,16.1,25.2,34.5,16.0
2026-03-01,TKO,28.2,25.2,34.5,16.0
2025-01-01,TLT,675.3,786.9,913.4,660.3
2025-02-01,TLT,705.2,786.9,913.4,660.3
2025-03-01,TLT,732.0,786.9,913.4,660.3
2025-04-01,TLT,1112.3,786.9,913.4,660.3
2025-05-01,TLT,841.4,786.9,913.4,660.3
2025-06-01,TLT,784.3,786.9,913.4,660.3
2025-07-01,TLT,784.1,786.9,913.4,660.3
2025-08-01,TLT,712.9,786.9,913.4,660.3
2025-09-01,TLT,823.7,786.9,913.4,660.3
2025-10-01,TLT,732.5,786.9,913.4,660.3
2025-11-01,TLT,612.8,786.9,913.4,660.3
2025-12-01,TLT,708.8,786.9,913.4,660.3
2026-01-01,TLT,823.7,786.9,913.4,660.3
2026-02-01,TLT,700.4,786.9,913.4,660.3
2026-03-01,TLT,1015.6,786.9,913.4,660.3
2025-01-01,TMO,42.3,47.5,58.7,36.3
2025-02-01,TMO,37.0,47.5,58.7,36.3
2025-03-01,TMO,36.8,47.5,58.7,36.3
2025-04-01,TMO,63.3,47.5,58.7,36.3
2025-05-01,TMO,58.2,47.5,58.7,36.3
2025-06-01,TMO,55.6,47.5,58.7,36.3
2025-07-01,TMO,71.1,47.5,58.7,36.3
2025-08-01,TMO,39.4,47.5,58.7,36.3
2025-09-01,TMO,45.3,47.5,58.7,36.3
2025-10-01,TMO,51.5,47.5,58.7,36.3
2025-11-01,TMO,31.3,47.5,58.7,36.3
2025-12-01,TMO,32.9,47.5,58.7,36.3
2026-01-01,TMO,54.1,47.5,58.7,36.3
2026-02-01,TMO,46.0,47.5,58.7,36.3
2026-03-01,TMO,45.1,47.5,58.7,36.3
2025-01-01,TMUS,79.8,99.8,117.4,82.2
2025-02-01,TMUS,70.7,99.8,117.4,82.2
2025-03-01,TMUS,88.0,99.8,117.4,82.2
2025-04-01,TMUS,111.3,99.8,117.4,82.2
2025-05-01,TMUS,84.5,99.8,117.4,82.2
2025-06-01,TMUS,104.0,99.8,117.4,82.2
2025-07-01,TMUS,91.6,99.8,117.4,82.2
2025-08-01,TMUS,82.1,99.8,117.4,82.2
2025-09-01,TMUS,85.6,99.8,117.4,82.2
2025-10-01,TMUS,116.4,99.8,117.4,82.2
2025-11-01,TMUS,99.4,99.8,117.4,82.2
2025-12-01,TMUS,111.1,99.8,117.4,82.2
2026-01-01,TMUS,119.9,99.8,117.4,82.2
2026-02-01,TMUS,137.1,99.8,117.4,82.2
2026-03-01,TMUS,114.7,99.8,117.4,82.2
2025-01-01,TPL,8.5,9.0,10.5,7.4
2025-02-01,TPL,6.4,9.0,10.5,7.4
2025-03-01,TPL,8.6,9.0,10.5,7.4
2025-04-01,TPL,8.4,9.0,10.5,7.4
2025-05-01,TPL,8.0,9.0,10.5,7.4
2025-06-01,TPL,9.7,9.0,10.5,7.4
2025-07-01,TPL,10.0,9.0,10.5,7.4
2025-08-01,TPL,9.0,9.0,10.5,7.4
2025-09-01,TPL,8.8,9.0,10.5,7.4
2025-10-01,TPL,8.1,9.0,10.5,7.4
2025-11-01,TPL,7.7,9.0,10.5,7.4
2025-12-01,TPL,10.0,9.0,10.5,7.4
2026-01-01,TPL,7.3,9.0,10.5,7.4
2026-02-01,TPL,13.1,9.0,10.5,7.4
2026-03-01,TPL,10.6,9.0,10.5,7.4
2025-01-01,TPR,86.1,80.7,109.9,51.5
2025-02-01,TPR,114.0,80.7,109.9,51.5
2025-03-01,TPR,132.6,80.7,109.9,51.5
2025-04-01,TPR,132.6,80.7,109.9,51.5
2025-05-01,TPR,91.7,80.7,109.9,51.5
2025-06-01,TPR,65.3,80.7,109.9,51.5
2025-07-01,TPR,87.3,80.7,109.9,51.5
2025-08-01,TPR,108.3,80.7,109.9,51.5
2025-09-01,TPR,71.5,80.7,109.9,51.5
2025-10-01,TPR,52.3,80.7,109.9,51.5
2025-11-01,TPR,72.5,80.7,109.9,51.5
2025-12-01,TPR,60.5,80.7,109.9,51.5
2026-01-01,TPR,43.1,80.7,109.9,51.5
2026-02-01,TPR,53.3,80.7,109.9,51.5
2026-03-01,TPR,42.4,80.7,109.9,51.5
2025-01-01,TRGP,30.3,34.9,43.0,26.8
2025-02-01,TRGP,31.4,34.9,43.0,26.8
2025-03-01,TRGP,36.7,34.9,43.0,26.8
2025-04-01,TRGP,59.1,34.9,43.0,26.8
2025-05-01,TRGP,46.6,34.9,43.0,26.8
2025-06-01,TRGP,39.7,34.9,43.0,26.8
2025-07-01,TRGP,28.6,34.9,43.0,26.8
2025-08-01,TRGP,32.2,34.9,43.0,26.8
2025-09-01,TRGP,30.7,34.9,43.0,26.8
2025-10-01,TRGP,33.5,34.9,43.0,26.8
2025-11-01,TRGP,32.0,34.9,43.0,26.8
2025-12-01,TRGP,33.1,34.9,43.0,26.8
2026-01-01,TRGP,25.7,34.9,43.0,26.8
2026-02-01,TRGP,28.8,34.9,43.0,26.8
2026-03-01,TRGP,34.0,34.9,43.0,26.8
2025-01-01,TRMB,25.6,33.1,39.5,26.7
2025-02-01,TRMB,30.2,33.1,39.5,26.7
2025-03-01,TRMB,39.0,33.1,39.5,26.7
2025-04-01,TRMB,33.6,33.1,39.5,26.7
2025-05-01,TRMB,29.8,33.1,39.5,26.7
2025-06-01,TRMB,26.0,33.1,39.5,26.7
2025-07-01,TRMB,38.8,33.1,39.5,26.7
2025-08-01,TRMB,37.3,33.1,39.5,26.7
2025-09-01,TRMB,29.3,33.1,39.5,26.7
2025-10-01,TRMB,27.6,33.1,39.5,26.7
2025-11-01,TRMB,25.5,33.1,39.5,26.7
2025-12-01,TRMB,26.9,33.1,39.5,26.7
2026-01-01,TRMB,40.5,33.1,39.5,26.7
2026-02-01,TRMB,45.9,33.1,39.5,26.7
2026-03-01,TRMB,40.5,33.1,39.5,26.7
2025-01-01,TROW,28.9,38.5,48.1,28.9
2025-02-01,TROW,30.8,38.5,48.1,28.9
2025-03-01,TROW,47.8,38.5,48.1,28.9
2025-04-01,TROW,56.1,38.5,48.1,28.9
2025-05-01,TROW,34.8,38.5,48.1,28.9
2025-06-01,TROW,28.0,38.5,48.1,28.9
2025-07-01,TROW,38.6,38.5,48.1,28.9
2025-08-01,TROW,26.9,38.5,48.1,28.9
2025-09-01,TROW,34.4,38.5,48.1,28.9
2025-10-01,TROW,36.8,38.5,48.1,28.9
2025-11-01,TROW,31.2,38.5,48.1,28.9
2025-12-01,TROW,40.1,38.5,48.1,28.9
2026-01-01,TROW,34.8,38.5,48.1,28.9
2026-02-01,TROW,48.3,38.5,48.1,28.9
2026-03-01,TROW,58.0,38.5,48.1,28.9
2025-01-01,TRV,29.8,28.5,32.4,24.6
2025-02-01,TRV,22.7,28.5,32.4,24.6
2025-03-01,TRV,31.0,28.5,32.4,24.6
2025-04-01,TRV,33.4,28.5,32.4,24.6
2025-05-01,TRV,23.8,28.5,32.4,24.6
2025-06-01,TRV,24.4,28.5,32.4,24.6
2025-07-01,TRV,29.7,28.5,32.4,24.6
2025-08-01,TRV,24.4,28.5,32.4,24.6
2025-09-01,TRV,23.3,28.5,32.4,24.6
2025-10-01,TRV,28.9,28.5,32.4,24.6
2025-11-01,TRV,26.1,28.5,32.4,24.6
2025-12-01,TRV,30.2,28.5,32.4,24.6
2026-01-01,TRV,35.7,28.5,32.4,24.6
2026-02-01,TRV,32.5,28.5,32.4,24.6
2026-03-01,TRV,31.5,28.5,32.4,24.6
2025-01-01,TS,27.3,32.8,40.4,25.2
2025-02-01,TS,31.5,32.8,40.4,25.2
2025-03-01,TS,31.1,32.8,40.4,25.2
2025-04-01,TS,44.3,32.8,40.4,25.2
2025-05-01,TS,34.5,32.8,40.4,25.2
2025-06-01,TS,33.9,32.8,40.4,25.2
2025-07-01,TS,30.1,32.8,40.4,25.2
2025-08-01,TS,27.9,32.8,40.4,25.2
2025-09-01,TS,44.5,32.8,40.4,25.2
2025-10-01,TS,36.3,32.8,40.4,25.2
2025-11-01,TS,19.7,32.8,40.4,25.2
2025-12-01,TS,22.9,32.8,40.4,25.2
2026-01-01,TS,28.4,32.8,40.4,25.2
2026-02-01,TS,30.1,32.8,40.4,25.2
2026-03-01,TS,47.4,32.8,40.4,25.2
2025-01-01,TSCO,110.8,117.1,139.3,94.9
2025-02-01,TSCO,98.3,117.1,139.3,94.9
2025-03-01,TSCO,103.3,117.1,139.3,94.9
2025-04-01,TSCO,133.2,117.1,139.3,94.9
2025-05-01,TSCO,114.2,117.1,139.3,94.9
2025-06-01,TSCO,123.4,117.1,139.3,94.9
2025-07-01,TSCO,138.0,117.1,139.3,94.9
2025-08-01,TSCO,86.5,117.1,139.3,94.9
2025-09-01,TSCO,91.8,117.1,139.3,94.9
2025-10-01,TSCO,118.2,117.1,139.3,94.9
2025-11-01,TSCO,110.8,117.1,139.3,94.9
2025-12-01,TSCO,107.9,117.1,139.3,94.9
2026-01-01,TSCO,183.7,117.1,139.3,94.9
2026-02-01,TSCO,113.4,117.1,139.3,94.9
2026-03-01,TSCO,122.2,117.1,139.3,94.9
2025-01-01,TSLA,1510.4,1882.8,2403.9,1361.7
2025-02-01,TSLA,1582.0,1882.8,2403.9,1361.7
2025-03-01,TSLA,2719.0,1882.8,2403.9,1361.7
2025-04-01,TSLA,2958.0,1882.8,2403.9,1361.7
2025-05-01,TSLA,2195.4,1882.8,2403.9,1361.7
2025-06-01,TSLA,2428.8,1882.8,2403.9,1361.7
2025-07-01,TSLA,2157.4,1882.8,2403.9,1361.7
2025-08-01,TSLA,1603.2,1882.8,2403.9,1361.7
2025-09-01,TSLA,1973.6,1882.8,2403.9,1361.7
2025-10-01,TSLA,2032.1,1882.8,2403.9,1361.7
2025-11-01,TSLA,1628.4,1882.8,2403.9,1361.7
2025-12-01,TSLA,1635.9,1882.8,2403.9,1361.7
2026-01-01,TSLA,1275.0,1882.8,2403.9,1361.7
2026-02-01,TSLA,1123.5,1882.8,2403.9,1361.7
2026-03-01,TSLA,1286.8,1882.8,2403.9,1361.7
2025-01-01,TSN,47.3,59.1,67.9,50.3
2025-02-01,TSN,50.8,59.1,67.9,50.3
2025-03-01,TSN,52.2,59.1,67.9,50.3
2025-04-01,TSN,49.8,59.1,67.9,50.3
2025-05-01,TSN,82.2,59.1,67.9,50.3
2025-06-01,TSN,51.8,59.1,67.9,50.3
2025-07-01,TSN,54.0,59.1,67.9,50.3
2025-08-01,TSN,59.5,59.1,67.9,50.3
2025-09-01,TSN,56.7,59.1,67.9,50.3
2025-10-01,TSN,62.0,59.1,67.9,50.3
2025-11-01,TSN,68.6,59.1,67.9,50.3
2025-12-01,TSN,62.9,59.1,67.9,50.3
2026-01-01,TSN,61.7,59.1,67.9,50.3
2026-02-01,TSN,57.8,59.1,67.9,50.3
2026-03-01,TSN,68.1,59.1,67.9,50.3
2025-01-01,TT,31.0,29.7,34.9,24.6
2025-02-01,TT,30.9,29.7,34.9,24.6
2025-03-01,TT,36.0,29.7,34.9,24.6
2025-04-01,TT,34.8,29.7,34.9,24.6
2025-05-01,TT,30.0,29.7,34.9,24.6
2025-06-01,TT,25.1,29.7,34.9,24.6
2025-07-01,TT,28.4,29.7,34.9,24.6
2025-08-01,TT,22.4,29.7,34.9,24.6
2025-09-01,TT,30.6,29.7,34.9,24.6
2025-10-01,TT,29.5,29.7,34.9,24.6
2025-11-01,TT,21.9,29.7,34.9,24.6
2025-12-01,TT,27.1,29.7,34.9,24.6
2026-01-01,TT,43.4,29.7,34.9,24.6
2026-02-01,TT,26.9,29.7,34.9,24.6
2026-03-01,TT,28.2,29.7,34.9,24.6
2025-01-01,TTD,69.2,279.1,382.0,176.3
2025-02-01,TTD,229.5,279.1,382.0,176.3
2025-03-01,TTD,253.1,279.1,382.0,176.3
2025-04-01,TTD,206.8,279.1,382.0,176.3
2025-05-01,TTD,248.7,279.1,382.0,176.3
2025-06-01,TTD,139.3,279.1,382.0,176.3
2025-07-01,TTD,310.7,279.1,382.0,176.3
2025-08-01,TTD,396.6,279.1,382.0,176.3
2025-09-01,TTD,413.5,279.1,382.0,176.3
2025-10-01,TTD,241.2,279.1,382.0,176.3
2025-11-01,TTD,267.4,279.1,382.0,176.3
2025-12-01,TTD,298.3,279.1,382.0,176.3
2026-01-01,TTD,243.1,279.1,382.0,176.3
2026-02-01,TTD,359.7,279.1,382.0,176.3
2026-03-01,TTD,484.9,279.1,382.0,176.3
2025-01-01,TTWO,30.8,39.9,49.5,30.2
2025-02-01,TTWO,38.4,39.9,49.5,30.2
2025-03-01,TTWO,36.6,39.9,49.5,30.2
2025-04-01,TTWO,43.0,39.9,49.5,30.2
2025-05-01,TTWO,63.5,39.9,49.5,30.2
2025-06-01,TTWO,42.2,39.9,49.5,30.2
2025-07-01,TTWO,37.7,39.9,49.5,30.2
2025-08-01,TTWO,37.6,39.9,49.5,30.2
2025-09-01,TTWO,36.4,39.9,49.5,30.2
2025-10-01,TTWO,29.4,39.9,49.5,30.2
2025-11-01,TTWO,38.2,39.9,49.5,30.2
2025-12-01,TTWO,29.7,39.9,49.5,30.2
2026-01-01,TTWO,34.1,39.9,49.5,30.2
2026-02-01,TTWO,61.5,39.9,49.5,30.2
2026-03-01,TTWO,41.6,39.9,49.5,30.2
2025-01-01,TUR,2.3,4.4,7.2,1.6
2025-02-01,TUR,1.4,4.4,7.2,1.6
2025-03-01,TUR,8.9,4.4,7.2,1.6
2025-04-01,TUR,4.3,4.4,7.2,1.6
2025-05-01,TUR,2.7,4.4,7.2,1.6
2025-06-01,TUR,2.7,4.4,7.2,1.6
2025-07-01,TUR,2.4,4.4,7.2,1.6
2025-08-01,TUR,2.4,4.4,7.2,1.6
2025-09-01,TUR,4.9,4.4,7.2,1.6
2025-10-01,TUR,3.0,4.4,7.2,1.6
2025-11-01,TUR,2.1,4.4,7.2,1.6
2025-12-01,TUR,3.2,4.4,7.2,1.6
2026-01-01,TUR,7.0,4.4,7.2,1.6
2026-02-01,TUR,8.3,4.4,7.2,1.6
2026-03-01,TUR,10.7,4.4,7.2,1.6
2025-01-01,TXN,141.7,153.9,185.6,122.1
2025-02-01,TXN,116.4,153.9,185.6,122.1
2025-03-01,TXN,133.5,153.9,185.6,122.1
2025-04-01,TXN,238.8,153.9,185.6,122.1
2025-05-01,TXN,154.2,153.9,185.6,122.1
2025-06-01,TXN,117.5,153.9,185.6,122.1
2025-07-01,TXN,165.4,153.9,185.6,122.1
2025-08-01,TXN,119.4,153.9,185.6,122.1
2025-09-01,TXN,157.8,153.9,185.6,122.1
2025-10-01,TXN,199.6,153.9,185.6,122.1
2025-11-01,TXN,145.0,153.9,185.6,122.1
2025-12-01,TXN,140.6,153.9,185.6,122.1
2026-01-01,TXN,173.3,153.9,185.6,122.1
2026-02-01,TXN,159.6,153.9,185.6,122.1
2026-03-01,TXN,136.6,153.9,185.6,122.1
2025-01-01,TXT,28.6,32.0,37.5,26.5
2025-02-01,TXT,23.1,32.0,37.5,26.5
2025-03-01,TXT,35.6,32.0,37.5,26.5
2025-04-01,TXT,35.8,32.0,37.5,26.5
2025-05-01,TXT,29.4,32.0,37.5,26.5
2025-06-01,TXT,30.4,32.0,37.5,26.5
2025-07-01,TXT,41.6,32.0,37.5,26.5
2025-08-01,TXT,24.6,32.0,37.5,26.5
2025-09-01,TXT,30.2,32.0,37.5,26.5
2025-10-01,TXT,34.5,32.0,37.5,26.5
2025-11-01,TXT,22.4,32.0,37.5,26.5
2025-12-01,TXT,32.0,32.0,37.5,26.5
2026-01-01,TXT,39.9,32.0,37.5,26.5
2026-02-01,TXT,35.3,32.0,37.5,26.5
2026-03-01,TXT,34.6,32.0,37.5,26.5
2025-01-01,TYL,4.6,8.0,11.7,4.3
2025-02-01,TYL,5.0,8.0,11.7,4.3
2025-03-01,TYL,6.2,8.0,11.7,4.3
2025-04-01,TYL,7.5,8.0,11.7,4.3
2025-05-01,TYL,5.1,8.0,11.7,4.3
2025-06-01,TYL,5.7,8.0,11.7,4.3
2025-07-01,TYL,7.7,8.0,11.7,4.3
2025-08-01,TYL,6.9,8.0,11.7,4.3
2025-09-01,TYL,6.7,8.0,11.7,4.3
2025-10-01,TYL,8.7,8.0,11.7,4.3
2025-11-01,TYL,8.2,8.0,11.7,4.3
2025-12-01,TYL,8.2,8.0,11.7,4.3
2026-01-01,TYL,7.9,8.0,11.7,4.3
2026-02-01,TYL,21.0,8.0,11.7,4.3
2026-03-01,TYL,10.9,8.0,11.7,4.3
2025-01-01,UAL,138.1,147.3,189.3,105.3
2025-02-01,UAL,122.7,147.3,189.3,105.3
2025-03-01,UAL,209.1,147.3,189.3,105.3
2025-04-01,UAL,243.9,147.3,189.3,105.3
2025-05-01,UAL,163.6,147.3,189.3,105.3
2025-06-01,UAL,142.4,147.3,189.3,105.3
2025-07-01,UAL,173.3,147.3,189.3,105.3
2025-08-01,UAL,99.0,147.3,189.3,105.3
2025-09-01,UAL,119.8,147.3,189.3,105.3
2025-10-01,UAL,157.3,147.3,189.3,105.3
2025-11-01,UAL,112.4,147.3,189.3,105.3
2025-12-01,UAL,105.1,147.3,189.3,105.3
2026-01-01,UAL,102.9,147.3,189.3,105.3
2026-02-01,UAL,112.8,147.3,189.3,105.3
2026-03-01,UAL,192.9,147.3,189.3,105.3
2025-01-01,UBER,504.4,421.5,488.6,354.5
2025-02-01,UBER,571.0,421.5,488.6,354.5
2025-03-01,UBER,365.8,421.5,488.6,354.5
2025-04-01,UBER,425.3,421.5,488.6,354.5
2025-05-01,UBER,536.4,421.5,488.6,354.5
2025-06-01,UBER,442.4,421.5,488.6,354.5
2025-07-01,UBER,363.8,421.5,488.6,354.5
2025-08-01,UBER,380.1,421.5,488.6,354.5
2025-09-01,UBER,391.8,421.5,488.6,354.5
2025-10-01,UBER,321.7,421.5,488.6,354.5
2025-11-01,UBER,405.0,421.5,488.6,354.5
2025-12-01,UBER,412.3,421.5,488.6,354.5
2026-01-01,UBER,385.8,421.5,488.6,354.5
2026-02-01,UBER,473.5,421.5,488.6,354.5
2026-03-01,UBER,379.5,421.5,488.6,354.5
2025-01-01,UDR,40.8,57.1,73.7,40.5
2025-02-01,UDR,39.1,57.1,73.7,40.5
2025-03-01,UDR,43.0,57.1,73.7,40.5
2025-04-01,UDR,58.2,57.1,73.7,40.5
2025-05-01,UDR,46.5,57.1,73.7,40.5
2025-06-01,UDR,47.5,57.1,73.7,40.5
2025-07-01,UDR,48.3,57.1,73.7,40.5
2025-08-01,UDR,43.2,57.1,73.7,40.5
2025-09-01,UDR,54.4,57.1,73.7,40.5
2025-10-01,UDR,68.2,57.1,73.7,40.5
2025-11-01,UDR,52.2,57.1,73.7,40.5
2025-12-01,UDR,58.6,57.1,73.7,40.5
2026-01-01,UDR,99.6,57.1,73.7,40.5
2026-02-01,UDR,85.8,57.1,73.7,40.5
2026-03-01,UDR,71.3,57.1,73.7,40.5
2025-01-01,UHS,9.5,16.3,19.6,12.9
2025-02-01,UHS,15.3,16.3,19.6,12.9
2025-03-01,UHS,22.6,16.3,19.6,12.9
2025-04-01,UHS,18.5,16.3,19.6,12.9
2025-05-01,UHS,15.2,16.3,19.6,12.9
2025-06-01,UHS,19.5,16.3,19.6,12.9
2025-07-01,UHS,22.6,16.3,19.6,12.9
2025-08-01,UHS,15.9,16.3,19.6,12.9
2025-09-01,UHS,14.6,16.3,19.6,12.9
2025-10-01,UHS,14.1,16.3,19.6,12.9
2025-11-01,UHS,12.6,16.3,19.6,12.9
2025-12-01,UHS,15.9,16.3,19.6,12.9
2026-01-01,UHS,14.6,16.3,19.6,12.9
2026-02-01,UHS,15.4,16.3,19.6,12.9
2026-03-01,UHS,17.0,16.3,19.6,12.9
2025-01-01,ULTA,15.7,16.3,20.8,11.7
2025-02-01,ULTA,19.3,16.3,20.8,11.7
2025-03-01,ULTA,27.1,16.3,20.8,11.7
2025-04-01,ULTA,20.1,16.3,20.8,11.7
2025-05-01,ULTA,19.3,16.3,20.8,11.7
2025-06-01,ULTA,15.6,16.3,20.8,11.7
2025-07-01,ULTA,12.5,16.3,20.8,11.7
2025-08-01,ULTA,16.5,16.3,20.8,11.7
2025-09-01,ULTA,15.1,16.3,20.8,11.7
2025-10-01,ULTA,12.2,16.3,20.8,11.7
2025-11-01,ULTA,9.9,16.3,20.8,11.7
2025-12-01,ULTA,19.2,16.3,20.8,11.7
2026-01-01,ULTA,11.4,16.3,20.8,11.7
2026-02-01,ULTA,9.4,16.3,20.8,11.7
2026-03-01,ULTA,19.6,16.3,20.8,11.7
2025-01-01,UNG,225.0,240.4,365.7,115.1
2025-02-01,UNG,149.3,240.4,365.7,115.1
2025-03-01,UNG,149.1,240.4,365.7,115.1
2025-04-01,UNG,150.6,240.4,365.7,115.1
2025-05-01,UNG,144.9,240.4,365.7,115.1
2025-06-01,UNG,134.5,240.4,365.7,115.1
2025-07-01,UNG,194.3,240.4,365.7,115.1
2025-08-01,UNG,183.5,240.4,365.7,115.1
2025-09-01,UNG,174.5,240.4,365.7,115.1
2025-10-01,UNG,321.2,240.4,365.7,115.1
2025-11-01,UNG,224.4,240.4,365.7,115.1
2025-12-01,UNG,388.7,240.4,365.7,115.1
2026-01-01,UNG,631.4,240.4,365.7,115.1
2026-02-01,UNG,236.9,240.4,365.7,115.1
2026-03-01,UNG,285.7,240.4,365.7,115.1
2025-01-01,UNH,91.2,233.3,371.9,94.7
2025-02-01,UNH,103.7,233.3,371.9,94.7
2025-03-01,UNH,93.1,233.3,371.9,94.7
2025-04-01,UNH,184.5,233.3,371.9,94.7
2025-05-01,UNH,626.6,233.3,371.9,94.7
2025-06-01,UNH,253.2,233.3,371.9,94.7
2025-07-01,UNH,347.6,233.3,371.9,94.7
2025-08-01,UNH,417.8,233.3,371.9,94.7
2025-09-01,UNH,274.8,233.3,371.9,94.7
2025-10-01,UNH,199.6,233.3,371.9,94.7
2025-11-01,UNH,155.6,233.3,371.9,94.7
2025-12-01,UNH,135.7,233.3,371.9,94.7
2026-01-01,UNH,232.6,233.3,371.9,94.7
2026-02-01,UNH,174.5,233.3,371.9,94.7
2026-03-01,UNH,182.5,233.3,371.9,94.7
2025-01-01,UNP,58.3,71.9,88.5,55.2
2025-02-01,UNP,50.7,71.9,88.5,55.2
2025-03-01,UNP,53.3,71.9,88.5,55.2
2025-04-01,UNP,82.7,71.9,88.5,55.2
2025-05-01,UNP,61.8,71.9,88.5,55.2
2025-06-01,UNP,66.9,71.9,88.5,55.2
2025-07-01,UNP,105.2,71.9,88.5,55.2
2025-08-01,UNP,86.5,71.9,88.5,55.2
2025-09-01,UNP,105.8,71.9,88.5,55.2
2025-10-01,UNP,74.2,71.9,88.5,55.2
2025-11-01,UNP,59.7,71.9,88.5,55.2
2025-12-01,UNP,62.4,71.9,88.5,55.2
2026-01-01,UNP,69.0,71.9,88.5,55.2
2026-02-01,UNP,76.6,71.9,88.5,55.2
2026-03-01,UNP,60.2,71.9,88.5,55.2
2025-01-01,UPS,135.8,140.3,166.2,114.4
2025-02-01,UPS,118.1,140.3,166.2,114.4
2025-03-01,UPS,129.5,140.3,166.2,114.4
2025-04-01,UPS,142.6,140.3,166.2,114.4
2025-05-01,UPS,120.3,140.3,166.2,114.4
2025-06-01,UPS,97.0,140.3,166.2,114.4
2025-07-01,UPS,154.4,140.3,166.2,114.4
2025-08-01,UPS,172.4,140.3,166.2,114.4
2025-09-01,UPS,184.7,140.3,166.2,114.4
2025-10-01,UPS,186.8,140.3,166.2,114.4
2025-11-01,UPS,124.3,140.3,166.2,114.4
2025-12-01,UPS,126.5,140.3,166.2,114.4
2026-01-01,UPS,124.2,140.3,166.2,114.4
2026-02-01,UPS,115.8,140.3,166.2,114.4
2026-03-01,UPS,158.2,140.3,166.2,114.4
2025-01-01,URA,66.9,90.1,122.3,57.8
2025-02-01,URA,55.3,90.1,122.3,57.8
2025-03-01,URA,64.3,90.1,122.3,57.8
2025-04-01,URA,61.3,90.1,122.3,57.8
2025-05-01,URA,76.5,90.1,122.3,57.8
2025-06-01,URA,80.0,90.1,122.3,57.8
2025-07-01,URA,73.8,90.1,122.3,57.8
2025-08-01,URA,73.1,90.1,122.3,57.8
2025-09-01,URA,95.5,90.1,122.3,57.8
2025-10-01,URA,170.9,90.1,122.3,57.8
2025-11-01,URA,103.7,90.1,122.3,57.8
2025-12-01,URA,84.5,90.1,122.3,57.8
2026-01-01,URA,154.3,90.1,122.3,57.8
2026-02-01,URA,100.2,90.1,122.3,57.8
2026-03-01,URA,84.9,90.1,122.3,57.8
2025-01-01,URI,14.6,13.1,15.2,11.0
2025-02-01,URI,12.3,13.1,15.2,11.0
2025-03-01,URI,15.1,13.1,15.2,11.0
2025-04-01,URI,18.0,13.1,15.2,11.0
2025-05-01,URI,11.6,13.1,15.2,11.0
2025-06-01,URI,9.5,13.1,15.2,11.0
2025-07-01,URI,14.8,13.1,15.2,11.0
2025-08-01,URI,10.2,13.1,15.2,11.0
2025-09-01,URI,10.8,13.1,15.2,11.0
2025-10-01,URI,11.9,13.1,15.2,11.0
2025-11-01,URI,12.2,13.1,15.2,11.0
2025-12-01,URI,13.9,13.1,15.2,11.0
2026-01-01,URI,14.7,13.1,15.2,11.0
2026-02-01,URI,13.6,13.1,15.2,11.0
2026-03-01,URI,13.2,13.1,15.2,11.0
2025-01-01,URNM,11.4,15.6,19.9,11.3
2025-02-01,URNM,16.6,15.6,19.9,11.3
2025-03-01,URNM,15.9,15.6,19.9,11.3
2025-04-01,URNM,10.2,15.6,19.9,11.3
2025-05-01,URNM,13.1,15.6,19.9,11.3
2025-06-01,URNM,17.0,15.6,19.9,11.3
2025-07-01,URNM,13.0,15.6,19.9,11.3
2025-08-01,URNM,13.7,15.6,19.9,11.3
2025-09-01,URNM,15.8,15.6,19.9,11.3
2025-10-01,URNM,21.3,15.6,19.9,11.3
2025-11-01,URNM,14.2,15.6,19.9,11.3
2025-12-01,URNM,10.5,15.6,19.9,11.3
2026-01-01,URNM,27.5,15.6,19.9,11.3
2026-02-01,URNM,18.2,15.6,19.9,11.3
2026-03-01,URNM,16.4,15.6,19.9,11.3
2025-01-01,USB,195.2,213.3,258.7,167.9
2025-02-01,USB,162.3,213.3,258.7,167.9
2025-03-01,USB,286.7,213.3,258.7,167.9
2025-04-01,USB,286.4,213.3,258.7,167.9
2025-05-01,USB,151.7,213.3,258.7,167.9
2025-06-01,USB,215.4,213.3,258.7,167.9
2025-07-01,USB,275.6,213.3,258.7,167.9
2025-08-01,USB,168.9,213.3,258.7,167.9
2025-09-01,USB,207.5,213.3,258.7,167.9
2025-10-01,USB,225.5,213.3,258.7,167.9
2025-11-01,USB,135.4,213.3,258.7,167.9
2025-12-01,USB,193.3,213.3,258.7,167.9
2026-01-01,USB,241.7,213.3,258.7,167.9
2026-02-01,USB,209.3,213.3,258.7,167.9
2026-03-01,USB,228.7,213.3,258.7,167.9
2025-01-01,USO,62.0,207.6,534.5,-119.3
2025-02-01,USO,52.6,207.6,534.5,-119.3
2025-03-01,USO,54.0,207.6,534.5,-119.3
2025-04-01,USO,120.4,207.6,534.5,-119.3
2025-05-01,USO,106.8,207.6,534.5,-119.3
2025-06-01,USO,310.8,207.6,534.5,-119.3
2025-07-01,USO,113.5,207.6,534.5,-119.3
2025-08-01,USO,98.4,207.6,534.5,-119.3
2025-09-01,USO,105.6,207.6,534.5,-119.3
2025-10-01,USO,143.6,207.6,534.5,-119.3
2025-11-01,USO,81.8,207.6,534.5,-119.3
2025-12-01,USO,100.7,207.6,534.5,-119.3
2026-01-01,USO,140.7,207.6,534.5,-119.3
2026-02-01,USO,178.1,207.6,534.5,-119.3
2026-03-01,USO,1370.6,207.6,534.5,-119.3
2025-01-01,UUP,42.0,28.9,43.2,14.6
2025-02-01,UUP,22.2,28.9,43.2,14.6
2025-03-01,UUP,16.0,28.9,43.2,14.6
2025-04-01,UUP,30.5,28.9,43.2,14.6
2025-05-01,UUP,20.8,28.9,43.2,14.6
2025-06-01,UUP,28.6,28.9,43.2,14.6
2025-07-01,UUP,31.6,28.9,43.2,14.6
2025-08-01,UUP,20.6,28.9,43.2,14.6
2025-09-01,UUP,18.5,28.9,43.2,14.6
2025-10-01,UUP,24.7,28.9,43.2,14.6
2025-11-01,UUP,23.3,28.9,43.2,14.6
2025-12-01,UUP,25.6,28.9,43.2,14.6
2026-01-01,UUP,25.9,28.9,43.2,14.6
2026-02-01,UUP,24.1,28.9,43.2,14.6
2026-03-01,UUP,76.0,28.9,43.2,14.6
2025-01-01,V,118.0,139.1,157.7,120.5
2025-02-01,V,118.0,139.1,157.7,120.5
2025-03-01,V,162.2,139.1,157.7,120.5
2025-04-01,V,158.3,139.1,157.7,120.5
2025-05-01,V,112.9,139.1,157.7,120.5
2025-06-01,V,153.1,139.1,157.7,120.5
2025-07-01,V,130.4,139.1,157.7,120.5
2025-08-01,V,125.8,139.1,157.7,120.5
2025-09-01,V,131.7,139.1,157.7,120.5
2025-10-01,V,128.8,139.1,157.7,120.5
2025-11-01,V,120.1,139.1,157.7,120.5
2025-12-01,V,139.5,139.1,157.7,120.5
2026-01-01,V,170.6,139.1,157.7,120.5
2026-02-01,V,165.2,139.1,157.7,120.5
2026-03-01,V,152.6,139.1,157.7,120.5
2025-01-01,VAL,29.5,31.6,41.5,21.8
2025-02-01,VAL,40.1,31.6,41.5,21.8
2025-03-01,VAL,41.5,31.6,41.5,21.8
2025-04-01,VAL,48.2,31.6,41.5,21.8
2025-05-01,VAL,36.1,31.6,41.5,21.8
2025-06-01,VAL,33.0,31.6,41.5,21.8
2025-07-01,VAL,30.8,31.6,41.5,21.8
2025-08-01,VAL,25.8,31.6,41.5,21.8
2025-09-01,VAL,25.3,31.6,41.5,21.8
2025-10-01,VAL,28.5,31.6,41.5,21.8
2025-11-01,VAL,16.1,31.6,41.5,21.8
2025-12-01,VAL,23.9,31.6,41.5,21.8
2026-01-01,VAL,21.5,31.6,41.5,21.8
2026-02-01,VAL,53.6,31.6,41.5,21.8
2026-03-01,VAL,23.0,31.6,41.5,21.8
2025-01-01,VICI,141.6,179.5,230.6,128.4
2025-02-01,VICI,115.0,179.5,230.6,128.4
2025-03-01,VICI,176.3,179.5,230.6,128.4
2025-04-01,VICI,177.6,179.5,230.6,128.4
2025-05-01,VICI,120.7,179.5,230.6,128.4
2025-06-01,VICI,116.9,179.5,230.6,128.4
2025-07-01,VICI,128.2,179.5,230.6,128.4
2025-08-01,VICI,167.1,179.5,230.6,128.4
2025-09-01,VICI,190.3,179.5,230.6,128.4
2025-10-01,VICI,200.9,179.5,230.6,128.4
2025-11-01,VICI,214.1,179.5,230.6,128.4
2025-12-01,VICI,314.7,179.5,230.6,128.4
2026-01-01,VICI,222.1,179.5,230.6,128.4
2026-02-01,VICI,191.1,179.5,230.6,128.4
2026-03-01,VICI,203.6,179.5,230.6,128.4
2025-01-01,VLO,61.5,67.2,83.0,51.4
2025-02-01,VLO,61.6,67.2,83.0,51.4
2025-03-01,VLO,76.2,67.2,83.0,51.4
2025-04-01,VLO,87.9,67.2,83.0,51.4
2025-05-01,VLO,61.9,67.2,83.0,51.4
2025-06-01,VLO,64.9,67.2,83.0,51.4
2025-07-01,VLO,75.1,67.2,83.0,51.4
2025-08-01,VLO,45.4,67.2,83.0,51.4
2025-09-01,VLO,67.1,67.2,83.0,51.4
2025-10-01,VLO,53.1,67.2,83.0,51.4
2025-11-01,VLO,49.5,67.2,83.0,51.4
2025-12-01,VLO,62.8,67.2,83.0,51.4
2026-01-01,VLO,80.3,67.2,83.0,51.4
2026-02-01,VLO,50.2,67.2,83.0,51.4
2026-03-01,VLO,106.4,67.2,83.0,51.4
2025-01-01,VLTO,26.0,31.8,39.4,24.2
2025-02-01,VLTO,31.9,31.8,39.4,24.2
2025-03-01,VLTO,30.2,31.8,39.4,24.2
2025-04-01,VLTO,36.3,31.8,39.4,24.2
2025-05-01,VLTO,26.5,31.8,39.4,24.2
2025-06-01,VLTO,24.1,31.8,39.4,24.2
2025-07-01,VLTO,27.7,31.8,39.4,24.2
2025-08-01,VLTO,20.2,31.8,39.4,24.2
2025-09-01,VLTO,28.8,31.8,39.4,24.2
2025-10-01,VLTO,33.0,31.8,39.4,24.2
2025-11-01,VLTO,35.5,31.8,39.4,24.2
2025-12-01,VLTO,37.8,31.8,39.4,24.2
2026-01-01,VLTO,26.6,31.8,39.4,24.2
2026-02-01,VLTO,52.5,31.8,39.4,24.2
2026-03-01,VLTO,40.6,31.8,39.4,24.2
2025-01-01,VMC,13.1,21.8,27.3,16.3
2025-02-01,VMC,16.6,21.8,27.3,16.3
2025-03-01,VMC,31.4,21.8,27.3,16.3
2025-04-01,VMC,28.8,21.8,27.3,16.3
2025-05-01,VMC,23.1,21.8,27.3,16.3
2025-06-01,VMC,19.5,21.8,27.3,16.3
2025-07-01,VMC,21.1,21.8,27.3,16.3
2025-08-01,VMC,17.9,21.8,27.3,16.3
2025-09-01,VMC,15.8,21.8,27.3,16.3
2025-10-01,VMC,19.3,21.8,27.3,16.3
2025-11-01,VMC,23.4,21.8,27.3,16.3
2025-12-01,VMC,19.7,21.8,27.3,16.3
2026-01-01,VMC,18.1,21.8,27.3,16.3
2026-02-01,VMC,26.1,21.8,27.3,16.3
2026-03-01,VMC,32.0,21.8,27.3,16.3
2025-01-01,VNM,5.8,18.1,26.9,9.3
2025-02-01,VNM,9.4,18.1,26.9,9.3
2025-03-01,VNM,19.8,18.1,26.9,9.3
2025-04-01,VNM,43.6,18.1,26.9,9.3
2025-05-01,VNM,11.5,18.1,26.9,9.3
2025-06-01,VNM,9.4,18.1,26.9,9.3
2025-07-01,VNM,22.7,18.1,26.9,9.3
2025-08-01,VNM,13.2,18.1,26.9,9.3
2025-09-01,VNM,15.2,18.1,26.9,9.3
2025-10-01,VNM,25.6,18.1,26.9,9.3
2025-11-01,VNM,15.0,18.1,26.9,9.3
2025-12-01,VNM,17.4,18.1,26.9,9.3
2026-01-01,VNM,18.2,18.1,26.9,9.3
2026-02-01,VNM,16.7,18.1,26.9,9.3
2026-03-01,VNM,24.5,18.1,26.9,9.3
2025-01-01,VRSK,14.7,26.0,36.7,15.3
2025-02-01,VRSK,14.2,26.0,36.7,15.3
2025-03-01,VRSK,19.4,26.0,36.7,15.3
2025-04-01,VRSK,22.0,26.0,36.7,15.3
2025-05-01,VRSK,16.8,26.0,36.7,15.3
2025-06-01,VRSK,17.0,26.0,36.7,15.3
2025-07-01,VRSK,22.7,26.0,36.7,15.3
2025-08-01,VRSK,23.0,26.0,36.7,15.3
2025-09-01,VRSK,27.3,26.0,36.7,15.3
2025-10-01,VRSK,34.7,26.0,36.7,15.3
2025-11-01,VRSK,28.6,26.0,36.7,15.3
2025-12-01,VRSK,28.7,26.0,36.7,15.3
2026-01-01,VRSK,24.4,26.0,36.7,15.3
2026-02-01,VRSK,57.9,26.0,36.7,15.3
2026-03-01,VRSK,38.7,26.0,36.7,15.3
2025-01-01,VRSN,14.3,17.7,20.6,14.7
2025-02-01,VRSN,16.9,17.7,20.6,14.7
2025-03-01,VRSN,17.5,17.7,20.6,14.7
2025-04-01,VRSN,21.9,17.7,20.6,14.7
2025-05-01,VRSN,20.3,17.7,20.6,14.7
2025-06-01,VRSN,13.7,17.7,20.6,14.7
2025-07-01,VRSN,21.0,17.7,20.6,14.7
2025-08-01,VRSN,18.4,17.7,20.6,14.7
2025-09-01,VRSN,15.4,17.7,20.6,14.7
2025-10-01,VRSN,22.3,17.7,20.6,14.7
2025-11-01,VRSN,19.4,17.7,20.6,14.7
2025-12-01,VRSN,16.1,17.7,20.6,14.7
2026-01-01,VRSN,12.4,17.7,20.6,14.7
2026-02-01,VRSN,18.8,17.7,20.6,14.7
2026-03-01,VRSN,15.9,17.7,20.6,14.7
2025-01-01,VRTX,31.7,32.4,39.8,25.0
2025-02-01,VRTX,27.5,32.4,39.8,25.0
2025-03-01,VRTX,29.0,32.4,39.8,25.0
2025-04-01,VRTX,35.0,32.4,39.8,25.0
2025-05-01,VRTX,45.5,32.4,39.8,25.0
2025-06-01,VRTX,26.3,32.4,39.8,25.0
2025-07-01,VRTX,23.7,32.4,39.8,25.0
2025-08-01,VRTX,53.0,32.4,39.8,25.0
2025-09-01,VRTX,35.4,32.4,39.8,25.0
2025-10-01,VRTX,30.4,32.4,39.8,25.0
2025-11-01,VRTX,27.8,32.4,39.8,25.0
2025-12-01,VRTX,28.8,32.4,39.8,25.0
2026-01-01,VRTX,30.7,32.4,39.8,25.0
2026-02-01,VRTX,29.0,32.4,39.8,25.0
2026-03-01,VRTX,31.2,32.4,39.8,25.0
2025-01-01,VST,213.1,124.2,160.4,88.0
2025-02-01,VST,155.1,124.2,160.4,88.0
2025-03-01,VST,183.4,124.2,160.4,88.0
2025-04-01,VST,158.2,124.2,160.4,88.0
2025-05-01,VST,136.6,124.2,160.4,88.0
2025-06-01,VST,106.7,124.2,160.4,88.0
2025-07-01,VST,108.5,124.2,160.4,88.0
2025-08-01,VST,88.4,124.2,160.4,88.0
2025-09-01,VST,103.2,124.2,160.4,88.0
2025-10-01,VST,106.8,124.2,160.4,88.0
2025-11-01,VST,82.1,124.2,160.4,88.0
2025-12-01,VST,91.6,124.2,160.4,88.0
2026-01-01,VST,125.7,124.2,160.4,88.0
2026-02-01,VST,111.5,124.2,160.4,88.0
2026-03-01,VST,98.4,124.2,160.4,88.0
2025-01-01,VTR,50.2,62.5,69.6,55.4
2025-02-01,VTR,56.0,62.5,69.6,55.4
2025-03-01,VTR,72.8,62.5,69.6,55.4
2025-04-01,VTR,68.6,62.5,69.6,55.4
2025-05-01,VTR,66.8,62.5,69.6,55.4
2025-06-01,VTR,77.4,62.5,69.6,55.4
2025-07-01,VTR,58.9,62.5,69.6,55.4
2025-08-01,VTR,54.7,62.5,69.6,55.4
2025-09-01,VTR,61.4,62.5,69.6,55.4
2025-10-01,VTR,59.0,62.5,69.6,55.4
2025-11-01,VTR,59.2,62.5,69.6,55.4
2025-12-01,VTR,68.1,62.5,69.6,55.4
2026-01-01,VTR,55.2,62.5,69.6,55.4
2026-02-01,VTR,63.6,62.5,69.6,55.4
2026-03-01,VTR,64.4,62.5,69.6,55.4
2025-01-01,VTRS,204.2,232.0,295.3,168.7
2025-02-01,VTRS,221.0,232.0,295.3,168.7
2025-03-01,VTRS,374.7,232.0,295.3,168.7
2025-04-01,VTRS,281.0,232.0,295.3,168.7
2025-05-01,VTRS,368.0,232.0,295.3,168.7
2025-06-01,VTRS,257.1,232.0,295.3,168.7
2025-07-01,VTRS,182.2,232.0,295.3,168.7
2025-08-01,VTRS,200.9,232.0,295.3,168.7
2025-09-01,VTRS,237.3,232.0,295.3,168.7
2025-10-01,VTRS,168.3,232.0,295.3,168.7
2025-11-01,VTRS,181.3,232.0,295.3,168.7
2025-12-01,VTRS,184.6,232.0,295.3,168.7
2026-01-01,VTRS,170.1,232.0,295.3,168.7
2026-02-01,VTRS,226.5,232.0,295.3,168.7
2026-03-01,VTRS,224.9,232.0,295.3,168.7
2025-01-01,VZ,532.0,508.5,646.4,370.6
2025-02-01,VZ,368.6,508.5,646.4,370.6
2025-03-01,VZ,605.8,508.5,646.4,370.6
2025-04-01,VZ,566.6,508.5,646.4,370.6
2025-05-01,VZ,315.5,508.5,646.4,370.6
2025-06-01,VZ,346.9,508.5,646.4,370.6
2025-07-01,VZ,440.2,508.5,646.4,370.6
2025-08-01,VZ,325.9,508.5,646.4,370.6
2025-09-01,VZ,380.2,508.5,646.4,370.6
2025-10-01,VZ,762.9,508.5,646.4,370.6
2025-11-01,VZ,507.3,508.5,646.4,370.6
2025-12-01,VZ,518.7,508.5,646.4,370.6
2026-01-01,VZ,685.5,508.5,646.4,370.6
2026-02-01,VZ,685.8,508.5,646.4,370.6
2026-03-01,VZ,566.3,508.5,646.4,370.6
2025-01-01,WAB,17.8,20.5,24.5,16.6
2025-02-01,WAB,28.0,20.5,24.5,16.6
2025-03-01,WAB,24.4,20.5,24.5,16.6
2025-04-01,WAB,22.4,20.5,24.5,16.6
2025-05-01,WAB,17.8,20.5,24.5,16.6
2025-06-01,WAB,17.8,20.5,24.5,16.6
2025-07-01,WAB,27.0,20.5,24.5,16.6
2025-08-01,WAB,22.3,20.5,24.5,16.6
2025-09-01,WAB,24.0,20.5,24.5,16.6
2025-10-01,WAB,20.7,20.5,24.5,16.6
2025-11-01,WAB,17.5,20.5,24.5,16.6
2025-12-01,WAB,17.3,20.5,24.5,16.6
2026-01-01,WAB,13.2,20.5,24.5,16.6
2026-02-01,WAB,19.5,20.5,24.5,16.6
2026-03-01,WAB,17.7,20.5,24.5,16.6
2025-01-01,WAT,8.5,14.8,21.2,8.4
2025-02-01,WAT,9.7,14.8,21.2,8.4
2025-03-01,WAT,10.1,14.8,21.2,8.4
2025-04-01,WAT,13.0,14.8,21.2,8.4
2025-05-01,WAT,11.9,14.8,21.2,8.4
2025-06-01,WAT,9.5,14.8,21.2,8.4
2025-07-01,WAT,23.6,14.8,21.2,8.4
2025-08-01,WAT,15.0,14.8,21.2,8.4
2025-09-01,WAT,14.7,14.8,21.2,8.4
2025-10-01,WAT,15.3,14.8,21.2,8.4
2025-11-01,WAT,12.5,14.8,21.2,8.4
2025-12-01,WAT,11.6,14.8,21.2,8.4
2026-01-01,WAT,10.0,14.8,21.2,8.4
2026-02-01,WAT,32.7,14.8,21.2,8.4
2026-03-01,WAT,23.3,14.8,21.2,8.4
2025-01-01,WBD,533.6,938.5,1342.7,534.4
2025-02-01,WBD,693.7,938.5,1342.7,534.4
2025-03-01,WBD,902.0,938.5,1342.7,534.4
2025-04-01,WBD,911.7,938.5,1342.7,534.4
2025-05-01,WBD,840.0,938.5,1342.7,534.4
2025-06-01,WBD,1163.3,938.5,1342.7,534.4
2025-07-01,WBD,1674.5,938.5,1342.7,534.4
2025-08-01,WBD,999.8,938.5,1342.7,534.4
2025-09-01,WBD,1795.8,938.5,1342.7,534.4
2025-10-01,WBD,700.2,938.5,1342.7,534.4
2025-11-01,WBD,742.5,938.5,1342.7,534.4
2025-12-01,WBD,1414.6,938.5,1342.7,534.4
2026-01-01,WBD,485.0,938.5,1342.7,534.4
2026-02-01,WBD,488.0,938.5,1342.7,534.4
2026-03-01,WBD,599.3,938.5,1342.7,534.4
2025-01-01,WDAY,39.7,64.3,89.7,39.0
2025-02-01,WDAY,52.2,64.3,89.7,39.0
2025-03-01,WDAY,41.5,64.3,89.7,39.0
2025-04-01,WDAY,52.9,64.3,89.7,39.0
2025-05-01,WDAY,50.1,64.3,89.7,39.0
2025-06-01,WDAY,39.8,64.3,89.7,39.0
2025-07-01,WDAY,50.7,64.3,89.7,39.0
2025-08-01,WDAY,84.8,64.3,89.7,39.0
2025-09-01,WDAY,77.1,64.3,89.7,39.0
2025-10-01,WDAY,48.1,64.3,89.7,39.0
2025-11-01,WDAY,62.7,64.3,89.7,39.0
2025-12-01,WDAY,58.7,64.3,89.7,39.0
2026-01-01,WDAY,70.3,64.3,89.7,39.0
2026-02-01,WDAY,134.0,64.3,89.7,39.0
2026-03-01,WDAY,105.9,64.3,89.7,39.0
2025-01-01,WDC,179.4,178.3,211.1,145.5
2025-02-01,WDC,178.0,178.3,211.1,145.5
2025-03-01,WDC,157.9,178.3,211.1,145.5
2025-04-01,WDC,217.5,178.3,211.1,145.5
2025-05-01,WDC,139.1,178.3,211.1,145.5
2025-06-01,WDC,128.9,178.3,211.1,145.5
2025-07-01,WDC,160.5,178.3,211.1,145.5
2025-08-01,WDC,126.2,178.3,211.1,145.5
2025-09-01,WDC,208.5,178.3,211.1,145.5
2025-10-01,WDC,240.6,178.3,211.1,145.5
2025-11-01,WDC,171.8,178.3,211.1,145.5
2025-12-01,WDC,163.6,178.3,211.1,145.5
2026-01-01,WDC,205.8,178.3,211.1,145.5
2026-02-01,WDC,207.7,178.3,211.1,145.5
2026-03-01,WDC,185.9,178.3,211.1,145.5
2025-01-01,WEAT,4.1,5.2,10.9,-0.4
2025-02-01,WEAT,3.9,5.2,10.9,-0.4
2025-03-01,WEAT,5.1,5.2,10.9,-0.4
2025-04-01,WEAT,4.0,5.2,10.9,-0.4
2025-05-01,WEAT,3.3,5.2,10.9,-0.4
2025-06-01,WEAT,3.3,5.2,10.9,-0.4
2025-07-01,WEAT,3.5,5.2,10.9,-0.4
2025-08-01,WEAT,2.7,5.2,10.9,-0.4
2025-09-01,WEAT,3.3,5.2,10.9,-0.4
2025-10-01,WEAT,3.2,5.2,10.9,-0.4
2025-11-01,WEAT,2.6,5.2,10.9,-0.4
2025-12-01,WEAT,3.8,5.2,10.9,-0.4
2026-01-01,WEAT,3.5,5.2,10.9,-0.4
2026-02-01,WEAT,5.6,5.2,10.9,-0.4
2026-03-01,WEAT,25.5,5.2,10.9,-0.4
2025-01-01,WEC,42.1,45.4,49.1,41.8
2025-02-01,WEC,44.1,45.4,49.1,41.8
2025-03-01,WEC,54.7,45.4,49.1,41.8
2025-04-01,WEC,47.2,45.4,49.1,41.8
2025-05-01,WEC,46.0,45.4,49.1,41.8
2025-06-01,WEC,44.3,45.4,49.1,41.8
2025-07-01,WEC,41.3,45.4,49.1,41.8
2025-08-01,WEC,45.0,45.4,49.1,41.8
2025-09-01,WEC,45.8,45.4,49.1,41.8
2025-10-01,WEC,49.9,45.4,49.1,41.8
2025-11-01,WEC,39.5,45.4,49.1,41.8
2025-12-01,WEC,45.3,45.4,49.1,41.8
2026-01-01,WEC,44.4,45.4,49.1,41.8
2026-02-01,WEC,48.9,45.4,49.1,41.8
2026-03-01,WEC,42.5,45.4,49.1,41.8
2025-01-01,WELL,50.0,64.3,73.5,55.0
2025-02-01,WELL,55.4,64.3,73.5,55.0
2025-03-01,WELL,76.5,64.3,73.5,55.0
2025-04-01,WELL,66.3,64.3,73.5,55.0
2025-05-01,WELL,59.6,64.3,73.5,55.0
2025-06-01,WELL,70.6,64.3,73.5,55.0
2025-07-01,WELL,52.4,64.3,73.5,55.0
2025-08-01,WELL,49.5,64.3,73.5,55.0
2025-09-01,WELL,77.1,64.3,73.5,55.0
2025-10-01,WELL,65.7,64.3,73.5,55.0
2025-11-01,WELL,65.6,64.3,73.5,55.0
2025-12-01,WELL,79.2,64.3,73.5,55.0
2026-01-01,WELL,61.8,64.3,73.5,55.0
2026-02-01,WELL,65.1,64.3,73.5,55.0
2026-03-01,WELL,67.7,64.3,73.5,55.0
2025-01-01,WFC,300.7,341.3,401.0,281.5
2025-02-01,WFC,298.9,341.3,401.0,281.5
2025-03-01,WFC,363.3,341.3,401.0,281.5
2025-04-01,WFC,493.5,341.3,401.0,281.5
2025-05-01,WFC,305.7,341.3,401.0,281.5
2025-06-01,WFC,356.1,341.3,401.0,281.5
2025-07-01,WFC,417.6,341.3,401.0,281.5
2025-08-01,WFC,284.5,341.3,401.0,281.5
2025-09-01,WFC,296.6,341.3,401.0,281.5
2025-10-01,WFC,366.3,341.3,401.0,281.5
2025-11-01,WFC,276.8,341.3,401.0,281.5
2025-12-01,WFC,282.6,341.3,401.0,281.5
2026-01-01,WFC,349.9,341.3,401.0,281.5
2026-02-01,WFC,304.9,341.3,401.0,281.5
2026-03-01,WFC,401.1,341.3,401.0,281.5
2025-01-01,WM,36.4,38.4,43.6,33.2
2025-02-01,WM,28.5,38.4,43.6,33.2
2025-03-01,WM,34.6,38.4,43.6,33.2
2025-04-01,WM,43.8,38.4,43.6,33.2
2025-05-01,WM,37.0,38.4,43.6,33.2
2025-06-01,WM,31.2,38.4,43.6,33.2
2025-07-01,WM,37.4,38.4,43.6,33.2
2025-08-01,WM,34.2,38.4,43.6,33.2
2025-09-01,WM,34.4,38.4,43.6,33.2
2025-10-01,WM,39.8,38.4,43.6,33.2
2025-11-01,WM,42.7,38.4,43.6,33.2
2025-12-01,WM,38.7,38.4,43.6,33.2
2026-01-01,WM,45.2,38.4,43.6,33.2
2026-02-01,WM,45.4,38.4,43.6,33.2
2026-03-01,WM,46.7,38.4,43.6,33.2
2025-01-01,WMB,155.0,152.9,165.1,140.8
2025-02-01,WMB,147.9,152.9,165.1,140.8
2025-03-01,WMB,160.9,152.9,165.1,140.8
2025-04-01,WMB,168.9,152.9,165.1,140.8
2025-05-01,WMB,151.0,152.9,165.1,140.8
2025-06-01,WMB,182.3,152.9,165.1,140.8
2025-07-01,WMB,156.2,152.9,165.1,140.8
2025-08-01,WMB,140.9,152.9,165.1,140.8
2025-09-01,WMB,144.0,152.9,165.1,140.8
2025-10-01,WMB,159.7,152.9,165.1,140.8
2025-11-01,WMB,149.8,152.9,165.1,140.8
2025-12-01,WMB,138.2,152.9,165.1,140.8
2026-01-01,WMB,146.1,152.9,165.1,140.8
2026-02-01,WMB,161.3,152.9,165.1,140.8
2026-03-01,WMB,134.2,152.9,165.1,140.8
2025-01-01,WMT,301.8,435.3,580.6,289.9
2025-02-01,WMT,393.5,435.3,580.6,289.9
2025-03-01,WMT,529.8,435.3,580.6,289.9
2025-04-01,WMT,509.9,435.3,580.6,289.9
2025-05-01,WMT,393.1,435.3,580.6,289.9
2025-06-01,WMT,343.2,435.3,580.6,289.9
2025-07-01,WMT,290.0,435.3,580.6,289.9
2025-08-01,WMT,397.9,435.3,580.6,289.9
2025-09-01,WMT,327.0,435.3,580.6,289.9
2025-10-01,WMT,348.8,435.3,580.6,289.9
2025-11-01,WMT,391.4,435.3,580.6,289.9
2025-12-01,WMT,442.9,435.3,580.6,289.9
2026-01-01,WMT,909.1,435.3,580.6,289.9
2026-02-01,WMT,540.1,435.3,580.6,289.9
2026-03-01,WMT,438.5,435.3,580.6,289.9
2025-01-01,WRB,45.2,46.9,61.7,32.1
2025-02-01,WRB,29.6,46.9,61.7,32.1
2025-03-01,WRB,42.1,46.9,61.7,32.1
2025-04-01,WRB,47.4,46.9,61.7,32.1
2025-05-01,WRB,30.6,46.9,61.7,32.1
2025-06-01,WRB,32.0,46.9,61.7,32.1
2025-07-01,WRB,52.7,46.9,61.7,32.1
2025-08-01,WRB,36.2,46.9,61.7,32.1
2025-09-01,WRB,39.0,46.9,61.7,32.1
2025-10-01,WRB,71.7,46.9,61.7,32.1
2025-11-01,WRB,43.2,46.9,61.7,32.1
2025-12-01,WRB,84.7,46.9,61.7,32.1
2026-01-01,WRB,52.5,46.9,61.7,32.1
2026-02-01,WRB,40.9,46.9,61.7,32.1
2026-03-01,WRB,48.5,46.9,61.7,32.1
2025-01-01,WSM,27.2,32.6,47.5,17.7
2025-02-01,WSM,23.7,32.6,47.5,17.7
2025-03-01,WSM,77.8,32.6,47.5,17.7
2025-04-01,WSM,53.5,32.6,47.5,17.7
2025-05-01,WSM,41.2,32.6,47.5,17.7
2025-06-01,WSM,34.8,32.6,47.5,17.7
2025-07-01,WSM,26.1,32.6,47.5,17.7
2025-08-01,WSM,32.3,32.6,47.5,17.7
2025-09-01,WSM,23.6,32.6,47.5,17.7
2025-10-01,WSM,22.8,32.6,47.5,17.7
2025-11-01,WSM,25.2,32.6,47.5,17.7
2025-12-01,WSM,26.4,32.6,47.5,17.7
2026-01-01,WSM,21.2,32.6,47.5,17.7
2026-02-01,WSM,18.9,32.6,47.5,17.7
2026-03-01,WSM,32.3,32.6,47.5,17.7
2025-01-01,WST,8.7,17.0,22.1,11.9
2025-02-01,WST,29.6,17.0,22.1,11.9
2025-03-01,WST,19.8,17.0,22.1,11.9
2025-04-01,WST,23.6,17.0,22.1,11.9
2025-05-01,WST,12.5,17.0,22.1,11.9
2025-06-01,WST,13.8,17.0,22.1,11.9
2025-07-01,WST,18.4,17.0,22.1,11.9
2025-08-01,WST,11.2,17.0,22.1,11.9
2025-09-01,WST,13.6,17.0,22.1,11.9
2025-10-01,WST,16.6,17.0,22.1,11.9
2025-11-01,WST,13.0,17.0,22.1,11.9
2025-12-01,WST,14.6,17.0,22.1,11.9
2026-01-01,WST,20.5,17.0,22.1,11.9
2026-02-01,WST,20.6,17.0,22.1,11.9
2026-03-01,WST,19.0,17.0,22.1,11.9
2025-01-01,WTW,9.4,13.7,17.4,9.9
2025-02-01,WTW,12.5,13.7,17.4,9.9
2025-03-01,WTW,12.4,13.7,17.4,9.9
2025-04-01,WTW,18.7,13.7,17.4,9.9
2025-05-01,WTW,11.3,13.7,17.4,9.9
2025-06-01,WTW,13.4,13.7,17.4,9.9
2025-07-01,WTW,16.1,13.7,17.4,9.9
2025-08-01,WTW,12.6,13.7,17.4,9.9
2025-09-01,WTW,11.3,13.7,17.4,9.9
2025-10-01,WTW,13.1,13.7,17.4,9.9
2025-11-01,WTW,13.2,13.7,17.4,9.9
2025-12-01,WTW,14.6,13.7,17.4,9.9
2026-01-01,WTW,9.9,13.7,17.4,9.9
2026-02-01,WTW,25.4,13.7,17.4,9.9
2026-03-01,WTW,11.8,13.7,17.4,9.9
2025-01-01,WY,72.8,105.3,133.9,76.8
2025-02-01,WY,67.6,105.3,133.9,76.8
2025-03-01,WY,78.0,105.3,133.9,76.8
2025-04-01,WY,93.2,105.3,133.9,76.8
2025-05-01,WY,85.5,105.3,133.9,76.8
2025-06-01,WY,82.3,105.3,133.9,76.8
2025-07-01,WY,111.3,105.3,133.9,76.8
2025-08-01,WY,81.1,105.3,133.9,76.8
2025-09-01,WY,97.4,105.3,133.9,76.8
2025-10-01,WY,113.8,105.3,133.9,76.8
2025-11-01,WY,118.9,105.3,133.9,76.8
2025-12-01,WY,155.9,105.3,133.9,76.8
2026-01-01,WY,165.7,105.3,133.9,76.8
2026-02-01,WY,122.2,105.3,133.9,76.8
2026-03-01,WY,129.1,105.3,133.9,76.8
2025-01-01,WYNN,47.3,42.9,53.7,32.2
2025-02-01,WYNN,62.2,42.9,53.7,32.2
2025-03-01,WYNN,45.1,42.9,53.7,32.2
2025-04-01,WYNN,63.8,42.9,53.7,32.2
2025-05-01,WYNN,55.6,42.9,53.7,32.2
2025-06-01,WYNN,43.2,42.9,53.7,32.2
2025-07-01,WYNN,43.2,42.9,53.7,32.2
2025-08-01,WYNN,46.0,42.9,53.7,32.2
2025-09-01,WYNN,34.2,42.9,53.7,32.2
2025-10-01,WYNN,38.2,42.9,53.7,32.2
2025-11-01,WYNN,33.9,42.9,53.7,32.2
2025-12-01,WYNN,30.6,42.9,53.7,32.2
2026-01-01,WYNN,23.5,42.9,53.7,32.2
2026-02-01,WYNN,35.2,42.9,53.7,32.2
2026-03-01,WYNN,42.6,42.9,53.7,32.2
2025-01-01,XEL,73.5,89.7,109.6,69.8
2025-02-01,XEL,64.3,89.7,109.6,69.8
2025-03-01,XEL,84.2,89.7,109.6,69.8
2025-04-01,XEL,88.9,89.7,109.6,69.8
2025-05-01,XEL,86.0,89.7,109.6,69.8
2025-06-01,XEL,62.6,89.7,109.6,69.8
2025-07-01,XEL,64.6,89.7,109.6,69.8
2025-08-01,XEL,75.5,89.7,109.6,69.8
2025-09-01,XEL,125.9,89.7,109.6,69.8
2025-10-01,XEL,99.8,89.7,109.6,69.8
2025-11-01,XEL,87.3,89.7,109.6,69.8
2025-12-01,XEL,128.8,89.7,109.6,69.8
2026-01-01,XEL,105.5,89.7,109.6,69.8
2026-02-01,XEL,101.3,89.7,109.6,69.8
2026-03-01,XEL,93.1,89.7,109.6,69.8
2025-01-01,XES,1.0,1.6,2.2,1.0
2025-02-01,XES,1.4,1.6,2.2,1.0
2025-03-01,XES,1.2,1.6,2.2,1.0
2025-04-01,XES,1.8,1.6,2.2,1.0
2025-05-01,XES,0.8,1.6,2.2,1.0
2025-06-01,XES,1.2,1.6,2.2,1.0
2025-07-01,XES,1.5,1.6,2.2,1.0
2025-08-01,XES,0.9,1.6,2.2,1.0
2025-09-01,XES,2.1,1.6,2.2,1.0
2025-10-01,XES,1.9,1.6,2.2,1.0
2025-11-01,XES,1.2,1.6,2.2,1.0
2025-12-01,XES,1.5,1.6,2.2,1.0
2026-01-01,XES,2.3,1.6,2.2,1.0
2026-02-01,XES,2.6,1.6,2.2,1.0
2026-03-01,XES,2.9,1.6,2.2,1.0
2025-01-01,XLB,276.8,281.3,343.2,219.3
2025-02-01,XLB,211.2,281.3,343.2,219.3
2025-03-01,XLB,257.8,281.3,343.2,219.3
2025-04-01,XLB,349.8,281.3,343.2,219.3
2025-05-01,XLB,171.2,281.3,343.2,219.3
2025-06-01,XLB,216.4,281.3,343.2,219.3
2025-07-01,XLB,316.9,281.3,343.2,219.3
2025-08-01,XLB,278.7,281.3,343.2,219.3
2025-09-01,XLB,241.9,281.3,343.2,219.3
2025-10-01,XLB,301.0,281.3,343.2,219.3
2025-11-01,XLB,312.6,281.3,343.2,219.3
2025-12-01,XLB,203.2,281.3,343.2,219.3
2026-01-01,XLB,324.9,281.3,343.2,219.3
2026-02-01,XLB,380.3,281.3,343.2,219.3
2026-03-01,XLB,376.5,281.3,343.2,219.3
2025-01-01,XLC,104.7,123.7,151.0,96.4
2025-02-01,XLC,81.6,123.7,151.0,96.4
2025-03-01,XLC,103.9,123.7,151.0,96.4
2025-04-01,XLC,151.7,123.7,151.0,96.4
2025-05-01,XLC,89.3,123.7,151.0,96.4
2025-06-01,XLC,118.0,123.7,151.0,96.4
2025-07-01,XLC,124.7,123.7,151.0,96.4
2025-08-01,XLC,119.2,123.7,151.0,96.4
2025-09-01,XLC,135.1,123.7,151.0,96.4
2025-10-01,XLC,118.2,123.7,151.0,96.4
2025-11-01,XLC,113.1,123.7,151.0,96.4
2025-12-01,XLC,108.6,123.7,151.0,96.4
2026-01-01,XLC,136.4,123.7,151.0,96.4
2026-02-01,XLC,150.6,123.7,151.0,96.4
2026-03-01,XLC,195.2,123.7,151.0,96.4
2025-01-01,XLE,648.7,789.4,1040.6,538.2
2025-02-01,XLE,561.7,789.4,1040.6,538.2
2025-03-01,XLE,718.3,789.4,1040.6,538.2
2025-04-01,XLE,1021.3,789.4,1040.6,538.2
2025-05-01,XLE,552.2,789.4,1040.6,538.2
2025-06-01,XLE,980.0,789.4,1040.6,538.2
2025-07-01,XLE,711.1,789.4,1040.6,538.2
2025-08-01,XLE,609.6,789.4,1040.6,538.2
2025-09-01,XLE,698.6,789.4,1040.6,538.2
2025-10-01,XLE,613.2,789.4,1040.6,538.2
2025-11-01,XLE,610.0,789.4,1040.6,538.2
2025-12-01,XLE,595.7,789.4,1040.6,538.2
2026-01-01,XLE,1054.0,789.4,1040.6,538.2
2026-02-01,XLE,1015.7,789.4,1040.6,538.2
2026-03-01,XLE,1447.4,789.4,1040.6,538.2
2025-01-01,XLF,868.2,934.0,1148.1,720.0
2025-02-01,XLF,833.5,934.0,1148.1,720.0
2025-03-01,XLF,1149.0,934.0,1148.1,720.0
2025-04-01,XLF,1422.3,934.0,1148.1,720.0
2025-05-01,XLF,714.2,934.0,1148.1,720.0
2025-06-01,XLF,734.9,934.0,1148.1,720.0
2025-07-01,XLF,796.4,934.0,1148.1,720.0
2025-08-01,XLF,766.2,934.0,1148.1,720.0
2025-09-01,XLF,735.2,934.0,1148.1,720.0
2025-10-01,XLF,972.4,934.0,1148.1,720.0
2025-11-01,XLF,892.2,934.0,1148.1,720.0
2025-12-01,XLF,760.1,934.0,1148.1,720.0
2026-01-01,XLF,924.7,934.0,1148.1,720.0
2026-02-01,XLF,1141.9,934.0,1148.1,720.0
2026-03-01,XLF,1287.1,934.0,1148.1,720.0
2025-01-01,XLI,165.1,229.2,277.9,180.6
2025-02-01,XLI,169.9,229.2,277.9,180.6
2025-03-01,XLI,220.4,229.2,277.9,180.6
2025-04-01,XLI,288.2,229.2,277.9,180.6
2025-05-01,XLI,166.4,229.2,277.9,180.6
2025-06-01,XLI,250.0,229.2,277.9,180.6
2025-07-01,XLI,247.2,229.2,277.9,180.6
2025-08-01,XLI,203.0,229.2,277.9,180.6
2025-09-01,XLI,219.7,229.2,277.9,180.6
2025-10-01,XLI,245.9,229.2,277.9,180.6
2025-11-01,XLI,254.1,229.2,277.9,180.6
2025-12-01,XLI,175.2,229.2,277.9,180.6
2026-01-01,XLI,228.7,229.2,277.9,180.6
2026-02-01,XLI,249.1,229.2,277.9,180.6
2026-03-01,XLI,346.9,229.2,277.9,180.6
2025-01-01,XLK,194.8,309.3,404.4,214.3
2025-02-01,XLK,152.8,309.3,404.4,214.3
2025-03-01,XLK,242.8,309.3,404.4,214.3
2025-04-01,XLK,325.8,309.3,404.4,214.3
2025-05-01,XLK,229.4,309.3,404.4,214.3
2025-06-01,XLK,234.6,309.3,404.4,214.3
2025-07-01,XLK,266.0,309.3,404.4,214.3
2025-08-01,XLK,282.7,309.3,404.4,214.3
2025-09-01,XLK,407.5,309.3,404.4,214.3
2025-10-01,XLK,435.8,309.3,404.4,214.3
2025-11-01,XLK,443.8,309.3,404.4,214.3
2025-12-01,XLK,222.9,309.3,404.4,214.3
2026-01-01,XLK,338.9,309.3,404.4,214.3
2026-02-01,XLK,448.3,309.3,404.4,214.3
2026-03-01,XLK,407.1,309.3,404.4,214.3
2025-01-01,XLP,199.7,323.2,395.2,251.1
2025-02-01,XLP,231.1,323.2,395.2,251.1
2025-03-01,XLP,320.2,323.2,395.2,251.1
2025-04-01,XLP,384.1,323.2,395.2,251.1
2025-05-01,XLP,262.7,323.2,395.2,251.1
2025-06-01,XLP,270.2,323.2,395.2,251.1
2025-07-01,XLP,347.6,323.2,395.2,251.1
2025-08-01,XLP,341.1,323.2,395.2,251.1
2025-09-01,XLP,301.8,323.2,395.2,251.1
2025-10-01,XLP,293.8,323.2,395.2,251.1
2025-11-01,XLP,306.9,323.2,395.2,251.1
2025-12-01,XLP,272.7,323.2,395.2,251.1
2026-01-01,XLP,416.9,323.2,395.2,251.1
2026-02-01,XLP,468.0,323.2,395.2,251.1
2026-03-01,XLP,429.2,323.2,395.2,251.1
2025-01-01,XLRE,120.8,147.5,187.1,108.0
2025-02-01,XLRE,95.5,147.5,187.1,108.0
2025-03-01,XLRE,125.5,147.5,187.1,108.0
2025-04-01,XLRE,198.5,147.5,187.1,108.0
2025-05-01,XLRE,86.7,147.5,187.1,108.0
2025-06-01,XLRE,120.9,147.5,187.1,108.0
2025-07-01,XLRE,149.5,147.5,187.1,108.0
2025-08-01,XLRE,131.8,147.5,187.1,108.0
2025-09-01,XLRE,101.0,147.5,187.1,108.0
2025-10-01,XLRE,188.7,147.5,187.1,108.0
2025-11-01,XLRE,133.2,147.5,187.1,108.0
2025-12-01,XLRE,156.1,147.5,187.1,108.0
2026-01-01,XLRE,195.8,147.5,187.1,108.0
2026-02-01,XLRE,186.8,147.5,187.1,108.0
2026-03-01,XLRE,212.1,147.5,187.1,108.0
2025-01-01,XLU,471.6,481.6,564.8,398.5
2025-02-01,XLU,319.2,481.6,564.8,398.5
2025-03-01,XLU,426.5,481.6,564.8,398.5
2025-04-01,XLU,606.4,481.6,564.8,398.5
2025-05-01,XLU,440.6,481.6,564.8,398.5
2025-06-01,XLU,498.4,481.6,564.8,398.5
2025-07-01,XLU,574.3,481.6,564.8,398.5
2025-08-01,XLU,436.0,481.6,564.8,398.5
2025-09-01,XLU,456.3,481.6,564.8,398.5
2025-10-01,XLU,503.6,481.6,564.8,398.5
2025-11-01,XLU,391.6,481.6,564.8,398.5
2025-12-01,XLU,383.9,481.6,564.8,398.5
2026-01-01,XLU,494.9,481.6,564.8,398.5
2026-02-01,XLU,598.3,481.6,564.8,398.5
2026-03-01,XLU,603.1,481.6,564.8,398.5
2025-01-01,XLV,182.7,255.5,307.4,203.5
2025-02-01,XLV,166.1,255.5,307.4,203.5
2025-03-01,XLV,164.1,255.5,307.4,203.5
2025-04-01,XLV,259.4,255.5,307.4,203.5
2025-05-01,XLV,253.6,255.5,307.4,203.5
2025-06-01,XLV,248.1,255.5,307.4,203.5
2025-07-01,XLV,319.1,255.5,307.4,203.5
2025-08-01,XLV,290.2,255.5,307.4,203.5
2025-09-01,XLV,259.0,255.5,307.4,203.5
2025-10-01,XLV,248.9,255.5,307.4,203.5
2025-11-01,XLV,315.0,255.5,307.4,203.5
2025-12-01,XLV,225.4,255.5,307.4,203.5
2026-01-01,XLV,261.0,255.5,307.4,203.5
2026-02-01,XLV,282.8,255.5,307.4,203.5
2026-03-01,XLV,347.4,255.5,307.4,203.5
2025-01-01,XLY,115.0,213.1,265.3,160.9
2025-02-01,XLY,118.2,213.1,265.3,160.9
2025-03-01,XLY,199.7,213.1,265.3,160.9
2025-04-01,XLY,258.2,213.1,265.3,160.9
2025-05-01,XLY,158.3,213.1,265.3,160.9
2025-06-01,XLY,172.4,213.1,265.3,160.9
2025-07-01,XLY,227.0,213.1,265.3,160.9
2025-08-01,XLY,243.8,213.1,265.3,160.9
2025-09-01,XLY,296.7,213.1,265.3,160.9
2025-10-01,XLY,258.4,213.1,265.3,160.9
2025-11-01,XLY,262.1,213.1,265.3,160.9
2025-12-01,XLY,178.6,213.1,265.3,160.9
2026-01-01,XLY,208.1,213.1,265.3,160.9
2026-02-01,XLY,226.8,213.1,265.3,160.9
2026-03-01,XLY,258.2,213.1,265.3,160.9
2025-01-01,XOM,307.7,357.3,421.3,293.4
2025-02-01,XOM,274.9,357.3,421.3,293.4
2025-03-01,XOM,385.7,357.3,421.3,293.4
2025-04-01,XOM,398.1,357.3,421.3,293.4
2025-05-01,XOM,327.0,357.3,421.3,293.4
2025-06-01,XOM,410.1,357.3,421.3,293.4
2025-07-01,XOM,317.8,357.3,421.3,293.4
2025-08-01,XOM,327.7,357.3,421.3,293.4
2025-09-01,XOM,352.0,357.3,421.3,293.4
2025-10-01,XOM,288.6,357.3,421.3,293.4
2025-11-01,XOM,279.4,357.3,421.3,293.4
2025-12-01,XOM,344.7,357.3,421.3,293.4
2026-01-01,XOM,404.2,357.3,421.3,293.4
2026-02-01,XOM,418.6,357.3,421.3,293.4
2026-03-01,XOM,517.9,357.3,421.3,293.4
2025-01-01,XOP,55.0,76.5,101.2,51.8
2025-02-01,XOP,57.2,76.5,101.2,51.8
2025-03-01,XOP,68.6,76.5,101.2,51.8
2025-04-01,XOP,98.5,76.5,101.2,51.8
2025-05-01,XOP,77.1,76.5,101.2,51.8
2025-06-01,XOP,95.4,76.5,101.2,51.8
2025-07-01,XOP,58.6,76.5,101.2,51.8
2025-08-01,XOP,55.5,76.5,101.2,51.8
2025-09-01,XOP,84.1,76.5,101.2,51.8
2025-10-01,XOP,75.6,76.5,101.2,51.8
2025-11-01,XOP,51.0,76.5,101.2,51.8
2025-12-01,XOP,51.1,76.5,101.2,51.8
2026-01-01,XOP,88.3,76.5,101.2,51.8
2026-02-01,XOP,80.5,76.5,101.2,51.8
2026-03-01,XOP,146.4,76.5,101.2,51.8
2025-01-01,XYL,24.6,30.5,38.1,23.0
2025-02-01,XYL,30.4,30.5,38.1,23.0
2025-03-01,XYL,34.2,30.5,38.1,23.0
2025-04-01,XYL,49.4,30.5,38.1,23.0
2025-05-01,XYL,27.9,30.5,38.1,23.0
2025-06-01,XYL,26.3,30.5,38.1,23.0
2025-07-01,XYL,24.0,30.5,38.1,23.0
2025-08-01,XYL,23.3,30.5,38.1,23.0
2025-09-01,XYL,26.3,30.5,38.1,23.0
2025-10-01,XYL,27.7,30.5,38.1,23.0
2025-11-01,XYL,27.8,30.5,38.1,23.0
2025-12-01,XYL,25.3,30.5,38.1,23.0
2026-01-01,XYL,28.2,30.5,38.1,23.0
2026-02-01,XYL,42.6,30.5,38.1,23.0
2026-03-01,XYL,40.8,30.5,38.1,23.0
2025-01-01,XYZ,122.8,181.8,245.8,117.9
2025-02-01,XYZ,185.5,181.8,245.8,117.9
2025-03-01,XYZ,204.8,181.8,245.8,117.9
2025-04-01,XYZ,168.9,181.8,245.8,117.9
2025-05-01,XYZ,290.6,181.8,245.8,117.9
2025-06-01,XYZ,138.6,181.8,245.8,117.9
2025-07-01,XYZ,351.9,181.8,245.8,117.9
2025-08-01,XYZ,169.5,181.8,245.8,117.9
2025-09-01,XYZ,126.0,181.8,245.8,117.9
2025-10-01,XYZ,127.2,181.8,245.8,117.9
2025-11-01,XYZ,174.4,181.8,245.8,117.9
2025-12-01,XYZ,145.9,181.8,245.8,117.9
2026-01-01,XYZ,125.2,181.8,245.8,117.9
2026-02-01,XYZ,220.1,181.8,245.8,117.9
2026-03-01,XYZ,171.0,181.8,245.8,117.9
2025-01-01,YUM,39.3,42.8,48.1,37.5
2025-02-01,YUM,46.9,42.8,48.1,37.5
2025-03-01,YUM,44.8,42.8,48.1,37.5
2025-04-01,YUM,58.1,42.8,48.1,37.5
2025-05-01,YUM,39.5,42.8,48.1,37.5
2025-06-01,YUM,40.4,42.8,48.1,37.5
2025-07-01,YUM,37.6,42.8,48.1,37.5
2025-08-01,YUM,45.8,42.8,48.1,37.5
2025-09-01,YUM,40.8,42.8,48.1,37.5
2025-10-01,YUM,38.0,42.8,48.1,37.5
2025-11-01,YUM,45.8,42.8,48.1,37.5
2025-12-01,YUM,46.8,42.8,48.1,37.5
2026-01-01,YUM,40.6,42.8,48.1,37.5
2026-02-01,YUM,40.6,42.8,48.1,37.5
2026-03-01,YUM,37.6,42.8,48.1,37.5
2025-01-01,ZBH,34.9,41.3,49.9,32.8
2025-02-01,ZBH,39.3,41.3,49.9,32.8
2025-03-01,ZBH,37.8,41.3,49.9,32.8
2025-04-01,ZBH,48.0,41.3,49.9,32.8
2025-05-01,ZBH,63.1,41.3,49.9,32.8
2025-06-01,ZBH,39.1,41.3,49.9,32.8
2025-07-01,ZBH,37.6,41.3,49.9,32.8
2025-08-01,ZBH,35.0,41.3,49.9,32.8
2025-09-01,ZBH,29.3,41.3,49.9,32.8
2025-10-01,ZBH,28.7,41.3,49.9,32.8
2025-11-01,ZBH,50.5,41.3,49.9,32.8
2025-12-01,ZBH,44.3,41.3,49.9,32.8
2026-01-01,ZBH,45.1,41.3,49.9,32.8
2026-02-01,ZBH,45.6,41.3,49.9,32.8
2026-03-01,ZBH,43.6,41.3,49.9,32.8
2025-01-01,ZBRA,7.8,13.1,16.2,10.1
2025-02-01,ZBRA,14.7,13.1,16.2,10.1
2025-03-01,ZBRA,12.1,13.1,16.2,10.1
2025-04-01,ZBRA,17.9,13.1,16.2,10.1
2025-05-01,ZBRA,12.1,13.1,16.2,10.1
2025-06-01,ZBRA,9.7,13.1,16.2,10.1
2025-07-01,ZBRA,9.0,13.1,16.2,10.1
2025-08-01,ZBRA,13.8,13.1,16.2,10.1
2025-09-01,ZBRA,10.2,13.1,16.2,10.1
2025-10-01,ZBRA,16.5,13.1,16.2,10.1
2025-11-01,ZBRA,14.3,13.1,16.2,10.1
2025-12-01,ZBRA,12.3,13.1,16.2,10.1
2026-01-01,ZBRA,12.7,13.1,16.2,10.1
2026-02-01,ZBRA,18.3,13.1,16.2,10.1
2026-03-01,ZBRA,15.6,13.1,16.2,10.1
2025-01-01,ZTS,53.8,75.9,97.3,54.5
2025-02-01,ZTS,74.3,75.9,97.3,54.5
2025-03-01,ZTS,52.8,75.9,97.3,54.5
2025-04-01,ZTS,63.4,75.9,97.3,54.5
2025-05-01,ZTS,67.5,75.9,97.3,54.5
2025-06-01,ZTS,58.7,75.9,97.3,54.5
2025-07-01,ZTS,70.4,75.9,97.3,54.5
2025-08-01,ZTS,66.2,75.9,97.3,54.5
2025-09-01,ZTS,59.0,75.9,97.3,54.5
2025-10-01,ZTS,64.9,75.9,97.3,54.5
2025-11-01,ZTS,105.9,75.9,97.3,54.5
2025-12-01,ZTS,131.8,75.9,97.3,54.5
2026-01-01,ZTS,93.0,75.9,97.3,54.5
2026-02-01,ZTS,89.3,75.9,97.3,54.5
2026-03-01,ZTS,88.8,75.9,97.3,54.5
