Date,Ticker,Ticker_name,Category,Close,day_pct_change,week_pct_change,month_pct_change,quarter_pct_change,Sharpe_Rank,Sharpe_Rank_daily_change,Sharpe_Rank_wtd_change,Sharpe_Rank_mtd_change,Sharpe_Rank_qtd_change,MM_Score,MM_Score_daily_change,MM_Score_wtd_change,MM_Score_mtd_change,MM_Score_qtd_change,st_trend,mt_trend,lt_trend,st_trend_change,mt_trend_change,lt_trend_change,Tape_Bias,Volatility_Spread_Quadrant
2026-04-28,A,"AGILENT TECHNOLOGIES, INC.",Health Care,114.87,-0.006486766995329574,-0.005884898312418785,0.007808387436392339,0.007808387436392339,51.8,-11.5,3.1999999999999957,22.199999999999996,22.199999999999996,3.0,0.0,0.0,-37.0,-37.0,-0.00466249,-0.02526591,-0.01888288,-0.00120517,0.0055413,-0.00106619,Neutral,Crowded Short
2026-04-28,AAPL,APPLE INC.,Information Technology,270.71,0.011584021523859178,-0.001291227034604936,0.06666929351038253,0.06666929351038253,89.1,9.899999999999991,10.5,69.5,69.5,-16.0,17.0,-4.0,-56.0,-56.0,0.02165893,0.03250164,0.02682764,0.00429871,-0.0003625,0.00362952,Neutral,Crowded Short
2026-04-28,ABBV,ABBVIE INC.,Health Care,197.69,0.0015705745262943882,-0.00513310855014848,-0.09103866844452624,-0.09103866844452624,5.8,-2.3,-3.1000000000000005,-4.7,-4.7,27.0,0.0,0.0,-20.0,-20.0,-0.01449841,-0.03875744,0.01881716,0.00394214,-0.00753425,0.00353354,Neutral,Mean Reversion Upside Bias
2026-04-28,ABNB,"AIRBNB, INC.",Consumer Discretionary,139.04,-0.014320147454983778,-0.0264668813891612,0.10104529616724722,0.10104529616724722,90.3,0.7999999999999972,10.299999999999997,60.3,60.3,-53.0,-3.0,-3.0,-48.0,-48.0,0.0360469,0.01115602,-0.0475665,-0.00180311,0.00171816,0.00365722,Topping,Mean Reversion Upside Bias
2026-04-28,ABT,ABBOTT LABORATORIES,Health Care,93.86,0.011422413793103381,0.029957203994293913,-0.08580890230836669,-0.08580890230836669,22.8,10.700000000000001,19.8,21.0,21.0,0.0,0.0,-25.0,11.0,11.0,-0.03657055,-0.0388488,-0.02085613,0.00287619,-0.01245072,-0.0077628,Neutral,Mean Reversion Downside Bias
2026-04-28,ACGL,ARCH CAPITAL GROUP LTD.,Financials,97.06,0.007368967306694341,0.009044599230689343,0.011146994478591576,0.011146994478591576,54.2,-12.700000000000003,-4.699999999999996,44.5,44.5,3.0,31.0,-17.0,7.0,7.0,0.00622393,0.03302423,0.01030517,-0.00042419,-0.00376789,-0.00376968,Neutral,Crowded Short
2026-04-28,ACN,ACCENTURE PUBLIC LIMITED COMPANY,Information Technology,177.75,0.004407526699440556,-0.003420049338416775,-0.10358565737051795,-0.10358565737051795,26.0,-7.899999999999999,-4.399999999999999,-14.299999999999997,-14.299999999999997,48.0,10.0,33.0,53.0,53.0,-0.04426004,-0.10856811,-0.06953662,-0.00182378,0.00042111,0.00645657,Neutral,Crowded Short
2026-04-28,ADBE,ADOBE INC.,Information Technology,243.2,0.01625506664995191,-0.009126466753585416,0.000493664637156499,0.000493664637156499,70.2,-2.200000000000003,-2.5999999999999943,39.0,39.0,-54.0,20.0,-32.0,-22.0,-22.0,-0.0038208,-0.0319122,-0.09171686,-0.00062798,-0.00195107,-0.00089726,Sell,Crowded Short
2026-04-28,ADI,"ANALOG DEVICES, INC.",Information Technology,383.26,-0.023765251279961208,-0.04081888029631853,0.20468975922549815,0.20468975922549815,94.8,-2.6000000000000085,-1.4000000000000057,75.6,75.6,-16.0,23.0,-14.0,-70.0,-70.0,0.06547654,0.06817665,0.05865073,-0.00564261,0.00174477,0.00869942,Neutral,Crowded Short
2026-04-28,ADM,ARCHER-DANIELS-MIDLAND COMPANY.,Consumer Staples,72.8,0.03203855968244951,0.051567239635995854,0.0015132755537212716,0.0015132755537212716,42.3,26.199999999999996,33.0,-25.799999999999997,-25.799999999999997,24.0,-16.0,8.0,7.0,7.0,-0.01104193,-0.01009479,0.01431074,0.00595533,-0.00051659,-0.00289409,Bottoming,Mean Reversion Upside Bias
2026-04-28,ADP,"AUTOMATIC DATA PROCESSING, INC.",Industrials,199.17,0.009836231810576468,0.013433063654403776,-0.01973619450733355,-0.01973619450733355,52.4,-9.700000000000003,7.0,24.0,24.0,3.0,0.0,0.0,-3.0,-3.0,-0.01327385,-0.06856978,-0.0332778,-0.00019578,0.00203743,0.00103446,Neutral,Crowded Short
2026-04-28,ADSK,"AUTODESK, INC.",Information Technology,234.85,-0.00076585967748799,-0.010908018867924585,-0.01900584795321647,-0.01900584795321647,56.9,-4.800000000000004,2.8999999999999986,29.299999999999997,29.299999999999997,3.0,0.0,0.0,20.0,20.0,-0.01174357,-0.0366206,-0.0236723,-6.933e-05,0.0023485,0.01651186,Neutral,Crowded Short
2026-04-28,AEE,AMEREN ,Utilities,112.2,0.002591368063622701,0.009719222462202914,0.020742358078602585,0.020742358078602585,60.5,-4.0,-0.7999999999999972,32.7,32.7,22.0,-12.0,24.0,-37.0,-37.0,0.00051894,0.01985164,0.05073643,0.0001512,-0.00010382,0.00024427,Neutral,Mean Reversion Upside Bias
2026-04-28,AEP,"AMERICAN ELECTRIC POWER COMPANY, INC.",Utilities,135.59,0.0038498556304138454,0.00638313664365775,0.03440646933170566,0.03440646933170566,65.1,-2.6000000000000085,-7.300000000000011,31.999999999999993,31.999999999999993,14.0,0.0,0.0,-20.0,-20.0,0.00657261,0.02521382,0.05687163,0.00033163,0.00110823,0.00118893,Neutral,Mean Reversion Upside Bias
2026-04-28,AES,THE AES ,Utilities,14.48,-0.0006901311249136732,-0.0006901311249136732,0.02767920511000721,0.02767920511000721,99.4,-0.3999999999999915,-0.3999999999999915,80.9,80.9,-14.0,0.0,-17.0,-49.0,-49.0,0.00429344,0.02300794,-0.0047099,-0.00210915,-0.00685509,-0.00787652,Leaning Bearish,Mean Reversion Upside Bias
2026-04-28,AFL,AFLAC INC.,Financials,116.29,0.014039065224973779,0.01456988309195606,0.059976301157597334,0.059976301157597334,99.0,1.2000000000000028,5.5,76.2,76.2,-26.0,9.0,9.0,-69.0,-69.0,0.01703809,0.014122,0.04235668,0.00073912,0.00075198,-0.00199479,Leaning Bullish,Mean Reversion Upside Bias
2026-04-28,AIG,"AMERICAN INTERNATIONAL GROUP, INC.",Financials,74.16,0.00040469445568591667,-0.013042321000798607,-0.014485049833887098,-0.014485049833887098,51.8,-13.900000000000006,-11.5,28.599999999999998,28.599999999999998,-26.0,-13.0,0.0,-38.0,-38.0,-0.00900152,0.01250092,-0.0005248,-0.00344033,-0.00148523,-0.00367112,Leaning Bearish,Mean Reversion Upside Bias
2026-04-28,AIZ,"ASSURANT, INC.",Financials,235.4,0.01151598487452743,0.024369016536118338,0.0807584592075663,0.0807584592075663,99.8,0.7999999999999972,13.5,95.2,95.2,-43.0,0.0,-3.0,-52.0,-52.0,0.02500945,-0.00082021,0.0059487,0.00027047,0.00400468,-0.0001498,Neutral,Mean Reversion Upside Bias
2026-04-28,AJG,ARTHUR J. GALLAGHER & CO.,Financials,213.42,-0.007625778852413334,-0.00910019500417869,-0.014590451565241636,-0.014590451565241636,60.5,-20.700000000000003,-14.700000000000003,11.100000000000001,11.100000000000001,-5.0,30.0,26.0,0.0,0.0,-0.01612844,-0.06804399,-0.01738925,-0.00374634,0.00247321,0.00055531,Neutral,Mean Reversion Upside Bias
2026-04-28,AKAM,"AKAMAI TECHNOLOGIES, INC.",Information Technology,95.43,-0.005212133847597222,0.0018897637795276534,-0.16909011754462333,-0.16909011754462333,11.7,6.8999999999999995,8.7,-80.6,-80.6,37.0,67.0,67.0,64.0,64.0,-0.08110832,-0.01588301,-0.00105888,0.00115624,-0.01271818,0.00215074,Bottoming,Mean Reversion Downside Bias
2026-04-28,ALB,ALBEMARLE ,Materials,186.9,-0.06329875206735824,-0.007593054744331806,0.04105163482426333,0.04105163482426333,37.5,-12.700000000000003,-5.799999999999997,-16.9,-16.9,19.0,16.0,18.0,-32.0,-32.0,0.04109914,0.04830997,0.04165606,0.0010629,-0.00714473,0.00903898,Neutral,Mean Reversion Downside Bias
2026-04-28,ALGN,"ALIGN TECHNOLOGY, INC.",Health Care,177.28,-0.04017325392528415,-0.06502821581140239,0.03412471562736963,0.03412471562736963,59.3,-17.5,1.3999999999999986,34.099999999999994,34.099999999999994,9.0,34.0,-11.0,-38.0,-38.0,0.021714,0.00582243,-0.0724544,-0.00973207,0.00207008,0.00140579,Topping,Mean Reversion Upside Bias
2026-04-28,ALL,THE ALLSTATE ,Financials,216.4,0.010270774976657515,0.01653513716647881,0.0436963441689977,0.0436963441689977,75.2,-8.5,15.100000000000001,53.2,53.2,-49.0,0.0,-52.0,-53.0,-53.0,0.00972534,0.04072197,0.01795453,-0.00083074,-0.00247569,-0.00164745,Leaning Bearish,Crowded Short
2026-04-28,ALLE,ALLEGION PUBLIC LIMITED COMPANY,Industrials,137.86,-0.07102425876010776,-0.056399726214921175,-0.05113910110812847,-0.05113910110812847,30.4,-25.4,-15.800000000000004,25.0,25.0,-12.0,2.0,2.0,-36.0,-36.0,-0.00470503,-0.05082858,0.01645493,-0.01654933,-0.0050487,0.00074013,Leaning Bearish,Mean Reversion Downside Bias
2026-04-28,AMAT,"APPLIED MATERIALS, INC.",Information Technology,381.11,-0.05866225361853483,-0.08615480529445618,0.11504139968986804,0.11504139968986804,70.8,-8.0,-6.799999999999997,46.8,46.8,8.0,53.0,25.0,-6.0,-6.0,0.04241865,0.00840437,0.07617923,-0.00882842,-0.00725327,0.00480291,Leaning Bearish,Mean Reversion Upside Bias
2026-04-28,AMCR,AMCOR PLC,Materials,38.54,-0.013060179257362359,-0.010526315789473828,-0.030440251572327104,-0.030440251572327104,59.3,0.0,10.5,52.4,52.4,-6.0,-9.0,-9.0,-18.0,-18.0,-0.00105259,-0.01773444,-0.00278948,-0.00086246,-0.00697578,-3.402e-05,Leaning Bearish,Crowded Long
2026-04-28,AMD,"ADVANCED MICRO DEVICES, INC.",Information Technology,323.21,-0.034127245016884356,-0.07072827118254221,0.5888020449294595,0.5888020449294595,98.6,-1.2000000000000028,-1.2000000000000028,44.39999999999999,44.39999999999999,-39.0,-9.0,-22.0,-13.0,-13.0,0.14255843,0.08142143,0.08122393,-0.00852887,0.00351345,0.05149859,Topping,Crowded Short
2026-04-28,AME,"AMETEK, INC.",Industrials,228.95,-0.017255440614671436,-0.017171066752522002,0.0680630714685575,0.0680630714685575,83.1,-4.800000000000011,-0.8000000000000114,78.1,78.1,-37.0,17.0,38.0,-81.0,-81.0,0.01864993,0.00312317,0.00714514,-0.00638361,-0.00844759,-0.00152333,Leaning Bearish,Crowded Short
2026-04-28,AMGN,AMGEN INC.,Health Care,339.57,-0.0017931683226527495,-0.014453635176317037,-0.03490123632229647,-0.03490123632229647,25.2,-4.400000000000002,-4.400000000000002,18.1,18.1,63.0,0.0,23.0,81.0,81.0,0.00176982,0.00469777,0.03397208,0.00265245,-0.00655047,0.00078082,Bottoming,Mean Reversion Upside Bias
2026-04-28,AMP,"AMERIPRISE FINANCIAL, INC.",Financials,475.35,-0.005252584438957042,0.02419632853572362,0.06964446444644468,0.06964446444644468,87.1,-2.8000000000000114,21.39999999999999,70.19999999999999,70.19999999999999,-33.0,0.0,-39.0,-73.0,-73.0,0.02512005,-0.02029316,-0.01670495,0.00527914,-0.00456876,-0.00511622,Neutral,Crowded Short
2026-04-28,AMT,AMERICAN TOWER ,Real Estate,178.4,0.01768397033656588,0.001066157903596876,0.03372349055510493,0.03372349055510493,88.3,6.3999999999999915,-5.200000000000003,84.89999999999999,84.89999999999999,-66.0,-5.0,15.0,-95.0,-95.0,0.00525577,-0.01202223,-0.01309246,-0.00148165,-0.00117811,0.00669923,Sell,Mean Reversion Upside Bias
2026-04-28,AMZN,"AMAZON.COM, INC.",Consumer Discretionary,259.7,-0.005438112745098089,-0.016250615553619507,0.24693906947712096,0.24693906947712096,99.8,0.0,0.0,57.5,57.5,-53.0,-44.0,-51.0,-39.0,-39.0,0.07269249,0.01889667,0.01565153,-0.00083582,0.00138059,0.00718026,Topping,Mean Reversion Upside Bias
2026-04-28,ANET,"ARISTA NETWORKS, INC.",Information Technology,165.29,-0.04163042848031551,-0.06568311570855245,0.3462290275289135,0.3462290275289135,98.2,-0.7999999999999972,0.0,65.5,65.5,-77.0,0.0,-51.0,-43.0,-43.0,0.09597893,0.0375494,0.09465616,-0.01058791,-0.00758697,0.01826616,Leaning Bearish,Mean Reversion Upside Bias
2026-04-28,AON,AON PLC,Financials,321.68,-0.006485885477793496,0.0016815096219717773,-0.003407893921556382,-0.003407893921556382,52.2,-29.0,-0.3999999999999986,26.200000000000003,26.200000000000003,26.0,37.0,-9.0,-10.0,-10.0,-0.00249892,-0.01019287,0.00306077,8.721e-05,0.00111887,0.00949582,Neutral,Mean Reversion Upside Bias
2026-04-28,AOS,A. O. SMITH ,Industrials,63.91,-0.011904761904762085,-0.007300403852127935,-0.030785562632696384,-0.030785562632696384,41.1,-0.7999999999999972,6.0,33.800000000000004,33.800000000000004,15.0,11.0,-23.0,15.0,15.0,-0.00916537,-0.03410182,0.00078459,-0.00100544,-0.00335643,-0.00719824,Leaning Bearish,Crowded Short
2026-04-28,APA,APA ,Energy,38.65,0.0057246942492843456,0.024383779485820378,-0.08930254476908572,-0.08930254476908572,5.0,2.0,-0.5999999999999996,-92.0,-92.0,6.0,-15.0,-15.0,43.0,43.0,-0.05553116,0.08926055,0.02624507,0.00028199,0.00600842,0.00520797,Neutral,Mean Reversion Downside Bias
2026-04-28,APD,"AIR PRODUCTS AND CHEMICALS, INC.",Materials,303.35,0.003207884119320159,0.005269088016967238,0.04427002650693668,0.04427002650693668,82.7,7.5,13.5,-4.3999999999999915,-4.3999999999999915,-20.0,-18.0,-18.0,-6.0,-6.0,0.0077097,0.03701174,0.00885534,-0.00046624,0.00626356,0.00297564,Neutral,Mean Reversion Upside Bias
2026-04-28,APH,AMPHENOL ,Information Technology,143.72,-0.033100107642626386,-0.04001068732883584,0.13747526711515645,0.13747526711515645,82.3,-3.200000000000003,-2.0,66.19999999999999,66.19999999999999,-40.0,18.0,0.0,-49.0,-49.0,0.04445853,-0.02280005,0.07782032,-0.00459381,-0.0065265,-0.00346182,Leaning Bearish,Mean Reversion Upside Bias
2026-04-28,APO,"APOLLO GLOBAL MANAGEMENT, INC.",Financials,123.57,0.0019459985405010372,-0.005552873008208725,0.10904684975767354,0.10904684975767354,84.3,-4.0,-2.799999999999997,13.5,13.5,-17.0,0.0,16.0,26.0,26.0,0.04238906,-0.03402707,-0.02520618,0.00073227,0.01004399,0.00039606,Leaning Bullish,Crowded Short
2026-04-28,APP,APPLOVIN CORP,Information Technology,449.03,-0.024462838645202045,0.0016507171696891199,0.12821608040201005,0.12821608040201005,74.0,-0.4000000000000057,11.899999999999999,44.4,44.4,-29.0,2.0,-16.0,-32.0,-32.0,0.03665642,-0.0604967,0.22599456,-0.00623093,0.02002637,-0.01634183,Neutral,Mean Reversion Upside Bias
2026-04-28,APTV,APTIV PLC,Consumer Discretionary,59.12,-0.015814882636923655,-0.01630615640599009,-0.14861751152073732,-0.14861751152073732,18.8,-3.1999999999999993,8.3,-14.900000000000002,-14.900000000000002,72.0,19.0,19.0,46.0,46.0,-0.00236093,-0.08318331,-0.04051632,0.00579593,0.00410724,0.00118313,Leaning Bullish,Mean Reversion Upside Bias
2026-04-28,ARE,"ALEXANDRIA REAL ESTATE EQUITIES, INC.",Real Estate,40.41,-0.11303775241439873,-0.14746835443037976,-0.12947005601034045,-0.12947005601034045,31.2,-29.900000000000002,-29.7,4.800000000000001,4.800000000000001,-34.0,-21.0,-21.0,-70.0,-70.0,-0.01182474,-0.07868726,-0.12746111,-0.02388176,-0.01706798,-0.01391904,Sell,Mean Reversion Downside Bias
2026-04-28,ARES,ARES MANAGEMENT CORP,Financials,113.01,0.0073988233196649045,-0.019265816193699492,0.03583868010999103,0.03583868010999103,58.3,-3.0,-6.6000000000000085,13.299999999999997,13.299999999999997,-19.0,0.0,-17.0,-14.0,-14.0,0.02260234,-0.10640431,-0.05155509,-0.0015479,0.01048685,-0.00482054,Neutral,Crowded Short
2026-04-28,ASC,ARDMORE SHIPPING ,MR Discretion,17.13,0.00883392226148394,0.022076372315035675,0.12327868852459001,0.12327868852459001,84.3,5.099999999999994,9.099999999999994,66.6,66.6,-20.0,-4.0,11.0,-75.0,-75.0,0.01843351,0.06534118,-0.00106437,0.00244512,0.00248717,0.00263954,Leaning Bullish,Mean Reversion Upside Bias
2026-04-28,ATO,ATMOS ENERGY ,Utilities,187.13,0.008134899256545536,0.009059045564842272,0.013046773495019481,0.013046773495019481,50.6,-1.6000000000000014,0.0,23.0,23.0,51.0,-1.0,44.0,-20.0,-20.0,-0.00531128,0.0211609,0.06643079,-0.00084318,0.00205562,0.00236549,Bottoming,Crowded Short
2026-04-28,AVB,"AVALONBAY COMMUNITIES, INC.",Real Estate,183.5,0.05290337388111088,0.06450864369416398,0.12335475971839616,0.12335475971839616,99.8,0.3999999999999915,2.799999999999997,96.8,96.8,-27.0,19.0,19.0,-7.0,-7.0,0.03056415,0.00166195,-0.03224988,0.01052376,0.01816455,-0.00676396,Buy,Mean Reversion Downside Bias
2026-04-28,AVGO,BROADCOM INC.,Information Technology,399.83,-0.04392635102821618,-0.05423881161888544,0.29181609641045525,0.29181609641045525,96.2,-2.3999999999999915,-1.2000000000000028,65.80000000000001,65.80000000000001,-35.0,8.0,0.0,-27.0,-27.0,0.08690091,0.04423608,0.1090982,-0.01410164,0.00680376,0.01191601,Neutral,Crowded Short
2026-04-28,AVY,AVERY DENNISON ,Materials,166.49,0.00915262456055288,0.005981873111782443,-0.03584665276812604,-0.03584665276812604,41.5,2.0,3.6000000000000014,27.0,27.0,62.0,78.0,78.0,-23.0,-23.0,-0.00119551,-0.02119105,-0.03005336,0.00660063,0.00089528,0.00087905,Buy,Mean Reversion Upside Bias
2026-04-28,AWK,"AMERICAN WATER WORKS COMPANY, INC.",Utilities,132.67,0.005380418308578161,0.0018879323365050826,-0.0251304283929753,-0.0251304283929753,17.3,-4.899999999999999,-5.899999999999999,-37.3,-37.3,40.0,-13.0,-13.0,7.0,7.0,-0.00838335,-0.0006815,0.01753714,0.00037848,0.01071265,0.00266091,Neutral,Crowded Short
2026-04-28,AXON,"AXON ENTERPRISE, INC.",Industrials,406.31,0.009240169899898287,0.02314161966156325,-0.04327862676305072,-0.04327862676305072,45.8,7.899999999999999,15.399999999999999,40.4,40.4,5.0,0.0,0.0,67.0,67.0,-0.00986679,-0.10168301,0.02074986,0.02276793,0.03405879,-0.01308141,Leaning Bullish,Crowded Short
2026-04-28,AXP,AMERICAN EXPRESS COMPANY,Financials,315.9,-0.009220925856228801,0.005794701986755024,0.044366569690557967,0.044366569690557967,63.1,-13.699999999999996,3.3999999999999986,29.6,29.6,-3.0,25.0,-23.0,-18.0,-18.0,0.01543989,-0.01392351,0.01896662,-0.0022553,-9.559e-05,-0.00599406,Neutral,Crowded Short
2026-04-28,AZO,"AUTOZONE, INC.",Consumer Discretionary,3563.09,0.0002329981528579328,-0.00414208294786611,0.0548614770648177,0.0548614770648177,77.2,-1.2000000000000028,5.6000000000000085,55.2,55.2,-52.0,0.0,0.0,-67.0,-67.0,0.01077269,-0.00493723,0.01515379,-0.00176937,-0.00563555,-0.00144797,Leaning Bearish,Mean Reversion Upside Bias
2026-04-28,BA,THE BOEING COMPANY,Industrials,230.72,-0.0026369256041154365,-0.0073997590776113675,0.15922222780485362,0.15922222780485362,89.5,1.5999999999999943,8.200000000000003,72.2,72.2,-40.0,10.0,27.0,-104.0,-104.0,0.03304061,-0.02457411,-0.03063823,-0.00048818,0.00403032,0.01116512,Neutral,Mean Reversion Upside Bias
2026-04-28,BAC,BANK OF AMERICA ,Financials,52.66,0.0005700171005129651,0.011719500480307454,0.08020512820512815,0.08020512820512815,91.1,2.0,17.89999999999999,64.3,64.3,-43.0,-10.0,27.0,-83.0,-83.0,0.02162885,0.01604094,0.00959683,-0.00156688,0.00024732,-0.0024382,Neutral,Mean Reversion Upside Bias
2026-04-28,BALL,BALL ,Materials,61.43,0.005894874733911815,0.0017938682322244937,0.03924885806124179,0.03924885806124179,63.7,11.900000000000006,12.300000000000004,52.400000000000006,52.400000000000006,4.0,0.0,0.0,-49.0,-49.0,0.01221377,0.02283408,-0.0052274,-0.00215182,-0.00427379,-0.00609721,Leaning Bearish,Mean Reversion Upside Bias
2026-04-28,BAX,BAXTER INTERNATIONAL INC.,Health Care,17.94,-0.029745808545159402,-0.012114537444933848,0.06785714285714284,0.06785714285714284,96.2,-1.2000000000000028,5.1000000000000085,70.2,70.2,-27.0,16.0,26.0,-56.0,-56.0,0.03734313,-0.03825196,-0.11852096,-0.00146079,4.17e-06,-0.00658308,Neutral,Mean Reversion Upside Bias
2026-04-28,BBY,"BEST BUY CO., INC.",Consumer Discretionary,59.11,-0.0026995107136832397,-0.022167080231596414,-0.07928348909657323,-0.07928348909657323,8.5,-5.4,-19.1,-40.7,-40.7,9.0,-27.0,-26.0,3.0,3.0,-0.01515751,-0.00184183,-0.06812967,-0.00470761,0.02269703,-0.00087349,Neutral,Mean Reversion Upside Bias
2026-04-28,BDX,"BECTON, DICKINSON AND COMPANY",Health Care,149.52,-0.004659832246039053,-0.01722098067569333,-0.04903644342682678,-0.04903644342682678,24.4,-3.6000000000000014,-0.8000000000000007,20.2,20.2,2.0,-12.0,-32.0,-25.0,-25.0,-0.01004962,-0.00630404,-0.01744832,-0.00405816,-0.00558281,-0.00237697,Leaning Bearish,Mean Reversion Upside Bias
2026-04-28,BEN,"FRANKLIN RESOURCES, INC.",Financials,29.46,0.06855277475516863,0.08628318584070804,0.24724809483488563,0.24724809483488563,97.8,2.799999999999997,13.5,88.1,88.1,-23.0,20.0,-16.0,-59.0,-59.0,0.05614946,0.0160679,-0.01427288,0.0088193,0.00570498,0.01105291,Buy,Mean Reversion Downside Bias
2026-04-28,BF.B,BROWN-FORMAN ,Consumer Staples,27.73,0.005074302283436083,-0.0204874602613917,0.048789712556732256,0.048789712556732256,58.5,7.700000000000003,-14.299999999999997,21.4,21.4,-22.0,27.0,57.0,-10.0,-10.0,0.02929476,0.01681728,-0.08714532,-0.0055822,-0.00598118,0.00740098,Sell,Mean Reversion Upside Bias
2026-04-28,BG,BUNGE LIMITED,Consumer Staples,126.36,0.018703643985811036,0.011689351481184884,-0.006603773584905714,-0.006603773584905714,35.5,19.2,4.300000000000001,-41.3,-41.3,22.0,16.0,-20.0,-11.0,-11.0,-0.01117766,0.00750795,0.02258775,2.822e-05,-0.01021317,-0.00438667,Neutral,Mean Reversion Upside Bias
2026-04-28,BIIB,BIOGEN INC.,Health Care,183.38,0.01499972325233867,-0.005423581733376759,0.0002727322314950431,0.0002727322314950431,22.4,-2.8000000000000007,5.099999999999998,-13.100000000000001,-13.100000000000001,48.0,-5.0,-2.0,32.0,32.0,0.01650128,0.02678648,-0.02689614,0.0004658,-0.00035041,0.00759993,Neutral,Crowded Short
2026-04-28,BK,THE BANK OF NEW YORK MELLON ,Financials,133.54,-0.006916040752584229,-0.0038045505408431657,0.12568490263845566,0.12568490263845566,93.5,-0.7000000000000028,2.799999999999997,61.6,61.6,-23.0,7.0,7.0,-52.0,-52.0,0.03577694,0.02278052,0.08977489,-0.00438916,0.00196632,0.01040988,Neutral,Mean Reversion Upside Bias
2026-04-28,BKNG,BOOKING HOLDINGS INC.,Consumer Discretionary,173.38,-0.023321315908066742,-0.038113730929264955,0.0294941952155654,0.0294941952155654,65.7,-10.700000000000003,-6.700000000000003,10.700000000000003,10.700000000000003,-49.0,-21.0,-11.0,-17.0,-17.0,0.00878461,-0.01898457,-0.02063462,-0.00629899,-0.00066384,0.00225038,Sell,Crowded Short
2026-04-28,BKR,BAKER HUGHES COMPANY,Energy,67.67,-0.010383152968704179,-0.018421816071946595,0.1084357084357086,0.1084357084357086,76.0,9.900000000000006,1.2000000000000028,47.6,47.6,17.0,27.0,41.0,-42.0,-42.0,0.04466409,0.01463747,0.0824198,0.00503833,-0.00443748,-0.00091731,Neutral,Crowded Short
2026-04-28,BLDR,"BUILDERS FIRSTSOURCE, INC.",Industrials,88.12,-0.019581664441477464,-0.02132385606397158,0.07032673387586552,0.07032673387586552,91.1,0.3999999999999915,6.3999999999999915,77.0,77.0,-43.0,-34.0,-36.0,-78.0,-78.0,0.04273399,-0.07030143,-0.09960292,-0.00019536,0.01106411,-0.01297272,Neutral,Mean Reversion Upside Bias
2026-04-28,BLK,"BLACKROCK, INC.",Financials,1049.76,-0.0067180137388110905,0.004583863651588027,0.09155566646910196,0.09155566646910196,93.5,0.4000000000000057,19.900000000000006,77.4,77.4,-43.0,0.0,-24.0,-64.0,-64.0,0.03445953,-0.02156784,0.00518817,1.258e-05,0.00183122,-0.00023325,Neutral,Mean Reversion Upside Bias
2026-04-28,BMY,BRISTOL-MYERS SQUIBB COMPANY,Health Care,58.26,0.008307372793354029,-0.007664793050587648,-0.03940643033800495,-0.03940643033800495,30.0,-10.299999999999997,-10.899999999999999,-14.200000000000003,-14.200000000000003,34.0,-12.0,-9.0,-13.0,-13.0,-0.00235064,0.02476491,0.02684185,0.00415941,-0.00027213,0.00782949,Neutral,Crowded Short
2026-04-28,BR,"BROADRIDGE FINANCIAL SOLUTIONS, INC.",Industrials,158.83,0.01579687899718607,0.024247114206487508,-0.022464303298867394,-0.022464303298867394,53.8,-8.100000000000001,0.7999999999999972,38.9,38.9,-5.0,0.0,-9.0,-11.0,-11.0,-0.01191143,-0.05116616,-0.04045517,0.00193382,0.01003776,0.00683081,Leaning Bullish,Mean Reversion Upside Bias
2026-04-28,BRK.B,"BERKSHIRE HATHAWAY INC.,",Financials,478.16,0.011315327509993534,0.018835762379613152,-0.0021702838063438756,-0.0021702838063438756,71.2,-4.0,30.1,17.800000000000004,17.800000000000004,3.0,0.0,0.0,6.0,6.0,-0.00473314,-0.00036413,0.02540134,0.00159828,0.00389013,-0.00213262,Buy,Mean Reversion Upside Bias
2026-04-28,BRO,"BROWN & BROWN, INC.",Financials,63.14,-0.04506957047791904,-0.04188163884673757,-0.031743597607728824,-0.031743597607728824,60.1,-33.699999999999996,-22.800000000000004,47.6,47.6,4.0,44.0,31.0,-10.0,-10.0,-0.01111708,-0.02443081,-0.02043911,-0.01349692,0.00181042,-0.00467286,Neutral,Crowded Short
2026-04-28,BSX,BOSTON SCIENTIFIC ,Health Care,58.45,-0.025020850708924125,-0.058321250201385455,-0.06852589641434259,-0.06852589641434259,45.4,13.899999999999999,8.699999999999996,37.3,37.3,-33.0,0.0,-22.0,-2.0,-2.0,-0.00555062,-0.07631047,-0.0123531,-0.00617247,-0.0049804,-0.00695477,Leaning Bearish,Mean Reversion Downside Bias
2026-04-28,BTC=F,BITCOIN FUTURES,Futures,76725.0,-0.009680542110358181,-0.017731404429650488,0.1195826645264848,0.1195826645264848,94.6,-0.4000000000000057,3.5,44.8,44.8,-51.0,0.0,-17.0,-22.0,-22.0,0.03274847,-0.07431064,-0.02235598,-0.01164869,0.01319436,-0.00216921,Neutral,
2026-04-28,BTI,BRITISH AMERICAN TOBACCO P.L.C.,MR Discretion,58.47,0.020062805303558973,0.006541573420554281,0.0,0.0,38.7,4.200000000000003,1.6000000000000014,17.500000000000004,17.500000000000004,33.0,-13.0,0.0,4.0,4.0,-0.0023368,-0.01246292,0.08260131,0.0006783,-0.00376776,-0.00036872,Neutral,Crowded Short
2026-04-28,BTU,PEABODY ENERGY ,MR Discretion,26.9,-0.006280014776505416,0.011278195488721776,-0.1836115326251898,-0.1836115326251898,2.2,2.0,1.2000000000000002,-24.2,-24.2,33.0,30.0,30.0,41.0,41.0,-0.07165331,-0.06860229,0.0313061,0.00296161,-0.00188615,-0.0108615,Bottoming,Mean Reversion Upside Bias
2026-04-28,BX,BLACKSTONE INC,Financials,121.52,0.009553875550386337,-0.0010686395396630743,0.05678754674319508,0.05678754674319508,68.5,-7.099999999999994,-6.299999999999997,5.200000000000003,5.200000000000003,-28.0,0.0,25.0,-7.0,-7.0,0.0233691,-0.04530096,-0.01416137,-0.00102664,0.00748783,0.00343191,Neutral,Crowded Short
2026-04-28,BXP,"BOSTON PROPERTIES, INC.",Real Estate,59.16,0.019472686541444073,0.024770483284254352,0.1398843930635838,0.1398843930635838,99.4,4.0,10.300000000000011,69.80000000000001,69.80000000000001,-43.0,10.0,-20.0,-101.0,-101.0,0.04168161,-0.03882129,-0.04027129,0.00025926,0.00563359,-0.00045632,Neutral,Mean Reversion Upside Bias
2026-04-28,C,CITIGROUP INC.,Financials,128.53,-0.004723555830881132,0.00429754649163927,0.13332157658054844,0.13332157658054844,85.9,4.0,19.200000000000003,42.800000000000004,42.800000000000004,-40.0,17.0,13.0,-45.0,-45.0,0.03954488,0.03155511,0.06012523,-0.00234947,9.632e-05,0.00315777,Neutral,Mean Reversion Upside Bias
2026-04-28,CAG,"CONAGRA BRANDS, INC.",Consumer Staples,14.27,0.010623229461756312,0.007057163020465662,-0.09223918575063617,-0.09223918575063617,25.2,-2.0,-14.7,17.5,17.5,9.0,0.0,-13.0,9.0,9.0,-0.03431744,-0.04390727,-0.07768545,-0.00150848,-0.01411074,-0.01315971,Sell,Mean Reversion Upside Bias
2026-04-28,CAH,"CARDINAL HEALTH, INC.",Health Care,205.61,0.01616091726796487,0.028821616212159284,-0.02697458709952194,-0.02697458709952194,37.1,8.700000000000003,18.6,29.200000000000003,29.200000000000003,60.0,42.0,45.0,25.0,25.0,-0.02274867,-0.01241494,0.07638927,0.00026625,-0.00779668,0.00095706,Neutral,Crowded Short
2026-04-28,CALM,"CAL-MAINE FOODS, INC.",MR Discretion,77.28,-0.0064283877603497075,0.01364113326337879,-0.02362602653190149,-0.02362602653190149,47.8,-7.600000000000001,5.099999999999994,36.5,36.5,3.0,18.0,66.0,-49.0,-49.0,-0.00974363,-0.00356112,0.05503977,0.00468819,-0.0023286,-0.00549224,Bottoming,Mean Reversion Upside Bias
2026-04-28,CANE,TEUCRIUM:SUGAR,Commodities,9.56,0.018104366347177825,0.010570824524312794,-0.08429118773946354,-0.08429118773946354,15.7,9.5,7.199999999999999,-80.89999999999999,-80.89999999999999,62.0,33.0,42.0,97.0,97.0,-0.02126219,0.00477586,-0.02063548,0.00634155,0.00273987,0.01031816,Leaning Bullish,Mean Reversion Upside Bias
2026-04-28,CARR,CARRIER GLOBAL ,Industrials,62.0,0.0014537231465030498,0.016893554206987016,0.10104777126620479,0.10104777126620479,77.2,0.0,6.400000000000006,42.900000000000006,42.900000000000006,-47.0,0.0,11.0,-85.0,-85.0,0.03244736,0.02787198,0.00277483,0.00222269,-0.0045986,-0.00616207,Topping,Mean Reversion Downside Bias
2026-04-28,CASY,"CASEY'S GENERAL STORES, INC.",Consumer Staples,784.61,-0.024723430702299543,-0.01868551059971224,0.07796829060533628,0.07796829060533628,87.5,-7.900000000000006,-6.299999999999997,27.799999999999997,27.799999999999997,12.0,29.0,40.0,1.0,1.0,0.02473782,0.04243596,0.10405985,-0.00389965,0.00904254,0.00381528,Bottoming,Mean Reversion Upside Bias
2026-04-28,CAT,CATERPILLAR INC.,Industrials,817.87,-0.013175834650514529,-0.015551463065275217,0.1544335601163085,0.1544335601163085,81.5,5.900000000000006,9.900000000000006,62.7,62.7,6.0,16.0,16.0,-9.0,-9.0,0.04283503,0.03151962,0.09061148,-0.00319904,0.00105591,0.00106619,Neutral,Mean Reversion Upside Bias
2026-04-28,CB,CHUBB LTD,Financials,330.34,0.017683302526185996,0.01294002207776268,0.013530512686773077,0.013530512686773077,54.6,-1.8999999999999986,4.800000000000004,45.7,45.7,3.0,-12.0,-32.0,-6.0,-6.0,0.00279688,0.03608987,0.02849972,-0.00015432,-0.00083677,0.00325534,Neutral,Crowded Short
2026-04-28,CBOE,"CBOE GLOBAL MARKETS, INC.",Financials,303.64,0.017423937809945,-0.0005595602514729681,0.08030028106877296,0.08030028106877296,74.4,-6.799999999999997,-4.0,69.0,69.0,-29.0,-17.0,28.0,-45.0,-45.0,0.00982038,0.02235835,0.06436836,-0.00472023,0.00217681,0.00214972,Bottoming,Mean Reversion Upside Bias
2026-04-28,CBRE,"CBRE GROUP, INC.",Real Estate,146.93,0.0048556968950896895,-0.009171218558230443,0.08467444263989377,0.08467444263989377,91.5,1.2000000000000028,3.5999999999999943,74.2,74.2,-56.0,-5.0,-39.0,-96.0,-96.0,0.02888489,-0.06910553,0.03445096,-0.00201354,-0.00322189,0.00326492,Leaning Bearish,Crowded Short
2026-04-28,CCI,CROWN CASTLE INC.,Real Estate,86.17,0.032718120805369066,-0.001968959925874425,0.059771245849219,0.059771245849219,89.9,3.6000000000000085,-8.099999999999994,81.0,81.0,-62.0,-53.0,-35.0,-71.0,-71.0,-0.00309412,-0.03487218,-0.02702289,-0.00387921,-0.0015619,0.00848021,Leaning Bearish,Mean Reversion Downside Bias
2026-04-28,CCJ,CAMECO ,MR Discretion,116.31,-0.05523515555194536,-0.047810069586573856,0.07089586594236263,0.07089586594236263,62.1,-15.100000000000001,-8.300000000000004,50.400000000000006,50.400000000000006,11.0,41.0,23.0,-4.0,-4.0,0.03239241,-0.0106034,0.10008322,-0.00777587,-0.01667438,-0.00646116,Leaning Bearish,Crowded Short
2026-04-28,CCL,CARNIVAL CORP,Consumer Discretionary,26.3,-0.017556966753828895,-0.03202061096797937,0.016228748068006338,0.016228748068006338,59.3,-0.4000000000000057,5.5,31.099999999999998,31.099999999999998,8.0,51.0,30.0,-39.0,-39.0,0.02155387,-0.02971862,0.02512925,0.00059166,-0.00746762,0.00054585,Neutral,Mean Reversion Downside Bias
2026-04-28,CDNS,"CADENCE DESIGN SYSTEMS, INC.",Information Technology,325.31,-0.033368990313187186,-0.022770284478356162,0.17072731853024803,0.17072731853024803,89.9,-3.1999999999999886,1.6000000000000085,82.60000000000001,82.60000000000001,-68.0,-66.0,-35.0,-47.0,-47.0,0.0331792,-0.01101163,-0.02029863,-0.00240087,0.01068767,0.00969698,Topping,Mean Reversion Downside Bias
2026-04-28,CDW,CDW ,Information Technology,132.92,-0.0014273908797237667,-0.017735737511084926,0.09833085440423073,0.09833085440423073,90.7,0.0,0.7999999999999972,43.7,43.7,-30.0,5.0,8.0,-42.0,-42.0,0.03405899,0.05075749,-0.06903094,-0.00671215,0.00552198,0.00158235,Neutral,Crowded Short
2026-04-28,CEG,CONSTELLATION ENERGY,Utilities,305.71,-0.030015547165022194,-0.02494179185404899,0.09475380483437768,0.09475380483437768,49.0,-6.799999999999997,-12.299999999999997,36.5,36.5,-5.0,5.0,22.0,-3.0,-3.0,0.03881845,-0.01709109,0.02953809,0.00594033,0.00751868,-0.0071501,Leaning Bullish,Mean Reversion Upside Bias
2026-04-28,CF,"CF INDUSTRIES HOLDINGS, INC.",Materials,122.31,-0.010677020140742455,0.011411560406846988,-0.057994454713493515,-0.057994454713493515,15.3,-5.5,-7.899999999999999,-55.10000000000001,-55.10000000000001,1.0,-19.0,-35.0,18.0,18.0,-0.04135734,0.09743098,0.07636831,-0.0034957,-0.00231107,0.00799828,Leaning Bearish,Crowded Long
2026-04-28,CFG,"CITIZENS FINANCIAL GROUP, INC.",Financials,64.99,0.0032417412781722277,0.01881172597585823,0.08370852092713021,0.08370852092713021,86.7,4.0,18.0,50.800000000000004,50.800000000000004,-45.0,0.0,-4.0,-93.0,-93.0,0.02242515,0.00195496,0.06503906,-0.00111186,-0.00208162,-0.0021113,Leaning Bearish,Mean Reversion Upside Bias
2026-04-28,CHD,"CHURCH & DWIGHT CO., INC.",Consumer Staples,97.08,0.017610062893081757,0.021679646390233565,0.0402914702100301,0.0402914702100301,78.4,13.5,6.400000000000006,77.0,77.0,-23.0,-26.0,-16.0,-50.0,-50.0,0.01236311,0.00290516,0.00991032,0.00475732,-0.01108643,-0.0048565,Neutral,Crowded Short
2026-04-28,CHRW,"C.H. ROBINSON WORLDWIDE, INC.",Industrials,187.96,-0.002441354420974262,0.026935475058733616,0.1318118865538629,0.1318118865538629,85.5,1.5999999999999943,27.0,85.3,85.3,18.0,0.0,7.0,-5.0,-5.0,0.03932066,-0.0558399,0.11748548,0.00391518,-0.02159871,0.00893378,Neutral,Crowded Short
2026-04-28,CHTR,"CHARTER COMMUNICATIONS, INC.",Communication Services,173.11,-0.008590573277590052,-0.03897185366124456,-0.19811932555123213,-0.19811932555123213,26.8,-1.5999999999999979,-4.699999999999999,-9.499999999999996,-9.499999999999996,64.0,0.0,75.0,59.0,59.0,-0.06960191,0.01078507,-0.01818495,-0.01883285,0.0252159,0.00160988,Leaning Bullish,Mean Reversion Downside Bias
2026-04-28,CI,THE CIGNA GROUP,Health Care,284.92,0.00828084082383751,0.03366710201712397,0.06811621368322407,0.06811621368322407,95.8,5.099999999999994,36.5,75.4,75.4,-43.0,-8.0,-24.0,-33.0,-33.0,0.00718877,0.01932828,-0.05487744,-0.00166331,0.00447561,-0.00257935,Neutral,Mean Reversion Upside Bias
2026-04-28,CIEN,CIENA CORPORATION,Information Technology,473.69,-0.06448236362918192,-0.09045698924731171,0.22012724415939,0.22012724415939,58.1,3.5,-2.0,22.6,22.6,-2.0,-39.0,-39.0,6.0,6.0,0.03713994,0.11929449,0.25312709,-0.0132956,-0.00126064,0.03032299,Sell,Mean Reversion Upside Bias
2026-04-28,CINF,CINCINNATI FINANCIAL ,Financials,164.96,-0.004105288577638144,0.0029182879377434023,0.04836352081347317,0.04836352081347317,88.3,-3.6000000000000085,6.0,86.89999999999999,86.89999999999999,-12.0,3.0,0.0,-12.0,-12.0,0.01182788,0.02326302,0.04093695,-0.00442897,0.002104,-0.00227077,Bottoming,Mean Reversion Upside Bias
2026-04-28,CL,COLGATE-PALMOLIVE COMPANY,Consumer Staples,85.67,0.017821076393014224,0.012049616066154734,0.005162501466619673,0.005162501466619673,64.1,0.7999999999999972,-4.400000000000006,59.099999999999994,59.099999999999994,3.0,-9.0,52.0,-21.0,-21.0,0.00184328,-0.00074891,0.0088148,0.0052063,-0.00710529,-0.00408745,Neutral,Crowded Short
2026-04-28,CLX,THE CLOROX COMPANY,Consumer Staples,96.6,-0.0006207324643079382,-0.021078232671260744,-0.06783749879378564,-0.06783749879378564,45.8,-2.0,-10.200000000000003,34.5,34.5,-1.0,0.0,7.0,-65.0,-65.0,-0.01405004,-0.02914456,-0.03987113,-0.00275058,-0.00563755,-0.00198498,Sell,Mean Reversion Upside Bias
2026-04-28,CMBT,CMB.TECH NV,MR Discretion,13.24,0.005315110098709219,0.030350194552529297,0.04664031620553355,0.04664031620553355,70.8,6.700000000000003,23.799999999999997,65.39999999999999,65.39999999999999,-12.0,-16.0,-34.0,-40.0,-40.0,0.00960716,0.01636012,-0.02963708,1.357e-05,-0.01807528,-0.00073316,Neutral,Mean Reversion Upside Bias
2026-04-28,CMCSA,COMCAST ,Communication Services,27.64,0.004725554343874894,0.002902757619738905,-0.03726924416579591,-0.03726924416579591,45.8,-2.4000000000000057,-1.2000000000000028,19.799999999999997,19.799999999999997,38.0,-18.0,11.0,-1.0,-1.0,0.01160134,0.01787335,-0.04386124,-0.00164365,0.0086008,0.00701809,Neutral,Mean Reversion Downside Bias
2026-04-28,CME,CME GROUP INC.,Financials,284.53,0.009186351706036655,-0.0018592577001333987,-0.036634501438970846,-0.036634501438970846,16.1,-1.1999999999999993,-0.5999999999999979,15.100000000000001,15.100000000000001,-0.0,-0.0,-7.0,-30.0,-30.0,-0.03161275,0.01137648,0.04514642,-0.0034988,-0.00590655,-0.00523532,Sell,Crowded Long
2026-04-28,CMG,"CHIPOTLE MEXICAN GRILL, INC.",Consumer Discretionary,32.87,-0.02288941736028549,-0.039169833382052155,0.0268666041861918,0.0268666041861918,74.4,-11.5,-1.1999999999999886,54.00000000000001,54.00000000000001,-56.0,26.0,-10.0,-47.0,-47.0,0.00357995,-0.04524777,-0.08506573,-0.0071026,-0.00293283,-0.01410988,Sell,Mean Reversion Upside Bias
2026-04-28,CMI,CUMMINS INC.,Industrials,642.45,-0.027739943702896452,-0.027695800227014677,0.19410059105609467,0.19410059105609467,97.0,-1.2000000000000028,3.200000000000003,76.4,76.4,-27.0,16.0,8.0,-68.0,-68.0,0.05155968,-0.00379543,0.07221272,-0.0033873,0.00330106,0.00074815,Neutral,Mean Reversion Upside Bias
2026-04-28,CMRE,COSTAMARE INC.,MR Discretion,16.51,-0.014916467780429543,0.000606060606060721,-0.023076923076922884,-0.023076923076922884,31.9,1.5,11.899999999999999,15.0,15.0,6.0,1.0,-8.0,6.0,6.0,-0.01214062,-0.00067677,0.03362487,-0.00052326,-0.00231304,-0.00037505,Sell,Crowded Short
2026-04-28,CMS,CMS ENERGY ,Utilities,75.92,-0.0017094017094017033,-0.00458896027271527,-0.02139726733694247,-0.02139726733694247,26.0,-18.200000000000003,-20.200000000000003,-21.0,-21.0,47.0,2.0,49.0,-11.0,-11.0,-0.00969599,0.01048836,0.03118739,-0.00038924,-0.0005207,0.00089023,Neutral,Mean Reversion Upside Bias
2026-04-28,CNC,CENTENE ,Health Care,49.57,0.13954022988505743,0.18531802965088473,0.5140500916310322,0.5140500916310322,99.8,0.0,0.7999999999999972,93.3,93.3,-27.0,-18.0,26.0,-25.0,-25.0,0.0958933,-0.00399971,-0.13925574,0.03209415,0.05531561,0.00794004,Buy,Mean Reversion Downside Bias
2026-04-28,CNP,"CENTERPOINT ENERGY, INC.",Utilities,43.13,0.0055957099557006895,0.015540381445726448,-0.0006950880444854812,-0.0006950880444854812,46.2,-6.399999999999999,0.0,11.100000000000001,11.100000000000001,5.0,-2.0,-2.0,-38.0,-38.0,-0.00490888,0.02423283,0.05537887,-0.00178588,-0.00074976,0.0014331,Sell,Crowded Short
2026-04-28,CNR,"CORE NATURAL RESOURCES, INC.",MR Discretion,89.37,0.015799045237554044,0.041608391608391804,-0.14666284732168433,-0.14666284732168433,1.4,1.2,1.2,-75.0,-75.0,55.0,0.0,25.0,93.0,93.0,-0.05863534,-0.01877868,0.02787634,0.002081,0.00393996,0.00060669,Buy,Mean Reversion Upside Bias
2026-04-28,COF,CAPITAL ONE FINANCIAL ,Financials,192.1,-0.010354953376951359,0.0037097027012906736,0.05300663268102834,0.05300663268102834,73.2,-2.799999999999997,9.100000000000009,53.2,53.2,-23.0,25.0,-9.0,-63.0,-63.0,0.0213468,-0.01226791,0.02575793,-0.00086819,-0.00017287,-0.00427492,Neutral,Crowded Short
2026-04-28,COHR,COHERENT CORP.,Information Technology,303.97,-0.054613877398687394,-0.09556963908476879,0.27605893959111705,0.27605893959111705,83.1,3.5,1.1999999999999886,78.5,78.5,-13.0,6.0,-19.0,13.0,13.0,0.07202989,0.07261171,0.17002004,-0.01789439,-0.02568228,0.02224203,Sell,Mean Reversion Upside Bias
2026-04-28,COIN,"COINBASE GLOBAL, INC.",Financials,194.1,-0.01311775472849308,-0.028382640036041518,0.11162018212015345,0.11162018212015345,85.9,0.0,11.100000000000009,37.300000000000004,37.300000000000004,-35.0,0.0,1.0,34.0,34.0,0.05175112,-0.0601327,-0.03993036,-0.00462492,0.0239591,-0.00148166,Neutral,Mean Reversion Upside Bias
2026-04-28,COMT,ISHARES:GSCI COMM DYN RS,Commodities,35.11,0.01327561327561333,0.023316817254444677,0.038450162673765,0.038450162673765,45.2,0.6000000000000014,-10.199999999999996,-40.7,-40.7,-5.0,-34.0,-34.0,9.0,9.0,-0.00169686,0.06689247,0.03939763,-5.499e-05,-0.00924121,0.00021172,Neutral,Crowded Long
2026-04-28,COO,"THE COOPER COMPANIES, INC.",Health Care,63.09,-0.019428038545228454,-0.020645762185656613,-0.1176223776223776,-0.1176223776223776,8.1,-2.0,1.1999999999999993,3.0999999999999996,3.0999999999999996,-33.0,-35.0,-7.0,-53.0,-53.0,-0.02952939,-0.03696445,-0.051135,-0.00148196,-0.00319789,-0.00843027,Sell,Mean Reversion Upside Bias
2026-04-28,COP,CONOCOPHILLIPS,Energy,124.32,0.021696252465483123,0.021024967148488782,-0.05818181818181822,-0.05818181818181822,13.3,9.3,6.000000000000001,-80.9,-80.9,33.0,27.0,5.0,66.0,66.0,-0.02802596,0.02443861,0.00490084,-0.00051647,-0.00319627,-0.000768,Leaning Bearish,Crowded Short
2026-04-28,COR,"CENCORA, INC.",Health Care,311.99,0.0059001805519731665,0.012330056134203016,-0.006844082256318718,-0.006844082256318718,45.8,13.5,24.599999999999998,44.8,44.8,15.0,8.0,-15.0,15.0,15.0,-0.01076766,-0.03716015,0.04792613,0.0001655,-0.00415449,0.00886224,Neutral,Mean Reversion Upside Bias
2026-04-28,CORN,TEUCRIUM:CORN,Commodities,18.77,0.01404646137223109,0.027367268746579132,0.02010869565217388,0.02010869565217388,78.8,27.799999999999997,57.199999999999996,6.799999999999997,6.799999999999997,-2.0,25.0,-9.0,-19.0,-19.0,0.00364185,0.02719108,-0.00523256,0.00439172,0.00196555,0.00034769,Leaning Bullish,Mean Reversion Upside Bias
2026-04-28,COST,COSTCO WHOLESALE ,Consumer Staples,994.0,-0.004017995811665176,-0.01696088611976465,-0.0024387061810663413,-0.0024387061810663413,52.2,-12.700000000000003,-26.200000000000003,10.700000000000003,10.700000000000003,3.0,0.0,47.0,8.0,8.0,0.00159573,0.00173046,0.02174628,-0.00269628,0.00038773,0.00177687,Neutral,Crowded Short
2026-04-28,CPAY,"FLEETCOR TECHNOLOGIES, INC.",Financials,311.57,-0.0038366851040700922,-0.004282381515451794,0.0707240798652875,0.0707240798652875,85.5,-3.5999999999999943,3.5999999999999943,80.7,80.7,-29.0,-8.0,-8.0,-48.0,-48.0,0.01646084,0.00974395,-0.02103871,-0.00281935,0.0028432,-0.00392833,Topping,Mean Reversion Upside Bias
2026-04-28,CPB,CAMPBELL SOUP COMPANY,Consumer Staples,20.54,-0.00048661800486626827,-0.0038797284190107417,-0.07768298158958242,-0.07768298158958242,29.2,-16.599999999999998,-36.5,14.299999999999999,14.299999999999999,-6.0,41.0,8.0,-6.0,-6.0,-0.02058341,-0.06057548,-0.08967781,0.0049312,-0.01103483,-0.00261888,Topping,Mean Reversion Upside Bias
2026-04-28,CPER,UNITED STATES COPPER IDX,Commodities,36.24,-0.018683996750609166,-0.018949648077964176,0.05257043276212614,0.05257043276212614,81.5,-13.5,-13.900000000000006,59.9,59.9,-40.0,8.0,-13.0,-81.0,-81.0,0.01984262,-0.02320517,0.06401574,-0.00165545,-0.019331,-0.01250713,Leaning Bearish,Mean Reversion Upside Bias
2026-04-28,CPRT,"COPART, INC.",Industrials,33.34,0.004519433564326825,0.008164499546416737,0.004216867469879482,0.004216867469879482,80.0,0.7999999999999972,11.5,75.8,75.8,-35.0,17.0,17.0,12.0,12.0,-0.00038106,-0.06212937,-0.02296479,0.00023316,-0.00209789,-0.00548891,Neutral,Mean Reversion Upside Bias
2026-04-28,CPT,CAMDEN PROPERTY TRUST,Real Estate,105.93,0.04261811023622064,0.041081081081081106,0.08468154822854812,0.08468154822854812,94.6,6.699999999999989,9.5,92.8,92.8,-20.0,12.0,-9.0,-20.0,-20.0,0.0104857,-0.01333768,-0.01180332,0.00449338,0.00223252,-0.00618329,Leaning Bullish,Crowded Short
2026-04-28,CRESY,CRESUD INC.,MR Discretion,11.26,0.0035650623885916666,0.01900452488687776,-0.11477987421383651,-0.11477987421383651,14.1,-1.5999999999999996,1.5999999999999996,-85.30000000000001,-85.30000000000001,36.0,-4.0,42.0,92.0,92.0,-0.03463722,-0.04822223,0.02835726,0.00334869,-0.02745803,-0.00890851,Neutral,Mean Reversion Upside Bias
2026-04-28,CRH,CRH PUBLIC LIMITED COMPANY,Materials,114.44,-0.019113739607439784,-0.030169491525423697,0.08866057838660568,0.08866057838660568,84.7,-9.099999999999994,-4.3999999999999915,63.5,63.5,-61.0,-18.0,-21.0,-107.0,-107.0,0.03047047,-0.01737566,0.01271068,-0.00205021,-0.00096244,-0.00371672,Leaning Bearish,Mean Reversion Upside Bias
2026-04-28,CRL,CHARLES RIVER LABORATORIES,Health Care,166.79,-0.025930035624598502,-0.017726737338044862,-0.033101449275362405,-0.033101449275362405,47.4,-4.399999999999999,3.1999999999999957,6.699999999999996,6.699999999999996,-9.0,6.0,-28.0,-20.0,-20.0,-0.00601255,-0.08816186,-0.0972527,-0.00357817,-0.00238567,-0.00059335,Sell,Crowded Short
2026-04-28,CRM,"SALESFORCE, INC.",Information Technology,181.32,0.006327006327006224,0.017736865738661844,-0.028660202496384013,-0.028660202496384013,54.6,-10.100000000000001,8.800000000000004,11.899999999999999,11.899999999999999,38.0,45.0,70.0,43.0,43.0,-0.01277872,-0.06478019,-0.07306197,0.00233111,0.00491402,-0.00346663,Buy,Crowded Short
2026-04-28,CRWD,"CROWDSTRIKE HOLDINGS, INC.",Information Technology,454.99,0.0008358813048547908,0.015308057929618757,0.16541584488102257,0.16541584488102257,94.2,-2.0,17.799999999999997,46.400000000000006,46.400000000000006,-43.0,17.0,10.0,-38.0,-38.0,0.03622449,-0.05234908,-0.01070373,-0.00594224,0.00560438,0.00443663,Neutral,Mean Reversion Upside Bias
2026-04-28,CSCO,"CISCO SYSTEMS, INC.",Information Technology,86.86,-0.015862225243598482,-0.024154589371980784,0.11947415904111347,0.11947415904111347,93.5,10.599999999999994,17.900000000000006,65.1,65.1,-41.0,-9.0,-45.0,-95.0,-95.0,0.03598787,0.0526126,0.04873634,-0.00847278,-0.00426551,0.00445863,Leaning Bearish,Mean Reversion Upside Bias
2026-04-28,CSGP,"COSTAR GROUP, INC.",Real Estate,35.96,-0.007726269315673329,-0.013172338090010838,-0.1085770946950918,-0.1085770946950918,22.4,-16.700000000000003,-2.400000000000002,13.499999999999998,13.499999999999998,-9.0,3.0,-29.0,11.0,11.0,-0.03565678,-0.1445644,-0.10471223,-0.00366846,-0.02113938,-0.00906202,Leaning Bearish,Crowded Short
2026-04-28,CSX,CSX ,Industrials,45.23,-0.005059392872855395,-0.003963884606914769,0.1018270401948842,0.1018270401948842,85.9,-2.0,-2.799999999999997,57.50000000000001,57.50000000000001,-49.0,0.0,-14.0,-108.0,-108.0,0.03763349,0.05162539,0.02030353,-4.43e-06,0.00045198,0.01277139,Neutral,Mean Reversion Downside Bias
2026-04-28,CTAS,CINTAS ,Industrials,174.22,0.0010342450011491255,-0.009550881182490034,0.030034291119782397,0.030034291119782397,77.6,-8.300000000000011,0.7999999999999972,76.6,76.6,-31.0,-13.0,0.0,-31.0,-31.0,0.00350768,-0.02962407,0.00099583,-0.00114484,0.00012924,-0.00081253,Neutral,Mean Reversion Upside Bias
2026-04-28,CTRA,COTERRA ENERGY INC.,Energy,34.63,0.02851202851202861,0.032806441992245805,-0.014513375071143919,-0.014513375071143919,24.4,15.099999999999998,12.099999999999998,-68.30000000000001,-68.30000000000001,41.0,5.0,-18.0,49.0,49.0,-0.01408402,0.03198805,0.03629504,0.00342993,-0.0011122,-0.00195373,Bottoming,Crowded Short
2026-04-28,CTSH,COGNIZANT TECHNOLOGY SOLUTIONS ,Information Technology,55.12,0.008969430715723758,0.0001814552712755546,-0.10154849225753881,-0.10154849225753881,16.9,-4.300000000000001,-1.9000000000000021,-19.4,-19.4,25.0,0.0,0.0,11.0,11.0,-0.03895439,-0.07892764,-0.03414681,-0.0015795,-0.00542601,0.00458502,Leaning Bearish,Crowded Short
2026-04-28,CTVA,"CORTEVA, INC.",Materials,78.94,-0.006043817678166752,-0.010776942355889663,-0.05698243937402936,-0.05698243937402936,5.8,-7.1000000000000005,-5.8999999999999995,-53.900000000000006,-53.900000000000006,-16.0,-11.0,-56.0,-14.0,-14.0,-0.01991067,0.02384679,0.02799937,-0.00161374,-0.00313303,0.00309928,Sell,Mean Reversion Upside Bias
2026-04-28,CVNA,CARVANA CO.,Consumer Discretionary,406.42,-0.0007621763823666416,-0.006502395619438661,0.2927667154399136,0.2927667154399136,97.8,7.099999999999994,6.700000000000003,63.5,63.5,-43.0,0.0,0.0,-48.0,-48.0,0.08342245,-0.0167402,0.13411114,-0.00438913,0.02486882,-0.00361435,Neutral,Mean Reversion Upside Bias
2026-04-28,CVS,CVS HEALTH ,Health Care,80.98,0.03343542623787643,0.0390043623299976,0.12754107490949607,0.12754107490949607,87.1,3.5999999999999943,7.8999999999999915,86.1,86.1,-68.0,-25.0,-40.0,-92.0,-92.0,0.01351772,0.00765933,-0.03414218,-0.00983979,0.03294657,0.00510038,Topping,Mean Reversion Downside Bias
2026-04-28,CVX,CHEVRON ,Energy,188.36,0.019374391167875427,0.017007720965390716,-0.08960850652489116,-0.08960850652489116,1.4,1.2,0.7999999999999999,-87.3,-87.3,37.0,0.0,6.0,69.0,69.0,-0.02553612,0.02506004,0.03643522,0.00196205,-0.0059932,-0.00409443,Bottoming,Crowded Short
2026-04-28,D,"DOMINION ENERGY, INC.",Utilities,62.89,0.006240000000000023,0.004953659316075498,0.01730831446133929,0.01730831446133929,55.2,-8.899999999999991,-9.700000000000003,29.6,29.6,35.0,0.0,44.0,-9.0,-9.0,0.00183012,0.01769499,0.02683735,0.00050859,-0.00015561,-0.00356315,Neutral,Crowded Short
2026-04-28,DAL,"DELTA AIR LINES, INC.",Industrials,67.22,-0.014369501466275691,-0.017969320672023392,0.011131167268351394,0.011131167268351394,61.3,4.599999999999994,14.299999999999997,7.899999999999999,7.899999999999999,26.0,36.0,36.0,31.0,31.0,0.02186395,0.00735785,0.00919,-0.00189481,0.00437899,-0.00594559,Neutral,Mean Reversion Upside Bias
2026-04-28,DASH,"DOORDASH, INC.",Consumer Discretionary,171.97,-0.012007353786050778,-0.027208960289625495,0.14532134532134533,0.14532134532134533,80.0,-5.5,-0.4000000000000057,68.7,68.7,-48.0,6.0,-15.0,-54.0,-54.0,0.03920071,-0.04287266,-0.00614181,-0.00566472,-0.00066036,-0.00763513,Leaning Bearish,Crowded Short
2026-04-28,DBA,INVESCO DB MS AGRI,Commodities,27.96,0.01414581066376508,0.020810514786418377,0.02342606149341142,0.02342606149341142,83.9,13.100000000000009,19.200000000000003,-15.5,-15.5,-17.0,12.0,10.0,18.0,18.0,0.00609696,0.0199756,0.01691247,0.00384685,0.00387677,-0.00424793,Leaning Bullish,Crowded Short
2026-04-28,DBB,INVESCO DB MS BMTL,Commodities,24.87,-0.008768433638899897,-0.012703453751488736,0.058297872340425494,0.058297872340425494,93.1,-5.5,-6.300000000000011,73.89999999999999,73.89999999999999,-48.0,-21.0,-21.0,-107.0,-107.0,0.01718338,-0.00510382,0.02497948,-0.00053938,-0.01077198,-0.01494146,Leaning Bearish,Mean Reversion Upside Bias
2026-04-28,DBC,INVESCO DB CM IDX,Commodities,30.34,0.008308408109006349,0.016075016744809156,0.04801381692573403,0.04801381692573403,66.1,5.199999999999996,-8.300000000000011,-22.60000000000001,-22.60000000000001,9.0,-8.0,0.0,23.0,23.0,0.00483596,0.05493139,0.02641009,7.587e-05,-0.01637654,-0.00024596,Neutral,Mean Reversion Upside Bias
2026-04-28,DD,"DUPONT DE NEMOURS, INC.",Materials,45.33,-0.029128292996358995,-0.021584286639326544,-0.010262008733624484,-0.010262008733624484,36.1,-5.0,8.100000000000001,19.200000000000003,19.200000000000003,16.0,-6.0,2.0,-68.0,-68.0,0.00513076,-0.01708275,0.02592574,-0.00111058,-0.0044846,-0.00292892,Leaning Bearish,Mean Reversion Upside Bias
2026-04-28,DDOG,"DATADOG, INC.",Information Technology,131.55,-0.008367254635911259,0.015987025023169732,0.1143583227445999,0.1143583227445999,78.0,-0.4000000000000057,26.6,22.6,22.6,-36.0,-8.0,-17.0,-31.0,-31.0,0.03008262,-0.07946042,-0.00835629,0.00814257,-0.01044595,0.00211585,Neutral,Mean Reversion Upside Bias
2026-04-28,DE,DEERE & COMPANY,Industrials,563.86,-0.006746639891490158,0.002168349210863063,0.000994141665187298,0.000994141665187298,53.4,5.600000000000001,24.2,50.0,50.0,7.0,0.0,15.0,-23.0,-23.0,-0.00282884,0.04073608,0.06726885,-0.00340948,-0.00577532,-0.00154554,Sell,Crowded Short
2026-04-28,DECK,DECKERS OUTDOOR ,Consumer Discretionary,106.18,-0.00552589678748705,-0.021652999170736154,0.060845239284643915,0.060845239284643915,80.4,-3.0999999999999943,-3.0999999999999943,54.400000000000006,54.400000000000006,-77.0,0.0,-34.0,-68.0,-68.0,0.0244256,-0.01698897,-0.04341309,-0.0031234,-0.02331223,-0.00247902,Sell,Mean Reversion Upside Bias
2026-04-28,DELL,DELL TECHNOLOGIES INC.,Information Technology,205.93,-0.04648793813955643,-0.047017446434356014,0.2546761713276062,0.2546761713276062,84.3,-3.200000000000003,2.0,16.599999999999994,16.599999999999994,-33.0,7.0,7.0,3.0,3.0,0.06256577,0.14173087,0.03190247,-0.01042593,0.01234342,0.00829724,Neutral,Crowded Short
2026-04-28,DG,DOLLAR GENERAL ,Consumer Staples,115.82,-0.013037920749893517,-0.040510313975644086,-0.024509391055335672,-0.024509391055335672,33.9,-8.800000000000004,-13.100000000000001,31.9,31.9,-1.0,15.0,-27.0,-1.0,-1.0,-0.01315855,-0.0177429,-0.02219277,-0.009014,-0.00319193,-0.0121567,Sell,Mean Reversion Upside Bias
2026-04-28,DGX,QUEST DIAGNOSTICS INC.,Health Care,195.05,-0.008035396429842745,-0.006215927039282643,-0.004745382181855162,-0.004745382181855162,38.7,-8.299999999999997,-0.3999999999999986,33.300000000000004,33.300000000000004,46.0,13.0,7.0,-9.0,-9.0,0.00960813,0.03189218,0.04602905,-0.00280445,-6.011e-05,-0.00618858,Neutral,Crowded Short
2026-04-28,DHI,"D.R. HORTON, INC.",Consumer Discretionary,156.41,-0.01832674323730632,-0.02182614133833649,0.13984841859787212,0.13984841859787212,97.4,-0.7999999999999972,0.0,85.7,85.7,-70.0,0.0,-35.0,-155.0,-155.0,0.05108994,0.01130956,-0.01233041,-0.0037326,0.00628075,-0.00229801,Topping,Mean Reversion Downside Bias
2026-04-28,DHR,DANAHER ,Health Care,178.98,-0.009079836120031048,0.0097602256699576,-0.05601265822784818,-0.05601265822784818,33.5,-6.799999999999997,9.899999999999999,12.3,12.3,26.0,3.0,13.0,-22.0,-22.0,-0.0145923,-0.05741399,-0.03658078,-0.00067041,0.01300795,-0.00419862,Neutral,Mean Reversion Downside Bias
2026-04-28,DHT,"DHT HOLDINGS, INC.",MR Discretion,18.29,-0.0027262813522356266,0.012735326688815052,0.0010946907498632363,0.0010946907498632363,41.9,4.399999999999999,3.1999999999999957,17.9,17.9,34.0,0.0,18.0,-19.0,-19.0,0.00827356,0.09811682,0.07600109,0.00606168,-0.00215392,-0.0009118,Neutral,Mean Reversion Upside Bias
2026-04-28,DIA,SPDR DOW JONES INDUS AVG,Sector & Style ETFs,491.42,-0.0008336213732386133,-0.0016050059933767624,0.06094691163453447,0.06094691163453447,99.4,0.4000000000000057,5.200000000000003,91.30000000000001,91.30000000000001,-43.0,37.0,27.0,-63.0,-63.0,0.02140294,-0.00741772,-0.00891096,-0.00047308,0.00061339,-0.00022704,Neutral,Mean Reversion Upside Bias
2026-04-28,DIS,THE WALT DISNEY COMPANY,Communication Services,101.47,-0.00859794821690274,-0.011013645224171476,0.05281178667773401,0.05281178667773401,81.5,-5.599999999999994,0.29999999999999716,71.8,71.8,-40.0,3.0,3.0,-19.0,-19.0,0.02045555,-0.0099609,-0.05573778,-0.00287052,0.00049464,-0.00537666,Neutral,Mean Reversion Upside Bias
2026-04-28,DJI,DOW JONES INDUSTRIAL AVG INDEX,Indices,49141.93,-0.0005259540849812394,-0.0018033459196505897,0.06043005504136567,0.06043005504136567,99.4,0.4000000000000057,5.6000000000000085,91.30000000000001,91.30000000000001,-51.0,10.0,0.0,-54.0,-54.0,0.02228311,-0.00772402,-0.00905395,-0.00046642,0.0005537,-0.00025877,Neutral,
2026-04-28,DLR,"DIGITAL REALTY TRUST, INC.",Real Estate,194.58,-0.008964041968014591,-0.027099999999999902,0.0797403029798569,0.0797403029798569,92.7,-2.700000000000003,-6.299999999999997,39.300000000000004,39.300000000000004,-48.0,16.0,-5.0,-46.0,-46.0,0.02820585,0.05540769,0.01917937,-0.00167962,-0.00376111,0.01147584,Leaning Bearish,Mean Reversion Upside Bias
2026-04-28,DLTR,"DOLLAR TREE, INC.",Consumer Staples,98.22,0.0022448979591835894,-0.05330120481927714,-0.10309560770705872,-0.10309560770705872,27.2,2.0,-8.3,5.599999999999998,5.599999999999998,53.0,0.0,37.0,35.0,35.0,-0.02490604,-0.04782574,-0.06535373,-0.00286377,0.01009556,-0.00297644,Topping,Crowded Short
2026-04-28,DOC,"HEALTHDOC PROPERTIES, INC.",Real Estate,16.05,-0.00925925925925919,-0.023128423615337734,-0.023128423615337734,-0.023128423615337734,35.1,-5.600000000000001,-6.0,14.700000000000003,14.700000000000003,20.0,15.0,7.0,-21.0,-21.0,-0.00979842,-0.0204,-0.01215885,-0.00606662,-0.00429326,-0.00369116,Leaning Bearish,Mean Reversion Upside Bias
2026-04-28,DOV,DOVER ,Industrials,224.14,-0.009238385713654207,-0.0028472284011034077,0.07526984888462462,0.07526984888462462,78.4,3.6000000000000085,14.300000000000011,51.2,51.2,-28.0,-16.0,-1.0,-90.0,-90.0,0.02915254,-0.00348688,0.00343594,0.00034986,0.0046266,-0.0053212,Neutral,Crowded Short
2026-04-28,DOW,DOW INC.,Materials,38.01,-0.0023622047244095112,-0.016813243662700428,-0.0873949579831933,-0.0873949579831933,16.1,-6.299999999999997,-18.199999999999996,-83.30000000000001,-83.30000000000001,24.0,-16.0,27.0,61.0,61.0,-0.03600771,0.06603016,-0.05277833,-0.0011187,0.00709702,-0.00100171,Neutral,Mean Reversion Downside Bias
2026-04-28,DPZ,"DOMINO'S PIZZA, INC.",Consumer Discretionary,340.46,0.015389203698180642,-0.07440937389554958,-0.05108838038964303,-0.05108838038964303,55.0,1.3999999999999986,-19.799999999999997,48.5,48.5,-24.0,0.0,17.0,-55.0,-55.0,-0.03464677,-0.03918582,-0.05565298,-0.01262004,-0.01787257,-0.01773967,Sell,Mean Reversion Downside Bias
2026-04-28,DRI,"DARDEN RESTAURANTS, INC.",Consumer Discretionary,196.51,-0.0110216406643181,-0.022630060678404562,0.0023974699041011682,0.0023974699041011682,51.4,-12.300000000000004,-2.0,25.799999999999997,25.799999999999997,-5.0,0.0,10.0,-69.0,-69.0,0.00900177,-0.01548949,0.02587113,-0.00012014,0.00501805,0.00240569,Neutral,Mean Reversion Upside Bias
2026-04-28,DTE,DTE ENERGY COMPANY,Utilities,148.58,0.014197952218430121,0.011574074074074181,0.016140062918889475,0.016140062918889475,59.3,1.5999999999999943,-0.4000000000000057,19.4,19.4,-14.0,-56.0,-12.0,-44.0,-44.0,-0.00034649,0.0290977,0.03468637,-0.0005169,-0.00092228,0.00252055,Sell,Mean Reversion Upside Bias
2026-04-28,DUK,DUKE ENERGY ,Utilities,127.8,0.005586592178770999,0.004164374950891725,-0.023980449060638453,-0.023980449060638453,18.8,-6.599999999999998,-10.8,-17.900000000000002,-17.900000000000002,64.0,8.0,46.0,-10.0,-10.0,-0.0122583,0.02202494,0.03891035,0.00014718,-0.0004726,-0.0012337,Neutral,Crowded Short
2026-04-28,DVA,DAVITA INC.,Health Care,150.07,0.00013328890369868063,-0.011722094171880193,-0.023553907215824066,-0.023553907215824066,59.1,9.700000000000003,11.300000000000004,-12.100000000000001,-12.100000000000001,8.0,-12.0,-12.0,11.0,11.0,0.00435275,0.13310786,0.00961911,-0.000462,0.00201797,-0.00227683,Neutral,Crowded Short
2026-04-28,DVN,DEVON ENERGY ,Energy,49.48,0.02655601659751028,0.03212348769294948,-0.016693163751987372,-0.016693163751987372,18.1,12.100000000000001,9.200000000000001,-71.4,-71.4,15.0,23.0,11.0,35.0,35.0,-0.01378311,0.03505225,-0.03664014,0.00347644,-0.00463148,-0.00982189,Leaning Bearish,Crowded Short
2026-04-28,DXCM,"DEXCOM, INC.",Health Care,59.32,-0.03403354502524014,-0.03654377131719988,-0.05541401273885349,-0.05541401273885349,35.9,-12.300000000000004,11.5,34.1,34.1,-16.0,-7.0,-16.0,-40.0,-40.0,-0.01132042,-0.07064593,-0.13040626,-0.00734059,-0.00593555,-0.01111406,Sell,Mean Reversion Upside Bias
2026-04-28,DXY,US DOLLAR INDEX,Indices,98.61,0.0014217528181172945,0.001015125367982872,-0.012319711538461564,-0.012319711538461564,6.2,-5.499999999999999,-15.400000000000002,-62.8,-62.8,-29.0,-77.0,-77.0,15.0,15.0,-0.0018159,0.00557315,-0.00898368,0.0003975,0.00567069,-0.00035283,Neutral,
2026-04-28,EA,ELECTRONIC ARTS INC.,Communication Services,202.53,0.0003951592985922403,-0.000690778112202084,-0.006572816010202542,-0.006572816010202542,27.6,-6.699999999999996,-16.199999999999996,-38.1,-38.1,36.0,10.0,10.0,50.0,50.0,-0.01112568,-0.03536259,0.02720468,0.00028544,0.00102189,0.0055125,Neutral,Mean Reversion Upside Bias
2026-04-28,EBAY,EBAY INC.,Consumer Discretionary,100.36,0.0006979758699769967,0.024709005513579685,0.1026148099318831,0.1026148099318831,80.4,1.6000000000000085,16.700000000000003,31.60000000000001,31.60000000000001,-10.0,2.0,-45.0,-44.0,-44.0,0.01112788,0.01506132,0.0865411,-0.00526559,0.0049803,0.00690454,Bottoming,Crowded Short
2026-04-28,EC,ECOPETROL SA,MR Discretion,13.97,0.018221574344023272,0.01231884057971011,-0.06804536357571711,-0.06804536357571711,16.9,5.999999999999998,0.7999999999999972,-75.80000000000001,-75.80000000000001,14.0,0.0,0.0,68.0,68.0,-0.02905652,0.00632638,0.03405679,-0.00197365,-0.00554801,0.00227679,Sell,Crowded Short
2026-04-28,ECH,ISHARES:MSCI CHILE,Foreign,42.09,-0.011971830985915477,-0.016818500350385346,0.058601609657947806,0.058601609657947806,66.5,1.2000000000000028,-4.700000000000003,26.6,26.6,14.0,18.0,18.0,14.0,14.0,0.02038682,-0.03636228,0.06472163,0.00019244,-0.00948936,-0.00489908,Neutral,Mean Reversion Upside Bias
2026-04-28,ECL,ECOLAB INC.,Materials,266.96,-0.0034343736001195557,-0.00938810345467378,0.0035335689045936647,0.0035335689045936647,48.2,-4.399999999999999,-1.5999999999999943,41.7,41.7,5.0,10.0,31.0,-66.0,-66.0,0.00097123,-0.02117208,0.01915733,-0.00330917,-0.00690115,0.00838027,Leaning Bearish,Mean Reversion Upside Bias
2026-04-28,ED,"CONSOLIDATED EDISON, INC.",Utilities,109.62,0.007259027841587828,0.005134788189987249,-0.031454320551334125,-0.031454320551334125,20.0,-4.399999999999999,-9.600000000000001,-30.6,-30.6,47.0,39.0,39.0,-6.0,-6.0,-0.01550861,0.01992709,0.03605392,6.907e-05,-0.00111984,-0.00152608,Neutral,Mean Reversion Upside Bias
2026-04-28,EDEN,ISHARES:MSCI DENMARK,Foreign,109.43,-0.0011865644395764319,-0.002097391938719606,0.04527653070971449,0.04527653070971449,86.3,-4.400000000000006,-2.799999999999997,33.3,33.3,-48.0,24.0,0.0,-52.0,-52.0,0.00689092,-0.02487775,-0.01973589,0.00010231,-0.00483821,-0.00071515,Neutral,
2026-04-28,EDV,VANGUARD EXT DUR T;ETF,Bonds,64.11,0.002815579540121904,-0.0043485013200808,-0.012933025404157084,-0.012933025404157084,32.3,-24.200000000000003,-19.900000000000006,14.599999999999998,14.599999999999998,16.0,-10.0,-18.0,-37.0,-37.0,-0.00029161,-0.00353429,-0.0086983,0.00119051,-0.0011284,0.00551738,Topping,Mean Reversion Upside Bias
2026-04-28,EFNL,ISHARES:MSCI FINLAND,Foreign,52.88,-0.005454203498213239,-0.003204524033930123,0.07962433646386291,0.07962433646386291,90.7,-1.2000000000000028,8.799999999999997,67.5,67.5,-47.0,0.0,-20.0,-87.0,-87.0,0.01802013,-0.00709919,0.03712129,-0.00109665,-0.00936451,0.00189979,Leaning Bearish,
2026-04-28,EFX,EQUIFAX INC.,Industrials,171.71,0.006683473060913547,-0.004406563460311874,-0.04642638973732427,-0.04642638973732427,45.8,-10.0,-8.800000000000004,35.699999999999996,35.699999999999996,35.0,-3.0,0.0,31.0,31.0,-0.00972087,-0.07554868,-0.06287526,-0.00397122,0.00904684,0.00897005,Neutral,Crowded Short
2026-04-28,EG,"EVEREST GROUP, LTD.",Financials,347.07,0.010334187238006498,0.01074611217892718,0.06186324001835697,0.06186324001835697,91.5,-0.7999999999999972,4.400000000000006,66.3,66.3,-30.0,10.0,8.0,-37.0,-37.0,0.01789565,0.00732984,-0.022212,-0.00035686,0.00315547,0.00089919,Neutral,Crowded Short
2026-04-28,EIDO,ISHARES:MSCI INDONESIA,Foreign,15.09,-0.009192383453709874,-0.017578125,-0.04433185560481312,-0.04433185560481312,36.3,-5.200000000000003,-3.200000000000003,24.599999999999998,24.599999999999998,30.0,14.0,25.0,-34.0,-34.0,-0.0046267,-0.01947416,-0.04932873,-0.00130281,0.04786306,-9.891e-05,Topping,Mean Reversion Upside Bias
2026-04-28,EIRL,ISHARES:MSCI IRELAND,Foreign,71.24,0.006214689265536588,-0.0016816143497758729,0.034562881208248575,0.034562881208248575,78.4,8.0,10.300000000000011,57.00000000000001,57.00000000000001,-69.0,-5.0,-42.0,-116.0,-116.0,0.01312517,0.00141482,-0.01036599,-0.00060261,-0.00397866,-0.00220989,Sell,
2026-04-28,EIS,ISHARES:MSCI ISRAEL,Foreign,127.6,0.00464530351940784,0.00694444444444442,0.09962082040675613,0.09962082040675613,93.5,20.700000000000003,45.9,86.2,86.2,-21.0,-6.0,-32.0,-37.0,-37.0,0.02515217,-0.00251042,0.07015984,-0.00094615,-0.00143034,0.00428401,Leaning Bearish,
2026-04-28,EIX,EDISON INTERNATIONAL,Utilities,67.94,-0.009187691410237675,-0.013360441475457452,-0.07160426345996185,-0.07160426345996185,8.5,-7.600000000000001,-6.800000000000001,-17.1,-17.1,11.0,-22.0,-22.0,-15.0,-15.0,-0.01274044,0.04330916,0.00893219,-0.00080529,-0.00522072,7.712e-05,Leaning Bearish,Crowded Short
2026-04-28,EL,THE ESTEE LAUDER COMPANIES INC.,Consumer Staples,77.1,-0.002845318158303134,-0.009252120277563614,0.0742650132367284,0.0742650132367284,83.9,-2.0,16.0,79.7,79.7,-31.0,0.0,-4.0,-31.0,-31.0,0.03494957,-0.14157014,-0.10481703,-0.00137867,0.0025687,-0.00133334,Neutral,Mean Reversion Upside Bias
2026-04-28,ELV,"ELEVANCE HEALTH, INC.",Health Care,362.74,0.01856063796928087,0.05215222183547974,0.23907771135781397,0.23907771135781397,99.8,0.0,2.0,34.5,34.5,-46.0,-44.0,-44.0,-62.0,-62.0,0.0444694,-0.00156273,-0.07539377,-0.00462302,0.0455028,0.00419022,Topping,Crowded Short
2026-04-28,EME,"EMCOR GROUP, INC.",Industrials,863.78,-0.024440378577398336,-0.007035291412806122,0.1699421652151536,0.1699421652151536,93.1,0.3999999999999915,10.399999999999991,65.1,65.1,-43.0,13.0,-3.0,-45.0,-45.0,0.04252175,0.03003192,0.09913182,-0.00178454,0.00041986,-0.00081033,Neutral,Mean Reversion Upside Bias
2026-04-28,EMR,EMERSON ELECTRIC CO.,Industrials,138.42,-0.021559341203082005,-0.02072868765475777,0.05647992672874347,0.05647992672874347,73.2,-4.0,1.2000000000000028,61.5,61.5,-28.0,13.0,5.0,-97.0,-97.0,0.02233743,-0.01171249,0.01117748,-0.00445776,-0.00424523,-0.0063373,Leaning Bearish,Crowded Short
2026-04-28,ENZL,ISHARES:MSCI NEW ZLND,Foreign,43.38,-0.012295081967213073,-0.014986376021798309,0.017116060961313018,0.017116060961313018,84.3,2.200000000000003,4.700000000000003,78.1,78.1,-9.0,-21.0,47.0,-45.0,-45.0,0.00763314,-0.01551376,-0.01328509,-0.00283343,-0.00792865,0.00129833,Leaning Bearish,Mean Reversion Upside Bias
2026-04-28,EOG,"EOG RESOURCES, INC.",Energy,135.78,0.019216333883801173,0.01990535566739271,-0.06080099605727329,-0.06080099605727329,7.3,1.8999999999999995,0.39999999999999947,-86.5,-86.5,28.0,0.0,-17.0,65.0,65.0,-0.02983915,0.04455095,0.01398857,0.00113303,-0.00052914,-0.00552157,Neutral,Crowded Short
2026-04-28,EPAM,"EPAM SYSTEMS, INC.",Information Technology,114.15,-0.018571060098013903,-0.04059505799293994,-0.15694239290989664,-0.15694239290989664,4.2,-3.0999999999999996,-7.1000000000000005,-32.5,-32.5,3.0,0.0,-28.0,-26.0,-26.0,-0.04902761,-0.14507883,-0.09912442,-0.00496671,-0.01094523,0.00197422,Leaning Bearish,Crowded Short
2026-04-28,EPHE,ISHARES:MSCI PHILIPPINES,Foreign,24.15,-0.016293279022403295,-0.022662889518413665,-0.027386226339105924,-0.027386226339105924,53.8,-2.700000000000003,-1.6000000000000014,42.9,42.9,13.0,16.0,16.0,-42.0,-42.0,-0.00241626,-0.01996347,-0.0032975,-0.00355597,-0.00280052,0.00357782,Leaning Bearish,
2026-04-28,EPOL,ISHARES:MSCI POLAND,Foreign,38.21,-0.007532467532467502,-0.018746789933230534,0.04943696786597096,0.04943696786597096,87.9,-3.1999999999999886,-3.1999999999999886,40.50000000000001,40.50000000000001,-40.0,8.0,8.0,-40.0,-40.0,0.01479071,-0.01078637,0.04814555,-0.00354369,-0.01063939,0.00250501,Leaning Bearish,Mean Reversion Upside Bias
2026-04-28,EPU,ISHARES:MSCI PERU,Foreign,78.76,-0.022828784119106604,-0.033501043072769576,-0.024160574897782006,-0.024160574897782006,32.7,-5.399999999999999,-7.599999999999994,26.900000000000002,26.900000000000002,13.0,0.0,22.0,-10.0,-10.0,-0.005575,-0.02301867,0.1063106,-0.00516486,-0.02651732,-0.00819723,Leaning Bearish,
2026-04-28,EQIX,"EQUINIX, INC.",Real Estate,1076.4,-0.012341147864384894,-0.02918575706194293,0.09809842487554077,0.09809842487554077,96.2,-1.5999999999999943,-3.200000000000003,55.1,55.1,-30.0,-18.0,7.0,-20.0,-20.0,0.02647556,0.09480318,0.02991406,-0.00736547,-0.00299197,0.0222459,Leaning Bearish,Crowded Short
2026-04-28,EQR,EQUITY RESIDENTIAL,Real Estate,65.15,0.04541078305519908,0.0464182460648892,0.10143702451394776,0.10143702451394776,99.0,4.400000000000006,11.099999999999994,89.7,89.7,-2.0,75.0,41.0,-21.0,-21.0,0.0254735,0.00215298,-0.01534884,0.00779487,0.00386177,-0.00545778,Buy,Crowded Short
2026-04-28,EQT,EQT ,Energy,59.42,0.013301500682128209,0.00865727380750303,-0.06631049654305465,-0.06631049654305465,12.1,11.1,9.1,-42.9,-42.9,54.0,24.0,24.0,20.0,20.0,-0.0075323,0.04538229,0.06333102,0.00094366,-0.00325269,-0.00702676,Bottoming,Mean Reversion Upside Bias
2026-04-28,ERIE,ERIE INDEMNITY COMPANY,Financials,229.94,-0.005535853299887594,-0.015752076020888683,-0.08503441964108072,-0.08503441964108072,34.3,-16.300000000000004,-17.5,9.899999999999999,9.899999999999999,-21.0,11.0,43.0,2.0,2.0,-0.01941953,-0.01871141,-0.05420787,-0.00478003,0.00451665,-0.00478308,Neutral,Mean Reversion Downside Bias
2026-04-28,ES,EVERSOURCE ENERGY,Utilities,68.58,-0.0020372526193248586,-0.0008741258741259417,-0.010103926096997728,-0.010103926096997728,40.3,-10.700000000000003,-5.900000000000006,35.699999999999996,35.699999999999996,22.0,0.0,0.0,-14.0,-14.0,-0.00540517,-0.00838775,0.01320631,0.00091624,0.000109,-0.00021546,Neutral,Mean Reversion Upside Bias
2026-04-28,ES=F,E-MINI S&P 500 FUTURES,Futures,7175.75,-0.005543429303953129,-0.0027447710374539636,0.09170089761144085,0.09170089761144085,99.8,0.3999999999999915,5.599999999999994,91.3,91.3,-51.0,0.0,10.0,-60.0,-60.0,0.02397594,0.0075721,-0.00683862,-0.00422963,0.0003553,0.00153743,Neutral,
2026-04-28,ESS,"ESSEX PROPERTY TRUST, INC.",Real Estate,267.88,0.04302456878090566,0.048987743274464535,0.10694214876033059,0.10694214876033059,99.8,0.7999999999999972,4.799999999999997,96.39999999999999,96.39999999999999,-20.0,15.0,15.0,21.0,21.0,0.02636624,0.03099021,-0.00750713,0.01202609,0.01269966,-0.00248988,Leaning Bullish,Crowded Short
2026-04-28,ETN,EATON  PUBLIC LIMITED COMPANY,Industrials,413.07,-0.00887779830602009,-0.0255944517833554,0.1548913803226437,0.1548913803226437,95.4,5.1000000000000085,5.1000000000000085,49.2,49.2,-85.0,-32.0,-83.0,-67.0,-67.0,0.0462468,0.03292223,0.00752698,-0.00765478,-0.00141315,-0.00120493,Sell,Mean Reversion Upside Bias
2026-04-28,ETR,ENTERGY ,Utilities,113.16,-0.0024682651622003338,-0.004223864836325308,0.007119971520113788,0.007119971520113788,52.2,-2.0,-25.0,-18.599999999999994,-18.599999999999994,34.0,16.0,58.0,57.0,57.0,-0.00891099,0.02253073,0.10890673,-0.00107068,8.835e-05,0.0002114,Neutral,Mean Reversion Upside Bias
2026-04-28,EVRG,"EVERGY, INC.",Utilities,81.92,0.004044613310454581,0.00849439862119894,0.0,0.0,43.8,-2.4000000000000057,-3.200000000000003,25.299999999999997,25.299999999999997,51.0,5.0,44.0,-26.0,-26.0,-0.00561155,0.01526092,0.05443183,-0.00058427,0.00085129,6.796e-05,Bottoming,Crowded Short
2026-04-28,EW,EDWARDS LIFESCIENCES ,Health Care,82.28,-0.014138509465612237,-0.022222222222222254,0.027472527472527597,0.027472527472527597,63.7,-9.5,9.5,49.0,49.0,-40.0,9.0,-13.0,-54.0,-54.0,0.013009,0.02572723,-0.04764404,0.00148989,-0.00799105,-0.00293928,Leaning Bearish,Crowded Short
2026-04-28,EWA,ISHARES:MSCI AUSTRALIA,Foreign,29.07,-0.004110996916752319,-0.0034281796366130157,0.047190201729106596,0.047190201729106596,86.7,-0.7999999999999972,3.200000000000003,71.0,71.0,-66.0,0.0,-21.0,-99.0,-99.0,0.01115313,0.00367953,-0.00767454,-0.00310493,-0.01404485,0.00083677,Sell,Mean Reversion Upside Bias
2026-04-28,EWC,ISHARES:MSCI CANADA,Foreign,57.46,-0.008968609865470767,-0.008284432171211553,0.04873152035042905,0.04873152035042905,85.1,-4.0,0.3999999999999915,81.3,81.3,-24.0,0.0,0.0,-61.0,-61.0,0.01967679,0.01115779,0.02983652,-0.00190563,-3.3e-06,-1.249e-05,Neutral,Mean Reversion Upside Bias
2026-04-28,EWD,ISHARES:MSCI SWEDEN,Foreign,50.6,-0.027297193387158858,-0.04148512975942409,0.03858784893267653,0.03858784893267653,76.4,-13.899999999999991,-14.699999999999989,63.10000000000001,63.10000000000001,-5.0,43.0,65.0,-5.0,-5.0,0.01582581,-0.01086117,0.00961297,-0.00367826,-0.00959258,-0.00130935,Leaning Bearish,Mean Reversion Upside Bias
2026-04-28,EWG,ISHARES:MSCI GERMANY,Foreign,41.89,-0.005460588793922083,-0.010861865407319926,0.05596168389210998,0.05596168389210998,87.9,-2.3999999999999915,0.8000000000000114,63.10000000000001,63.10000000000001,-40.0,24.0,0.0,-40.0,-40.0,0.01733199,-0.02454829,0.0070938,-0.00045277,-0.00314405,-0.00280003,Neutral,Mean Reversion Upside Bias
2026-04-28,EWH,ISHARES:MSCI HONG KONG,Foreign,23.27,-0.002571795970852886,-0.0038527397260273988,0.0077955825032480774,0.0077955825032480774,65.3,-0.4000000000000057,9.099999999999994,42.9,42.9,8.0,0.0,-8.0,-51.0,-51.0,-0.00090705,-0.01317541,0.05297161,-0.00052482,-0.0104036,0.00651264,Leaning Bearish,Mean Reversion Upside Bias
2026-04-28,EWI,ISHARES:MSCI ITALY,Foreign,57.56,0.006645680307799884,0.006117811571403564,0.07749906402096585,0.07749906402096585,92.3,1.2000000000000028,4.3999999999999915,64.69999999999999,64.69999999999999,-43.0,21.0,-3.0,-91.0,-91.0,0.01415019,-0.00622506,0.02194667,-5.745e-05,-0.00460455,-0.0002914,Neutral,Mean Reversion Upside Bias
2026-04-28,EWJ,ISHARES:MSCI JAPAN,Foreign,87.56,-0.0013686131386861922,0.002748511223087613,0.03694931312174332,0.03694931312174332,76.4,-0.3999999999999915,10.700000000000003,55.400000000000006,55.400000000000006,-20.0,26.0,-4.0,-61.0,-61.0,0.00843512,-0.00361,-0.00179553,0.00115922,-0.00137299,0.00209408,Neutral,Mean Reversion Upside Bias
2026-04-28,EWK,ISHARES:MSCI BELGIUM,Foreign,25.38,-0.00509604076832626,-0.0011806375442739991,0.04401480872069108,0.04401480872069108,74.0,-4.400000000000006,2.4000000000000057,60.3,60.3,-5.0,0.0,0.0,-5.0,-5.0,0.00559154,-0.01288561,0.02209245,-0.00155163,-0.00759298,-0.00118149,Leaning Bearish,Mean Reversion Upside Bias
2026-04-28,EWL,ISHARES:MSCI SWITZERLAND,Foreign,60.75,-0.005076973468719381,-0.013157894736842146,0.03298758714504335,0.03298758714504335,71.2,-10.700000000000003,-11.5,60.7,60.7,-41.0,31.0,10.0,-105.0,-105.0,0.01017633,-0.0189011,0.00928446,0.00049416,-0.0061726,0.00146042,Neutral,Crowded Long
2026-04-28,EWM,ISHARES:MSCI MALAYSIA,Foreign,29.5,0.005453306066802943,0.003742769649540678,0.03836677226328766,0.03836677226328766,75.8,16.099999999999994,13.299999999999997,39.699999999999996,39.699999999999996,-17.0,-8.0,15.0,-24.0,-24.0,0.01434977,-0.00673348,0.03294335,0.00282846,-0.00864711,-0.00327565,Neutral,Mean Reversion Upside Bias
2026-04-28,EWN,ISHARES:MSCI NETHERLANDS,Foreign,61.68,-0.015482841181165163,-0.024359379943056036,0.0725091288471571,0.0725091288471571,81.5,-2.4000000000000057,2.299999999999997,61.9,61.9,-72.0,16.0,12.0,-62.0,-62.0,0.02285268,-0.01939292,0.00172872,-0.00249362,-0.00637703,-0.00043333,Leaning Bearish,Crowded Long
2026-04-28,EWO,ISHARES:MSCI AUSTRIA,Foreign,38.79,-0.002571355104139972,-0.002571355104139972,0.09421720733427352,0.09421720733427352,85.5,0.7999999999999972,7.299999999999997,58.7,58.7,-53.0,0.0,-5.0,-99.0,-99.0,0.02558956,0.00333779,0.05650707,-0.00074648,-0.00751028,-0.00134914,Leaning Bearish,
2026-04-28,EWP,ISHARES:MSCI SPAIN,Foreign,56.09,0.002681444404719402,0.0021440057173487403,0.03277481126864301,0.03277481126864301,70.4,-0.7999999999999972,4.700000000000003,44.2,44.2,-5.0,26.0,-21.0,-42.0,-42.0,0.00623211,-0.01605363,0.05120772,-0.0007474,-0.00638187,-0.00257375,Leaning Bearish,Mean Reversion Upside Bias
2026-04-28,EWQ,ISHARES:MSCI FRANCE,Foreign,44.89,-0.006858407079646023,-0.010797708241516157,0.03480866758875045,0.03480866758875045,83.9,-6.799999999999997,-1.5999999999999943,65.80000000000001,65.80000000000001,-45.0,29.0,32.0,-109.0,-109.0,0.01000172,-0.01224917,-0.01038912,-0.00080197,-0.00308803,-0.00105036,Leaning Bearish,Mean Reversion Upside Bias
2026-04-28,EWS,ISHARES:MSCI SINGAPORE,Foreign,28.44,-0.005941978329255471,-0.011813759555246661,0.007795889440113557,0.007795889440113557,60.1,-10.499999999999993,-15.699999999999996,11.5,11.5,5.0,10.0,19.0,-9.0,-9.0,0.00363608,-0.00410289,0.02624042,-0.00133974,-0.00419736,0.00023048,Leaning Bearish,Mean Reversion Upside Bias
2026-04-28,EWT,ISHARES:MSCI TAIWAN,Foreign,87.24,-0.0012593016599885543,-0.009649222386196032,0.23011844331641274,0.23011844331641274,97.4,0.8000000000000114,1.6000000000000085,70.2,70.2,-45.0,0.0,-14.0,-56.0,-56.0,0.06782434,0.04247358,0.02077973,0.00133355,-0.0013672,0.01284839,Topping,Mean Reversion Upside Bias
2026-04-28,EWU,ISHARES:MSCI UK,Foreign,46.55,-0.0012872774082814953,-0.009363694403064615,0.021729587357330882,0.021729587357330882,61.7,-8.700000000000003,-10.700000000000003,46.400000000000006,46.400000000000006,5.0,10.0,57.0,-42.0,-42.0,0.00103275,-0.00044212,0.01468829,-0.00130703,-0.009063,-0.00227086,Leaning Bearish,Mean Reversion Upside Bias
2026-04-28,EWW,ISHARES:MSCI MEXICO,Foreign,76.28,-0.010507199377351228,-0.027908754938192892,0.013957197926359077,0.013957197926359077,58.3,-11.700000000000003,-11.700000000000003,32.3,32.3,4.0,8.0,39.0,-67.0,-67.0,0.00242326,-0.01845181,0.0084054,-0.00292281,-0.01608316,0.00063342,Leaning Bearish,Mean Reversion Upside Bias
2026-04-28,EWY,ISHARES:MSCI S KOREA,Foreign,154.37,-0.01505774261468762,-0.0012939121433653833,0.25493862287618896,0.25493862287618896,80.6,4.599999999999994,11.0,67.3,67.3,-38.0,1.0,1.0,-30.0,-30.0,0.07093318,0.04803395,0.11380237,-0.00198844,-0.00845199,0.00305783,Leaning Bearish,Mean Reversion Upside Bias
2026-04-28,EWZ,ISHARES:MSCI BRAZIL,Foreign,39.69,-0.005013787916771206,-0.006259389083625444,0.033862985152383285,0.033862985152383285,70.6,-7.0,-1.4000000000000057,18.39999999999999,18.39999999999999,-8.0,18.0,0.0,-11.0,-11.0,0.01298046,0.00378621,0.00477719,-0.00213249,-0.01590505,0.01144242,Leaning Bearish,Mean Reversion Upside Bias
2026-04-28,EXC,EXELON ,Utilities,47.04,0.00965872504829357,0.002557544757033181,-0.04039167686658518,-0.04039167686658518,15.3,-7.899999999999999,-13.099999999999998,-30.900000000000002,-30.900000000000002,47.0,0.0,0.0,-14.0,-14.0,-0.02040128,-0.00334157,0.04422323,-7.441e-05,0.00030611,-0.00167488,Neutral,Mean Reversion Upside Bias
2026-04-28,EXE,EXPAND ENERGY ,Energy,96.96,0.006853582554517068,0.005391953546246331,-0.11677901257059575,-0.11677901257059575,0.6,0.39999999999999997,0.39999999999999997,-55.199999999999996,-55.199999999999996,5.0,-14.0,-14.0,10.0,10.0,-0.02394436,-0.01520969,0.01303604,0.00537065,-0.00663205,-0.01245909,Bottoming,Mean Reversion Upside Bias
2026-04-28,EXPD,EXPEDITORS INTERNATIONAL OF WASHINGTON,Industrials,147.38,-0.004861580013504341,-0.0012198427758201014,0.028974376876352848,0.028974376876352848,73.6,-4.800000000000011,7.299999999999997,57.099999999999994,57.099999999999994,-12.0,5.0,0.0,-56.0,-56.0,0.00667051,-0.05646476,0.0180264,-0.00237079,0.0011577,0.00425247,Neutral,Mean Reversion Upside Bias
2026-04-28,EXPE,"EXPEDIA GROUP, INC.",Consumer Discretionary,242.17,-0.01243781094527363,-0.03686764237989182,0.048854432846810125,0.048854432846810125,55.0,-5.5,-4.700000000000003,-1.5,-1.5,35.0,32.0,38.0,40.0,40.0,0.02570921,-0.0097749,0.0170045,-0.00695096,0.00317604,0.00572867,Neutral,Crowded Short
2026-04-28,EXR,EXTRA SPACE STORAGE INC.,Real Estate,141.02,0.010606277769815264,-0.007530438454500632,0.07542133760390457,0.07542133760390457,93.5,5.200000000000003,0.7999999999999972,90.5,90.5,-37.0,-8.0,0.0,-60.0,-60.0,0.02052229,-0.00338639,-0.01393033,-0.00439186,0.00221117,-0.00088161,Topping,Mean Reversion Upside Bias
2026-04-28,F,FORD MOTOR COMPANY,Consumer Discretionary,12.4,-0.007205764611689314,0.001615508885298933,0.07452339688041598,0.07452339688041598,88.7,1.6000000000000085,13.100000000000009,82.2,82.2,-32.0,-21.0,-25.0,-32.0,-32.0,0.02831039,-0.04131993,-0.00685344,-0.0010065,-0.00067868,-0.01043535,Leaning Bearish,Crowded Short
2026-04-28,FANG,"DIAMONDBACK ENERGY, INC.",Energy,200.06,0.018531717747683585,0.027054776939267944,0.011476818848273451,0.011476818848273451,39.9,23.0,26.599999999999998,-55.9,-55.9,-24.0,-8.0,-49.0,32.0,32.0,-0.01156225,0.0322917,-0.03555304,0.0021066,-0.01338598,-0.00146726,Leaning Bearish,Crowded Short
2026-04-28,FAST,FASTENAL COMPANY,Industrials,44.68,-0.013250883392226132,-0.0002237637055269026,-0.03706896551724137,-0.03706896551724137,34.3,-10.700000000000003,-0.4000000000000057,-6.800000000000004,-6.800000000000004,26.0,0.0,45.0,-3.0,-3.0,-0.00236666,0.03424119,0.04204636,0.00156027,-4.814e-05,0.00435097,Neutral,Mean Reversion Downside Bias
2026-04-28,FCX,FREEPORT-MCMORAN INC.,Materials,58.21,-0.03896318309394087,-0.04651924651924644,-0.009697175910173494,-0.009697175910173494,39.5,-1.7999999999999972,-5.899999999999999,22.6,22.6,13.0,12.0,21.0,-48.0,-48.0,-0.00863671,-0.01538434,0.02677402,-0.00992444,-0.03011347,-0.00896084,Leaning Bearish,Mean Reversion Downside Bias
2026-04-28,FDS,FACTSET RESEARCH SYSTEMS INC.,Financials,229.56,0.018772467048329133,0.02427271104765305,0.05792893681736477,0.05792893681736477,86.7,-2.0,-2.799999999999997,31.300000000000004,31.300000000000004,-43.0,-17.0,-17.0,-50.0,-50.0,-0.00297278,-0.03927736,-0.11285464,-0.00389828,0.01413421,0.0055872,Topping,Crowded Short
2026-04-28,FDX,FEDEX ,Industrials,390.21,0.005981077109489696,0.005747718954585146,0.09554158009994929,0.09554158009994929,81.9,2.3000000000000114,10.700000000000003,75.0,75.0,1.0,-3.0,10.0,-27.0,-27.0,0.02190638,0.04667319,0.03328857,-0.00170739,0.00214004,-0.00202097,Leaning Bullish,Crowded Short
2026-04-28,FE,FIRSTENERGY CORP.,Utilities,49.58,0.0028317152103560783,0.003440599069014505,-0.02131859455191465,-0.02131859455191465,24.8,-4.399999999999999,-4.0,-14.7,-14.7,77.0,30.0,23.0,45.0,45.0,-0.01171172,0.0019911,0.02742862,0.00050246,0.0012559,-0.00146861,Buy,Mean Reversion Upside Bias
2026-04-28,FFIV,"F5, INC.",Information Technology,303.79,0.02038828429396755,0.002078110568676683,0.0499775343033908,0.0499775343033908,81.5,22.200000000000003,37.7,35.3,35.3,-30.0,-21.0,-74.0,-25.0,-25.0,-0.01177468,0.02637478,0.07963292,-0.00726716,-0.02490112,0.01705056,Sell,Mean Reversion Upside Bias
2026-04-28,FICO,FAIR ISAAC ,Information Technology,1010.5,-0.0032845743369204206,0.005752846564216929,-0.05343125316147401,-0.05343125316147401,55.8,-3.5,0.0,44.099999999999994,44.099999999999994,-3.0,38.0,0.0,-3.0,-3.0,-0.06490904,-0.11227862,-0.01933458,0.00316213,-0.00467227,-0.0076639,Neutral,Mean Reversion Upside Bias
2026-04-28,FIS,FIDELITY NATIONAL INFORMATION SERVICES,Financials,46.3,0.015350877192982448,0.012464465340039421,-0.013003623960775923,-0.013003623960775923,51.8,1.5999999999999943,3.5999999999999943,33.3,33.3,-3.0,4.0,-6.0,35.0,35.0,-0.01332107,-0.05314797,-0.07876032,-0.00023641,0.0129322,-0.00705358,Neutral,Crowded Short
2026-04-28,FISV,"FISERV, INC.",Financials,61.6,0.0053859964093356805,0.012491781722550943,0.10394265232974909,0.10394265232974909,98.2,0.4000000000000057,5.900000000000006,80.1,80.1,-43.0,3.0,3.0,-47.0,-47.0,0.02992799,-0.00791228,-0.13632554,-0.00011976,0.0009068,-0.00206892,Neutral,Mean Reversion Upside Bias
2026-04-28,FITB,FIFTH THIRD BANCORP,Financials,50.31,-0.0003973773097555311,0.013089005235602302,0.0828669823504089,0.0828669823504089,92.3,2.799999999999997,17.099999999999994,72.69999999999999,72.69999999999999,-64.0,-3.0,-7.0,-122.0,-122.0,0.02261368,-0.01350731,0.0205758,-0.00128852,-0.00090965,-0.00317375,Leaning Bearish,Mean Reversion Upside Bias
2026-04-28,FIX,"COMFORT SYSTEMS USA, INC.",Industrials,1719.21,-0.041710329758533726,-0.004003197923666879,0.24671679997679452,0.24671679997679452,94.6,1.0999999999999943,13.099999999999994,82.89999999999999,82.89999999999999,3.0,26.0,20.0,-13.0,-13.0,0.06402156,0.06688873,0.18747016,-0.00363275,3.408e-05,0.00911737,Neutral,Mean Reversion Upside Bias
2026-04-28,FOXA,FOX ,Communication Services,63.15,-0.011118070779830846,0.004773269689737347,0.08133561643835607,0.08133561643835607,72.0,-4.0,-1.5999999999999943,16.6,16.6,-28.0,16.0,-21.0,-25.0,-25.0,0.03104418,-0.02705913,0.06445244,-0.00216963,-0.00046155,0.00014214,Neutral,Crowded Short
2026-04-28,FRO,FRONTLINE PLC,MR Discretion,36.11,0.003334259516532212,0.014610845743186163,0.03585771658060821,0.03585771658060821,56.5,2.700000000000003,9.5,37.3,37.3,4.0,0.0,-12.0,-24.0,-24.0,0.00810055,0.08310511,0.04449796,-0.00054316,-0.0089511,6.065e-05,Leaning Bearish,Mean Reversion Upside Bias
2026-04-28,FRT,FEDERAL REALTY INVESTMENT TRUST,Real Estate,112.39,0.010974183682648242,0.012157780979827004,0.05818661143018544,0.05818661143018544,98.2,-1.2000000000000028,1.6000000000000085,88.9,88.9,-43.0,0.0,0.0,-41.0,-41.0,0.01337331,0.03057662,-0.0229068,0.00041287,0.00335247,0.00257157,Neutral,Mean Reversion Upside Bias
2026-04-28,FSLR,"FIRST SOLAR, INC.",Information Technology,195.86,-0.008203362365809097,0.010838150289017356,-0.007097232079488869,-0.007097232079488869,66.1,13.099999999999994,11.499999999999993,24.799999999999997,24.799999999999997,11.0,-9.0,8.0,-18.0,-18.0,0.01063327,-0.00890099,0.05659434,0.00290419,0.00904945,-0.01202497,Leaning Bullish,Crowded Short
2026-04-28,FTI,TECHNIPFMC PLC,MR Discretion,75.45,0.004392971246006461,0.009229534510433401,0.09142195862867064,0.09142195862867064,53.4,21.5,18.699999999999996,19.9,19.9,-13.0,-45.0,-45.0,-68.0,-68.0,0.01485112,0.06833558,0.09627802,-0.00179289,-0.00256542,-0.00147922,Sell,Crowded Short
2026-04-28,FTNT,"FORTINET, INC.",Information Technology,85.72,0.0005836348780203782,0.01636234289779459,0.04894762604013714,0.04894762604013714,87.9,-0.7999999999999972,12.700000000000003,34.900000000000006,34.900000000000006,-33.0,10.0,37.0,-28.0,-28.0,0.01080927,-0.00389518,-0.00889631,-3.634e-05,0.00397357,0.00118883,Neutral,Crowded Short
2026-04-28,FTV,FORTIVE ,Industrials,61.77,-0.0038703434929848735,0.011131118022589703,0.11740231548480473,0.11740231548480473,99.8,0.0,0.7999999999999972,80.6,80.6,-64.0,0.0,-21.0,-78.0,-78.0,0.03655358,0.06484502,-0.00979696,-0.00126993,-0.00083341,0.01218995,Leaning Bearish,Mean Reversion Upside Bias
2026-04-28,FVX,5 YR TSY YLD NDX,Yields,3.98,0.0075949367088608,0.015306122448979664,0.0075949367088608,0.0075949367088608,51.4,31.4,37.3,-45.199999999999996,-45.199999999999996,-18.0,-9.0,12.0,43.0,43.0,-0.00278038,0.0051452,-0.03556595,-0.00047912,0.00040281,-0.00384434,Neutral,
2026-04-28,FXA,INVESCO:AU DOLLAR,Currencies,71.15,-0.0004214667041303466,0.003809255079006979,0.040661108673394786,0.040661108673394786,99.4,0.4000000000000057,5.6000000000000085,86.5,86.5,-41.0,-18.0,-18.0,-69.0,-69.0,0.01181592,0.00253215,0.0071469,-0.0005759,-0.00779146,0.0011696,Leaning Bearish,Mean Reversion Upside Bias
2026-04-28,FXB,INVESCO:GBP STERLING,Currencies,130.09,-0.0009983105513745594,-0.0012284069097888706,0.021515508441303677,0.021515508441303677,96.6,6.699999999999989,14.5,63.89999999999999,63.89999999999999,-23.0,-3.0,20.0,-83.0,-83.0,0.00605367,-0.00591896,0.00600573,-9.745e-05,-0.00406239,0.00104844,Neutral,Mean Reversion Upside Bias
2026-04-28,FXC,INVESCO:CANADIAN DOLLAR,Currencies,71.41,-0.0036277382447328366,-0.001119037627640207,0.016657175398633317,0.016657175398633317,95.0,-2.799999999999997,3.0999999999999943,90.0,90.0,-23.0,14.0,10.0,-56.0,-56.0,0.00453777,0.00321075,0.00244378,0.00012354,-0.00549239,0.00135431,Neutral,Mean Reversion Upside Bias
2026-04-28,FXE,INVESCO:EURO,Currencies,108.05,-0.00027757216876389545,-0.0011093648886013607,0.012747211547474047,0.012747211547474047,89.1,7.0,6.3999999999999915,53.99999999999999,53.99999999999999,-18.0,0.0,0.0,-53.0,-53.0,0.00499002,-0.00771007,0.01403196,-0.00030319,-0.0121629,0.00058762,Neutral,Mean Reversion Upside Bias
2026-04-28,FXY,INVESCO:JAPANESE YEN,Currencies,57.5,-0.0013893713094824678,-0.0012159110647906868,-0.006565307532826581,-0.006565307532826581,62.9,-18.1,-13.100000000000001,13.100000000000001,13.100000000000001,-15.0,3.0,-1.0,-18.0,-18.0,0.00073505,-0.00580815,-0.0075477,0.00059339,-0.01098515,0.00295171,Topping,Mean Reversion Upside Bias
2026-04-28,GD,GENERAL DYNAMICS ,Industrials,313.68,0.0036796467539117472,0.0015005906580249917,-0.08606724549851408,-0.08606724549851408,1.4,0.7999999999999999,1.2,0.7999999999999999,0.7999999999999999,0.0,0.0,-11.0,-27.0,-27.0,-0.03516554,-0.02841506,0.02312598,-0.00256053,0.01083716,-0.01669378,Bottoming,Mean Reversion Upside Bias
2026-04-28,GDDY,GODADDY INC.,Information Technology,85.3,0.011142721669037403,-0.008600650860065229,0.0318132333373653,0.0318132333373653,91.5,-2.299999999999997,-2.299999999999997,38.7,38.7,-53.0,0.0,-10.0,-32.0,-32.0,0.00385994,-0.08261903,-0.08408852,-0.00277392,0.00669147,-0.0073778,Topping,Mean Reversion Upside Bias
2026-04-28,GDX,VANECK:GOLD MINERS,Commodities,88.54,-0.043741224754293095,-0.061479754080983606,-0.03519668737060033,-0.03519668737060033,34.7,-18.5,-28.599999999999994,30.1,30.1,-8.0,-2.0,-2.0,-8.0,-8.0,-0.01491194,-0.03386171,0.15792153,-0.00622253,-0.02206634,-0.00324329,Leaning Bearish,Crowded Long
2026-04-28,GDXJ,VANECK:JR GOLD MINERS,Commodities,116.73,-0.03910108659861711,-0.05672727272727274,-0.027574141952682485,-0.027574141952682485,41.9,-12.700000000000003,-24.199999999999996,37.699999999999996,37.699999999999996,-8.0,-2.0,6.0,-8.0,-8.0,-0.00836154,-0.03607025,0.16457077,-0.00509881,-0.02155217,-0.00513247,Leaning Bearish,Crowded Long
2026-04-28,GE,GENERAL ELECTRIC COMPANY,Industrials,289.2,0.01630587573798148,0.016163035839775075,0.019135215139021167,0.019135215139021167,48.6,14.300000000000004,18.6,45.6,45.6,-4.0,-15.0,-26.0,9.0,9.0,-0.00636537,-0.00700095,0.04561919,0.0016858,0.00157803,-0.02538947,Leaning Bullish,Mean Reversion Downside Bias
2026-04-28,GEHC,GE HEALTHCARE TECHNOLOGIES INC.,Health Care,68.5,-0.028093076049943266,-0.004794421037338292,-0.037651025568980145,-0.037651025568980145,39.5,-12.299999999999997,12.3,24.6,24.6,-3.0,12.0,3.0,-40.0,-40.0,-0.00233293,-0.03670931,-0.04637199,0.00012264,-0.00011666,-4.841e-05,Neutral,Mean Reversion Upside Bias
2026-04-28,GEN,GEN DIGITAL INC.,Information Technology,19.25,0.012092534174553027,0.011029411764705843,0.02230483271375472,0.02230483271375472,72.0,4.299999999999997,13.100000000000001,66.4,66.4,-7.0,0.0,-10.0,-7.0,-7.0,-0.00240789,-0.04944157,-0.03619189,0.00039951,0.00560645,-0.00358243,Neutral,Crowded Short
2026-04-28,GEOS,GEOSPACE TECHNOLOGIES ,MR Discretion,9.82,-0.059386973180076574,-0.03251231527093601,-0.19508196721311466,-0.19508196721311466,25.6,0.8000000000000007,2.0,-48.4,-48.4,25.0,3.0,41.0,77.0,77.0,-0.03681319,-0.1488515,-0.00785911,0.02510885,0.05122143,-0.00606975,Leaning Bullish,Mean Reversion Upside Bias
2026-04-28,GEV,GE VERNOVA INC.,Industrials,1088.93,-0.02794069075100647,-0.05243693384035708,0.24748539351586674,0.24748539351586674,83.5,0.7999999999999972,2.0,45.6,45.6,-36.0,21.0,-12.0,-44.0,-44.0,0.07636857,0.10477505,0.21915755,-0.00859275,-0.00034575,-0.06857271,Neutral,Mean Reversion Downside Bias
2026-04-28,GGB,GERDAU SA,MR Discretion,4.51,0.0439814814814814,0.04640371229698381,0.2493074792243768,0.2493074792243768,99.4,1.6000000000000085,4.400000000000006,70.60000000000001,70.60000000000001,-37.0,17.0,17.0,-107.0,-107.0,0.05153686,-0.01526213,-0.00090577,0.00160514,-0.00607245,0.00237329,Neutral,Mean Reversion Upside Bias
2026-04-28,GILD,"GILEAD SCIENCES, INC.",Health Care,129.26,0.011819960861056744,-0.008742331288343674,-0.07254071894955882,-0.07254071894955882,6.9,-2.4000000000000004,-1.1999999999999993,0.0,0.0,-11.0,0.0,6.0,4.0,4.0,-0.02216067,-0.01171941,0.08081097,-0.00073524,-0.01637686,0.00603815,Sell,Crowded Short
2026-04-28,GIS,"GENERAL MILLS, INC.",Consumer Staples,34.75,0.000864055299539146,-0.006291106662853818,-0.06636217087587315,-0.06636217087587315,19.2,-14.7,-31.000000000000004,15.399999999999999,15.399999999999999,-6.0,10.0,10.0,-6.0,-6.0,-0.02499658,-0.04815866,-0.07319178,-0.00142666,-0.00421152,0.00098085,Sell,Mean Reversion Upside Bias
2026-04-28,GL,GLOBE LIFE INC.,Financials,152.67,0.0039455513908068784,0.0007210277923439534,0.09700366458288423,0.09700366458288423,99.8,0.0,1.5999999999999943,86.89999999999999,86.89999999999999,11.0,-12.0,-20.0,-7.0,-7.0,0.01416775,0.03755131,0.06093576,-0.00086561,0.00074714,0.26140263,Bottoming,Mean Reversion Upside Bias
2026-04-28,GLATF,GLOBAL ATOMIC ,MR Discretion,0.57,-0.017241379310344862,0.0,0.0,0.0,60.5,6.299999999999997,12.299999999999997,30.9,30.9,-20.0,0.0,-27.0,-25.0,-25.0,0.0204647,-0.02069496,-0.15121885,-0.00185696,-0.00765169,0.02932466,Sell,
2026-04-28,GLD,SPDR GOLD,Commodities,421.91,-0.01856288818069729,-0.02617426428159253,-0.019475237630435238,-0.019475237630435238,40.1,-14.100000000000001,-27.999999999999993,35.5,35.5,-8.0,0.0,6.0,-8.0,-8.0,-0.00390763,-0.04215825,0.14181791,-0.00239391,-0.03170722,-0.0069297,Leaning Bearish,Crowded Long
2026-04-28,GLW,CORNING INC.,Information Technology,153.05,-0.08904231890958858,-0.12985388595144676,0.12561594469368242,0.12561594469368242,45.4,-15.899999999999999,-23.800000000000004,31.7,31.7,-1.0,1.0,-10.0,7.0,7.0,0.03694376,0.10071638,0.20628411,-0.02009476,-0.04306081,0.01099602,Sell,Mean Reversion Upside Bias
2026-04-28,GM,GENERAL MOTORS COMPANY,Consumer Discretionary,78.95,0.012698819907644987,0.011531069827034113,0.05973154362416122,0.05973154362416122,65.3,6.399999999999999,20.9,47.599999999999994,47.599999999999994,-35.0,-17.0,-38.0,-88.0,-88.0,0.01801418,-0.00812301,0.06613787,-0.00248904,-0.00643493,-0.00911769,Leaning Bearish,Crowded Short
2026-04-28,GNK,GENCO SHIPPING & TRADING LIMITED,MR Discretion,24.35,0.025263157894736876,0.03528911564625847,0.07982261640798227,0.07982261640798227,57.7,10.700000000000003,20.6,36.5,36.5,-37.0,12.0,-10.0,-69.0,-69.0,-0.00113153,0.00144346,0.00234435,3.09e-06,-0.00432177,-0.00209351,Neutral,Crowded Long
2026-04-28,GNRC,GENERAC HOLDINGS INC.,Industrials,217.12,-0.014434861552428568,-0.01724528131082248,0.11155480468949985,0.11155480468949985,74.8,8.700000000000003,13.5,59.099999999999994,59.099999999999994,-12.0,-29.0,-16.0,-40.0,-40.0,0.03476906,0.04659327,0.06385957,-8.792e-05,-0.00016227,-0.00628886,Neutral,Mean Reversion Upside Bias
2026-04-28,GOOGL,ALPHABET INC.,Communication Services,349.78,-0.001598447222697974,0.015621370499419251,0.21637223535957695,0.21637223535957695,99.8,0.0,2.5999999999999943,85.3,85.3,-43.0,0.0,17.0,-58.0,-58.0,0.04865698,-0.01094913,0.08740464,-0.00083903,0.00145831,-0.01003742,Neutral,Mean Reversion Upside Bias
2026-04-28,GPC,GENUINE PARTS COMPANY,Consumer Discretionary,105.41,-0.010792042042042094,-0.030623505609711277,-0.003215130023640711,-0.003215130023640711,51.8,-2.0,-9.900000000000006,34.9,34.9,5.0,0.0,-1.0,-69.0,-69.0,0.01791852,-0.07987993,-0.03829498,-0.00519337,-0.00954192,-0.00606124,Leaning Bearish,Mean Reversion Upside Bias
2026-04-28,GPN,GLOBAL PAYMENTS INC.,Financials,67.89,-0.006439338504317216,0.0019185360094451376,0.00876671619613667,0.00876671619613667,66.3,-4.1000000000000085,25.199999999999996,56.599999999999994,56.599999999999994,14.0,44.0,-9.0,15.0,15.0,0.01731321,-0.00985754,-0.11059132,0.00267793,0.00368887,-0.0002174,Buy,Mean Reversion Upside Bias
2026-04-28,GREK,GLBL X MSCI GREECE,Foreign,69.15,-0.013411328292195712,-0.014957264957264904,0.08266791921089722,0.08266791921089722,78.4,-0.3999999999999915,5.6000000000000085,46.900000000000006,46.900000000000006,-31.0,36.0,27.0,-31.0,-31.0,0.0191818,-0.03287888,0.06394784,-0.00382175,-0.02320582,0.00343239,Leaning Bearish,Crowded Long
2026-04-28,GRMN,GARMIN LTD,Consumer Discretionary,247.81,-0.036995297866552646,-0.04464320135702993,0.06810051290892649,0.06810051290892649,79.2,-8.099999999999994,-0.20000000000000284,66.3,66.3,-26.0,-14.0,-21.0,-18.0,-18.0,0.01774859,0.04861983,0.06727454,-0.00993792,-0.00324085,0.001939,Sell,Mean Reversion Upside Bias
2026-04-28,GS,"THE GOLDMAN SACHS GROUP, INC.",Financials,926.55,-0.012006696452373067,-0.00038838722206036014,0.09522571188784723,0.09522571188784723,85.9,-3.1999999999999886,8.300000000000011,61.900000000000006,61.900000000000006,-40.0,0.0,13.0,-114.0,-114.0,0.02636878,-0.01607334,0.06495906,-0.00137772,0.00149181,-0.00167148,Neutral,Mean Reversion Upside Bias
2026-04-28,GWW,"W.W. GRAINGER, INC.",Industrials,1160.14,0.0017788063000829801,0.010583715886026912,0.06355827320981677,0.06355827320981677,91.5,2.4000000000000057,9.200000000000003,74.2,74.2,-56.0,-2.0,-23.0,-81.0,-81.0,0.01143251,0.04517664,0.01963407,-0.00145778,-0.00206569,0.0002719,Leaning Bearish,Crowded Short
2026-04-28,HAL,HALLIBURTON COMPANY,Energy,40.81,0.016944928980812346,0.011149653121902858,0.04667863554757634,0.04667863554757634,46.2,25.400000000000002,1.2000000000000028,-38.5,-38.5,-27.0,-14.0,-7.0,5.0,5.0,0.00695976,0.02124323,-0.01154768,0.00465378,-0.00455587,-0.00248686,Leaning Bearish,Mean Reversion Upside Bias
2026-04-28,HAS,"HASBRO, INC.",Consumer Discretionary,95.54,0.008976660682226356,0.004838031131678688,0.020726495726495875,0.020726495726495875,48.2,0.8000000000000043,8.700000000000003,28.200000000000003,28.200000000000003,16.0,0.0,0.0,-38.0,-38.0,0.00937371,0.02107371,0.05145419,0.00113906,-0.0012624,-0.02047626,Bottoming,Mean Reversion Downside Bias
2026-04-28,HBAN,HUNTINGTON BANCSHARES INC.,Financials,16.55,0.001209921355111998,0.009146341463414753,0.057507987220447365,0.057507987220447365,85.9,4.0,19.0,68.2,68.2,-40.0,-7.0,-17.0,-117.0,-117.0,0.01512783,-0.0006903,0.00265129,-0.00072341,0.00345829,-0.00434127,Neutral,Mean Reversion Upside Bias
2026-04-28,HCA,"HCA HEALTHCARE, INC.",Health Care,431.92,-0.03106983421944043,-0.0012486703972620639,-0.087312991294058,-0.087312991294058,16.1,-3.299999999999997,5.600000000000001,15.900000000000002,15.900000000000002,-1.0,-23.0,11.0,19.0,19.0,-0.03628138,-0.03561188,0.05197967,-0.01013287,-0.02348962,-0.00944838,Sell,Mean Reversion Downside Bias
2026-04-28,HD,"THE HOME DEPOT, INC.",Consumer Discretionary,329.06,-0.00975022569966899,-0.020334037929083837,0.0005168901456413799,0.0005168901456413799,55.8,-7.900000000000006,-3.5,42.5,42.5,-5.0,-8.0,-8.0,-5.0,-5.0,0.01580649,-0.03179084,-0.02190618,-0.00043335,-0.00326202,0.00217046,Neutral,Mean Reversion Upside Bias
2026-04-28,HIG,THE HARTFORD FINANCIAL SERVICES GROUP,Financials,138.79,0.015214688025747769,0.032279657865377454,0.026325519485321358,0.026325519485321358,61.7,0.0,18.200000000000003,44.0,44.0,-14.0,25.0,-26.0,-66.0,-66.0,-0.00098753,0.01964472,0.02860903,3.325e-05,-0.00351869,-0.00265317,Neutral,Crowded Short
2026-04-28,HII,"HUNTINGTON INGALLS INDUSTRIES, INC.",Industrials,361.4,0.00837053571428581,0.005872693367474646,-0.04869702553303501,-0.04869702553303501,16.5,10.7,10.3,15.5,15.5,28.0,24.0,17.0,43.0,43.0,-0.0390515,-0.07061633,0.02982255,-0.00560757,-0.00592613,-0.00161,Leaning Bearish,Mean Reversion Upside Bias
2026-04-28,HLT,HILTON WORLDWIDE HOLDINGS INC.,Consumer Discretionary,323.36,-0.027342457512407825,-0.036558114590471646,0.06340436727177079,0.06340436727177079,74.0,-15.900000000000006,-11.5,39.7,39.7,-54.0,-21.0,-37.0,-92.0,-92.0,0.02600002,0.03454749,0.03593152,-0.00389298,-0.00198374,0.00402322,Sell,Crowded Short
2026-04-28,HLX,"HELIX ENERGY SOLUTIONS GROUP, INC.",MR Discretion,10.08,0.015105740181268867,0.01921132457027297,0.01921132457027297,0.01921132457027297,56.5,30.5,31.3,-25.0,-25.0,-3.0,13.0,13.0,21.0,21.0,0.02281792,0.07843554,-0.01824131,0.00039149,-0.00215641,-0.008964,Neutral,Crowded Short
2026-04-28,HON,HONEYWELL INTERNATIONAL INC.,Industrials,212.93,0.004149964630983272,-0.0011258619880845089,-0.057956908374994454,-0.057956908374994454,24.4,1.5999999999999979,2.799999999999997,13.099999999999998,13.099999999999998,64.0,46.0,46.0,-17.0,-17.0,-0.02403151,-0.00950321,0.00491362,0.00036205,-0.00161313,-0.0052123,Neutral,Crowded Short
2026-04-28,HOOD,"ROBINHOOD MARKETS, INC.",Financials,82.07,-0.02239428231089946,-0.031165151694014903,0.18427128427128414,0.18427128427128414,75.6,0.3999999999999915,7.099999999999994,54.39999999999999,54.39999999999999,-23.0,0.0,25.0,-7.0,-7.0,0.07155415,-0.08147838,0.11660983,-0.00375286,0.00717169,-0.01056012,Neutral,Crowded Short
2026-04-28,HPE,HEWLETT PACKARD ENTERPRISE COMPANY,Information Technology,27.95,-0.023410202655485768,-0.0074573863636363535,0.17387652246955065,0.17387652246955065,90.7,7.200000000000003,26.60000000000001,30.6,30.6,-43.0,18.0,-16.0,-15.0,-15.0,0.05402047,0.09496255,0.00488969,-0.00568561,0.00279155,0.00914746,Neutral,Mean Reversion Upside Bias
2026-04-28,HPQ,HP INC.,Information Technology,19.73,-0.0015182186234818928,-0.003031834259727084,0.027069234773555495,0.027069234773555495,69.6,9.499999999999993,7.499999999999993,5.5,5.5,-12.0,1.0,1.0,15.0,15.0,0.02743479,0.00831697,-0.0668738,-4.24e-05,0.0031718,0.00449107,Neutral,Crowded Short
2026-04-28,HRL,HORMEL FOODS ,Consumer Staples,21.31,-0.007452258965999103,-0.011136890951276235,-0.05916114790286975,-0.05916114790286975,10.1,-5.200000000000001,-13.1,7.8999999999999995,7.8999999999999995,36.0,10.0,-39.0,-10.0,-10.0,-0.00432059,-0.02448499,-0.05129857,0.00312639,0.00011171,-0.00641898,Neutral,Mean Reversion Upside Bias
2026-04-28,HSIC,"HENRY SCHEIN, INC.",Health Care,76.12,-0.013989637305699465,-0.018313128707763804,0.032835820895522394,0.032835820895522394,77.2,-12.700000000000003,-2.3999999999999915,72.60000000000001,72.60000000000001,14.0,4.0,31.0,-9.0,-9.0,0.01629018,0.03655069,0.005825,-0.00574657,0.0029095,0.00243181,Neutral,Mean Reversion Upside Bias
2026-04-28,HST,"HOST HOTELS & RESORTS, INC.",Real Estate,20.94,0.00287356321839094,0.001913875598086312,0.09290187891440516,0.09290187891440516,96.6,3.0999999999999943,14.699999999999989,68.19999999999999,68.19999999999999,-43.0,0.0,7.0,-100.0,-100.0,0.03184731,0.03084112,-0.02434074,-0.00192036,-0.00047144,0.007473,Neutral,Mean Reversion Upside Bias
2026-04-28,HSY,THE HERSHEY COMPANY,Consumer Staples,187.92,0.007667971473001023,-0.018592020054313818,-0.09606041656645337,-0.09606041656645337,3.8,0.7999999999999998,-5.1000000000000005,1.5999999999999996,1.5999999999999996,20.0,-9.0,-15.0,-3.0,-3.0,-0.02741977,0.006644,0.01836097,-0.00125402,-0.00026512,-0.00144531,Neutral,Crowded Short
2026-04-28,HUBB,HUBBELL INC.,Industrials,544.71,-0.019141426873626965,-0.015115627316614533,0.10997676977625637,0.10997676977625637,98.4,-0.5999999999999943,2.6000000000000085,62.900000000000006,62.900000000000006,-43.0,0.0,0.0,-30.0,-30.0,0.03268187,-0.00285949,0.02110634,-0.00428495,0.00069232,0.00015325,Neutral,Mean Reversion Upside Bias
2026-04-28,HUM,HUMANA INC.,Health Care,229.72,0.027278418746087052,0.06732332853226786,0.3248745602399217,0.3248745602399217,98.2,0.7999999999999972,3.6000000000000085,59.1,59.1,-45.0,-6.0,-6.0,-90.0,-90.0,0.0580698,0.02501064,-0.07804084,-0.0166158,0.09680165,0.02848577,Topping,Mean Reversion Upside Bias
2026-04-28,HWM,HOWMET AEROSPACE INC.,Industrials,240.43,-0.005254447662391359,-0.008290711103778214,0.04326130347999646,0.04326130347999646,56.2,8.400000000000006,12.0,53.6,53.6,53.0,-9.0,45.0,63.0,63.0,0.00830492,0.03281473,0.14404334,-0.00109056,0.00311831,0.00289646,Bottoming,Mean Reversion Upside Bias
2026-04-28,HYD,VANECK:HIGH YIELD MUNI,Bonds,51.13,-0.0015621948838117072,-0.0015621948838117072,0.0197447147985641,0.0197447147985641,97.0,-2.799999999999997,-1.2000000000000028,72.2,72.2,-27.0,0.0,10.0,-119.0,-119.0,0.00252109,-0.00464346,-0.00719587,-0.00122831,0.00014212,0.00012547,Neutral,Mean Reversion Upside Bias
2026-04-28,HYG,ISHARES:IBOXX $HY CORP,Bonds,80.4,-0.0013662899018754837,-0.0009940357852882276,0.010558069381598756,0.010558069381598756,98.2,-0.7999999999999972,1.6000000000000085,61.900000000000006,61.900000000000006,-43.0,0.0,21.0,-46.0,-46.0,0.00506878,-0.01508537,-0.00432464,8.06e-06,-0.00022561,0.00046022,Neutral,Mean Reversion Upside Bias
2026-04-28,IBKR,"INTERACTIVE BROKERS GROUP, INC.",Financials,77.49,-0.0012888258796237562,0.011354737666405601,0.1553600715670196,0.1553600715670196,90.7,5.200000000000003,13.900000000000006,63.1,63.1,-70.0,18.0,-12.0,-72.0,-72.0,0.03888287,-0.00088864,0.09010817,0.00017777,-0.00297872,-0.00352973,Neutral,Crowded Long
2026-04-28,IBM,INTERNATIONAL BUSINESS MACHINES ,Information Technology,233.04,0.021881166410874675,0.00456935942753689,-0.038574198605553,-0.038574198605553,40.7,7.0,9.500000000000004,-1.3999999999999986,-1.3999999999999986,-42.0,-30.0,-21.0,-39.0,-39.0,-0.02563868,-0.0580183,0.02654953,-0.00165402,-0.00529882,0.00672143,Leaning Bearish,Mean Reversion Downside Bias
2026-04-28,ICE,"INTERCONTINENTAL EXCHANGE, INC.",Financials,156.3,-0.004141446320484077,-0.013568949195329583,-0.006230925737538029,-0.006230925737538029,40.7,-17.0,-11.099999999999994,8.400000000000006,8.400000000000006,-26.0,-8.0,-8.0,-60.0,-60.0,-0.01457613,-0.0299527,-0.00649284,-0.00385689,-0.00350056,0.00159998,Leaning Bearish,Mean Reversion Upside Bias
2026-04-28,ICL,ICL GROUP LTD,MR Discretion,5.43,-0.019855595667870096,0.04826254826254828,0.04826254826254828,0.04826254826254828,72.0,-8.400000000000006,23.0,2.799999999999997,2.799999999999997,-20.0,3.0,-15.0,-15.0,-15.0,0.0143734,0.00231734,0.01588957,-0.00026536,0.0068789,0.00335219,Neutral,Crowded Short
2026-04-28,IDXX,"IDEXX LABORATORIES, INC.",Health Care,568.3,-0.011566223149839239,0.004187797077377153,0.011407926818416403,0.011407926818416403,56.2,-3.5,18.300000000000004,49.7,49.7,35.0,32.0,0.0,8.0,8.0,-0.00366605,-0.0420644,0.00377423,-0.00041766,0.00078807,0.00325221,Neutral,Crowded Short
2026-04-28,IEF,ISHARES:7-10 TRS BD ETF,Bonds,95.25,-0.0009439899307741584,-0.0032440351611553453,-0.0019907795473596,-0.0019907795473596,49.4,-24.6,-28.6,38.099999999999994,38.099999999999994,26.0,10.0,10.0,-36.0,-36.0,0.00143679,-0.00207152,0.006858,0.00129287,-0.0001209,0.00216886,Neutral,Mean Reversion Upside Bias
2026-04-28,IEX,IDEX ,Industrials,205.36,-0.009788321519841658,0.0030282309270295293,0.08340807174887899,0.08340807174887899,93.1,0.7999999999999972,10.199999999999989,86.89999999999999,86.89999999999999,-85.0,-42.0,-3.0,-98.0,-98.0,0.02758381,-0.00100833,-0.01923651,-0.00141489,-0.00088135,-0.00109672,Sell,Mean Reversion Upside Bias
2026-04-28,IFF,INTERNATIONAL FLAVORS & FRAGRANCES INC.,Materials,70.77,-0.003099028032117146,-0.005201012088838941,-0.024534803583735387,-0.024534803583735387,46.8,-1.4000000000000057,-1.8000000000000043,25.599999999999998,25.599999999999998,16.0,-10.0,11.0,-17.0,-17.0,0.00692615,0.00456577,-0.01660499,0.00664577,-0.00380411,-0.00247436,Topping,Mean Reversion Upside Bias
2026-04-28,INCY,INCYTE ,Health Care,97.74,0.021103217718345224,0.032646592709983935,0.038461538461538325,0.038461538461538325,75.6,9.299999999999997,22.999999999999993,57.89999999999999,57.89999999999999,14.0,-8.0,-19.0,-79.0,-79.0,0.0007383,-0.01453041,0.07742852,-0.00268387,0.00251437,0.00944425,Neutral,Mean Reversion Upside Bias
2026-04-28,INDA,ISHARES:MSCI INDIA,Foreign,49.23,-0.0030376670716890652,-0.007059298104074241,0.051024765157984486,0.051024765157984486,96.2,0.4000000000000057,4.299999999999997,76.6,76.6,-43.0,27.0,37.0,-91.0,-91.0,0.01815981,-0.01440724,-0.02557828,-0.00243548,-8.38e-06,-0.00399748,Neutral,Mean Reversion Upside Bias
2026-04-28,INTC,INTEL ,Information Technology,84.52,-0.005530062360277643,0.02398836927550274,0.9152503965556309,0.9152503965556309,99.8,0.0,0.0,54.0,54.0,-51.0,-28.0,-28.0,-52.0,-52.0,0.16070021,0.10558528,0.07682055,0.00038785,0.02056314,0.08973116,Neutral,Mean Reversion Downside Bias
2026-04-28,INTU,INTUIT INC.,Information Technology,400.38,0.026826015592942065,0.011188281348655238,-0.07400897358804759,-0.07400897358804759,40.7,0.0,4.800000000000004,-9.099999999999994,-9.099999999999994,21.0,0.0,77.0,90.0,90.0,-0.02894642,-0.0820665,-0.09475284,0.00550542,0.00988465,-0.00432134,Buy,Crowded Short
2026-04-28,INVH,INVITATION HOMES INC.,Real Estate,28.14,0.033419023136246784,0.03722816070770363,0.13239436619718314,0.13239436619718314,99.8,0.3999999999999915,2.0,77.0,77.0,-2.0,44.0,44.0,-38.0,-38.0,0.0288334,0.0118605,-0.0333205,0.00366893,0.00578429,0.00135935,Buy,Crowded Short
2026-04-28,IP,INTERNATIONAL PAPER COMPANY,Materials,34.02,0.04196018376722832,0.04196018376722832,-0.04705882352941171,-0.04705882352941171,43.8,14.999999999999996,19.4,26.9,26.9,14.0,-26.0,-3.0,-20.0,-20.0,-0.01738633,-0.06276663,0.00614504,0.00179679,0.00291734,-0.00708078,Leaning Bullish,Mean Reversion Upside Bias
2026-04-28,IQV,IQVIA HOLDINGS INC,Health Care,158.98,-0.02966308593750011,-0.02033522307123492,-0.0677846839451155,-0.0677846839451155,21.6,-17.1,-1.5999999999999979,-11.100000000000001,-11.100000000000001,23.0,10.0,0.0,28.0,28.0,-0.0250268,-0.12051647,-0.05346905,-0.00342315,-0.00512711,-0.00275817,Leaning Bearish,Crowded Short
2026-04-28,IR,INGERSOLL RAND INC.,Industrials,81.19,-0.03356743244851812,-0.031261186015988596,0.013354967548676822,0.013354967548676822,56.9,-1.2000000000000028,9.699999999999996,49.6,49.6,-64.0,-67.0,-57.0,-77.0,-77.0,0.02425162,-0.01983951,-0.02047905,-0.00523306,-0.00457749,-0.00578988,Sell,Mean Reversion Downside Bias
2026-04-28,IRM,IRON MOUNTAIN INC.,Real Estate,112.62,-0.00115299334811525,-0.029388951133327512,0.10260426865087147,0.10260426865087147,89.9,2.4000000000000057,-1.5999999999999943,63.900000000000006,63.900000000000006,-45.0,-21.0,-2.0,-81.0,-81.0,0.03291427,0.05319869,0.02338626,-0.00904004,-0.00267758,0.0057234,Leaning Bearish,Mean Reversion Upside Bias
2026-04-28,ISRG,"INTUITIVE SURGICAL, INC.",Health Care,466.64,-0.009235864880358435,-0.03230890464933023,0.012256231154688768,0.012256231154688768,72.2,-1.3999999999999915,-0.20000000000000284,56.1,56.1,-31.0,0.0,0.0,-15.0,-15.0,0.01625028,-0.02799884,0.01586094,0.00015053,0.01025186,-0.00088308,Neutral,Mean Reversion Downside Bias
2026-04-28,IT,"GARTNER, INC.",Information Technology,150.12,0.009006586906842307,-0.002856193955496522,-0.05191360363774156,-0.05191360363774156,47.4,-3.200000000000003,-5.600000000000001,-6.600000000000001,-6.600000000000001,23.0,43.0,36.0,44.0,44.0,-0.01170677,-0.14077617,-0.17096211,0.00523303,0.00582679,-0.00316925,Buy,Mean Reversion Upside Bias
2026-04-28,ITW,ILLINOIS TOOL WORKS INC.,Industrials,268.47,-0.0047082375620968175,-0.0030450443759515444,0.031426485842714014,0.031426485842714014,74.8,5.200000000000003,11.099999999999994,66.7,66.7,3.0,-19.0,-27.0,-28.0,-28.0,0.01637483,-0.0055994,0.02305795,-0.00073238,-0.00100775,0.00128557,Leaning Bearish,Crowded Short
2026-04-28,IVZ,INVESCO LTD.,Financials,25.86,0.01491365777080067,0.013720109760877897,0.06463565253190606,0.06463565253190606,68.8,7.5,16.599999999999994,43.599999999999994,43.599999999999994,-30.0,-45.0,-45.0,-88.0,-88.0,0.02772194,-0.03574112,0.02084334,0.01017658,0.01586997,-0.00335274,Leaning Bullish,Crowded Long
2026-04-28,IWD,ISHARES:RUSS 1000 VL ETF,Sector & Style ETFs,227.08,-0.002591470110247185,-0.0025038436195914393,0.06276033135208503,0.06276033135208503,99.8,0.3999999999999915,2.0,92.5,92.5,-43.0,0.0,0.0,-63.0,-63.0,0.02049693,0.00018676,-0.00398681,-0.00128039,-4.254e-05,-0.00126525,Neutral,Mean Reversion Upside Bias
2026-04-28,IWF,ISHARES:RUSS 1000 GR ETF,Sector & Style ETFs,476.29,-0.007605117306329956,-0.0059481571148306545,0.1170028142589119,0.1170028142589119,99.4,0.8000000000000114,5.200000000000003,88.5,88.5,-43.0,0.0,17.0,-57.0,-57.0,0.03510485,0.00448306,0.00944959,0.00048043,0.00039899,0.00160816,Neutral,Mean Reversion Upside Bias
2026-04-28,IWM,ISHARES:RUSS 2000 ETF,Sector & Style ETFs,273.91,-0.011654759327415554,-0.009904211097053861,0.10447580645161292,0.10447580645161292,99.8,0.0,3.200000000000003,84.5,84.5,-43.0,0.0,0.0,-91.0,-91.0,0.03244158,0.00724453,0.01326402,-0.00240584,0.00224823,0.00289533,Neutral,Mean Reversion Upside Bias
2026-04-28,J,JACOBS SOLUTIONS INC.,Industrials,126.46,0.005086631696073818,-0.0011058451816745585,-0.006442489000628604,-0.006442489000628604,49.6,10.899999999999999,24.8,47.4,47.4,3.0,0.0,8.0,-16.0,-16.0,-0.01081632,-0.01253709,0.00366645,-0.000901,0.00132954,-0.00242856,Neutral,Crowded Short
2026-04-28,JBHT,"J. B. HUNT TRANSPORT SERVICES, INC.",Industrials,251.29,0.004517109050207857,0.010861257492256193,0.18588957055214728,0.18588957055214728,96.6,2.1999999999999886,3.8999999999999915,82.5,82.5,-30.0,0.0,9.0,-92.0,-92.0,0.05533713,0.05977059,0.01258878,-0.00328358,0.00308505,0.02516946,Neutral,Crowded Short
2026-04-28,JBL,JABIL INC.,Information Technology,330.83,-0.029254694835680883,-0.031669837553051305,0.24545420321499822,0.24545420321499822,95.8,0.3999999999999915,9.099999999999994,48.8,48.8,-31.0,6.0,-11.0,3.0,3.0,0.06604649,0.06741173,0.08566867,-0.00612368,0.00303817,0.02154615,Bottoming,Mean Reversion Upside Bias
2026-04-28,JCI,JOHNSON CONTROLS INTERNATIONAL PLC,Industrials,141.59,-0.012484307434788566,-0.00232525366403602,0.08125238640702581,0.08125238640702581,77.2,5.6000000000000085,14.900000000000006,66.3,66.3,-22.0,-43.0,-44.0,-14.0,-14.0,0.01997323,0.04144858,0.08679002,-0.00200631,-0.0024122,-0.00121613,Sell,Mean Reversion Upside Bias
2026-04-28,JKHY,"JACK HENRY & ASSOCIATES, INC.",Financials,152.8,0.011853519634461351,0.01091630830301038,-0.03315616299670954,-0.03315616299670954,44.2,-5.599999999999994,5.700000000000003,24.200000000000003,24.200000000000003,35.0,0.0,0.0,43.0,43.0,-0.0193449,-0.04271838,-0.02398656,-0.0015876,0.00449825,-0.00063502,Neutral,Crowded Short
2026-04-28,JNJ,JOHNSON & JOHNSON,Health Care,227.79,0.010872459394692502,0.0012747252747251636,-0.06811487481590572,-0.06811487481590572,0.6,0.39999999999999997,0.0,-23.799999999999997,-23.799999999999997,37.0,6.0,46.0,-40.0,-40.0,-0.01978892,0.0008632,0.04653175,0.00567154,-0.00678281,0.00521478,Bottoming,Crowded Short
2026-04-28,JNK,SPDR BBG HIGH YIELD BD,Bonds,96.8,-0.0011350737797957144,-0.000928888430178576,0.011282908483075671,0.011282908483075671,97.8,-0.7999999999999972,1.5999999999999943,62.3,62.3,-43.0,8.0,29.0,-46.0,-46.0,0.00513765,-0.01719869,-0.00890187,1.993e-05,-0.00028685,0.00049959,Neutral,Mean Reversion Upside Bias
2026-04-28,JPM,JPMORGAN CHASE & CO.,Financials,311.45,-0.0005776080608413947,0.010282859737900552,0.05877753603481084,0.05877753603481084,91.5,4.0,26.599999999999994,69.1,69.1,-43.0,-10.0,-24.0,-49.0,-49.0,0.02016973,0.01212271,0.04273872,-9.227e-05,0.00109092,-0.00053607,Neutral,Mean Reversion Upside Bias
2026-04-28,KDP,KEURIG DR PEPPER INC.,Consumer Staples,28.79,0.022735346358792263,-0.014715947980835087,0.09342954804405634,0.09342954804405634,86.7,3.6000000000000085,-7.5,84.10000000000001,84.10000000000001,-24.0,0.0,3.0,-54.0,-54.0,0.04920149,0.01979618,-0.02303039,0.00363886,0.00691515,-0.01476641,Buy,Mean Reversion Downside Bias
2026-04-28,KEY,KEYCORP,Financials,21.96,0.0022820629849384932,0.015256588072122046,0.0952618453865337,0.0952618453865337,92.7,9.200000000000003,17.5,56.6,56.6,-64.0,-10.0,-36.0,-112.0,-112.0,0.02501909,0.00682761,0.02090413,-0.0008517,-0.00132772,-0.00212113,Leaning Bearish,Mean Reversion Upside Bias
2026-04-28,KEYS,"KEYSIGHT TECHNOLOGIES, INC.",Information Technology,332.3,-0.02448332550493182,-0.042252709246022535,0.17682473350568406,0.17682473350568406,96.6,0.0,0.0,84.89999999999999,84.89999999999999,-14.0,11.0,9.0,-15.0,-15.0,0.04185197,0.14475918,0.09370126,-0.00856146,-0.00635499,0.00836666,Leaning Bearish,Mean Reversion Upside Bias
2026-04-28,KHC,THE KRAFT HEINZ COMPANY,Consumer Staples,22.47,0.025091240875912302,0.0241567912488605,-0.0008892841262783113,-0.0008892841262783113,74.8,5.200000000000003,-4.799999999999997,57.099999999999994,57.099999999999994,-41.0,-36.0,-57.0,-88.0,-88.0,-0.01278645,-0.00280647,-0.06370724,-0.00196903,-0.0006769,-0.00548059,Leaning Bearish,Mean Reversion Upside Bias
2026-04-28,KIM,KIMCO REALTY .,Real Estate,23.8,-0.00335008375209378,0.004643309413254526,0.05919003115264809,0.05919003115264809,94.6,-3.200000000000003,-0.4000000000000057,84.5,84.5,-10.0,17.0,17.0,-85.0,-85.0,0.02282704,0.01156299,0.02520823,0.00082391,0.0022706,0.0083397,Leaning Bullish,Mean Reversion Upside Bias
2026-04-28,KKR,KKR & CO. INC.,Financials,101.4,0.006951340615690249,-0.004222724148089885,0.09621621621621634,0.09621621621621634,78.4,-3.0999999999999943,-2.799999999999997,17.10000000000001,17.10000000000001,-23.0,5.0,10.0,-6.0,-6.0,0.02991168,-0.05505709,-0.02076292,-0.00173031,0.01146405,0.00055806,Neutral,Crowded Short
2026-04-28,KLAC,KLA ,Information Technology,1808.97,-0.047910526315789514,-0.0651317829457364,0.22857763802201836,0.22857763802201836,91.1,-2.700000000000003,-2.0,52.39999999999999,52.39999999999999,-34.0,3.0,-17.0,-18.0,-18.0,0.06360252,0.02505254,0.12067065,-0.00737639,-0.00282416,0.0176205,Leaning Bearish,Crowded Short
2026-04-28,KMB,KIMBERLY-CLARK ,Consumer Staples,98.44,0.0019338422391856902,0.006029637199795657,0.020420856224732997,0.020420856224732997,78.0,6.0,9.5,61.5,61.5,-23.0,10.0,10.0,-40.0,-40.0,0.00989788,-0.02978648,-0.0401726,0.00897376,0.0002917,-0.01283156,Neutral,Crowded Short
2026-04-28,KMI,"KINDER MORGAN, INC.",Energy,31.79,0.02714054927302101,0.001575299306868283,-0.0518938264240979,-0.0518938264240979,5.4,5.2,5.2,-22.200000000000003,-22.200000000000003,-11.0,6.0,-20.0,-11.0,-11.0,-0.01784365,0.01396114,0.08750389,-0.00136631,-0.00578766,-0.00494186,Sell,Crowded Short
2026-04-28,KO,THE COCA-COLA COMPANY,Consumer Staples,78.35,0.038573700954400714,0.02244551742137535,0.03024326101249164,0.03024326101249164,72.4,23.800000000000004,-3.5999999999999943,60.7,60.7,-18.0,-69.0,-47.0,-97.0,-97.0,0.00883434,0.02491719,0.04490152,0.00844115,-0.0003699,9.418e-05,Neutral,Mean Reversion Downside Bias
2026-04-28,KR,THE KROGER CO.,Consumer Staples,66.93,0.015629742033383964,-0.004462293618920032,-0.07504145936981743,-0.07504145936981743,6.9,1.1000000000000005,-10.799999999999999,-63.699999999999996,-63.699999999999996,-18.0,30.0,18.0,28.0,28.0,-0.03339311,0.02445616,0.02911805,-0.00399131,-0.00439885,-0.00714879,Sell,Mean Reversion Upside Bias
2026-04-28,KVUE,KENVUE INC.,Consumer Staples,17.54,0.0005704506560182399,0.002858776443682043,0.01740139211136893,0.01740139211136893,64.9,8.400000000000006,13.100000000000009,42.50000000000001,42.50000000000001,-7.0,11.0,11.0,-8.0,-8.0,0.00688246,0.00227217,-0.03442922,0.00685011,-0.00068398,-0.00355354,Topping,Crowded Short
2026-04-28,L,LOEWS ,Financials,112.37,0.010794279032112941,0.016187375655633884,0.052744987820873224,0.052744987820873224,89.5,2.799999999999997,29.0,85.3,85.3,-40.0,13.0,-50.0,-113.0,-113.0,0.01648184,0.03542417,0.04672294,0.00077861,-4.761e-05,0.00053991,Neutral,Mean Reversion Upside Bias
2026-04-28,LDOS,"LEIDOS HOLDINGS, INC.",Industrials,146.15,0.013241819190238369,0.0006161851293988718,-0.06024948559670784,-0.06024948559670784,16.9,11.099999999999998,11.899999999999999,16.7,16.7,23.0,36.0,36.0,-1.0,-1.0,-0.02718019,-0.08354777,0.04344154,-0.00377528,-0.00095056,-0.0125206,Leaning Bearish,Crowded Short
2026-04-28,LEN,LENNAR ,Consumer Discretionary,92.32,-0.009973190348525507,-0.018394471026049963,0.06310456011054799,0.06310456011054799,90.7,23.400000000000006,23.799999999999997,84.2,84.2,-48.0,-7.0,-46.0,-59.0,-59.0,0.03528937,-0.04898679,-0.06779027,-0.00317026,0.00778597,-0.01249146,Topping,Mean Reversion Upside Bias
2026-04-28,LH,LABORATORY  OF AMERICA HOLDINGS,Health Care,259.57,-0.014652848954181397,-0.016034874905231256,-0.02713541471459091,-0.02713541471459091,30.0,-4.700000000000003,1.1999999999999993,15.1,15.1,52.0,13.0,5.0,5.0,5.0,-0.01669992,0.00850049,0.02167807,-0.00447134,0.00057632,0.0045352,Bottoming,Crowded Short
2026-04-28,LHX,"L3HARRIS TECHNOLOGIES, INC.",Industrials,324.88,0.013792673032515745,0.023211867342760817,-0.05872808923656381,-0.05872808923656381,9.3,7.500000000000001,9.100000000000001,6.700000000000001,6.700000000000001,35.0,0.0,52.0,50.0,50.0,-0.03490061,-0.0208614,0.06567752,-0.00196039,0.00147236,-0.00293021,Bottoming,Crowded Short
2026-04-28,LII,LENNOX INTERNATIONAL INC.,Industrials,495.52,-0.013380057343102991,0.009267368678330667,0.06763191347251851,0.06763191347251851,86.3,-6.799999999999997,3.5999999999999943,79.0,79.0,-18.0,3.0,18.0,-19.0,-19.0,0.03049538,-0.001177,0.01684496,0.0038182,0.01376041,-0.00463462,Leaning Bullish,Mean Reversion Upside Bias
2026-04-28,LIN,LINDE PUBLIC LIMITED COMPANY,Materials,510.29,-0.0009006363191385036,-1.9596315892544958e-05,0.029308536388575224,0.029308536388575224,55.6,-17.6,-10.499999999999993,22.9,22.9,-48.0,9.0,-29.0,-38.0,-38.0,0.00580446,0.02930574,0.00254589,0.00268198,-0.00085494,0.000266,Leaning Bearish,Mean Reversion Upside Bias
2026-04-28,LITE,LUMENTUM HOLDINGS INC.,Information Technology,791.37,-0.0794597989949748,-0.10238873009391591,0.12608856508623134,0.12608856508623134,28.8,-4.4999999999999964,-8.7,11.100000000000001,11.100000000000001,8.0,21.0,-34.0,48.0,48.0,0.01632777,0.1556831,0.33141795,-0.01273222,-0.01966559,0.02565884,Sell,Mean Reversion Upside Bias
2026-04-28,LLY,ELI LILLY AND COMPANY,Health Care,874.0,0.006599329701590495,-0.01126747816643292,-0.04976244061015256,-0.04976244061015256,37.1,-2.3999999999999986,-0.3999999999999986,26.200000000000003,26.200000000000003,29.0,14.0,14.0,-18.0,-18.0,-0.02002615,-0.03562778,0.01867066,-0.00021996,-0.00114166,-0.00760744,Neutral,Mean Reversion Upside Bias
2026-04-28,LMT,LOCKHEED MARTIN ,Industrials,512.29,-0.002064868023765598,-0.002259226799104286,-0.15238504938863984,-0.15238504938863984,1.8,1.2000000000000002,1.6,-0.8,-0.8,-0.0,13.0,13.0,-23.0,-23.0,-0.06494347,-0.04538091,0.03455297,-0.00727161,-0.01545375,-0.02175035,Sell,Crowded Short
2026-04-28,LNT,ALLIANT ENERGY ,Utilities,72.46,0.000552333609500133,0.002074401880790999,0.009754738015607334,0.009754738015607334,51.4,-14.500000000000007,-17.4,11.899999999999999,11.899999999999999,34.0,1.0,44.0,-37.0,-37.0,-0.00245172,0.01347718,0.04420941,-0.00018257,0.00154257,0.00176142,Neutral,Mean Reversion Upside Bias
2026-04-28,LOW,"LOWE'S COMPANIES, INC.",Consumer Discretionary,240.32,-0.009193980622552167,-0.01689507056657802,0.01709835788048064,0.01709835788048064,59.7,-8.599999999999994,-0.7999999999999972,42.400000000000006,42.400000000000006,-26.0,-12.0,-21.0,-116.0,-116.0,0.02092974,-0.02537995,0.00303269,-0.00157417,-0.00232193,-0.00601788,Leaning Bearish,Mean Reversion Upside Bias
2026-04-28,LQD,ISHARES:IBOXX $IG CORP,Bonds,109.34,0.0004574983987555292,-0.0023722627737226,0.0032113037893386487,0.0032113037893386487,73.2,-15.899999999999991,-13.099999999999994,56.7,56.7,-14.0,4.0,4.0,-61.0,-61.0,0.00197507,-0.01009001,0.00311111,0.00071059,-0.00042969,0.00176637,Neutral,Mean Reversion Upside Bias
2026-04-28,LRCX,LAM RESEARCH ,Information Technology,251.23,-0.031757043203453295,-0.06180446635297632,0.17584011981653092,0.17584011981653092,73.6,2.799999999999997,2.799999999999997,49.599999999999994,49.599999999999994,8.0,16.0,-9.0,16.0,16.0,0.05172634,-0.01120297,0.11772593,-0.0102819,-0.01739351,0.00628242,Leaning Bearish,Mean Reversion Upside Bias
2026-04-28,LULU,LULULEMON ATHLETICA INC.,Consumer Discretionary,142.39,-0.030965019735946675,-0.009805285118219875,-0.06995427824951017,-0.06995427824951017,58.1,-5.999999999999993,4.300000000000004,40.8,40.8,-0.0,2.0,2.0,-6.0,-6.0,-0.03308655,-0.04899551,-0.09044329,-0.00332367,0.02563121,0.00986477,Topping,Mean Reversion Downside Bias
2026-04-28,LUV,SOUTHWEST AIRLINES CO.,Industrials,38.01,-0.004973821989528893,-0.03650190114068452,0.011711471919084282,0.011711471919084282,50.2,6.900000000000006,13.100000000000001,43.300000000000004,43.300000000000004,22.0,34.0,35.0,22.0,22.0,0.01336185,-0.05582697,0.00844632,-0.00199575,-0.0187813,-0.00758039,Leaning Bearish,Crowded Short
2026-04-28,LVS,LAS VEGAS SANDS CORP.,Consumer Discretionary,54.26,-0.0038553332109417804,0.02745692103768227,0.007052709725315465,0.007052709725315465,55.8,-1.1000000000000014,10.399999999999999,22.299999999999997,22.299999999999997,-2.0,0.0,11.0,-10.0,-10.0,-0.01596752,-0.01655752,-0.02581362,-0.00070645,0.01651347,0.00527561,Topping,Mean Reversion Downside Bias
2026-04-28,LYB,LYONDELLBASELL INDUSTRIES NV,Materials,71.48,0.006477048718670941,0.02304279375983964,-0.11271102284011913,-0.11271102284011913,19.6,-2.3999999999999986,-6.0,-79.0,-79.0,28.0,-17.0,0.0,65.0,65.0,-0.05407102,0.08146691,-0.03796343,-5.945e-05,0.00833514,-0.00194412,Neutral,Mean Reversion Downside Bias
2026-04-28,LYV,"LIVE NATION ENTERTAINMENT, INC.",Communication Services,154.75,-0.011118921336826681,-0.01206588355464755,0.014687561471379063,0.014687561471379063,53.6,-11.300000000000004,-0.6000000000000014,34.400000000000006,34.400000000000006,-16.0,0.0,-26.0,-16.0,-16.0,-0.00284358,0.02256544,0.03413819,-0.00167483,-0.00160772,0.00464894,Sell,Mean Reversion Upside Bias
2026-04-28,MA,MASTERCARD INC..,Financials,507.62,0.0023497818059752262,0.006842929964099298,0.015930832966417174,0.015930832966417174,70.8,-4.0,9.5,50.0,50.0,-16.0,-2.0,10.0,-20.0,-20.0,0.00656327,-0.00872104,-0.00583657,0.00139789,0.00169554,0.00053178,Leaning Bullish,Mean Reversion Upside Bias
2026-04-28,MAA,"MID-AMERICA APARTMENT COMMUNITIES, INC.",Real Estate,130.38,0.03979583698859557,0.03756167435938251,0.06763838847035686,0.06763838847035686,94.6,4.699999999999989,11.099999999999994,91.6,91.6,-20.0,-9.0,-9.0,-20.0,-20.0,0.00965664,-0.01650754,-0.0044491,0.00458234,0.00278024,-0.00400015,Leaning Bullish,Crowded Short
2026-04-28,MAR,"MARRIOTT INTERNATIONAL, INC.",Consumer Discretionary,358.33,-0.006487925250228788,-0.02402287893231647,0.09557587060873818,0.09557587060873818,87.5,-2.0,-0.7999999999999972,63.9,63.9,-16.0,0.0,17.0,-52.0,-52.0,0.02827018,0.04797397,0.03145652,-0.00315854,-0.00020138,0.00509175,Neutral,Crowded Short
2026-04-28,MAS,MASCO ,Industrials,74.34,0.0013469827586207739,0.0021569156106766574,0.23140632764618196,0.23140632764618196,99.4,0.0,0.0,88.10000000000001,88.10000000000001,-70.0,-43.0,-43.0,-123.0,-123.0,0.07592851,0.01101343,-0.02602551,-0.00084656,0.00923822,-0.00211068,Topping,Mean Reversion Downside Bias
2026-04-28,MCD,MCDONALD'S ,Consumer Discretionary,292.39,0.007511801798697482,-0.023283003741314867,-0.059203964091508854,-0.059203964091508854,18.8,-0.1999999999999993,-6.0,11.100000000000001,11.100000000000001,13.0,0.0,-34.0,-10.0,-10.0,-0.01198398,0.01075178,0.02155572,-0.00316749,-0.00899458,0.0009719,Sell,Crowded Short
2026-04-28,MCHI,ISHARES:MSCI CHINA,Foreign,56.76,-0.006302521008403339,-0.018162947586922717,0.010323958704165248,0.010323958704165248,65.3,-7.1000000000000085,-11.100000000000009,22.599999999999994,22.599999999999994,-5.0,0.0,9.0,-20.0,-20.0,0.00900997,-0.020685,0.05530254,-0.00106528,-0.00452131,-0.00677471,Leaning Bearish,Mean Reversion Upside Bias
2026-04-28,MCHP,MICROCHIP TECHNOLOGY INC.,Information Technology,84.26,-0.029709811146936826,-0.05791592128801426,0.3041324872310789,0.3041324872310789,98.6,0.7999999999999972,0.3999999999999915,74.6,74.6,-35.0,42.0,-33.0,-83.0,-83.0,0.10396964,0.02476333,-0.07353112,-0.00734158,-8.605e-05,0.00767349,Neutral,Crowded Short
2026-04-28,MCK,MCKESSON ,Health Care,835.0,0.008064516129032251,0.008320150704616447,-0.035083664602015396,-0.035083664602015396,19.6,5.100000000000001,6.300000000000001,19.0,19.0,60.0,53.0,53.0,78.0,78.0,-0.01601059,0.01831522,0.07191592,0.00272572,-0.00346668,-0.00012355,Bottoming,Mean Reversion Upside Bias
2026-04-28,MCO,MOODY'S ,Financials,457.99,-0.0059686591135998945,0.004253919526367778,0.04983381088825212,0.04983381088825212,80.6,-6.5,3.3999999999999915,67.3,67.3,-40.0,0.0,-21.0,-76.0,-76.0,0.0166219,-0.04903809,-0.01761708,-0.00039654,0.00417732,0.00093301,Neutral,Mean Reversion Upside Bias
2026-04-28,MDLZ,"MONDELEZ INTERNATIONAL, INC.",Consumer Staples,58.54,0.019505398815743646,0.016143030723832608,0.015614156835530801,0.015614156835530801,62.9,16.299999999999997,3.1999999999999957,17.1,17.1,-20.0,0.0,11.0,-65.0,-65.0,-0.00253591,-0.00642981,-0.02898299,0.00079036,-0.00825267,0.00458049,Topping,Mean Reversion Upside Bias
2026-04-28,MDT,MEDTRONIC PUBLIC LIMITED COMPANY,Health Care,81.9,-0.012301013024601959,-0.01704272683629371,-0.05481823427582222,-0.05481823427582222,19.2,1.8999999999999986,2.6999999999999993,13.0,13.0,41.0,0.0,-7.0,41.0,41.0,-0.01641188,-0.04526465,0.00052644,-0.00155044,-0.00735821,0.00667446,Leaning Bearish,Crowded Short
2026-04-28,MDY,SPDR S&P MIDCAP 400 ETF,Sector & Style ETFs,658.14,-0.010018050541516166,-0.009526389453248463,0.06709254815487387,0.06709254815487387,98.6,0.3999999999999915,3.5999999999999943,89.3,89.3,-53.0,0.0,0.0,-71.0,-71.0,0.02294868,0.00813147,-0.00913018,-0.00229999,0.00159919,-0.00050171,Topping,Mean Reversion Upside Bias
2026-04-28,MET,"METLIFE, INC.",Financials,78.28,0.007853740182824698,0.00746460746460742,0.10690045248868785,0.10690045248868785,99.8,1.2000000000000028,6.0,61.5,61.5,-9.0,26.0,37.0,-21.0,-21.0,0.02722232,-0.00494384,-0.02386267,0.0011863,0.00114423,-0.00201625,Buy,Mean Reversion Upside Bias
2026-04-28,META,"META PLATFORMS, INC.",Communication Services,671.34,-0.010727653178509322,-0.005466423714501456,0.17340464579728398,0.17340464579728398,98.6,-0.8000000000000114,5.8999999999999915,85.3,85.3,-43.0,21.0,17.0,-43.0,-43.0,0.05179978,-0.03184999,0.00654249,0.00019673,-0.02274029,-0.00044365,Neutral,Mean Reversion Upside Bias
2026-04-28,MGM,MGM RESORTS INTERNATIONAL,Consumer Discretionary,39.74,-0.019975339087546118,0.005058168942842833,0.07376384760875454,0.07376384760875454,93.1,3.1999999999999886,21.5,34.199999999999996,34.199999999999996,-43.0,-20.0,-7.0,-12.0,-12.0,0.02937316,0.05673997,-0.04220496,-0.00049936,0.00933708,0.00711024,Neutral,Mean Reversion Upside Bias
2026-04-28,MKC,"MCCORMICK & COMPANY, INC.",Consumer Staples,51.14,0.01468253968253963,-0.0075684067533475785,0.013877874702616921,0.013877874702616921,41.5,0.7999999999999972,-25.400000000000006,38.9,38.9,-1.0,11.0,-18.0,-1.0,-1.0,0.01078138,-0.04966539,-0.03610967,-0.00023728,-0.00429283,0.01698518,Neutral,Crowded Long
2026-04-28,MLM,"MARTIN MARIETTA MATERIALS, INC.",Materials,614.04,0.007035670356703605,-0.0020477815699658786,0.0430794319494463,0.0430794319494463,81.2,1.6000000000000085,6.400000000000006,75.0,75.0,-56.0,-4.0,-25.0,-80.0,-80.0,0.00536072,-0.02366621,-0.00504323,-0.00191692,-0.00359932,-0.00510158,Leaning Bearish,Mean Reversion Upside Bias
2026-04-28,MMM,3M COMPANY,Industrials,146.03,0.0017836317486450426,0.00027399136927175327,0.0055085037526683145,0.0055085037526683145,65.3,5.399999999999999,10.299999999999997,52.8,52.8,-13.0,-10.0,-10.0,-74.0,-74.0,0.01150359,-0.03882948,0.05681011,-0.00013631,0.00414841,-0.00875808,Neutral,Mean Reversion Upside Bias
2026-04-28,MNST,MONSTER BEVERAGE ,Consumer Staples,77.19,0.004293520686963204,-0.01329413268567059,0.0652773944245102,0.0652773944245102,81.2,8.400000000000006,-2.8999999999999915,77.4,77.4,-34.0,-4.0,-14.0,-36.0,-36.0,0.02209471,-0.02421339,0.01684057,-0.00063282,-0.00361314,0.00761071,Leaning Bearish,Crowded Short
2026-04-28,MO,"ALTRIA GROUP, INC.",Consumer Staples,67.8,0.027272727272727337,0.013755980861243966,0.027428398242157925,0.027428398242157925,55.0,16.9,-16.200000000000003,39.7,39.7,2.0,-28.0,-27.0,-82.0,-82.0,0.00774834,0.00817111,0.07070917,0.000237,-0.00142729,-0.0004737,Neutral,Crowded Short
2026-04-28,MOS,THE MOSAIC COMPANY,Materials,23.19,-0.0012919896640826156,-0.03374999999999995,-0.09058823529411764,-0.09058823529411764,22.4,-0.40000000000000213,-11.100000000000001,-17.5,-17.5,32.0,23.0,33.0,10.0,10.0,-0.03367137,-0.02947762,-0.03352804,-0.00736108,-0.00708675,-0.00489852,Leaning Bearish,Mean Reversion Upside Bias
2026-04-28,MP,MP MATERIALS CORP,MR Discretion,61.7,-0.04959950708564387,0.015972336571711043,0.2784915043514298,0.2784915043514298,86.3,9.899999999999991,18.200000000000003,79.8,79.8,-36.0,-5.0,-5.0,-23.0,-23.0,0.07796205,-0.01397157,0.11854956,-0.00455246,0.00381354,-0.00729049,Neutral,Mean Reversion Downside Bias
2026-04-28,MPC,MARATHON PETROLEUM ,Energy,232.59,0.023678535275736046,0.03769965200321246,-0.04746498484724382,-0.04746498484724382,18.1,10.000000000000002,8.8,-56.699999999999996,-56.699999999999996,57.0,14.0,33.0,93.0,93.0,-0.02628711,0.06667004,0.00748862,0.00435446,0.00923348,-0.00932477,Leaning Bullish,Mean Reversion Upside Bias
2026-04-28,MPWR,"MONOLITHIC POWER SYSTEMS, INC.",Information Technology,1504.08,-0.05258980706362559,-0.07841623469725378,0.37566195637261623,0.37566195637261623,99.0,-0.7999999999999972,-0.7999999999999972,59.9,59.9,-48.0,6.0,-31.0,-54.0,-54.0,0.103102,0.06414846,0.0855144,-0.01212775,-0.00800203,0.03456644,Leaning Bearish,Crowded Short
2026-04-28,MRK,"MERCK & CO., INC.",Health Care,110.03,-0.001814388097614139,-0.016711349419124222,-0.08529387313991188,-0.08529387313991188,6.5,3.1,-1.5999999999999996,-32.6,-32.6,36.0,0.0,25.0,59.0,59.0,-0.02312498,0.01118806,-0.02661792,0.00180729,-9.733e-05,-0.00206659,Neutral,Crowded Short
2026-04-28,MRNA,"MODERNA, INC.",Health Care,47.14,-0.03203285420944568,-0.07076680465207952,-0.07204724409448815,-0.07204724409448815,30.8,-3.4999999999999964,7.199999999999999,-15.400000000000002,-15.400000000000002,18.0,2.0,-7.0,-6.0,-6.0,0.00227367,0.01020036,-0.07645441,-0.00693757,-0.01843402,-0.00439601,Leaning Bearish,Mean Reversion Upside Bias
2026-04-28,MRSH,"MARSH & MCLENNAN COMPANIES, INC.",Financials,170.82,0.003937702027622558,0.004232804232804144,-0.015162871144422052,-0.015162871144422052,57.3,-12.700000000000003,-0.8000000000000043,32.5,32.5,-33.0,9.0,-21.0,-80.0,-80.0,-0.00129345,-0.01754061,-0.01160862,-0.00158349,-0.00266863,-0.00133053,Leaning Bearish,Mean Reversion Downside Bias
2026-04-28,MS,MORGAN STANLEY,Financials,190.36,0.0009464717635925268,0.012176317328654429,0.15671142978671693,0.15671142978671693,97.4,3.200000000000003,12.700000000000003,69.0,69.0,-43.0,-8.0,-10.0,-83.0,-83.0,0.04720638,0.00013465,0.05666416,-0.00161078,0.00119271,0.00268548,Neutral,Mean Reversion Upside Bias
2026-04-28,MSCI,MSCI INC.,Financials,594.78,0.0063618828466041055,0.003526295365199106,0.10346746813602703,0.10346746813602703,95.8,-1.2000000000000028,2.0,82.89999999999999,82.89999999999999,-48.0,0.0,-18.0,-62.0,-62.0,0.03587822,0.0024894,0.00380053,-0.00203907,-0.00400532,0.02530784,Leaning Bearish,Crowded Short
2026-04-28,MSFT,MICROSOFT ,Information Technology,429.25,0.01042794595358032,0.010903866986953004,0.15960234486857394,0.15960234486857394,96.6,1.1999999999999886,9.5,90.39999999999999,90.39999999999999,-2.0,44.0,41.0,18.0,18.0,0.04590267,0.00526473,-0.01105469,0.00129653,0.00355713,0.00170717,Buy,Crowded Short
2026-04-28,MSI,"MOTOROLA SOLUTIONS, INC.",Information Technology,434.74,0.00727525486561631,-0.008031761967781659,0.0017743161969721033,0.0017743161969721033,55.8,16.699999999999996,23.099999999999994,48.5,48.5,-29.0,-13.0,-13.0,-56.0,-56.0,-3.318e-05,0.02826573,0.04948475,-0.00334745,-0.00579499,-0.00174244,Sell,Mean Reversion Upside Bias
2026-04-28,MTB,M&T BANK ,Financials,217.52,-0.0018355359765049872,0.012097524660338754,0.0522445820433437,0.0522445820433437,78.0,2.200000000000003,22.200000000000003,59.9,59.9,-35.0,-7.0,-17.0,-109.0,-109.0,0.01096597,-0.00267388,0.04640521,-0.00121395,-0.00324403,-0.00224421,Leaning Bearish,Mean Reversion Upside Bias
2026-04-28,MTD,METTLER-TOLEDO INTERNATIONAL INC.,Health Care,1262.48,-0.00958656938887581,-0.015571757183516,0.0010149064383127016,0.0010149064383127016,42.3,-17.800000000000004,0.7999999999999972,12.699999999999996,12.699999999999996,26.0,23.0,31.0,-39.0,-39.0,-0.0059142,-0.03655298,-0.01663215,-0.00103389,0.00347033,-0.00092921,Neutral,Mean Reversion Upside Bias
2026-04-28,MTUM,ISHARES:MSCI USA MOM FCT,Sector & Style ETFs,276.21,-0.01617097061442574,-0.016696333214667125,0.15092295512312992,0.15092295512312992,98.6,0.0,2.0,79.39999999999999,79.39999999999999,-53.0,-10.0,7.0,-57.0,-57.0,0.03878573,0.01589897,-0.00714768,-0.0041848,0.00082853,0.00875908,Topping,Mean Reversion Upside Bias
2026-04-28,MU,"MICRON TECHNOLOGY, INC.",Information Technology,504.29,-0.03864190940979095,0.015239974230955022,0.4926888467913808,0.4926888467913808,85.5,7.900000000000006,16.299999999999997,71.0,71.0,-45.0,-9.0,-25.0,-35.0,-35.0,0.10344355,0.0114022,0.13250883,-0.00560112,-0.01354759,-0.00892786,Leaning Bearish,Mean Reversion Upside Bias
2026-04-28,MUB,ISHARES:NATL MUNI BOND,Bonds,107.3,-0.00102411321106044,-0.0006519511967961744,0.010833725859632493,0.010833725859632493,92.3,-7.5,-5.1000000000000085,82.2,82.2,-27.0,0.0,10.0,-89.0,-89.0,0.00138157,0.00134845,-0.00472798,-0.00075378,-0.00012594,0.00077469,Neutral,Mean Reversion Upside Bias
2026-04-28,NCLH,NORWEGIAN CRUISE LINE HOLDINGS LTD.,Consumer Discretionary,17.79,-0.021990104452996317,-0.03889789303079427,-0.048663101604278114,-0.048663101604278114,46.0,4.5,15.2,21.6,21.6,7.0,-22.0,-22.0,-10.0,-10.0,-0.00218974,-0.0361416,-0.03492337,-0.00306866,-0.00117016,-0.0064804,Leaning Bearish,Mean Reversion Upside Bias
2026-04-28,NDAQ,"NASDAQ, INC.",Financials,91.31,0.00973128386597355,0.01568409343715227,0.07562728236541405,0.07562728236541405,70.4,-3.5999999999999943,9.900000000000006,45.60000000000001,45.60000000000001,-36.0,17.0,8.0,-40.0,-40.0,0.00344581,-0.03402275,0.01177343,0.00059758,0.0035844,-0.00341338,Leaning Bullish,Mean Reversion Downside Bias
2026-04-28,NDSN,NORDSON ,Industrials,281.79,-0.005786261157957773,-0.0020186995325116586,0.05912200255581457,0.05912200255581457,87.1,1.5999999999999943,15.899999999999991,78.6,78.6,-24.0,0.0,-12.0,-60.0,-60.0,0.02346191,0.00470367,-0.01351053,-0.00039947,-0.00013678,-0.0019689,Neutral,Mean Reversion Upside Bias
2026-04-28,NDX,NASDAQ 100 INDEX,Indices,27029.01,-0.010132324117180125,-0.010059453545988473,0.13853385335163693,0.13853385335163693,99.8,0.0,2.799999999999997,90.89999999999999,90.89999999999999,-51.0,0.0,0.0,-62.0,-62.0,0.04017378,0.00752931,0.01634428,3.399e-05,-0.0002142,0.00561642,Neutral,
2026-04-28,NEE,"NEXTERA ENERGY, INC.",Utilities,96.51,0.017715912685859037,0.012909319899244265,0.03908268733850129,0.03908268733850129,65.7,5.200000000000003,0.4000000000000057,23.800000000000004,23.800000000000004,1.0,-13.0,-14.0,-53.0,-53.0,0.00953845,0.01953785,0.04460496,0.00122083,-0.01146088,-0.00483092,Bottoming,Mean Reversion Downside Bias
2026-04-28,NEM,NEWMONT ,Materials,109.9,-0.05323914541695374,-0.08947804473902232,0.015242494226328063,0.015242494226328063,37.1,-18.299999999999997,-36.9,30.200000000000003,30.200000000000003,3.0,-6.0,4.0,3.0,3.0,0.00360073,-0.02628866,0.15907652,-0.00423042,-0.01864941,-0.01215142,Leaning Bearish,Mean Reversion Downside Bias
2026-04-28,NFLX,"NETFLIX, INC.",Communication Services,92.27,0.00985006019481216,-0.0018390307226309188,-0.04035361414456584,-0.04035361414456584,51.8,3.5999999999999943,1.5999999999999943,4.399999999999999,4.399999999999999,30.0,0.0,0.0,40.0,40.0,-0.0295613,0.00854831,0.03330554,-0.0042106,0.00096785,0.01264605,Bottoming,Mean Reversion Downside Bias
2026-04-28,NI,NISOURCE INC.,Utilities,48.5,0.005806719203649946,0.010627214002917329,0.03943420488641247,0.03943420488641247,67.7,-4.700000000000003,-8.299999999999997,26.200000000000003,26.200000000000003,14.0,0.0,0.0,-62.0,-62.0,0.00131733,0.03057506,0.07037874,-9.226e-05,-0.00201637,-0.00026087,Neutral,Mean Reversion Upside Bias
2026-04-28,NKE,"NIKE, INC.",Consumer Discretionary,45.03,-0.0024368630926008272,0.007607965987916909,-0.14748201438848918,-0.14748201438848918,28.4,0.0,4.399999999999999,18.7,18.7,56.0,38.0,0.0,55.0,55.0,0.00841935,-0.08723062,-0.09498861,0.01035173,0.00066758,-0.00157697,Buy,Mean Reversion Downside Bias
2026-04-28,NOC,NORTHROP GRUMMAN ,Industrials,577.82,0.004415241273814541,0.004712142025004029,-0.15305464352720444,-0.15305464352720444,4.6,2.8,4.3999999999999995,1.5999999999999996,1.5999999999999996,0.0,0.0,13.0,-11.0,-11.0,-0.06133845,-0.03581164,0.03453182,-0.00189274,-0.00017101,-0.01998621,Neutral,Mean Reversion Downside Bias
2026-04-28,NORW,GLBL X MSCI NORWAY ETF,Foreign,37.81,0.0026518164942985756,-0.003426462836056854,-0.01046846375294419,-0.01046846375294419,31.5,-18.700000000000003,-20.700000000000003,-27.0,-27.0,10.0,0.0,0.0,11.0,11.0,-0.00586343,0.0426223,0.04048986,-0.00167506,-0.00664448,0.00112897,Leaning Bearish,
2026-04-28,NOV,NOV INC.,MR Discretion,20.29,-0.025456292026897254,-0.0102439024390244,0.07868155236576291,0.07868155236576291,83.9,24.200000000000003,38.10000000000001,62.300000000000004,62.300000000000004,-32.0,-15.0,-5.0,-101.0,-101.0,0.01951506,0.02135095,0.00267253,-0.00549386,-0.00187233,-0.00247475,Leaning Bearish,Crowded Short
2026-04-28,NOW,"SERVICENOW, INC.",Information Technology,90.49,0.00044223327805403834,0.003548852168126837,-0.13448110951697756,-0.13448110951697756,43.1,-11.100000000000001,-2.299999999999997,3.6000000000000014,3.6000000000000014,26.0,48.0,48.0,23.0,23.0,-0.05837542,-0.08250312,-0.09897214,0.00057877,0.00562753,-0.01057168,Buy,Mean Reversion Downside Bias
2026-04-28,NQ=F,NASDAQ 100 FUTURES,Futures,27224.0,-0.009405985627217284,-0.007880759103871093,0.13601368691189042,0.13601368691189042,99.8,0.3999999999999915,3.5999999999999943,84.89999999999999,84.89999999999999,-51.0,0.0,0.0,-54.0,-54.0,0.03574293,0.00859186,0.01332827,-0.0034694,0.00018048,0.00691285,Neutral,
2026-04-28,NRG,"NRG ENERGY, INC.",Utilities,154.81,-0.03334374024352171,-0.031287153494775066,0.05932667305323669,0.05932667305323669,76.0,1.4000000000000057,0.0,65.5,65.5,-13.0,11.0,60.0,-3.0,-3.0,0.01341203,0.02569129,0.07330374,-0.00048383,-0.00397973,-0.01512243,Neutral,Mean Reversion Upside Bias
2026-04-28,NSC,NORFOLK SOUTHERN ,Industrials,316.71,-0.006836213114240097,-0.009383503800319049,0.10351916376306614,0.10351916376306614,83.5,-1.5999999999999943,-3.200000000000003,78.1,78.1,-24.0,0.0,33.0,-97.0,-97.0,0.03155047,0.02017046,0.01262218,0.00120495,0.00075403,0.00685784,Buy,Mean Reversion Downside Bias
2026-04-28,NTAP,"NETAPP, INC.",Information Technology,108.28,-0.0014754703061600205,-0.003955477876920188,0.05752514894032612,0.05752514894032612,76.8,4.0,13.899999999999999,11.099999999999994,11.099999999999994,6.0,44.0,35.0,52.0,52.0,0.03346784,0.01446825,-0.0124764,0.00703869,0.00287611,-0.00209259,Buy,Crowded Short
2026-04-28,NTRS,NORTHERN TRUST ,Financials,166.9,-0.005422799594779759,0.01762087677580637,0.19581571971053968,0.19581571971053968,93.5,-0.29999999999999716,6.0,67.5,67.5,-51.0,0.0,-16.0,-114.0,-114.0,0.06035771,0.01939199,0.0619703,-0.00250359,0.00106949,0.00842248,Neutral,Mean Reversion Downside Bias
2026-04-28,NUE,NUCOR ,Materials,225.11,0.04702325581395361,0.05049232348686372,0.33122412773506804,0.33122412773506804,99.8,0.7999999999999972,0.7999999999999972,80.6,80.6,-2.0,0.0,28.0,-49.0,-49.0,0.07706353,0.05859792,-0.00426319,0.00172867,0.0098944,0.01924789,Buy,Crowded Short
2026-04-28,NVDA,NVIDIA ,Information Technology,213.17,-0.015881076589261967,0.023527152254285255,0.22230504587155941,0.22230504587155941,99.0,0.0,5.900000000000006,77.0,77.0,-26.0,0.0,9.0,12.0,12.0,0.05750619,0.01930543,0.07415617,0.0028197,0.002684,0.00234745,Leaning Bullish,Mean Reversion Upside Bias
2026-04-28,NVR,"NVR, INC.",Consumer Discretionary,6442.36,-0.006196654701173809,-0.00946962999408052,-0.022378422508623208,-0.022378422508623208,42.1,-8.100000000000001,-4.5,35.9,35.9,21.0,23.0,74.0,1.0,1.0,-0.00257009,-0.01371251,-0.01260945,-0.0003811,-0.0025049,-0.01104259,Neutral,
2026-04-28,NWSA,NEWS CORP.,Communication Services,26.16,-0.009466111321469128,-0.0015267175572518665,0.04933814681107096,0.04933814681107096,84.3,-13.5,-11.100000000000009,3.700000000000003,3.700000000000003,-40.0,3.0,-31.0,-33.0,-33.0,0.02608648,-0.00395446,-0.02137358,-0.00024462,0.00061574,0.00491741,Neutral,Mean Reversion Upside Bias
2026-04-28,NXPI,NXP SEMICONDUCTORS NV,Information Technology,230.39,-0.02735677797948244,-0.05593345353220791,0.1703240881844965,0.1703240881844965,98.6,-0.8000000000000114,-1.2000000000000028,82.5,82.5,-46.0,0.0,-50.0,-131.0,-131.0,0.0663618,-0.00146876,-0.03715369,-0.00309188,0.00693287,0.00055274,Topping,Crowded Short
2026-04-28,O,REALTY INCOME ,Real Estate,63.55,0.012749003984063645,0.003473867045634016,0.0387381497221313,0.0387381497221313,80.0,2.4000000000000057,-5.900000000000006,77.4,77.4,-7.0,-15.0,-12.0,-62.0,-62.0,0.00452206,0.00394827,0.02502467,-0.00170304,-0.0020012,0.00102491,Leaning Bearish,Mean Reversion Upside Bias
2026-04-28,ODFL,"OLD DOMINION FREIGHT LINE, INC.",Industrials,221.77,0.005622817757221288,0.008137103373033971,0.13495394063459565,0.13495394063459565,95.2,-1.0,-0.20000000000000284,69.2,69.2,-37.0,0.0,-14.0,-64.0,-64.0,0.03016164,0.07874869,0.01998892,-0.00455645,0.00277237,0.00924504,Neutral,Mean Reversion Upside Bias
2026-04-28,OEF,ISHARES:S&P 100,Sector & Style ETFs,351.98,-0.003454133635333978,-0.0006813923116234522,0.10661175213003427,0.10661175213003427,99.8,0.7999999999999972,5.200000000000003,93.3,93.3,-70.0,0.0,-10.0,-90.0,-90.0,0.03175756,0.0033966,0.00676811,0.00062317,-0.00173646,0.00046853,Neutral,Crowded Long
2026-04-28,OKE,"ONEOK, INC.",Energy,89.79,0.02324786324786321,0.026171428571428734,-0.006637902422834352,-0.006637902422834352,32.7,19.400000000000002,17.800000000000004,-55.2,-55.2,10.0,-44.0,-37.0,30.0,30.0,-0.00399672,0.03028975,0.03066496,0.00383992,-0.00096228,-0.00278259,Bottoming,Crowded Short
2026-04-28,OMC,OMNICOM GROUP INC.,Communication Services,76.88,0.011445862386527894,0.015051491946131534,0.02084716505112194,0.02084716505112194,66.9,-4.299999999999997,11.100000000000009,65.10000000000001,65.10000000000001,-14.0,0.0,-9.0,-38.0,-38.0,-0.0004976,-0.03569695,-0.02266562,-0.00258419,0.00179947,-0.00321273,Neutral,Mean Reversion Upside Bias
2026-04-28,ON,ON SEMICONDUCTOR ,Information Technology,93.3,-0.04834761321909431,-0.05182926829268297,0.5067829457364341,0.5067829457364341,99.4,-0.3999999999999915,-0.3999999999999915,67.9,67.9,-39.0,-37.0,-37.0,-40.0,-40.0,0.14773115,0.08495098,0.02116673,-0.00633358,0.00730731,0.05526684,Topping,Crowded Short
2026-04-28,ORCL,ORACLE ,Information Technology,165.96,-0.040471785383903836,-0.042243767313019376,0.12813540887771047,0.12813540887771047,74.4,-4.3999999999999915,-2.799999999999997,23.800000000000004,23.800000000000004,-31.0,22.0,22.0,-26.0,-26.0,0.04223036,-0.00328528,0.04172407,-0.00616678,0.0141433,0.00200049,Neutral,Mean Reversion Downside Bias
2026-04-28,ORLY,"O'REILLY AUTOMOTIVE, INC.",Consumer Discretionary,91.57,-0.004349244318799683,-0.016750778481692263,-0.008016466255010402,-0.008016466255010402,44.6,-23.1,-14.299999999999997,6.100000000000001,6.100000000000001,-39.0,-12.0,0.0,-18.0,-18.0,-0.00097943,-0.02580079,0.02770499,-0.00256623,-0.00772718,0.00276672,Leaning Bearish,Mean Reversion Upside Bias
2026-04-28,OTIS,OTIS WORLDWIDE ,Industrials,77.36,-0.0015487867836861957,-0.007568954457985888,0.0036325895173845435,0.0036325895173845435,63.7,-5.5,5.200000000000003,62.7,62.7,-3.0,10.0,22.0,-3.0,-3.0,-0.00035624,-0.01998985,-0.01160815,-0.00112435,0.00518367,0.0025035,Neutral,Mean Reversion Upside Bias
2026-04-28,OXY,OCCIDENTAL PETROLEUM ,Energy,58.61,0.0233979395844246,0.026085434173669597,-0.09830769230769232,-0.09830769230769232,6.5,1.9000000000000004,-1.2000000000000002,-91.3,-91.3,28.0,22.0,22.0,50.0,50.0,-0.03764637,0.05432258,-0.01573388,0.00442147,-0.00179788,-0.00096821,Neutral,Crowded Short
2026-04-28,PAM,PAMPA ENERGIA SA,MR Discretion,82.16,0.019354838709677358,0.019860973187686204,-0.0716384180790961,-0.0716384180790961,22.4,-3.6000000000000014,-1.2000000000000028,-76.6,-76.6,36.0,44.0,-10.0,79.0,79.0,-0.02760013,-0.01866024,0.03045239,-0.0004224,-0.01330009,0.00176802,Neutral,Mean Reversion Upside Bias
2026-04-28,PANW,"PALO ALTO NETWORKS, INC.",Information Technology,180.99,-0.010442864953526532,0.01372241514506567,0.12892964071856294,0.12892964071856294,82.3,-7.200000000000003,5.099999999999994,25.0,25.0,-50.0,-26.0,3.0,-6.0,-6.0,0.0309198,-0.03337656,-0.03450067,-0.00180762,0.01474315,0.00358658,Topping,Mean Reversion Upside Bias
2026-04-28,PAYX,"PAYCHEX, INC.",Industrials,90.99,0.01178694540197922,0.013026052104208485,-0.012266608771168142,-0.012266608771168142,65.3,-3.9000000000000057,10.699999999999996,7.199999999999996,7.199999999999996,-31.0,10.0,1.0,-43.0,-43.0,-0.00580336,-0.03785023,-0.04551315,-0.00025859,0.00727605,-0.00223497,Neutral,Mean Reversion Upside Bias
2026-04-28,PBR,BRAZILIAN PETROLEUM  - PETROBRAS,MR Discretion,21.23,0.01288167938931295,0.017249640632486685,0.023132530120481887,0.023132530120481887,39.9,2.0,-1.6000000000000014,-50.4,-50.4,6.0,-9.0,-13.0,57.0,57.0,-0.00141331,0.08925363,0.02963229,-0.00078578,-0.01578858,0.00803592,Leaning Bearish,Crowded Short
2026-04-28,PCAR,PACCAR INC,Industrials,119.61,-0.05966981132075477,-0.05818897637795273,0.03558441558441561,0.03558441558441561,64.9,-30.5,-23.799999999999997,46.800000000000004,46.800000000000004,-13.0,22.0,41.0,-98.0,-98.0,0.01503082,0.00720028,0.0169312,-0.01396964,-0.00515803,-0.00212799,Leaning Bearish,Mean Reversion Downside Bias
2026-04-28,PCG,PG&E ,Utilities,16.26,-0.007931665649786424,-0.021071643588199795,-0.07455890722822989,-0.07455890722822989,17.3,-7.099999999999998,-7.5,4.0,4.0,28.0,-19.0,-35.0,-12.0,-12.0,-0.01281235,0.03639939,0.0055604,-0.00272772,-0.00202863,-0.00061723,Leaning Bearish,Mean Reversion Upside Bias
2026-04-28,PEG,PUBLIC SERVICE ENTERPRISE GROUP INC.,Utilities,80.66,0.005610273033287649,-0.0009908347783006421,-0.0035824583075974026,-0.0035824583075974026,45.0,-3.200000000000003,-9.600000000000001,28.1,28.1,37.0,8.0,8.0,-17.0,-17.0,-0.00617879,0.00110155,0.05168913,0.00084214,-0.00662378,-0.0068305,Bottoming,Mean Reversion Upside Bias
2026-04-28,PEP,"PEPSICO, INC.",Consumer Staples,156.29,0.014211550940947504,0.005468347915594363,0.006439564685427168,0.006439564685427168,49.4,-3.200000000000003,-17.1,35.3,35.3,35.0,0.0,32.0,-28.0,-28.0,0.00315987,0.01970474,0.01257403,0.00285368,-0.00739179,-0.00356697,Neutral,Crowded Short
2026-04-28,PFE,PFIZER INC.,Health Care,26.48,-0.011571481896229918,-0.019259259259259198,-0.056980056980056926,-0.056980056980056926,6.5,-20.3,-13.899999999999999,-82.2,-82.2,20.0,-24.0,-5.0,4.0,4.0,-0.0105245,0.00569702,-0.00926952,0.01031799,-0.00553322,0.00411679,Neutral,Mean Reversion Upside Bias
2026-04-28,PFF,ISHARES:PREF AND INC SEC,Bonds,31.29,-0.0063512226103524805,-0.007296954314720772,0.03199208443271773,0.03199208443271773,99.4,-0.3999999999999915,0.8000000000000114,83.9,83.9,-27.0,16.0,16.0,-91.0,-91.0,0.01298385,-0.00896388,-0.01424591,-0.00031164,-9.944e-05,0.00220519,Neutral,Mean Reversion Upside Bias
2026-04-28,PFG,"PRINCIPAL FINANCIAL GROUP, INC.",Financials,100.06,0.003208341688389904,0.007247835715723738,0.11042059704805252,0.11042059704805252,99.8,0.0,1.2000000000000028,79.4,79.4,-53.0,-7.0,-51.0,-110.0,-110.0,0.03494141,0.01411881,0.00611291,0.00151637,-0.00165066,0.00184632,Topping,Mean Reversion Upside Bias
2026-04-28,PG,THE PROCTER & GAMBLE COMPANY,Consumer Staples,149.17,0.005188679245282879,0.006681063571332135,0.03274716145112144,0.03274716145112144,80.0,-3.9000000000000057,-3.9000000000000057,77.0,77.0,-18.0,21.0,0.0,-18.0,-18.0,0.02076696,0.00970167,0.00685007,0.00442355,-0.00060052,0.00064926,Topping,Crowded Short
2026-04-28,PGR,THE PROGRESSIVE ,Financials,203.03,0.005198534508367159,0.010652595948031252,0.02416263115415651,0.02416263115415651,71.6,-6.0,14.699999999999996,62.699999999999996,62.699999999999996,-28.0,37.0,-49.0,-7.0,-7.0,0.00996082,-0.00995473,-0.01240515,-0.00040262,-0.00198058,-0.00728336,Neutral,Crowded Short
2026-04-28,PH,PARKER-HANNIFIN ,Industrials,962.26,-0.0123981361742308,-0.01252988804170474,0.07486260667530487,0.07486260667530487,72.8,13.299999999999997,19.4,66.6,66.6,-7.0,-4.0,17.0,3.0,3.0,0.0244801,-0.00739428,0.0222076,-0.00108141,-5.958e-05,-0.00347386,Neutral,Crowded Short
2026-04-28,PHM,"PULTEGROUP, INC.",Consumer Discretionary,124.93,-0.02611474898659183,-0.020617748510504796,0.062239605475724824,0.062239605475724824,84.7,-7.599999999999994,3.5,75.8,75.8,-52.0,8.0,-11.0,-110.0,-110.0,0.03775399,-0.00051887,0.00421287,-0.00081508,0.00483009,-0.00677662,Neutral,Mean Reversion Downside Bias
2026-04-28,PKG,PACKAGING  OF AMERICA,Materials,222.59,0.04728521690034815,0.04566167144266453,0.04886438601451326,0.04886438601451326,70.4,23.400000000000006,23.400000000000006,63.50000000000001,63.50000000000001,-27.0,-30.0,-30.0,-63.0,-63.0,0.01701984,-0.01341361,0.02716525,0.00650542,0.0006985,-0.00350167,Leaning Bullish,Crowded Short
2026-04-28,PLD,"PROLOGIS, INC.",Real Estate,141.53,0.010784173689472931,-0.00401125967628424,0.07073687395975181,0.07073687395975181,96.6,3.8999999999999915,0.0,90.1,90.1,-23.0,-33.0,8.0,-41.0,-41.0,0.02360726,0.0120149,-0.00497127,-0.00043991,-5.329e-05,0.02287786,Neutral,Mean Reversion Upside Bias
2026-04-28,PLTR,PALANTIR TECHNOLOGIES INC.,Information Technology,141.18,-0.013417190775681265,-0.01334824236494514,-0.034864643150123054,-0.034864643150123054,43.8,4.699999999999996,11.5,12.599999999999998,12.599999999999998,-21.0,0.0,0.0,-25.0,-25.0,-0.00826817,-0.04181072,0.19432365,-0.0038381,0.01879508,-0.00876435,Neutral,Mean Reversion Downside Bias
2026-04-28,PM,PHILIP MORRIS INTERNATIONAL INC.,Consumer Staples,165.89,0.03101305158483525,0.010292326431181387,0.003326478771017216,0.003326478771017216,53.4,4.799999999999997,0.0,37.3,37.3,-12.0,-1.0,-17.0,-12.0,-12.0,0.02279611,-0.02211839,0.05686528,0.00088248,-0.00521189,-0.00528907,Neutral,Mean Reversion Downside Bias
2026-04-28,PNC,"THE PNC FINANCIAL SERVICES GROUP, INC.",Financials,220.89,-0.001987981746713219,0.004684799417811192,0.061511845835936274,0.061511845835936274,77.6,3.1999999999999886,13.099999999999994,42.099999999999994,42.099999999999994,-33.0,0.0,-9.0,-81.0,-81.0,0.01684557,-0.00411534,0.03486233,-0.00305415,-0.00138122,-0.00133476,Leaning Bearish,Crowded Short
2026-04-28,PNR,PENTAIR PUBLIC LIMITED COMPANY,Industrials,82.86,-0.10198330985152271,-0.09689373297002724,-0.04878888761336242,-0.04878888761336242,43.5,-47.599999999999994,-40.8,37.3,37.3,-12.0,14.0,21.0,-32.0,-32.0,-0.01003988,-0.06126396,-0.01915444,-0.03014261,-0.00741156,-0.00772695,Leaning Bearish,Mean Reversion Downside Bias
2026-04-28,PNW,PINNACLE WEST CAPITAL ,Utilities,103.12,0.007031250000000044,0.008015640273704827,0.02352357320099263,0.02352357320099263,66.5,-1.2000000000000028,-7.099999999999994,29.6,29.6,34.0,0.0,37.0,-47.0,-47.0,-0.00061139,0.02093582,0.04622193,-0.00032957,-0.00039925,3.079e-05,Neutral,Crowded Short
2026-04-28,PODD,INSULET ,Health Care,182.87,-0.028888534862726356,-0.03529225575015826,-0.1285264963781929,-0.1285264963781929,2.6,-13.9,-1.6,-7.9,-7.9,9.0,-28.0,0.0,9.0,9.0,-0.02582058,-0.06832287,0.02021181,-0.0003166,0.00342591,-0.01186449,Neutral,Mean Reversion Upside Bias
2026-04-28,POOL,POOL ,Consumer Discretionary,216.28,-0.03995028409090906,-0.06996344872070526,0.06894677012800865,0.06894677012800865,85.9,-8.699999999999989,-13.5,69.0,69.0,-58.0,-12.0,-49.0,-135.0,-135.0,0.03988262,-0.03095798,-0.07127214,-0.01168903,-0.00154315,0.00088322,Sell,Crowded Short
2026-04-28,POWA,INVESCO BLOOMBERG PRICING POWER,Sector & Style ETFs,87.56,-0.006580440208758809,-0.011961182577296392,0.016366802089379018,0.016366802089379018,78.4,-5.8999999999999915,3.200000000000003,74.60000000000001,74.60000000000001,-41.0,-5.0,12.0,-75.0,-75.0,0.00621594,-0.00698409,-0.00781773,-0.00091533,-0.00046564,0.00235886,Neutral,Crowded Long
2026-04-28,PPG,"PPG INDUSTRIES, INC.",Materials,107.68,-0.023753399818676302,-0.01930783242258638,0.007485029940119903,0.007485029940119903,50.6,-9.5,-3.3999999999999986,27.8,27.8,-9.0,5.0,-4.0,-72.0,-72.0,0.02032602,-0.022191,-0.02284784,0.00173778,-0.00919704,-0.00045224,Topping,Crowded Long
2026-04-28,PPL,PPL ,Utilities,38.99,0.006453278265358797,0.006193548387096737,0.020680628272251367,0.020680628272251367,66.5,-3.5,-7.299999999999997,23.0,23.0,-14.0,-38.0,12.0,-9.0,-9.0,-0.00322025,0.01568607,0.04026682,-0.00023344,0.00066623,0.00103404,Neutral,Mean Reversion Upside Bias
2026-04-28,PPLT,ABRDN:PHYSICAL PLATINUM,Commodities,175.91,-0.022667925995888738,-0.036479158678862866,-0.013016888290411255,-0.013016888290411255,37.9,-14.700000000000003,-24.6,19.799999999999997,19.799999999999997,24.0,0.0,18.0,4.0,4.0,0.0038496,-0.00322419,0.14713911,-0.00371385,0.01110202,-0.00507834,Neutral,Mean Reversion Upside Bias
2026-04-28,PRU,"PRUDENTIAL FINANCIAL, INC.",Financials,96.91,0.013808975834292303,0.028659377985351897,-0.007984440577336493,-0.007984440577336493,64.1,0.0,17.099999999999994,14.299999999999997,14.299999999999997,33.0,40.0,-2.0,38.0,38.0,-0.0093449,-0.03201414,-0.03285134,0.00292728,0.0017221,-0.0057208,Buy,Crowded Short
2026-04-28,PSA,PUBLIC STORAGE.,Real Estate,297.14,-0.027301296320544788,-0.036167245126342173,0.09694329592439455,0.09694329592439455,93.8,-4.0,-4.400000000000006,88.39999999999999,88.39999999999999,-23.0,14.0,14.0,-67.0,-67.0,0.02515722,0.00042889,0.00732285,-0.01263571,0.00265367,0.00485164,Neutral,Mean Reversion Upside Bias
2026-04-28,PSKY,PARAMOUNT SKYDANCE ,Communication Services,10.52,-0.006610009442870712,-0.04102096627165008,0.16629711751662968,0.16629711751662968,85.9,-6.799999999999997,-9.899999999999991,80.9,80.9,-32.0,-18.0,-1.0,-65.0,-65.0,0.01736807,0.06543682,-0.00885565,-0.03646856,-0.00078743,-0.00167084,Leaning Bearish,Crowded Short
2026-04-28,PSX,PHILLIPS 66,Energy,165.13,0.006276660572821502,0.014000614062020356,-0.09358875837084213,-0.09358875837084213,2.6,2.4,0.8,-86.10000000000001,-86.10000000000001,43.0,0.0,19.0,76.0,76.0,-0.02519922,0.03301841,-0.00988461,0.00587943,0.00172579,-0.00580471,Leaning Bullish,Mean Reversion Upside Bias
2026-04-28,PTC,PTC INC.,Information Technology,137.11,0.005131588593211722,-0.00043741342859204835,-0.037757035581444276,-0.037757035581444276,46.6,-6.399999999999999,11.100000000000001,42.800000000000004,42.800000000000004,-5.0,2.0,-8.0,-54.0,-54.0,-0.01827093,-0.03491522,-0.03871508,-0.00014957,0.00738565,-0.00629423,Neutral,Mean Reversion Upside Bias
2026-04-28,PWR,"QUANTA SERVICES, INC.",Industrials,630.94,-0.009948531257845672,0.009762499199795105,0.1492113219919129,0.1492113219919129,99.0,0.7999999999999972,13.099999999999994,83.7,83.7,-28.0,0.0,-36.0,-42.0,-42.0,0.03773182,0.05335904,0.08183736,-0.00366666,0.00091947,0.00284605,Bottoming,Mean Reversion Upside Bias
2026-04-28,PYPL,"PAYPAL HOLDINGS, INC.",Financials,49.64,-0.0026120152702431287,-0.016640253565768592,0.09750165819146583,0.09750165819146583,92.3,-1.9000000000000057,0.0,39.9,39.9,-66.0,-13.0,-13.0,-61.0,-61.0,0.02793498,-0.04739367,-0.06515121,-0.00133328,0.00575918,-0.00184063,Topping,Mean Reversion Upside Bias
2026-04-28,Q,"QNITY ELECTRONICS, INC.",Information Technology,137.59,-0.04351755300660409,-0.047688261351051975,0.19249436644132434,0.19249436644132434,95.8,-1.7999999999999972,0.09999999999999432,66.5,66.5,-78.0,-29.0,-47.0,-50.0,-50.0,0.05867088,0.08532663,0.48263418,-0.00650767,-0.0014961,-0.05223327,Sell,Mean Reversion Upside Bias
2026-04-28,QAT,ISHARES:MSCI QATAR,Foreign,19.0,-0.005235602094240899,-0.012987012987012991,0.021505376344086002,0.021505376344086002,71.6,-4.0,-3.200000000000003,36.89999999999999,36.89999999999999,-27.0,21.0,38.0,-63.0,-63.0,0.00799473,-0.02906155,-0.00336982,-0.00013234,-0.00228079,-0.00141475,Neutral,
2026-04-28,QCOM,QUALCOMM INC.,Information Technology,150.0,-0.0017303340875814976,0.007725898555593025,0.16477713930734583,0.16477713930734583,97.4,0.4000000000000057,4.700000000000003,84.9,84.9,-2.0,18.0,18.0,-8.0,-8.0,0.07374798,-0.00738688,-0.00959204,0.0078614,0.01549946,-0.00120303,Buy,Crowded Short
2026-04-28,QQQ,INVESCO QQQ TRUST 1,Sector & Style ETFs,657.55,-0.01005675744847423,-0.009534855696812783,0.13924598911951214,0.13924598911951214,99.8,0.0,2.799999999999997,91.7,91.7,-43.0,0.0,17.0,-71.0,-71.0,0.04008543,0.00697375,0.01602329,-3.105e-05,-0.00027168,0.00547853,Neutral,Mean Reversion Upside Bias
2026-04-28,QUAL,ISHARES:MSCI USA QF,Sector & Style ETFs,205.91,-0.006177904339012552,-0.007184185149469613,0.07351024451279908,0.07351024451279908,99.0,0.0,2.799999999999997,93.2,93.2,-43.0,27.0,27.0,-61.0,-61.0,0.02336683,0.00361645,-0.01087004,-0.00048126,6.168e-05,-2.97e-06,Neutral,Mean Reversion Upside Bias
2026-04-28,RCL,ROYAL CARIBBEAN CRUISES LTD.,Consumer Discretionary,255.89,-0.011511569513655617,-0.03742852843815825,-0.07009957118976673,-0.07009957118976673,43.5,-2.700000000000003,2.799999999999997,12.7,12.7,-3.0,15.0,-7.0,-46.0,-46.0,-0.0003497,-0.05035716,0.06157631,0.00031697,-0.04466758,-0.01093553,Neutral,Mean Reversion Upside Bias
2026-04-28,REG,REGENCY CENTERS ,Real Estate,80.31,0.004502814258911858,0.0014964459408903785,0.06145915939730373,0.06145915939730373,95.0,-0.7999999999999972,-2.0,93.2,93.2,-12.0,0.0,-15.0,-21.0,-21.0,0.00838069,0.02870568,0.02657209,-0.00041844,-0.00045358,0.00481118,Neutral,Crowded Short
2026-04-28,REGN,"REGENERON PHARMACEUTICALS, INC.",Health Care,731.77,-0.017019504594057322,-0.02634485144430998,-0.05289656243528684,-0.05289656243528684,18.1,-27.299999999999997,-13.399999999999999,-28.9,-28.9,57.0,31.0,45.0,37.0,37.0,-0.00897613,0.0041851,-0.00868943,-0.00075003,0.00058267,0.00341136,Leaning Bullish,Mean Reversion Upside Bias
2026-04-28,RF,REGIONS FINANCIAL ,Financials,28.33,0.002476999292285731,0.020533141210374417,0.08460949464012235,0.08460949464012235,88.1,1.0,12.5,72.8,72.8,-40.0,-7.0,9.0,-114.0,-114.0,0.02608083,-0.00102323,0.01719818,1.633e-05,0.00156763,-0.00538825,Neutral,Mean Reversion Upside Bias
2026-04-28,RIG,TRANSOCEAN LTD,MR Discretion,6.79,0.04141104294478537,0.1112929623567922,0.02413273001508287,0.02413273001508287,31.2,19.9,27.4,-21.000000000000004,-21.000000000000004,-20.0,-60.0,-40.0,-37.0,-37.0,-0.00394018,0.07371604,-0.00727162,0.01342415,-0.00523861,-0.00899479,Leaning Bearish,Crowded Short
2026-04-28,RJF,"RAYMOND JAMES FINANCIAL, INC.",Financials,155.69,0.009008425145819787,0.014795984878112511,0.07528144208854215,0.07528144208854215,89.5,3.5999999999999943,13.5,79.4,79.4,-17.0,16.0,11.0,-57.0,-57.0,0.03253868,-0.02511618,0.01745512,0.00258287,0.0016395,-0.0075586,Leaning Bullish,Crowded Short
2026-04-28,RL,RALPH LAUREN ,Consumer Discretionary,366.87,-0.009476753604406252,-0.011771360844736622,0.0665135614407395,0.0665135614407395,71.6,-4.0,3.0999999999999943,57.099999999999994,57.099999999999994,-41.0,7.0,12.0,-59.0,-59.0,0.02041463,-0.0116746,0.0532731,-0.00280134,0.0011201,0.00490945,Neutral,Crowded Long
2026-04-28,RMD,RESMED INC.,Health Care,217.14,-0.021980001801639615,-0.012326586308846976,-0.032697790449037756,-0.032697790449037756,34.7,-16.299999999999997,-0.7999999999999972,31.700000000000003,31.700000000000003,-25.0,-22.0,0.0,-25.0,-25.0,-0.00876535,-0.04238553,0.00629146,-0.00258484,-0.00055246,-0.01052007,Leaning Bearish,Crowded Short
2026-04-28,ROK,"ROCKWELL AUTOMATION, INC.",Industrials,401.29,-0.01383564336970411,0.00027419113614834956,0.11817320552831045,0.11817320552831045,84.7,-1.5999999999999943,3.9000000000000057,81.7,81.7,-37.0,17.0,-21.0,-64.0,-64.0,0.03461173,-0.0102819,-0.00413716,-0.00316233,-0.00256469,-0.00215433,Leaning Bearish,Crowded Short
2026-04-28,ROKU,"ROKU, INC.",MR Discretion,112.28,-0.01835985312117494,-0.025516403402187082,0.18664130205030638,0.18664130205030638,99.4,-0.3999999999999915,0.4000000000000057,56.7,56.7,-23.0,14.0,14.0,-43.0,-43.0,0.05662149,-0.0037511,0.03487197,-0.00763872,0.01311987,0.0163298,Neutral,Mean Reversion Upside Bias
2026-04-28,ROL,"ROLLINS, INC.",Industrials,55.74,-0.004109344291584716,-0.015194346289752692,0.043624789365287464,0.043624789365287464,86.7,-5.599999999999994,-6.3999999999999915,85.3,85.3,-16.0,2.0,16.0,-40.0,-40.0,0.02087713,-0.02335506,0.03091928,-3.069e-05,0.00027091,0.013608,Neutral,Mean Reversion Upside Bias
2026-04-28,ROP,"ROPER TECHNOLOGIES, INC.",Information Technology,354.12,0.004738260746205203,0.0020373514431240025,0.0007347538574578039,0.0007347538574578039,75.0,-10.900000000000006,-1.0,3.200000000000003,3.200000000000003,-22.0,4.0,0.0,14.0,14.0,0.00420861,-0.00997911,-0.07953513,-0.00200703,0.03512306,0.0046555,Topping,Crowded Short
2026-04-28,ROST,"ROSS STORES, INC.",Consumer Discretionary,225.52,-0.002873944378122606,-0.003754914520475272,0.04103771407468959,0.04103771407468959,72.4,13.100000000000009,20.60000000000001,11.900000000000006,11.900000000000006,9.0,-15.0,-15.0,46.0,46.0,0.01197196,0.04551734,0.04737772,-0.00015313,0.00142774,0.01551594,Neutral,Mean Reversion Upside Bias
2026-04-28,RSG,"REPUBLIC SERVICES, INC.",Industrials,208.15,0.009897627480471627,-0.00781734115067445,-0.04963017076066112,-0.04963017076066112,17.7,-9.100000000000001,-24.599999999999998,11.899999999999999,11.899999999999999,-34.0,-19.0,-19.0,-46.0,-46.0,-0.0110565,-0.01295031,0.01358403,-0.00103738,-0.00472389,-0.00431508,Leaning Bearish,Mean Reversion Downside Bias
2026-04-28,RSP,INVESCO S&P500 EWGHT,Sector & Style ETFs,200.76,-0.005104316368501949,-0.006286195119536764,0.04606085869112131,0.04606085869112131,98.2,0.0,2.799999999999997,92.4,92.4,-43.0,0.0,0.0,-63.0,-63.0,0.01722702,0.00531989,-0.00986712,-0.0018923,0.00024118,-0.00120385,Neutral,Mean Reversion Upside Bias
2026-04-28,RTX,RTX ,Industrials,175.68,0.013265659245587758,0.008148743257202051,-0.08926905132192842,-0.08926905132192842,6.5,5.1,5.5,4.3,4.3,0.0,0.0,-11.0,0.0,0.0,-0.03565425,-0.02327951,0.05721799,-0.00393682,0.01397016,-0.01865479,Bottoming,Crowded Short
2026-04-28,RUT,RUSSELL 2000 INDEX,Indices,2756.05,-0.01152719147547332,-0.011105130965195498,0.10402304145619445,0.10402304145619445,99.8,0.0,2.799999999999997,84.5,84.5,-51.0,0.0,21.0,-82.0,-82.0,0.03272115,0.00686281,0.01345862,-0.00311807,0.00225754,0.00292305,Neutral,
2026-04-28,RVTY,"REVVITY, INC.",Health Care,85.18,-0.018663594470045952,-0.01832430563558818,-0.027736559753452683,-0.027736559753452683,56.2,-7.299999999999997,2.8000000000000043,36.6,36.6,31.0,18.0,18.0,-25.0,-25.0,-0.01770129,-0.06693583,-0.01247877,-0.00219962,-0.00552991,-0.00407093,Leaning Bearish,Crowded Short
2026-04-28,SATS,ECHOSTAR CORPORATION,Communication Services,123.7,0.017018827591877006,0.052765957446808454,0.05663278380456149,0.05663278380456149,59.7,5.100000000000001,5.5,10.700000000000003,10.700000000000003,37.0,-8.0,30.0,-26.0,-26.0,-0.01580323,0.01495348,0.20746428,-0.00036272,0.01612432,0.00220398,Neutral,Mean Reversion Upside Bias
2026-04-28,SBAC,SBA COMMUNICATIONS ,Real Estate,217.59,0.01204651162790693,-0.00856609103749939,0.26424960780895934,0.26424960780895934,97.4,-0.3999999999999915,-1.5999999999999943,95.60000000000001,95.60000000000001,-60.0,0.0,27.0,-60.0,-60.0,0.02034777,0.01121309,-0.00918493,-0.0132861,0.0008436,0.01293737,Topping,Mean Reversion Downside Bias
2026-04-28,SBLK,STAR BULK CARRIERS CORP.,MR Discretion,24.64,0.0024410089503661414,0.016921172100701654,0.0727035263387028,0.0727035263387028,78.2,9.700000000000003,22.0,74.0,74.0,-35.0,0.0,-9.0,-32.0,-32.0,0.0099974,0.03140164,0.00023704,-0.00103962,-0.00979373,-0.0014203,Leaning Bearish,Mean Reversion Upside Bias
2026-04-28,SBUX,STARBUCKS ,Consumer Discretionary,97.28,-0.006231484319133673,-0.014087361913448837,0.0858354727090076,0.0858354727090076,99.0,2.0,12.700000000000003,81.3,81.3,-69.0,-11.0,-13.0,-131.0,-131.0,0.01633328,-0.01594474,-0.02180966,-0.00665835,-0.0202102,0.00525134,Sell,Mean Reversion Upside Bias
2026-04-28,SCHP,SCHWAB STR:US TIPS,Bonds,26.91,0.0,0.0,0.011273957158962844,0.011273957158962844,95.0,-4.799999999999997,-4.799999999999997,78.9,78.9,40.0,59.0,59.0,1.0,1.0,0.00296884,0.00960526,0.30615178,0.00057306,0.0005577,0.0013425,Buy,Mean Reversion Upside Bias
2026-04-28,SCHW,THE CHARLES SCHWAB ,Financials,90.83,0.0007712648743938288,0.026327683615819275,-0.033517769738242276,-0.033517769738242276,30.0,-1.1999999999999993,16.3,8.399999999999999,8.399999999999999,20.0,45.0,30.0,6.0,6.0,-0.01326,-0.01330756,0.01050203,0.00175566,-0.00150532,-0.00909068,Neutral,Mean Reversion Downside Bias
2026-04-28,SD,"SANDRIDGE ENERGY, INC.",MR Discretion,15.51,0.015052356020942348,0.02715231788079464,-0.04904966278356826,-0.04904966278356826,14.1,6.0,5.0,1.5999999999999996,1.5999999999999996,59.0,23.0,23.0,26.0,26.0,-0.0096091,-0.00641866,0.00229626,0.00425606,-0.00810025,-0.00636222,Bottoming,Crowded Short
2026-04-28,SDY,SPDR S&P DIVIDEND,Sector & Style ETFs,148.39,0.0014847809948033142,0.0014847809948033142,0.01678772098122505,0.01678772098122505,73.2,3.200000000000003,11.5,69.4,69.4,22.0,28.0,38.0,-45.0,-45.0,0.00805588,-0.00354113,0.01382422,0.00018858,-0.00131664,0.00028501,Neutral,Crowded Short
2026-04-28,SHW,THE SHERWIN-WILLIAMS COMPANY,Materials,324.27,-0.035197857780422614,-0.03976902576251118,0.011605053813757538,0.011605053813757538,60.5,-16.700000000000003,-15.099999999999994,42.2,42.2,-43.0,-15.0,-15.0,-91.0,-91.0,0.01789249,-0.02498988,-0.00848217,-0.00503513,-0.00266388,0.00021904,Leaning Bearish,Mean Reversion Downside Bias
2026-04-28,SHY,ISHARES:1-3 TRS BD ETF,Bonds,82.5,-0.0006056935190793533,-0.0008477655322756128,-0.0008477655322756128,-0.0008477655322756128,52.2,-26.599999999999994,-46.39999999999999,29.400000000000002,29.400000000000002,-21.0,10.0,17.0,-57.0,-57.0,0.00256611,-0.01099933,0.00371605,0.00050956,-0.0013002,0.00010554,Neutral,Mean Reversion Upside Bias
2026-04-28,SILJ,ETFMG PRIME JR SILVR MNR,Commodities,29.19,-0.04701273261508321,-0.05533980582524267,-0.017833109017496573,-0.017833109017496573,41.3,-10.300000000000004,-18.800000000000004,37.9,37.9,16.0,-2.0,-2.0,16.0,16.0,-0.00328013,-0.04133916,0.16036217,-0.00639366,-0.0243864,-0.01266094,Leaning Bearish,Mean Reversion Upside Bias
2026-04-28,SJM,THE J. M. SMUCKER COMPANY,Consumer Staples,98.05,0.02853246617014582,0.02060997189549285,0.016694317710493456,0.016694317710493456,74.8,12.699999999999996,8.700000000000003,73.8,73.8,14.0,-20.0,-8.0,5.0,5.0,-0.00086875,-0.01890597,-0.01402701,0.00146679,0.00129796,0.0074543,Leaning Bullish,Crowded Short
2026-04-28,SLB,SCHLUMBERGER N.V.,Energy,55.65,0.0076045627376426506,-0.008904719501335756,0.08289550496205478,0.08289550496205478,80.4,30.60000000000001,1.6000000000000085,25.400000000000006,25.400000000000006,-29.0,-12.0,10.0,-32.0,-32.0,0.03707782,0.01071768,-0.0028043,0.00323855,-0.00194473,0.00201058,Topping,Mean Reversion Upside Bias
2026-04-28,SLV,ISHARES:SILVER TRUST,Commodities,66.2,-0.031172252304990433,-0.03765082134031117,-0.028470795421191686,-0.028470795421191686,40.7,-7.899999999999999,-14.299999999999997,33.0,33.0,-20.0,-26.0,-2.0,-20.0,-20.0,0.00744595,-0.02306829,0.2108725,-0.00095633,-0.02419416,-0.01712197,Leaning Bearish,Crowded Long
2026-04-28,SM,SM ENERGY COMPANY,MR Discretion,29.28,0.006185567010309256,0.017373175816539188,-0.06093649775497112,-0.06093649775497112,22.8,4.699999999999999,6.300000000000001,-75.4,-75.4,16.0,-35.0,-2.0,59.0,59.0,-0.02667508,0.07673984,-0.07117755,0.0013092,0.00313123,-0.00055117,Leaning Bullish,Mean Reversion Upside Bias
2026-04-28,SMCI,"SUPER MICRO COMPUTER, INC.",Information Technology,27.25,-0.021543985637342944,-0.0629298486932599,0.19675010979358798,0.19675010979358798,93.8,1.5,0.0,69.0,69.0,-53.0,0.0,0.0,-51.0,-51.0,0.06094164,-0.05253902,-0.20280266,-0.00268266,0.00481532,-0.00500527,Topping,Mean Reversion Upside Bias
2026-04-28,SMH,VANECK:SEMICONDUCTOR,Sector & Style ETFs,491.21,-0.029727807845771004,-0.03007266408656506,0.28119457485654675,0.28119457485654675,98.6,-0.4000000000000057,2.0,79.89999999999999,79.89999999999999,-43.0,-4.0,-23.0,-59.0,-59.0,0.07740429,0.03190878,0.06635294,-0.00328953,0.00283793,0.01671122,Neutral,Mean Reversion Upside Bias
2026-04-28,SNA,SNAP-ON INC.,Industrials,377.53,-0.018050823211174016,-0.0023518841498865184,0.03939761026375188,0.03939761026375188,70.8,-10.700000000000003,4.299999999999997,64.3,64.3,-19.0,29.0,-18.0,-55.0,-55.0,0.01623279,0.01363138,0.04457494,-0.00114692,-0.00111095,0.00318561,Leaning Bearish,Mean Reversion Downside Bias
2026-04-28,SNDK,SANDISK CORPORATION,Information Technology,1002.35,-0.06339936460474682,0.0125770279826245,0.5776592060943746,0.5776592060943746,86.3,-2.0,6.299999999999997,50.4,50.4,7.0,-7.0,22.0,2.0,2.0,0.12169197,0.09347036,0.67283116,-0.00298676,-0.05417689,-0.01260046,Leaning Bearish,Mean Reversion Upside Bias
2026-04-28,SNPS,"SYNOPSYS, INC.",Information Technology,483.89,-0.029385806555141114,-0.033804560520745985,0.22046509281678772,0.22046509281678772,84.7,-4.0,3.9000000000000057,61.5,61.5,1.0,0.0,0.0,39.0,39.0,0.05964385,-0.01322331,-0.05671372,0.00199946,0.01100825,0.00988447,Buy,Crowded Short
2026-04-28,SO,THE SOUTHERN COMPANY,Utilities,94.41,0.006825210621734135,0.00984062466573965,-0.0218607542478243,-0.0218607542478243,22.4,-6.800000000000001,-4.800000000000001,-21.1,-21.1,47.0,0.0,0.0,25.0,25.0,-0.01369318,0.01923393,0.03806182,0.0005871,0.00018111,-0.00306134,Neutral,Mean Reversion Upside Bias
2026-04-28,SOLV,SOLVENTUM ,Health Care,67.51,-0.032530811120664915,-0.014740221833041356,0.033843797856049074,0.033843797856049074,83.5,-10.299999999999997,0.7999999999999972,69.8,69.8,-27.0,-7.0,34.0,-67.0,-67.0,0.02531777,-0.03618579,-0.02329827,-0.00079414,0.00480107,-0.03295291,Neutral,Crowded Short
2026-04-28,SOYB,TEUCRIUM:SOYBEAN,Commodities,24.68,0.0008110300081103361,0.008581937065794909,0.011475409836065653,0.011475409836065653,76.0,2.4000000000000057,32.0,20.200000000000003,20.200000000000003,-8.0,0.0,-25.0,-50.0,-50.0,0.00510831,0.02162398,-0.00601678,0.00113758,-0.00292123,0.00045768,Leaning Bearish,Mean Reversion Upside Bias
2026-04-28,SPG,"SIMON PROPERTY GROUP, INC.",Real Estate,202.75,0.007253216751949898,0.007904155895804399,0.08695652173913038,0.08695652173913038,97.0,-0.4000000000000057,0.0,92.4,92.4,-64.0,0.0,-11.0,-92.0,-92.0,0.02240469,0.0205063,0.02076884,-0.00176553,-0.00401344,0.00193231,Leaning Bearish,Mean Reversion Upside Bias
2026-04-28,SPGI,S&P GLOBAL INC.,Financials,433.47,-0.00857691779881986,-0.0076009066141623505,0.019114120468331386,0.019114120468331386,62.9,-19.000000000000007,-12.699999999999996,37.3,37.3,-27.0,13.0,9.0,-31.0,-31.0,0.00250767,-0.06070924,-0.0268143,-0.00121578,0.00309632,0.00205915,Neutral,Mean Reversion Upside Bias
2026-04-28,SPHB,INVESCO S&P500 HI BE,Sector & Style ETFs,131.52,-0.020335195530726158,-0.02368049884938017,0.13428201811125495,0.13428201811125495,97.0,-0.5999999999999943,3.9000000000000057,81.5,81.5,-53.0,0.0,27.0,-69.0,-69.0,0.0402321,0.01561076,0.00642039,-0.00395398,0.00196365,0.00511492,Topping,Mean Reversion Upside Bias
2026-04-28,SPLV,INVESCO S&P500 LOWVL,Sector & Style ETFs,74.1,0.006793478260869623,0.004609544468546556,0.01312551271534046,0.01312551271534046,79.2,-2.0,2.0,77.8,77.8,22.0,23.0,38.0,-45.0,-45.0,-0.00022653,-0.00039033,0.02153787,2.707e-05,-0.00116211,0.00225994,Neutral,Crowded Short
2026-04-28,SPX,S&P 500 INDEX,Indices,7138.8,-0.004894123288415875,-0.003667788775561398,0.093479073358127,0.093479073358127,99.8,0.3999999999999915,4.0,93.3,93.3,-51.0,0.0,10.0,-54.0,-54.0,0.02870009,0.00661336,-0.00416363,-0.00020887,-0.00029921,0.00038048,Neutral,
2026-04-28,SPY,SPDR S&P 500 ETF,Sector & Style ETFs,711.69,-0.004865975921808707,-0.003151525338263683,0.09433527078143733,0.09433527078143733,99.8,0.3999999999999915,4.0,94.0,94.0,-43.0,27.0,37.0,-63.0,-63.0,0.02842355,0.00639129,-0.00390024,-0.00015873,-0.00047555,0.00038509,Neutral,Mean Reversion Upside Bias
2026-04-28,SRE,SEMPRA,Utilities,92.9,0.004758814622539687,-0.0032188841201716833,-0.0439436039930019,-0.0439436039930019,5.0,-0.7999999999999998,-7.9,-47.6,-47.6,-15.0,0.0,-77.0,-12.0,-12.0,-0.0126409,0.02251652,0.02522822,-0.00119382,-0.00412501,0.00440298,Sell,Mean Reversion Upside Bias
2026-04-28,STE,STERIS PUBLIC LIMITED COMPANY,Health Care,219.75,-0.010981592330888024,-0.009242560865644789,-0.0062406729073395395,-0.0062406729073395395,54.6,-5.899999999999999,4.399999999999999,41.7,41.7,-26.0,-21.0,-21.0,-82.0,-82.0,0.00491472,-0.05713883,-0.0071338,-0.00210877,-0.00124588,0.01614168,Leaning Bearish,Mean Reversion Upside Bias
2026-04-28,STIP,ISHARES:0-5 TIPS BD ETF,Bonds,104.11,-9.604302727628244e-05,0.0005766458433444921,0.0065744948274193415,0.0065744948274193415,95.8,-3.200000000000003,-4.0,36.699999999999996,36.699999999999996,-43.0,21.0,-17.0,-40.0,-40.0,0.00374426,-0.00262881,0.00306838,0.0001764,-0.00539264,0.00059734,Neutral,Mean Reversion Upside Bias
2026-04-28,STLA,STELLANTIS NV,MR Discretion,7.86,-0.016270337922402955,-0.02481389578163773,0.10860366713681247,0.10860366713681247,93.1,-2.700000000000003,-2.700000000000003,51.39999999999999,51.39999999999999,-77.0,8.0,-31.0,-106.0,-106.0,0.02536515,-0.05101331,-0.17230321,-0.00801236,-0.00338912,-0.00054073,Sell,Crowded Short
2026-04-28,STLD,"STEEL DYNAMICS, INC.",Materials,226.96,0.008531816565943817,0.0007495921336919675,0.26088888888888895,0.26088888888888895,99.0,0.0,0.0,89.3,89.3,-43.0,-8.0,-8.0,-116.0,-116.0,0.08105911,0.05894195,0.02821258,-0.00043024,0.00112326,0.00341652,Neutral,Mean Reversion Upside Bias
2026-04-28,STNG,SCORPIO TANKERS INC.,MR Discretion,81.1,0.017055430147980832,0.03483475819828996,0.08625770158049817,0.08625770158049817,67.9,22.10000000000001,17.700000000000003,45.10000000000001,45.10000000000001,-3.0,-9.0,28.0,-41.0,-41.0,0.01300733,0.05684086,0.01384407,0.00677698,0.00251179,0.00096919,Leaning Bullish,Mean Reversion Upside Bias
2026-04-28,STT,STATE STREET ,Financials,152.48,-0.009998701467342053,0.011543054265622743,0.20480404551200992,0.20480404551200992,99.8,0.3999999999999915,7.5,59.099999999999994,59.099999999999994,-37.0,0.0,-20.0,-63.0,-63.0,0.05886706,0.03759883,0.0555783,-0.00025537,0.00332231,0.01549216,Neutral,Mean Reversion Upside Bias
2026-04-28,STX,SEAGATE TECHNOLOGY HOLDINGS,Information Technology,579.03,-0.028244889739200585,-0.012315565031982945,0.47802225852562796,0.47802225852562796,98.2,-0.3999999999999915,13.5,59.5,59.5,-51.0,0.0,-26.0,-58.0,-58.0,0.08181332,0.0614598,0.17615094,-0.01817091,-0.05120927,0.02349482,Leaning Bearish,Mean Reversion Upside Bias
2026-04-28,STZ,"CONSTELLATION BRANDS, INC.",Consumer Staples,155.39,0.001998968274438795,-0.003910256410256552,0.03593333333333315,0.03593333333333315,63.3,1.5999999999999943,-3.200000000000003,32.5,32.5,-49.0,0.0,9.0,-23.0,-23.0,0.00107074,0.00469316,-0.06862476,-0.00316431,-0.00425533,-0.00125197,Leaning Bearish,Mean Reversion Downside Bias
2026-04-28,SW,SMURFIT WESTROCK PUBLIC LIMITED COMPANY,Materials,40.56,0.012987012987013102,0.01501501501501501,0.017816813048933566,0.017816813048933566,63.7,13.100000000000001,19.900000000000006,44.1,44.1,-5.0,11.0,-31.0,-69.0,-69.0,0.00283662,-0.00878165,-0.01318214,-0.00038599,-0.00477212,-0.00971259,Neutral,Mean Reversion Upside Bias
2026-04-28,SWK,"STANLEY BLACK & DECKER, INC.",Industrials,78.33,-0.01915852742299029,0.02205114822546972,0.10230790880945673,0.10230790880945673,87.9,2.4000000000000057,25.400000000000006,76.2,76.2,1.0,25.0,11.0,-52.0,-52.0,0.0355191,-0.02301123,-0.06277739,0.00732614,0.01742203,-0.00882811,Buy,Crowded Short
2026-04-28,SWKS,"SKYWORKS SOLUTIONS, INC.",Information Technology,60.98,-0.018351577591757873,-0.04194815396700713,0.13874883286647988,0.13874883286647988,96.6,1.1999999999999886,3.5,76.19999999999999,76.19999999999999,-53.0,-13.0,-57.0,-53.0,-53.0,0.04327402,0.00732727,-0.09384523,-0.0013328,0.01143785,0.00229745,Topping,Mean Reversion Upside Bias
2026-04-28,SYF,SYNCHRONY FINANCIAL,Financials,76.25,-0.006514657980456029,-0.000655307994757548,0.12099382534548675,0.12099382534548675,83.9,-2.0,5.5,44.00000000000001,44.00000000000001,-33.0,0.0,-21.0,-32.0,-32.0,0.04349763,0.01708302,0.03890051,-0.00278752,0.00723103,0.00134385,Neutral,Crowded Short
2026-04-28,SYK,STRYKER ,Health Care,321.43,-0.02303881340992675,-0.018564318646758782,-0.021790072735019206,-0.021790072735019206,43.1,-10.699999999999996,2.3999999999999986,41.7,41.7,7.0,32.0,32.0,7.0,7.0,-0.00374655,-0.03030306,-0.01153448,-0.00260466,-0.00913319,0.01066557,Leaning Bearish,Mean Reversion Upside Bias
2026-04-28,SYY,SYSCO ,Consumer Staples,73.37,-0.026406581740976542,-0.04166666666666663,0.02859946726482554,0.02859946726482554,60.9,32.099999999999994,31.299999999999997,53.6,53.6,13.0,2.0,-25.0,42.0,42.0,0.00498758,-0.04447383,0.00775305,-0.01313965,-0.01778621,0.01171083,Leaning Bearish,Mean Reversion Downside Bias
2026-04-28,T,AT&T INC.,Communication Services,26.06,0.021159874608150497,-0.005343511450381699,-0.10106933425319076,-0.10106933425319076,12.5,7.9,3.5999999999999996,-46.4,-46.4,55.0,41.0,39.0,65.0,65.0,-0.03112987,-0.01296806,0.05062031,0.00082322,-0.02867269,-0.00167847,Bottoming,Mean Reversion Downside Bias
2026-04-28,TAGS,TEUCRIUM:AGRICULTURAL,Commodities,25.17,0.018615944961554165,0.02734693877551031,-0.007492113564668723,-0.007492113564668723,70.4,37.7,58.7,-25.0,-25.0,-3.0,-42.0,-60.0,32.0,32.0,-0.00106559,0.01780761,-0.00223948,0.0052738,0.00408653,0.00194697,Leaning Bullish,Mean Reversion Upside Bias
2026-04-28,TAP,MOLSON COORS BEVERAGE COMPANY,Consumer Staples,42.56,-0.0007043907020427564,0.002827521206409056,-0.011611704598235018,-0.011611704598235018,50.2,4.0,-14.299999999999997,34.900000000000006,34.900000000000006,-18.0,-13.0,-2.0,-58.0,-58.0,-0.01048032,-0.01758199,-0.02781173,-0.00475287,-8.509e-05,-0.00416473,Neutral,Mean Reversion Upside Bias
2026-04-28,TDG,TRANSDIGM GROUP INC.,Industrials,1154.06,-0.0037121447563797094,0.00512114825201615,-0.004227928487609667,-0.004227928487609667,55.8,1.0,10.0,54.599999999999994,54.599999999999994,-42.0,-21.0,0.0,-20.0,-20.0,0.00077997,-0.04344388,0.01036657,-0.002429,-0.00070429,-0.00709986,Leaning Bearish,Mean Reversion Downside Bias
2026-04-28,TDW,TIDEWATER INC.,MR Discretion,86.67,-0.04883669885864794,-0.020899231812019803,0.037342908438061206,0.037342908438061206,54.2,-26.200000000000003,-20.599999999999994,27.800000000000004,27.800000000000004,-31.0,30.0,26.0,-47.0,-47.0,0.01378273,0.09104768,-0.0262156,0.00468615,-0.00140896,-0.00752646,Leaning Bearish,Mean Reversion Upside Bias
2026-04-28,TDY,TELEDYNE TECHNOLOGIES INC.,Information Technology,641.89,-0.02074783749561404,-0.01046741074181412,0.06095767012115494,0.06095767012115494,74.4,-1.1999999999999886,14.700000000000003,69.80000000000001,69.80000000000001,8.0,12.0,-16.0,17.0,17.0,0.01716317,0.00618703,0.07425902,-0.00269946,-0.00276192,0.01825035,Leaning Bearish,Mean Reversion Upside Bias
2026-04-28,TECH,BIO-TECHNE ,Health Care,53.51,-0.02903284340410095,-0.012548440671710681,0.02391886720244929,0.02391886720244929,56.0,-14.0,-0.5,34.4,34.4,50.0,25.0,0.0,18.0,18.0,-0.00813903,-0.02622188,-0.01497899,-0.00319468,0.00257199,0.00577786,Neutral,Crowded Short
2026-04-28,TECK,TECK RESOURCES LIMITED,MR Discretion,57.81,-0.040019926934573125,-0.03922220375602459,0.11710144927536237,0.11710144927536237,86.7,-10.700000000000003,-9.099999999999994,61.5,61.5,-45.0,46.0,-2.0,-106.0,-106.0,0.04153806,-0.01760353,0.00910883,-0.00569829,-0.02615501,-0.01050264,Leaning Bearish,Mean Reversion Upside Bias
2026-04-28,TEL,TE CONNECTIVITY LTD,Information Technology,204.3,-0.02491408934707906,-0.04830670331206022,-0.022581571141517598,-0.022581571141517598,36.3,-3.200000000000003,-6.0,-6.400000000000006,-6.400000000000006,26.0,0.0,18.0,-18.0,-18.0,-0.00482598,-0.00555144,0.03199921,-0.00563371,0.00111527,0.00376345,Neutral,Mean Reversion Downside Bias
2026-04-28,TER,"TERADYNE, INC.",Information Technology,380.13,-0.05440298507462693,-0.09077210103329503,0.2822303177494434,0.2822303177494434,96.2,-2.0,-2.3999999999999915,80.9,80.9,-20.0,23.0,-12.0,-34.0,-34.0,0.07696391,0.08589676,0.15760246,-0.00990873,-0.00381983,0.01528334,Sell,Mean Reversion Upside Bias
2026-04-28,TFC,TRUIST FINANCIAL ,Financials,51.15,-0.0015615850087838945,0.008279124778237668,0.11268218403306496,0.11268218403306496,95.8,-0.4000000000000057,5.099999999999994,83.7,83.7,-43.0,42.0,10.0,-117.0,-117.0,0.02853019,0.01532908,0.01185241,-0.00235315,-5.947e-05,-0.00213992,Neutral,Mean Reversion Upside Bias
2026-04-28,TGT,TARGET ,Consumer Staples,127.14,-0.019888991674375522,-0.01640105214296761,0.04900990099009905,0.04900990099009905,74.0,-7.200000000000003,-15.099999999999994,31.700000000000003,31.700000000000003,-12.0,21.0,21.0,-2.0,-2.0,0.02038056,0.03558578,-0.05412693,-0.00101172,0.00858372,-0.00052107,Neutral,Crowded Short
2026-04-28,THD,ISHARES:MSCI THAI,Foreign,69.23,-0.009868421052631526,0.0010121457489880026,-0.0021620063418851254,-0.0021620063418851254,54.6,-13.899999999999999,-9.499999999999993,12.700000000000003,12.700000000000003,11.0,20.0,18.0,-49.0,-49.0,0.00496986,0.01882939,0.01704339,0.00168818,-0.00887131,0.00380504,Neutral,Crowded Long
2026-04-28,TIP,ISHARES:TIPS BD ETF,Bonds,111.73,-0.0003578777847363934,-0.0006261180679785205,0.012413918086263243,0.012413918086263243,96.6,-3.200000000000003,-3.200000000000003,83.1,83.1,-43.0,0.0,-17.0,-61.0,-61.0,0.00346169,0.01362949,0.00706742,0.0004482,0.0001653,0.00076118,Neutral,Mean Reversion Upside Bias
2026-04-28,TJX,"THE TJX COMPANIES, INC.",Consumer Discretionary,157.2,-0.0017780035560071017,0.001082595682353693,-0.015654351909830888,-0.015654351909830888,38.3,-3.200000000000003,9.099999999999998,9.099999999999998,9.099999999999998,77.0,25.0,23.0,65.0,65.0,-0.00215504,0.01445549,0.05899206,0.00080254,0.01190169,0.00537732,Buy,Crowded Short
2026-04-28,TKO,"TKO GROUP HOLDINGS, INC.",Communication Services,184.58,-0.008700322234156732,-0.010294906166219753,-0.08465162410116533,-0.08465162410116533,19.2,-20.3,-13.500000000000004,5.899999999999999,5.899999999999999,90.0,10.0,90.0,90.0,90.0,-0.02483491,-0.00028633,0.09883763,0.00575093,0.00272797,-0.00975792,Buy,Mean Reversion Upside Bias
2026-04-28,TLT,ISHARES:20+ TRS BD ETF,Bonds,86.37,0.0010431154381085328,-0.003921116364894339,-0.003691313877033031,-0.003691313877033031,41.9,-25.800000000000004,-25.4,26.2,26.2,5.0,-11.0,-11.0,-57.0,-57.0,0.00042716,0.00055416,-0.00085267,0.00127885,-0.00062238,0.00404763,Leaning Bearish,Mean Reversion Upside Bias
2026-04-28,TMO,THERMO FISHER SCIENTIFIC INC.,Health Care,470.22,0.004657721562259631,0.0010857763300760048,-0.043354423941570075,-0.043354423941570075,40.9,-2.8999999999999986,5.0,2.6000000000000014,2.6000000000000014,35.0,0.0,22.0,22.0,22.0,-0.01992434,-0.04757924,-0.0183824,-0.00153357,0.00407488,-0.0015713,Neutral,Mean Reversion Downside Bias
2026-04-28,TMUS,"T-MOBILE US, INC.",Communication Services,186.72,0.021723666210670345,-0.01622760800843004,-0.1109841451221254,-0.1109841451221254,8.1,3.8999999999999995,-4.800000000000001,-27.4,-27.4,25.0,53.0,-58.0,23.0,23.0,-0.01723389,0.00102308,0.0337334,0.00091944,-0.00443326,-0.00554408,Bottoming,Crowded Short
2026-04-28,TNX,10 Y TSY YLD NDX,Yields,4.35,0.0023041474654377225,0.009280742459396807,0.009280742459396807,0.009280742459396807,51.8,29.799999999999997,28.599999999999998,-43.400000000000006,-43.400000000000006,-18.0,-9.0,12.0,33.0,33.0,-0.00163268,0.00295517,-0.02003529,-0.00043731,0.00105459,-0.00704589,Neutral,
2026-04-28,TPL,TEXAS PACIFIC LAND ,Energy,430.9,-0.01373311970702673,-0.018249755075072427,-0.09200101146325024,-0.09200101146325024,43.8,15.399999999999999,17.4,25.299999999999997,25.299999999999997,34.0,-21.0,-21.0,-18.0,-18.0,-0.03294879,0.03116273,0.14688209,0.00078204,-0.00563768,-0.01423862,Bottoming,Mean Reversion Downside Bias
2026-04-28,TPR,"TAPESTRY, INC.",Consumer Discretionary,143.84,-0.01795589540520237,-0.014051682774693153,0.01934660902841756,0.01934660902841756,42.7,-1.0999999999999943,2.4000000000000057,36.7,36.7,54.0,0.0,0.0,72.0,72.0,0.01243708,0.00895169,0.14514345,-9.339e-05,0.00319958,0.01103195,Neutral,Crowded Short
2026-04-28,TRGP,TARGA RESOURCES CORP.,Energy,248.37,0.02934228521695892,0.03190826374174249,-0.009412515454871762,-0.009412515454871762,37.9,25.0,25.799999999999997,-16.700000000000003,-16.700000000000003,2.0,-31.0,-45.0,-21.0,-21.0,-0.00625613,0.05383828,0.09980103,0.00279838,-0.00941339,-0.00294576,Bottoming,Mean Reversion Upside Bias
2026-04-28,TRMB,TRIMBLE INC.,Information Technology,66.64,-0.007890427274080736,-0.01054194506310313,0.02161582094128467,0.02161582094128467,76.0,1.5999999999999943,13.899999999999999,57.9,57.9,-14.0,3.0,5.0,-4.0,-4.0,0.00900017,-0.00540676,-0.01193737,-7.173e-05,0.00739231,-0.00071615,Neutral,Mean Reversion Upside Bias
2026-04-28,TROW,"T. ROWE PRICE GROUP, INC.",Financials,100.77,-0.005820836621941661,0.017262265293761292,0.11792766807188815,0.11792766807188815,98.6,-0.4000000000000057,4.3999999999999915,76.6,76.6,-9.0,21.0,0.0,-49.0,-49.0,0.03742064,-0.02808921,-0.04935438,0.00468342,0.00371613,-0.0022794,Buy,Mean Reversion Upside Bias
2026-04-28,TRV,"THE TRAVELERS COMPANIES, INC.",Financials,310.02,0.020675577796799738,0.024080864136359015,0.06287712561711456,0.06287712561711456,86.3,0.0,14.5,84.1,84.1,-40.0,29.0,-17.0,-98.0,-98.0,0.01814354,0.02985007,0.03883333,0.00082369,3.309e-05,0.00520824,Neutral,Mean Reversion Upside Bias
2026-04-28,TS,TENARIS SA,MR Discretion,63.15,-0.00047483380816715215,-0.0022120398167166933,0.08542454451701609,0.08542454451701609,88.7,7.5,7.900000000000006,8.299999999999997,8.299999999999997,-20.0,0.0,0.0,-14.0,-14.0,0.01963828,0.07871082,0.05470419,-7.715e-05,-0.00098135,0.00562469,Neutral,Mean Reversion Upside Bias
2026-04-28,TSCO,TRACTOR SUPPLY COMPANY,Consumer Discretionary,35.59,-0.0022427810485000643,-0.03130103429504627,-0.2143487858719646,-0.2143487858719646,5.0,-1.9000000000000004,-2.7,2.4,2.4,0.0,0.0,6.0,0.0,0.0,-0.07470503,-0.08998359,-0.05044692,-0.00497542,0.00410903,-0.05401339,Neutral,Crowded Short
2026-04-28,TSLA,"TESLA, INC.",Consumer Discretionary,376.02,-0.006998177832941654,-0.0007440871644964764,0.011486213853395988,0.011486213853395988,72.4,5.1000000000000085,20.60000000000001,53.2,53.2,38.0,0.0,49.0,-3.0,-3.0,0.02531826,-0.01001137,0.09627338,0.0079084,0.0016824,0.0087408,Leaning Bullish,Crowded Short
2026-04-28,TSN,"TYSON FOODS, INC.",Consumer Staples,64.11,0.00786039930828486,0.0012494143370294086,0.0006243171531139513,0.0006243171531139513,56.2,7.200000000000003,-5.5,-7.8999999999999915,-7.8999999999999915,-31.0,-23.0,-30.0,-28.0,-28.0,-0.00207456,-0.01358762,0.01462844,-0.0019004,-0.01416588,0.00159222,Leaning Bearish,Mean Reversion Upside Bias
2026-04-28,TT,TRANE TECHNOLOGIES PLC,Industrials,480.75,-0.010598888660218075,-0.011656593067719268,0.15359696693381952,0.15359696693381952,97.0,-0.4000000000000057,3.9000000000000057,69.0,69.0,-64.0,0.0,-11.0,-39.0,-39.0,0.04115154,0.03206656,0.03568551,-0.00314949,-0.0073778,-0.00564592,Leaning Bearish,Mean Reversion Upside Bias
2026-04-28,TTD,"THE TRADE DESK, INC.",Communication Services,23.23,0.003889369057908487,-0.030871923237379972,0.02379903040987208,0.02379903040987208,73.2,-2.799999999999997,-4.3999999999999915,20.0,20.0,19.0,33.0,0.0,51.0,51.0,0.02195726,-0.08253621,-0.1821751,0.00963626,0.01788203,-0.00916477,Buy,Mean Reversion Upside Bias
2026-04-28,TTWO,"TAKE-TWO INTERACTIVE SOFTWARE, INC.",Communication Services,213.01,-0.00355522290312027,0.01072360616844592,0.07853164556962011,0.07853164556962011,93.5,-1.9000000000000057,5.200000000000003,83.0,83.0,-26.0,9.0,1.0,-32.0,-32.0,0.02473472,-0.01934234,0.02591892,0.00095899,0.02021221,0.00320778,Leaning Bullish,Mean Reversion Upside Bias
2026-04-28,TUR,ISHARES:MSCI TURKEY,Foreign,42.33,-0.017181332714186204,-0.006338028169014187,0.09521345407503223,0.09521345407503223,89.9,-1.5999999999999943,0.8000000000000114,45.7,45.7,-34.0,3.0,18.0,-41.0,-41.0,0.03415278,-0.00784404,0.0136522,0.00068968,-0.01214834,-0.00256656,Neutral,Mean Reversion Upside Bias
2026-04-28,TXN,TEXAS INSTRUMENTS INC.,Information Technology,265.0,-0.016697588126159513,-0.043804575304900006,0.3649943339857835,0.3649943339857835,90.3,0.3999999999999915,-1.2000000000000028,48.8,48.8,-51.0,-2.0,-36.0,-97.0,-97.0,0.12982342,0.06696663,0.04296263,0.001025,-0.00972841,0.02499997,Topping,Mean Reversion Downside Bias
2026-04-28,TXT,TEXTRON INC.,Industrials,88.14,-0.003842676311030746,0.0020463847203275876,0.006624029237094486,0.006624029237094486,44.6,5.899999999999999,17.0,43.6,43.6,35.0,0.0,12.0,8.0,8.0,-0.00098526,-0.01078204,-0.00911971,-0.00102726,0.0263932,0.00055515,Neutral,Crowded Short
2026-04-28,TYL,"TYLER TECHNOLOGIES, INC.",Information Technology,340.46,0.008531311096628968,-0.004590240622167618,-0.005607804194170285,-0.005607804194170285,68.1,-5.900000000000006,-2.3000000000000114,37.49999999999999,37.49999999999999,-2.0,21.0,26.0,25.0,25.0,0.00728789,-0.06127839,-0.06364181,0.00172676,0.03130368,-0.00164623,Buy,Mean Reversion Upside Bias
2026-04-28,TYX,30 Y TSY YLD NDX,Yields,4.94,0.0,0.004065040650406582,0.010224948875255713,0.010224948875255713,58.9,29.5,22.199999999999996,-28.6,-28.6,-34.0,-9.0,-16.0,14.0,14.0,0.00029067,-0.0050299,-0.00547591,-0.00035433,0.00098423,-0.00600239,Neutral,
2026-04-28,UAL,"UNITED AIRLINES HOLDINGS, INC.",Industrials,90.41,-0.01621327529923844,-0.027849462365591382,-0.018029759965243808,-0.018029759965243808,54.6,3.6000000000000014,12.700000000000003,37.7,37.7,30.0,19.0,22.0,-2.0,-2.0,0.00609835,-0.03471161,0.05532842,0.00188849,0.00846068,-0.01402307,Leaning Bullish,Mean Reversion Downside Bias
2026-04-28,UBER,"UBER TECHNOLOGIES, INC.",Industrials,74.11,-0.02832044054018612,-0.007100750267952871,0.030307243153065322,0.030307243153065322,81.5,-10.400000000000006,1.9000000000000057,55.5,55.5,-50.0,16.0,-14.0,-45.0,-45.0,0.01493116,-0.02782156,-0.03131634,-0.00100899,0.00380304,0.00409152,Topping,Mean Reversion Upside Bias
2026-04-28,UDR,"UDR, INC.",Real Estate,36.21,0.04834973943254206,0.04141501294219152,0.07193605683836579,0.07193605683836579,95.8,11.5,16.200000000000003,94.39999999999999,94.39999999999999,-2.0,51.0,15.0,-26.0,-26.0,0.00843936,0.00451925,-0.01644295,0.00531065,0.00308296,-0.00421399,Buy,Crowded Short
2026-04-28,UHS,"UNIVERSAL HEALTH SERVICES, INC.",Health Care,162.54,-0.09453512339145453,-0.06773731000860339,-0.0918030954908644,-0.0918030954908644,24.4,-15.899999999999999,-5.600000000000001,24.2,24.2,11.0,3.0,7.0,22.0,22.0,-0.02243056,-0.03452641,0.00491755,-0.01730529,-0.01141791,-0.00606647,Leaning Bearish,Mean Reversion Downside Bias
2026-04-28,ULTA,"ULTA BEAUTY, INC.",Consumer Discretionary,538.15,-0.0027980580365415397,-0.03652314027392356,0.029538367354747352,0.029538367354747352,53.6,-0.19999999999999574,-14.499999999999993,47.4,47.4,29.0,3.0,43.0,29.0,29.0,0.00853104,-0.03622767,0.01814488,-0.002686,0.00179977,0.01436233,Neutral,Mean Reversion Upside Bias
2026-04-28,UNG,UNITED STATES NAT GAS,Commodities,10.33,-0.015252621544327938,0.0019398642095052043,-0.11935208866155156,-0.11935208866155156,5.4,3.2,0.40000000000000036,-44.0,-44.0,-9.0,-19.0,0.0,-13.0,-13.0,-0.03422575,-0.05744197,-0.02387965,-0.00341478,-0.04436437,-0.0038641,Leaning Bearish,Mean Reversion Upside Bias
2026-04-28,UNH,UNITEDHEALTH GROUP INC.,Health Care,366.77,0.03405790972398437,0.03338780570269351,0.3554455079640786,0.3554455079640786,99.8,0.0,0.0,73.4,73.4,-70.0,0.0,0.0,-64.0,-64.0,0.07240413,0.04288088,-0.0658126,-0.01640964,0.04837982,0.02522329,Topping,Mean Reversion Downside Bias
2026-04-28,UNP,UNION PACIFIC ,Industrials,267.74,-0.004350898069986342,-0.0035727577223668705,0.10353639436155304,0.10353639436155304,80.4,-3.5,-1.0999999999999943,73.9,73.9,-31.0,16.0,26.0,-103.0,-103.0,0.03362446,0.02948272,0.01001461,0.00118696,0.00042715,0.0071149,Neutral,Mean Reversion Downside Bias
2026-04-28,UPS,"UNITED PARCEL SERVICE, INC.",Industrials,103.94,-0.039726533628972605,-0.028779667351896854,0.056515551941451525,0.056515551941451525,89.5,-10.299999999999997,-4.299999999999997,80.4,80.4,-50.0,-5.0,-56.0,-97.0,-97.0,0.01436879,-0.01927059,-0.03378102,-0.01814465,-0.00686143,-0.00444482,Sell,Crowded Short
2026-04-28,URA,GLBL X URANIUM ETF,Commodities,54.23,-0.04356261022927699,-0.019526306273729976,0.119760479041916,0.119760479041916,69.2,-6.799999999999997,1.5,49.6,49.6,-53.0,-4.0,-33.0,-90.0,-90.0,0.05072785,-0.00664277,0.04262191,-0.00197271,-0.01860399,-0.00156248,Leaning Bearish,Mean Reversion Downside Bias
2026-04-28,URI,"UNITED RENTALS, INC.",Industrials,962.72,0.0029900505287283607,-0.011997003314826338,0.32140112001756904,0.32140112001756904,82.3,4.700000000000003,4.299999999999997,71.0,71.0,-14.0,-4.0,14.0,-51.0,-51.0,0.09813484,0.04235608,0.02411748,0.00423338,0.04282838,0.00685836,Buy,Mean Reversion Downside Bias
2026-04-28,URNM,SPROTT URANIUM MINERS,MR Discretion,65.96,-0.04044224614489378,-0.015669303089091313,0.044497228820269186,0.044497228820269186,63.3,-9.100000000000009,-0.20000000000000284,43.9,43.9,5.0,40.0,31.0,-8.0,-8.0,0.0291382,-0.02778552,0.01045967,-0.00188625,-0.02872164,-0.00414754,Leaning Bearish,Mean Reversion Upside Bias
2026-04-28,USB,U.S. BANCORP,Financials,56.21,0.004288011434697259,0.01133501259445846,0.08075370121130554,0.08075370121130554,89.9,3.200000000000003,14.300000000000011,73.4,73.4,-54.0,0.0,-42.0,-110.0,-110.0,0.02124217,0.00450315,0.02082001,-0.00158903,-0.00271352,-7.01e-06,Leaning Bearish,Crowded Short
2026-04-28,USO,UNITED STATES OIL FUND,Commodities,139.6,0.03622327790973867,0.05438066465256797,0.09705304518664049,0.09705304518664049,56.2,-1.5,-9.5,-34.5,-34.5,7.0,18.0,-31.0,24.0,24.0,-0.00492416,0.16634705,0.09742797,-0.0031402,-0.00017829,-0.00076561,Neutral,Crowded Long
2026-04-28,UUP,INVESCO DB USD IDX BL,Currencies,27.53,0.0029143897996357637,0.001819505094614371,-0.008999280057595427,-0.008999280057595427,6.5,-1.5999999999999996,-11.600000000000001,-63.5,-63.5,2.0,0.0,-26.0,-3.0,-3.0,-0.00390388,0.00761691,-0.00643439,0.00012721,0.00272583,-0.00078026,Neutral,
2026-04-28,V,VISA INC.,Financials,309.3,-0.0011303084127238794,-0.00038782237735113245,0.02335892006352558,0.02335892006352558,78.8,-3.1000000000000085,11.5,71.1,71.1,-43.0,-8.0,9.0,-23.0,-23.0,0.00762156,-0.00997057,0.00350184,0.00065277,5.104e-05,0.000627,Neutral,Mean Reversion Upside Bias
2026-04-28,VAL,VALARIS LIMITED,MR Discretion,101.97,0.04745762711864421,0.11821471652593485,0.040085679314565414,0.040085679314565414,39.3,22.4,34.3,-11.700000000000003,-11.700000000000003,25.0,-15.0,23.0,8.0,8.0,-0.00416742,0.13873898,0.02637523,0.01385147,-0.00019022,0.00043243,Neutral,Crowded Short
2026-04-28,VICI,VICI PROPERTIES INC.,Real Estate,28.65,0.007383966244725704,0.008092892329345514,0.048682284040995505,0.048682284040995505,97.0,-1.2000000000000028,5.099999999999994,86.9,86.9,-53.0,-22.0,-32.0,-90.0,-90.0,0.01309066,0.00323559,-0.00495,-0.00093043,0.00176326,0.00361256,Topping,Mean Reversion Upside Bias
2026-04-28,VIX,CBOE MKT VOLATILITY IDX,Volatility,17.83,-0.010543840177580588,-0.04703367183324436,-0.2938613861386139,-0.2938613861386139,1.8,-1.2,-4.0,-54.400000000000006,-54.400000000000006,-28.0,-52.0,-52.0,-53.0,-53.0,-0.08807133,0.0633207,0.37297672,-0.0084464,-0.00851542,-0.02108522,Sell,
2026-04-28,VLO,VALERO ENERGY ,Energy,240.27,0.008478488982161636,0.018740725037099892,-0.02756192326372031,-0.02756192326372031,16.5,2.4000000000000004,0.0,-53.900000000000006,-53.900000000000006,62.0,0.0,9.0,72.0,72.0,-0.02474844,0.05058901,0.02230202,-0.00067003,0.00580979,-0.00500752,Leaning Bullish,Mean Reversion Upside Bias
2026-04-28,VLTO,VERALTO ,Industrials,85.6,-0.017785427423981814,-0.034078086210787784,-0.03189323682424794,-0.03189323682424794,47.0,-23.799999999999997,-25.0,42.0,42.0,-18.0,26.0,13.0,18.0,18.0,-0.00513377,-0.05111044,-0.00489639,-0.00403606,-0.00118156,-0.0055842,Leaning Bearish,Crowded Short
2026-04-28,VMC,VULCAN MATERIALS COMPANY,Materials,291.46,0.0004805711931896717,-0.0020885404183929035,0.07036356959236123,0.07036356959236123,88.3,-4.400000000000006,0.0,81.0,81.0,-40.0,3.0,-7.0,-86.0,-86.0,0.00880956,-0.01028308,-0.00739981,-0.00173875,0.00335662,-0.00093449,Neutral,Mean Reversion Upside Bias
2026-04-28,VNM,VANECK:VIETNAM,Foreign,19.14,0.018626929217669064,0.012162876784769905,0.10571923743500888,0.10571923743500888,80.8,2.0,-2.299999999999997,63.9,63.9,-40.0,-20.0,-16.0,-104.0,-104.0,0.03282912,-0.00712244,0.02281149,-0.00034436,0.00718462,0.00792931,Neutral,Mean Reversion Upside Bias
2026-04-28,VRSK,"VERISK ANALYTICS, INC.",Industrials,176.66,0.010062893081761004,-0.005236781350301256,-0.06898550724637686,-0.06898550724637686,45.0,-7.600000000000001,-6.600000000000001,29.7,29.7,12.0,17.0,0.0,8.0,8.0,-0.01667718,-0.07703187,-0.05385596,0.00193528,0.0089916,0.00218951,Leaning Bullish,Mean Reversion Upside Bias
2026-04-28,VRSN,"VERISIGN, INC.",Information Technology,270.4,0.009331840238895106,0.004457652303120341,0.08874214849412132,0.08874214849412132,69.8,1.0,3.299999999999997,-6.200000000000003,-6.200000000000003,-30.0,0.0,49.0,6.0,6.0,-0.00906219,0.02058677,0.03511059,-0.00620492,0.00240083,0.01853765,Bottoming,Mean Reversion Downside Bias
2026-04-28,VRT,VERTIV HOLDINGS CO,Industrials,305.03,-0.05396520174921704,-0.056977678847461855,0.2172958735733097,0.2172958735733097,90.3,-1.2000000000000028,7.0,59.5,59.5,-38.0,60.0,-15.0,-28.0,-28.0,0.05602649,0.10825815,0.11610287,-0.00690869,-0.01147865,-0.0008416,Sell,Mean Reversion Upside Bias
2026-04-28,VRTX,VERTEX PHARMACEUTICALS INC.,Health Care,430.14,0.00969460810779088,-0.0003486021055567612,-0.03672683298248769,-0.03672683298248769,23.2,-10.7,7.5,-0.40000000000000213,-0.40000000000000213,40.0,11.0,-7.0,42.0,42.0,-0.00654911,-0.00755536,-0.00723841,0.00336469,-0.0002891,0.00166799,Neutral,Mean Reversion Upside Bias
2026-04-28,VST,VISTRA CORP.,Utilities,161.12,-0.03277704406291271,-0.01965317919075138,0.07177542739306841,0.07177542739306841,77.8,3.0,1.3999999999999915,51.8,51.8,-31.0,-17.0,-17.0,3.0,3.0,0.018427,-0.0434225,0.08411627,0.00025593,0.00470095,-0.01139818,Neutral,Mean Reversion Upside Bias
2026-04-28,VTR,"VENTAS, INC.",Real Estate,87.57,0.03388429752066102,0.047237502989715185,0.07079970652971368,0.07079970652971368,74.0,9.5,21.4,69.4,69.4,29.0,-17.0,-17.0,-8.0,-8.0,-0.0009464,0.02349315,0.09202867,0.0082429,0.0036394,0.00195851,Buy,Mean Reversion Downside Bias
2026-04-28,VTRS,VIATRIS INC.,Health Care,14.82,0.0006752194463199857,0.015764222069911016,0.09696521095484822,0.09696521095484822,84.3,4.299999999999997,19.0,68.6,68.6,16.0,30.0,30.0,-38.0,-38.0,0.04408905,0.02231413,0.01789982,0.0040745,0.00093155,0.00266454,Buy,Crowded Short
2026-04-28,VXN,CBOE NASDAQ MKT VOL NDX,Volatility,23.24,0.006932409012131657,-0.005988023952095856,-0.1770538243626062,-0.1770538243626062,3.0,-1.2000000000000002,-9.5,-46.0,-46.0,-22.0,-43.0,-68.0,-32.0,-32.0,-0.05755475,0.04513316,0.08322189,-0.0073762,-0.00332486,-0.00981436,Sell,
2026-04-28,VZ,VERIZON COMMUNICATIONS INC.,Communication Services,47.24,0.002972399150743099,0.018542475204829545,-0.05896414342629486,-0.05896414342629486,16.5,2.0,9.6,-17.4,-17.4,44.0,0.0,-11.0,24.0,24.0,-0.0127859,-0.00286336,0.01398046,0.00399718,-0.04147938,-0.00438851,Bottoming,Mean Reversion Downside Bias
2026-04-28,WAB,WESTINGHOUSE AIR BRAKE TECHNOLOGIES ,Industrials,263.18,-0.015118628845146365,-0.014528570358720905,0.05309911568164538,0.05309911568164538,68.8,0.7000000000000028,8.699999999999996,51.5,51.5,-15.0,12.0,44.0,-62.0,-62.0,0.0110179,0.03401331,0.04660572,-0.00175849,0.0007857,-0.01144963,Bottoming,Mean Reversion Downside Bias
2026-04-28,WAT,WATERS ,Health Care,300.73,0.0031355282030753884,-0.029496240358860115,0.009838817998656824,0.009838817998656824,56.9,-5.200000000000003,-3.200000000000003,23.799999999999997,23.799999999999997,13.0,0.0,10.0,-16.0,-16.0,-0.00115063,-0.05941716,-0.01099125,-0.00594035,-0.00260045,0.00623096,Leaning Bearish,Crowded Short
2026-04-28,WBD,"WARNER BROS. DISCOVERY, INC.",Communication Services,26.95,0.004847129008202833,-0.0044329516069450126,-0.018572469045884943,-0.018572469045884943,29.2,3.599999999999998,-3.099999999999998,18.299999999999997,18.299999999999997,47.0,0.0,10.0,0.0,0.0,-0.00523708,-0.00724099,0.11920056,-0.00149489,0.00125013,0.00671108,Neutral,Mean Reversion Upside Bias
2026-04-28,WDAY,"WORKDAY, INC.",Information Technology,121.18,0.028430790121361404,0.011857047428189826,-0.06727216748768461,-0.06727216748768461,53.8,-3.1000000000000014,2.0,22.599999999999998,22.599999999999998,21.0,28.0,28.0,36.0,36.0,-0.02743149,-0.0938578,-0.13207539,0.00175156,0.002364,0.00398578,Buy,Crowded Short
2026-04-28,WDC,WESTERN DIGITAL ,Information Technology,390.99,-0.024305642202979594,-0.032202970297029676,0.44548781840363794,0.44548781840363794,81.9,3.9000000000000057,5.5,61.10000000000001,61.10000000000001,-23.0,-4.0,-21.0,-38.0,-38.0,0.08982175,0.060072,0.19913504,-0.01371661,-0.02130795,0.00675709,Leaning Bearish,Mean Reversion Upside Bias
2026-04-28,WEAT,TEUCRIUM:WHEAT,Commodities,24.72,0.04259805989034149,0.06597671410090555,0.04879083580823074,0.04879083580823074,85.5,13.900000000000006,24.200000000000003,-3.5999999999999943,-3.5999999999999943,-14.0,35.0,-20.0,6.0,6.0,0.01454096,0.03354137,0.00569771,0.0111913,0.00793431,0.00099544,Leaning Bullish,Crowded Short
2026-04-28,WEC,"WEC ENERGY GROUP, INC.",Utilities,115.78,0.005733148019458012,0.010296684118673793,8.637816360024253e-05,8.637816360024253e-05,49.4,-3.200000000000003,-2.0,6.299999999999997,6.299999999999997,22.0,24.0,23.0,-29.0,-29.0,-0.00391619,0.02295947,0.04327263,6.033e-05,-0.0013601,0.00020353,Neutral,Mean Reversion Upside Bias
2026-04-28,WELL,WELLTOWER INC.,Real Estate,214.23,0.020142857142857018,0.026251497005987945,0.08355672449547313,0.08355672449547313,80.8,4.799999999999997,8.399999999999991,72.3,72.3,50.0,21.0,65.0,13.0,13.0,0.00119082,0.03111044,0.11794094,0.00247641,0.00296388,0.00309586,Buy,Crowded Short
2026-04-28,WFC,WELLS FARGO & COMPANY,Financials,81.5,0.011668321747765553,0.026189876605388962,0.02374073608843119,0.02374073608843119,64.5,7.600000000000001,22.200000000000003,34.5,34.5,-22.0,21.0,21.0,-51.0,-51.0,-0.00324999,-0.01465157,0.02829745,-0.000489,-0.00138391,-0.00613779,Neutral,Mean Reversion Downside Bias
2026-04-28,WM,"WASTE MANAGEMENT, INC.",Industrials,227.35,0.005083996463306928,-0.009497669150002164,-0.01061839070455628,-0.01061839070455628,40.7,-12.299999999999997,-18.599999999999994,28.200000000000003,28.200000000000003,-18.0,-21.0,17.0,-54.0,-54.0,0.0005229,0.00085502,0.0008324,-0.00128956,-0.00568232,-0.00029141,Leaning Bearish,Crowded Short
2026-04-28,WMB,"THE WILLIAMS COMPANIES, INC.",Energy,73.04,0.019969278033794335,0.011914657799944495,0.0035724100027481054,0.0035724100027481054,50.6,38.5,37.7,43.7,43.7,-13.0,-53.0,-41.0,-43.0,-43.0,-0.00074765,0.01765388,0.09731458,-0.00120558,-0.01003772,-0.00351787,Sell,Mean Reversion Upside Bias
2026-04-28,WMT,WALMART INC.,Consumer Staples,127.59,0.0,-0.017934113300492438,0.02663340843257167,0.02663340843257167,56.2,-3.0999999999999943,-18.200000000000003,43.7,43.7,35.0,-9.0,42.0,-58.0,-58.0,0.00966614,0.02989638,0.07325354,-0.00024798,0.00292772,-0.00074375,Neutral,Crowded Short
2026-04-28,WRB,W. R. BERKLEY ,Financials,67.12,0.013897280966767456,0.008868179768525497,0.012673506336753126,0.012673506336753126,54.6,-5.5,-4.299999999999997,52.800000000000004,52.800000000000004,-39.0,-26.0,0.0,-19.0,-19.0,0.00176509,-0.00138683,0.03994733,-0.00042274,0.00260415,0.00463815,Neutral,Mean Reversion Downside Bias
2026-04-28,WSM,"WILLIAMS-SONOMA, INC.",Consumer Discretionary,187.4,-0.024212444675865696,-0.016531094200997187,0.02780672407173812,0.02780672407173812,64.5,-15.299999999999997,2.0,53.6,53.6,-30.0,-7.0,5.0,-55.0,-55.0,0.02113495,-0.02663121,-0.00530483,-0.00324145,-0.00139121,-0.01367775,Leaning Bearish,Crowded Short
2026-04-28,WST,"WEST PHARMACEUTICAL SERVICES, INC.",Health Care,292.13,-0.033322303110522866,-0.045825712045989064,0.16553622725821904,0.16553622725821904,93.8,-2.4000000000000057,-2.0,52.699999999999996,52.699999999999996,-60.0,-37.0,-37.0,-83.0,-83.0,0.07271225,0.07126675,-0.03016702,-0.00561753,0.0222144,0.02098169,Topping,Mean Reversion Downside Bias
2026-04-28,WTW,WILLIS TOWERS WATSON,Financials,290.88,0.005322458007880115,0.01094776352830773,0.0006191950464395912,0.0006191950464395912,56.5,-14.299999999999997,-0.3999999999999986,37.1,37.1,20.0,22.0,12.0,-16.0,-16.0,-0.0080307,-0.03001158,0.01771972,0.00119901,0.00157432,0.00397796,Leaning Bullish,Crowded Short
2026-04-28,WY,WEYERHAEUSER COMPANY,Real Estate,24.82,-0.007993605115907298,-0.008389932081502183,0.015963978714695015,0.015963978714695015,70.8,-9.600000000000009,-13.900000000000006,14.599999999999994,14.599999999999994,14.0,38.0,48.0,-6.0,-6.0,0.0140997,-0.0144926,-0.04043811,0.00203739,0.00759614,0.00375773,Buy,Mean Reversion Upside Bias
2026-04-28,WYNN,"WYNN RESORTS, LIMITED",Consumer Discretionary,106.2,0.0065396644867785625,0.005015614649380051,0.04579025110782875,0.04579025110782875,81.2,2.799999999999997,9.600000000000009,32.2,32.2,-24.0,-4.0,-4.0,-50.0,-50.0,0.01625609,-0.01931576,-0.01182176,-0.00084917,0.00701616,0.00098839,Neutral,Mean Reversion Upside Bias
2026-04-28,XEL,XCEL ENERGY INC.,Utilities,79.48,0.0008815010703941972,0.004169298799747256,0.000503524672708977,0.000503524672708977,50.2,-7.899999999999999,-7.899999999999999,37.7,37.7,46.0,-6.0,39.0,2.0,2.0,-0.00505923,0.00419856,0.05227403,-0.00028491,-8.92e-06,-0.00088693,Neutral,Crowded Short
2026-04-28,XES,SPDR S&P OIL&GAS E&S,MR Discretion,128.22,0.004701457451810054,0.0187509931670109,0.10220923235622803,0.10220923235622803,86.3,16.099999999999994,27.799999999999997,36.9,36.9,-32.0,-4.0,-12.0,-49.0,-49.0,0.02794895,0.04284906,0.0083764,0.00360026,-0.00800485,-0.00094076,Leaning Bearish,Crowded Short
2026-04-28,XLB,SEL SECTOR:MATRLS SPDR,Sector & Style ETFs,51.4,-0.007338740826574042,-0.01001540832049308,0.02861717030218136,0.02861717030218136,70.4,-13.099999999999994,-11.899999999999991,51.400000000000006,51.400000000000006,-26.0,5.0,41.0,-95.0,-95.0,0.0097774,0.00454745,0.00014071,-0.00118038,-0.00423815,-0.00230308,Sell,Mean Reversion Upside Bias
2026-04-28,XLC,SEL SECTOR:COMM SVC SPDR,Sector & Style ETFs,115.75,-0.0005180899749590573,0.001817552362818109,0.04410968789464187,0.04410968789464187,87.5,-0.7999999999999972,13.099999999999994,83.1,83.1,-40.0,0.0,-9.0,-68.0,-68.0,0.01518417,-0.0059689,0.02157306,-0.00116025,-0.00413875,-0.00056942,Leaning Bearish,Mean Reversion Upside Bias
2026-04-28,XLE,SEL SECTOR:ENERGY SPDR,Sector & Style ETFs,57.71,0.016558041218953656,0.014770529277299271,-0.05794972249428665,-0.05794972249428665,2.8,2.5999999999999996,1.4,-84.7,-84.7,28.0,0.0,0.0,34.0,34.0,-0.01844694,0.04112379,0.02420637,0.00251752,-0.00390481,-0.00469722,Neutral,Crowded Short
2026-04-28,XLF,SEL SECTOR:FINL S SPDR,Sector & Style ETFs,51.85,0.0007720517274656391,0.00836250486192136,0.05023293498075754,0.05023293498075754,95.8,0.3999999999999915,16.599999999999994,81.3,81.3,-43.0,17.0,10.0,-79.0,-79.0,0.01587736,-0.01234902,-0.00125267,-0.0001375,0.00064373,-0.00133547,Neutral,Mean Reversion Upside Bias
2026-04-28,XLI,SEL SECTOR:INDUST SPDR,Sector & Style ETFs,170.98,-0.008869051069503198,-0.008639183626137914,0.057194088913621544,0.057194088913621544,80.0,2.799999999999997,12.299999999999997,76.2,76.2,-72.0,-35.0,-14.0,-108.0,-108.0,0.01730223,-0.00552149,0.00935057,-0.00200685,-0.00135013,-0.00096422,Leaning Bearish,Crowded Long
2026-04-28,XLK,SEL SECTOR:TECH SPDR,Sector & Style ETFs,157.85,-0.016939652488011436,-0.014792160778928976,0.1877351392024078,0.1877351392024078,99.8,0.0,3.200000000000003,83.69999999999999,83.69999999999999,-53.0,-10.0,-26.0,-107.0,-107.0,0.050256,0.01661959,0.01456353,-0.00067651,0.00164262,0.01153096,Topping,Mean Reversion Upside Bias
2026-04-28,XLP,SEL SECTOR:C STP SPDR,Sector & Style ETFs,83.08,0.008987126548457569,-0.0018022347711162956,0.013417906806538094,0.013417906806538094,65.5,6.200000000000003,-13.299999999999997,62.9,62.9,22.0,9.0,13.0,13.0,13.0,0.00682133,0.00106771,0.02945529,0.00015499,-0.00068648,0.00301612,Neutral,Crowded Short
2026-04-28,XLRE,SEL SECTOR:RL EST SPDR,Sector & Style ETFs,43.91,0.009657392504023754,0.0018252338580879712,0.07543472936566253,0.07543472936566253,99.4,0.6000000000000085,0.0,95.60000000000001,95.60000000000001,-43.0,-16.0,10.0,-76.0,-76.0,0.0186511,0.00668106,0.00272453,-0.00215523,0.00025878,0.00591236,Neutral,Mean Reversion Upside Bias
2026-04-28,XLU,SEL SECTOR:UTIL SPDR,Sector & Style ETFs,46.25,0.0012989824637368308,0.001515807708964978,0.00784484637175864,0.00784484637175864,46.2,-6.399999999999999,-13.099999999999994,25.400000000000002,25.400000000000002,26.0,0.0,42.0,-27.0,-27.0,-0.00378697,0.00608132,0.04196162,0.00064122,0.00046125,-0.00237534,Neutral,Mean Reversion Upside Bias
2026-04-28,XLV,SEL SECTOR:H CARE SPDR,Sector & Style ETFs,143.84,0.0026488219712812455,-0.002358163406852576,-0.018893663460882726,-0.018893663460882726,41.5,-2.0,10.3,36.5,36.5,29.0,14.0,16.0,-15.0,-15.0,-0.00375403,-0.0177624,-0.00193281,-0.00026245,-0.00113956,0.00133931,Neutral,Mean Reversion Upside Bias
2026-04-28,XLY,SEL SECTOR:C DSC SPDR,Sector & Style ETFs,117.01,-0.0070434487440597104,-0.014154520178616514,0.07368324463204257,0.07368324463204257,96.2,0.4000000000000057,7.1000000000000085,78.9,78.9,-43.0,27.0,36.0,-91.0,-91.0,0.02985756,0.00303002,0.00534565,0.00072978,-0.00014298,0.00090811,Neutral,Mean Reversion Upside Bias
2026-04-28,XOM,EXXON MOBIL ,Energy,150.56,0.015992981982589916,0.011080518433953523,-0.11257809737121294,-0.11257809737121294,1.4,0.7999999999999999,-1.2000000000000002,-91.3,-91.3,30.0,-7.0,-32.0,38.0,38.0,-0.02805623,0.03648301,0.04436276,0.00241198,-0.00707242,-0.00804363,Bottoming,Mean Reversion Upside Bias
2026-04-28,XOP,SPDR S&P OIL&GAS EXP,MR Discretion,171.65,0.012803870663205208,0.021422195775066877,-0.05598636088654241,-0.05598636088654241,8.9,6.300000000000001,5.9,-86.1,-86.1,6.0,0.0,0.0,43.0,43.0,-0.0216442,0.0552718,0.00151973,0.00185206,-0.00277713,-0.00213261,Neutral,Mean Reversion Downside Bias
2026-04-28,XYL,XYLEM INC.,Industrials,117.91,-0.04534045826248889,-0.02922772929359463,-0.013305439330543956,-0.013305439330543956,50.2,-17.299999999999997,-1.1999999999999957,34.1,34.1,35.0,47.0,53.0,18.0,18.0,-0.00442794,-0.03201073,-0.01681637,-0.00248811,0.00447394,-0.0046905,Neutral,Crowded Short
2026-04-28,XYZ,"BLOCK, INC.",Financials,69.54,-0.024410774410774327,-0.02917771883289111,0.15553339980059833,0.15553339980059833,95.8,-1.6000000000000085,2.700000000000003,65.4,65.4,-53.0,0.0,-10.0,-43.0,-43.0,0.05351448,0.01625145,-0.0540609,-0.00307215,0.01074311,0.0096021,Topping,Mean Reversion Upside Bias
2026-04-28,YUM,"YUM! BRANDS, INC.",Consumer Discretionary,156.46,0.008313462653863679,-0.02383329173945592,0.006303061487008099,0.006303061487008099,56.5,4.700000000000003,-15.299999999999997,34.9,34.9,13.0,0.0,27.0,-47.0,-47.0,0.00042267,0.01217426,0.00374316,-0.00285243,-0.002598,-0.00265917,Leaning Bearish,Crowded Short
2026-04-28,ZBH,"ZIMMER BIOMET HOLDINGS, INC.",Health Care,82.8,-0.10573496057889631,-0.09270216962524658,-0.084273390842734,-0.084273390842734,33.9,-46.1,-36.9,19.799999999999997,19.799999999999997,15.0,44.0,39.0,-32.0,-32.0,-0.02595616,-0.03077886,-0.03021248,-0.03130657,-0.02037749,-0.00353484,Leaning Bearish,Mean Reversion Downside Bias
2026-04-28,ZBRA,ZEBRA TECHNOLOGIES ,Information Technology,219.24,-0.00796380090497728,-0.03719643406086692,0.04859383967859188,0.04859383967859188,79.6,1.5999999999999943,-5.1000000000000085,59.99999999999999,59.99999999999999,-22.0,0.0,-15.0,-47.0,-47.0,0.02164793,0.01887014,-0.06422164,-0.00403895,0.00474505,-0.01131462,Topping,Crowded Short
2026-04-28,ZTS,ZOETIS INC.,Health Care,116.65,-0.010350386018494917,-0.0018824334730896952,-0.013196853058116798,-0.013196853058116798,59.3,-21.5,0.0,23.199999999999996,23.199999999999996,-5.0,19.0,10.0,2.0,2.0,0.01265924,-0.01843274,-0.06088767,-7.723e-05,0.0017236,0.01074872,Neutral,Mean Reversion Upside Bias
